Loading rhel8/default-amp
  Loading requirement: rhel8/slurm singularity/current rhel8/global cuda/11.4
    libpciaccess/0.16/gcc-9.4.0-6fonbj6 libiconv/1.16/gcc-9.4.0-ahebbov
    libxml2/2.9.12/gcc-9.4.0-gnknt5e ncurses/6.2/gcc-9.4.0-aiirok7
    hwloc/2.5.0/gcc-9.4.0-7sqomga libevent/2.1.12/gcc-9.4.0-hgny7cm
    numactl/2.0.14/gcc-9.4.0-52dwc6n cuda/11.4.0/gcc-9.4.0-3hnxhjt
    gdrcopy/2.2/gcc-9.4.0-e4igtfp knem/1.1.4/gcc-9.4.0-bpbxgva
    libnl/3.3.0/gcc-9.4.0-whwhrwb rdma-core/34.0/gcc-9.4.0-5eo5n2u
    ucx/1.11.1/gcc-9.4.0-lktqyl4 openmpi/4.1.1/gcc-9.4.0-epagguv
Changed directory to /rds/user/jc2405/hpc-work/JaQMC/jaqmc.

JobID: 29104656
======
Time: Sat May  9 19:25:22 BST 2026
Running on master node: gpu-q-12
Current directory: /rds/user/jc2405/hpc-work/JaQMC/jaqmc

Nodes allocated:
================
gpu-q-12

numtasks=1, numnodes=1, mpi_tasks_per_node=1 (OMP_NUM_THREADS=1)

Executing command:
==================
jaqmc solid train   --yml /rds/user/jc2405/hpc-work/JaQMC/jaqmc/configs/hydrogen_chain.yml   workflow.save_path=/rds/user/jc2405/hpc-work/JaQMC/jaqmc/runs/h_chain_1.8

I | 05-09 19:26:39 | runtime  | Initialize a local runtime.
I | 05-09 19:29:06 |   jax    | Unable to initialize backend 'tpu': INTERNAL: Failed to open libtpu.so: libtpu.so: cannot open shared object file: No such file or directory
E0509 19:29:07.326013 1018915 numa_hwloc.cc:121] Call to hwloc_set_cpubind() failed: Invalid argument [22]
E0509 19:29:07.326155 1018916 numa_hwloc.cc:121] Call to hwloc_set_cpubind() failed: Invalid argument [22]
E0509 19:29:07.326380 1018917 numa_hwloc.cc:121] Call to hwloc_set_cpubind() failed: Invalid argument [22]
I | 05-09 19:29:32 |  config  | Resolved configurations:
# Defined in /rds/user/jc2405/hpc-work/JaQMC/jaqmc/src/jaqmc/utils/runtime.py:18
logging:
  level: info
  stream: stderr
# Defined in /rds/user/jc2405/hpc-work/JaQMC/jaqmc/src/jaqmc/utils/runtime.py:63
jax:
  enable_x64: false
  debug_infs: false
  debug_nans: false
  disable_jit: false
  default_matmul_precision: float32
# Defined in /rds/user/jc2405/hpc-work/JaQMC/jaqmc/src/jaqmc/utils/runtime.py:103
distributed:
  coordinator_address: null
  num_processes: 1
  process_id: 0
  initialization_timeout: 300
  wait_second_before_connect: 10.0
# Defined in /rds/user/jc2405/hpc-work/JaQMC/jaqmc/src/jaqmc/workflow/base.py:42
workflow:
  seed: null
  batch_size: 4096
  save_path: /rds/user/jc2405/hpc-work/JaQMC/jaqmc/runs/h_chain_1.8
  restore_path: /rds/user/jc2405/hpc-work/JaQMC/jaqmc/runs/h_chain_1.8
  config:
    ignore_extra: false
    verbose: false
# Defined in /rds/user/jc2405/hpc-work/JaQMC/jaqmc/src/jaqmc/app/solid/config/two_atom_chain.py:22
system:
  module: two_atom_chain
  symbol: H
  bond_length: 1.8
  unit: bohr
  supercell: 1
  vacuum_separation: 100.0
  spin: 0
  basis: sto-3g
  ecp: null
  electron_init_width: 1.0
# Defined in /rds/user/jc2405/hpc-work/JaQMC/jaqmc/src/jaqmc/app/solid/wavefunction.py:23
wf:
  module: jaqmc.app.solid.wavefunction
  hidden_dims_single: [256, 256, 256, 256]
  hidden_dims_double: [32, 32, 32, 32]
  ndets: 16
  distance_type: nu
  envelope_type: abs_isotropic
  sym_type: minimal
  orbitals_spin_split: true
  full_det: true
# Defined in /rds/user/jc2405/hpc-work/JaQMC/jaqmc/src/jaqmc/sampler/mcmc.py:57
sampler:
  steps: 10
  initial_width: 0.1
  adapt_frequency: 100
  pmove_range: [0.5, 0.55]
pretrain:
  # Defined in /rds/user/jc2405/hpc-work/JaQMC/jaqmc/src/jaqmc/workflow/stage/vmc.py:30
  run:
    check_vma: true
    iterations: 2000
    burn_in: 100
    save_time_interval: 600
    save_step_interval: 1000
    stop_on_nan: loss
  # Defined in /rds/user/jc2405/hpc-work/JaQMC/jaqmc/src/jaqmc/workflow/stage/vmc.py:77
  optim:
    module: jaqmc.optimizer.optax:adam
    learning_rate:
      module: jaqmc.optimizer.schedule:Standard
      rate: 0.0003
      delay: 2000.0
      decay: 1.0
    b1: 0.9
    b2: 0.999
    eps: 1.0e-08
    eps_root: 0.0
  writers:
    # Defined in /rds/user/jc2405/hpc-work/JaQMC/jaqmc/src/jaqmc/writer/console.py:75
    console:
      module: jaqmc.writer.console:ConsoleWriter
      interval: 1
      fields: loss
    # Defined in /rds/user/jc2405/hpc-work/JaQMC/jaqmc/src/jaqmc/writer/hdf5.py:28
    hdf5:
      module: jaqmc.writer.hdf5:HDF5Writer
      path_template: '{stage}_stats.h5'
    # Defined in /rds/user/jc2405/hpc-work/JaQMC/jaqmc/src/jaqmc/writer/csv.py:21
    csv:
      module: jaqmc.writer.csv:CSVWriter
      path_template: '{stage}_stats.csv'
train:
  # Defined in /rds/user/jc2405/hpc-work/JaQMC/jaqmc/src/jaqmc/workflow/stage/vmc.py:30
  run:
    check_vma: true
    iterations: 200000
    burn_in: 100
    save_time_interval: 600
    save_step_interval: 1000
    stop_on_nan: loss
  # Defined in /rds/user/jc2405/hpc-work/JaQMC/jaqmc/src/jaqmc/workflow/stage/vmc.py:77
  optim:
    module: jaqmc.optimizer.kfac:KFACOptimizer
    learning_rate:
      module: jaqmc.optimizer.schedule:Standard
      rate: 0.05
      delay: 2000.0
      decay: 1.0
    norm_constraint: 0.001
    curvature_ema: 0.95
    l2_reg: 0.0
    inverse_update_period: 1
    damping: 0.001
  # Defined in /rds/user/jc2405/hpc-work/JaQMC/jaqmc/src/jaqmc/estimator/loss_grad.py:24
  grads:
    vmap_chunk_size: null
    loss_key: total_energy
    clip_scale: 5.0
  writers:
    # Defined in /rds/user/jc2405/hpc-work/JaQMC/jaqmc/src/jaqmc/writer/console.py:75
    console:
      module: jaqmc.writer.console:ConsoleWriter
      interval: 1
      fields: pmove:.2f,energy=total_energy:.4f,variance=total_energy_var:.4f
    # Defined in /rds/user/jc2405/hpc-work/JaQMC/jaqmc/src/jaqmc/writer/hdf5.py:28
    hdf5:
      module: jaqmc.writer.hdf5:HDF5Writer
      path_template: '{stage}_stats.h5'
    # Defined in /rds/user/jc2405/hpc-work/JaQMC/jaqmc/src/jaqmc/writer/csv.py:21
    csv:
      module: jaqmc.writer.csv:CSVWriter
      path_template: '{stage}_stats.csv'
estimators:
  energy:
    # Defined in /rds/user/jc2405/hpc-work/JaQMC/jaqmc/src/jaqmc/estimator/kinetic/euclidean.py:28
    kinetic:
      vmap_chunk_size: null
      mode: forward_laplacian
      sparsity_threshold: 0
  enabled:
    spin: false
    density: false
I | 05-09 19:29:32 | workflow | Starting QMC with 1 local XLA devices across 1 processes.
I | 05-09 19:29:32 |  jaqmc   | Start KRHF
converged SCF energy = -1.35540809266599
I | 05-09 19:29:53 |  jaqmc   | Complete KRHF
I | 05-09 19:30:07 | pretrain | Start 2000 pretrain steps.
I | 05-09 19:30:07 |  jaqmc   | Start burn in 100 steps.
I | 05-09 19:30:12 |  jaqmc   | Burn in 100 steps complete.
E0509 19:30:14.661692 1018927 cuda_timer.cc:87] Delay kernel timed out: measured time has sub-optimal accuracy. There may be a missing warmup execution, please investigate in Nsight Systems.
I | 05-09 19:30:20 | pretrain | step=0, loss=0.1245
I | 05-09 19:30:20 | pretrain | step=1, loss=0.0635
I | 05-09 19:30:20 | pretrain | step=2, loss=0.0376
I | 05-09 19:30:20 | pretrain | step=3, loss=0.0278
I | 05-09 19:30:20 | pretrain | step=4, loss=0.0245
I | 05-09 19:30:20 | pretrain | step=5, loss=0.0229
I | 05-09 19:30:20 | pretrain | step=6, loss=0.0207
I | 05-09 19:30:20 | pretrain | step=7, loss=0.0186
I | 05-09 19:30:20 | pretrain | step=8, loss=0.0167
I | 05-09 19:30:20 | pretrain | step=9, loss=0.0151
I | 05-09 19:30:20 | pretrain | step=10, loss=0.0138
I | 05-09 19:30:21 | pretrain | step=11, loss=0.0125
I | 05-09 19:30:21 | pretrain | step=12, loss=0.0114
I | 05-09 19:30:21 | pretrain | step=13, loss=0.0106
I | 05-09 19:30:21 | pretrain | step=14, loss=0.0097
I | 05-09 19:30:21 | pretrain | step=15, loss=0.0088
I | 05-09 19:30:21 | pretrain | step=16, loss=0.0080
I | 05-09 19:30:21 | pretrain | step=17, loss=0.0073
I | 05-09 19:30:21 | pretrain | step=18, loss=0.0067
I | 05-09 19:30:21 | pretrain | step=19, loss=0.0062
I | 05-09 19:30:21 | pretrain | step=20, loss=0.0058
I | 05-09 19:30:21 | pretrain | step=21, loss=0.0055
I | 05-09 19:30:21 | pretrain | step=22, loss=0.0051
I | 05-09 19:30:21 | pretrain | step=23, loss=0.0048
I | 05-09 19:30:21 | pretrain | step=24, loss=0.0046
I | 05-09 19:30:21 | pretrain | step=25, loss=0.0045
I | 05-09 19:30:21 | pretrain | step=26, loss=0.0043
I | 05-09 19:30:21 | pretrain | step=27, loss=0.0040
I | 05-09 19:30:21 | pretrain | step=28, loss=0.0038
I | 05-09 19:30:21 | pretrain | step=29, loss=0.0035
I | 05-09 19:30:21 | pretrain | step=30, loss=0.0033
I | 05-09 19:30:21 | pretrain | step=31, loss=0.0032
I | 05-09 19:30:21 | pretrain | step=32, loss=0.0030
I | 05-09 19:30:21 | pretrain | step=33, loss=0.0028
I | 05-09 19:30:22 | pretrain | step=34, loss=0.0027
I | 05-09 19:30:22 | pretrain | step=35, loss=0.0026
I | 05-09 19:30:22 | pretrain | step=36, loss=0.0025
I | 05-09 19:30:22 | pretrain | step=37, loss=0.0024
I | 05-09 19:30:22 | pretrain | step=38, loss=0.0023
I | 05-09 19:30:22 | pretrain | step=39, loss=0.0023
I | 05-09 19:30:22 | pretrain | step=40, loss=0.0023
I | 05-09 19:30:22 | pretrain | step=41, loss=0.0022
I | 05-09 19:30:22 | pretrain | step=42, loss=0.0021
I | 05-09 19:30:22 | pretrain | step=43, loss=0.0020
I | 05-09 19:30:22 | pretrain | step=44, loss=0.0019
I | 05-09 19:30:22 | pretrain | step=45, loss=0.0019
I | 05-09 19:30:22 | pretrain | step=46, loss=0.0019
I | 05-09 19:30:22 | pretrain | step=47, loss=0.0018
I | 05-09 19:30:22 | pretrain | step=48, loss=0.0018
I | 05-09 19:30:22 | pretrain | step=49, loss=0.0017
I | 05-09 19:30:22 | pretrain | step=50, loss=0.0017
I | 05-09 19:30:22 | pretrain | step=51, loss=0.0017
I | 05-09 19:30:22 | pretrain | step=52, loss=0.0016
I | 05-09 19:30:22 | pretrain | step=53, loss=0.0016
I | 05-09 19:30:22 | pretrain | step=54, loss=0.0015
I | 05-09 19:30:22 | pretrain | step=55, loss=0.0015
I | 05-09 19:30:22 | pretrain | step=56, loss=0.0015
I | 05-09 19:30:23 | pretrain | step=57, loss=0.0014
I | 05-09 19:30:23 | pretrain | step=58, loss=0.0014
I | 05-09 19:30:23 | pretrain | step=59, loss=0.0014
I | 05-09 19:30:23 | pretrain | step=60, loss=0.0014
I | 05-09 19:30:23 | pretrain | step=61, loss=0.0013
I | 05-09 19:30:23 | pretrain | step=62, loss=0.0013
I | 05-09 19:30:23 | pretrain | step=63, loss=0.0013
I | 05-09 19:30:23 | pretrain | step=64, loss=0.0013
I | 05-09 19:30:23 | pretrain | step=65, loss=0.0013
I | 05-09 19:30:23 | pretrain | step=66, loss=0.0012
I | 05-09 19:30:23 | pretrain | step=67, loss=0.0012
I | 05-09 19:30:23 | pretrain | step=68, loss=0.0012
I | 05-09 19:30:23 | pretrain | step=69, loss=0.0012
I | 05-09 19:30:23 | pretrain | step=70, loss=0.0012
I | 05-09 19:30:23 | pretrain | step=71, loss=0.0011
I | 05-09 19:30:23 | pretrain | step=72, loss=0.0011
I | 05-09 19:30:23 | pretrain | step=73, loss=0.0011
I | 05-09 19:30:23 | pretrain | step=74, loss=0.0011
I | 05-09 19:30:23 | pretrain | step=75, loss=0.0011
I | 05-09 19:30:23 | pretrain | step=76, loss=0.0011
I | 05-09 19:30:23 | pretrain | step=77, loss=0.0011
I | 05-09 19:30:23 | pretrain | step=78, loss=0.0010
I | 05-09 19:30:23 | pretrain | step=79, loss=0.0010
I | 05-09 19:30:24 | pretrain | step=80, loss=0.0010
I | 05-09 19:30:24 | pretrain | step=81, loss=0.0010
I | 05-09 19:30:24 | pretrain | step=82, loss=0.0010
I | 05-09 19:30:24 | pretrain | step=83, loss=0.0010
I | 05-09 19:30:24 | pretrain | step=84, loss=0.0010
I | 05-09 19:30:24 | pretrain | step=85, loss=0.0010
I | 05-09 19:30:24 | pretrain | step=86, loss=0.0009
I | 05-09 19:30:24 | pretrain | step=87, loss=0.0009
I | 05-09 19:30:24 | pretrain | step=88, loss=0.0009
I | 05-09 19:30:24 | pretrain | step=89, loss=0.0009
I | 05-09 19:30:24 | pretrain | step=90, loss=0.0009
I | 05-09 19:30:24 | pretrain | step=91, loss=0.0009
I | 05-09 19:30:24 | pretrain | step=92, loss=0.0009
I | 05-09 19:30:24 | pretrain | step=93, loss=0.0009
I | 05-09 19:30:24 | pretrain | step=94, loss=0.0009
I | 05-09 19:30:24 | pretrain | step=95, loss=0.0009
I | 05-09 19:30:24 | pretrain | step=96, loss=0.0009
I | 05-09 19:30:24 | pretrain | step=97, loss=0.0008
I | 05-09 19:30:24 | pretrain | step=98, loss=0.0008
I | 05-09 19:30:24 | pretrain | step=99, loss=0.0008
I | 05-09 19:30:24 | pretrain | step=100, loss=0.0008
I | 05-09 19:30:24 | pretrain | step=101, loss=0.0008
I | 05-09 19:30:24 | pretrain | step=102, loss=0.0008
I | 05-09 19:30:25 | pretrain | step=103, loss=0.0008
I | 05-09 19:30:25 | pretrain | step=104, loss=0.0008
I | 05-09 19:30:25 | pretrain | step=105, loss=0.0008
I | 05-09 19:30:25 | pretrain | step=106, loss=0.0008
I | 05-09 19:30:25 | pretrain | step=107, loss=0.0008
I | 05-09 19:30:25 | pretrain | step=108, loss=0.0008
I | 05-09 19:30:25 | pretrain | step=109, loss=0.0008
I | 05-09 19:30:25 | pretrain | step=110, loss=0.0008
I | 05-09 19:30:25 | pretrain | step=111, loss=0.0007
I | 05-09 19:30:25 | pretrain | step=112, loss=0.0007
I | 05-09 19:30:25 | pretrain | step=113, loss=0.0007
I | 05-09 19:30:25 | pretrain | step=114, loss=0.0007
I | 05-09 19:30:25 | pretrain | step=115, loss=0.0007
I | 05-09 19:30:25 | pretrain | step=116, loss=0.0007
I | 05-09 19:30:25 | pretrain | step=117, loss=0.0007
I | 05-09 19:30:25 | pretrain | step=118, loss=0.0007
I | 05-09 19:30:25 | pretrain | step=119, loss=0.0007
I | 05-09 19:30:25 | pretrain | step=120, loss=0.0007
I | 05-09 19:30:25 | pretrain | step=121, loss=0.0007
I | 05-09 19:30:25 | pretrain | step=122, loss=0.0007
I | 05-09 19:30:25 | pretrain | step=123, loss=0.0007
I | 05-09 19:30:25 | pretrain | step=124, loss=0.0007
I | 05-09 19:30:25 | pretrain | step=125, loss=0.0007
I | 05-09 19:30:26 | pretrain | step=126, loss=0.0007
I | 05-09 19:30:26 | pretrain | step=127, loss=0.0007
I | 05-09 19:30:26 | pretrain | step=128, loss=0.0007
I | 05-09 19:30:26 | pretrain | step=129, loss=0.0007
I | 05-09 19:30:26 | pretrain | step=130, loss=0.0007
I | 05-09 19:30:26 | pretrain | step=131, loss=0.0006
I | 05-09 19:30:26 | pretrain | step=132, loss=0.0006
I | 05-09 19:30:26 | pretrain | step=133, loss=0.0006
I | 05-09 19:30:26 | pretrain | step=134, loss=0.0006
I | 05-09 19:30:26 | pretrain | step=135, loss=0.0006
I | 05-09 19:30:26 | pretrain | step=136, loss=0.0006
I | 05-09 19:30:26 | pretrain | step=137, loss=0.0006
I | 05-09 19:30:26 | pretrain | step=138, loss=0.0006
I | 05-09 19:30:26 | pretrain | step=139, loss=0.0006
I | 05-09 19:30:26 | pretrain | step=140, loss=0.0006
I | 05-09 19:30:26 | pretrain | step=141, loss=0.0006
I | 05-09 19:30:26 | pretrain | step=142, loss=0.0006
I | 05-09 19:30:26 | pretrain | step=143, loss=0.0006
I | 05-09 19:30:26 | pretrain | step=144, loss=0.0006
I | 05-09 19:30:26 | pretrain | step=145, loss=0.0006
I | 05-09 19:30:26 | pretrain | step=146, loss=0.0006
I | 05-09 19:30:26 | pretrain | step=147, loss=0.0006
I | 05-09 19:30:26 | pretrain | step=148, loss=0.0006
I | 05-09 19:30:27 | pretrain | step=149, loss=0.0006
I | 05-09 19:30:27 | pretrain | step=150, loss=0.0006
I | 05-09 19:30:27 | pretrain | step=151, loss=0.0006
I | 05-09 19:30:27 | pretrain | step=152, loss=0.0006
I | 05-09 19:30:27 | pretrain | step=153, loss=0.0006
I | 05-09 19:30:27 | pretrain | step=154, loss=0.0006
I | 05-09 19:30:27 | pretrain | step=155, loss=0.0006
I | 05-09 19:30:27 | pretrain | step=156, loss=0.0006
I | 05-09 19:30:27 | pretrain | step=157, loss=0.0006
I | 05-09 19:30:27 | pretrain | step=158, loss=0.0006
I | 05-09 19:30:27 | pretrain | step=159, loss=0.0005
I | 05-09 19:30:27 | pretrain | step=160, loss=0.0005
I | 05-09 19:30:27 | pretrain | step=161, loss=0.0005
I | 05-09 19:30:27 | pretrain | step=162, loss=0.0005
I | 05-09 19:30:27 | pretrain | step=163, loss=0.0005
I | 05-09 19:30:27 | pretrain | step=164, loss=0.0005
I | 05-09 19:30:27 | pretrain | step=165, loss=0.0005
I | 05-09 19:30:27 | pretrain | step=166, loss=0.0005
I | 05-09 19:30:27 | pretrain | step=167, loss=0.0005
I | 05-09 19:30:27 | pretrain | step=168, loss=0.0005
I | 05-09 19:30:27 | pretrain | step=169, loss=0.0005
I | 05-09 19:30:27 | pretrain | step=170, loss=0.0005
I | 05-09 19:30:27 | pretrain | step=171, loss=0.0005
I | 05-09 19:30:27 | pretrain | step=172, loss=0.0005
I | 05-09 19:30:28 | pretrain | step=173, loss=0.0005
I | 05-09 19:30:28 | pretrain | step=174, loss=0.0005
I | 05-09 19:30:28 | pretrain | step=175, loss=0.0005
I | 05-09 19:30:28 | pretrain | step=176, loss=0.0005
I | 05-09 19:30:28 | pretrain | step=177, loss=0.0005
I | 05-09 19:30:28 | pretrain | step=178, loss=0.0005
I | 05-09 19:30:28 | pretrain | step=179, loss=0.0005
I | 05-09 19:30:28 | pretrain | step=180, loss=0.0005
I | 05-09 19:30:28 | pretrain | step=181, loss=0.0005
I | 05-09 19:30:28 | pretrain | step=182, loss=0.0005
I | 05-09 19:30:28 | pretrain | step=183, loss=0.0005
I | 05-09 19:30:28 | pretrain | step=184, loss=0.0005
I | 05-09 19:30:28 | pretrain | step=185, loss=0.0005
I | 05-09 19:30:28 | pretrain | step=186, loss=0.0005
I | 05-09 19:30:28 | pretrain | step=187, loss=0.0005
I | 05-09 19:30:28 | pretrain | step=188, loss=0.0005
I | 05-09 19:30:28 | pretrain | step=189, loss=0.0005
I | 05-09 19:30:28 | pretrain | step=190, loss=0.0005
I | 05-09 19:30:28 | pretrain | step=191, loss=0.0005
I | 05-09 19:30:28 | pretrain | step=192, loss=0.0005
I | 05-09 19:30:28 | pretrain | step=193, loss=0.0005
I | 05-09 19:30:28 | pretrain | step=194, loss=0.0005
I | 05-09 19:30:28 | pretrain | step=195, loss=0.0004
I | 05-09 19:30:29 | pretrain | step=196, loss=0.0005
I | 05-09 19:30:29 | pretrain | step=197, loss=0.0004
I | 05-09 19:30:29 | pretrain | step=198, loss=0.0004
I | 05-09 19:30:29 | pretrain | step=199, loss=0.0004
I | 05-09 19:30:29 | pretrain | step=200, loss=0.0004
I | 05-09 19:30:29 | pretrain | step=201, loss=0.0004
I | 05-09 19:30:29 | pretrain | step=202, loss=0.0004
I | 05-09 19:30:29 | pretrain | step=203, loss=0.0004
I | 05-09 19:30:29 | pretrain | step=204, loss=0.0004
I | 05-09 19:30:29 | pretrain | step=205, loss=0.0004
I | 05-09 19:30:29 | pretrain | step=206, loss=0.0004
I | 05-09 19:30:29 | pretrain | step=207, loss=0.0004
I | 05-09 19:30:29 | pretrain | step=208, loss=0.0004
I | 05-09 19:30:29 | pretrain | step=209, loss=0.0004
I | 05-09 19:30:29 | pretrain | step=210, loss=0.0004
I | 05-09 19:30:29 | pretrain | step=211, loss=0.0004
I | 05-09 19:30:29 | pretrain | step=212, loss=0.0004
I | 05-09 19:30:29 | pretrain | step=213, loss=0.0004
I | 05-09 19:30:29 | pretrain | step=214, loss=0.0004
I | 05-09 19:30:29 | pretrain | step=215, loss=0.0004
I | 05-09 19:30:29 | pretrain | step=216, loss=0.0004
I | 05-09 19:30:29 | pretrain | step=217, loss=0.0004
I | 05-09 19:30:29 | pretrain | step=218, loss=0.0004
I | 05-09 19:30:30 | pretrain | step=219, loss=0.0004
I | 05-09 19:30:30 | pretrain | step=220, loss=0.0004
I | 05-09 19:30:30 | pretrain | step=221, loss=0.0004
I | 05-09 19:30:30 | pretrain | step=222, loss=0.0004
I | 05-09 19:30:30 | pretrain | step=223, loss=0.0004
I | 05-09 19:30:30 | pretrain | step=224, loss=0.0004
I | 05-09 19:30:30 | pretrain | step=225, loss=0.0004
I | 05-09 19:30:30 | pretrain | step=226, loss=0.0004
I | 05-09 19:30:30 | pretrain | step=227, loss=0.0004
I | 05-09 19:30:30 | pretrain | step=228, loss=0.0004
I | 05-09 19:30:30 | pretrain | step=229, loss=0.0004
I | 05-09 19:30:30 | pretrain | step=230, loss=0.0004
I | 05-09 19:30:30 | pretrain | step=231, loss=0.0004
I | 05-09 19:30:30 | pretrain | step=232, loss=0.0004
I | 05-09 19:30:30 | pretrain | step=233, loss=0.0004
I | 05-09 19:30:30 | pretrain | step=234, loss=0.0004
I | 05-09 19:30:30 | pretrain | step=235, loss=0.0004
I | 05-09 19:30:30 | pretrain | step=236, loss=0.0004
I | 05-09 19:30:30 | pretrain | step=237, loss=0.0004
I | 05-09 19:30:30 | pretrain | step=238, loss=0.0004
I | 05-09 19:30:30 | pretrain | step=239, loss=0.0004
I | 05-09 19:30:30 | pretrain | step=240, loss=0.0004
I | 05-09 19:30:30 | pretrain | step=241, loss=0.0004
I | 05-09 19:30:31 | pretrain | step=242, loss=0.0004
I | 05-09 19:30:31 | pretrain | step=243, loss=0.0004
I | 05-09 19:30:31 | pretrain | step=244, loss=0.0004
I | 05-09 19:30:31 | pretrain | step=245, loss=0.0004
I | 05-09 19:30:31 | pretrain | step=246, loss=0.0004
I | 05-09 19:30:31 | pretrain | step=247, loss=0.0004
I | 05-09 19:30:31 | pretrain | step=248, loss=0.0004
I | 05-09 19:30:31 | pretrain | step=249, loss=0.0004
I | 05-09 19:30:31 | pretrain | step=250, loss=0.0004
I | 05-09 19:30:31 | pretrain | step=251, loss=0.0004
I | 05-09 19:30:31 | pretrain | step=252, loss=0.0003
I | 05-09 19:30:31 | pretrain | step=253, loss=0.0004
I | 05-09 19:30:31 | pretrain | step=254, loss=0.0003
I | 05-09 19:30:31 | pretrain | step=255, loss=0.0003
I | 05-09 19:30:31 | pretrain | step=256, loss=0.0003
I | 05-09 19:30:31 | pretrain | step=257, loss=0.0003
I | 05-09 19:30:31 | pretrain | step=258, loss=0.0003
I | 05-09 19:30:31 | pretrain | step=259, loss=0.0003
I | 05-09 19:30:31 | pretrain | step=260, loss=0.0003
I | 05-09 19:30:31 | pretrain | step=261, loss=0.0003
I | 05-09 19:30:31 | pretrain | step=262, loss=0.0003
I | 05-09 19:30:31 | pretrain | step=263, loss=0.0003
I | 05-09 19:30:31 | pretrain | step=264, loss=0.0003
I | 05-09 19:30:32 | pretrain | step=265, loss=0.0003
I | 05-09 19:30:32 | pretrain | step=266, loss=0.0003
I | 05-09 19:30:32 | pretrain | step=267, loss=0.0003
I | 05-09 19:30:32 | pretrain | step=268, loss=0.0003
I | 05-09 19:30:32 | pretrain | step=269, loss=0.0003
I | 05-09 19:30:32 | pretrain | step=270, loss=0.0003
I | 05-09 19:30:32 | pretrain | step=271, loss=0.0003
I | 05-09 19:30:32 | pretrain | step=272, loss=0.0003
I | 05-09 19:30:32 | pretrain | step=273, loss=0.0003
I | 05-09 19:30:32 | pretrain | step=274, loss=0.0003
I | 05-09 19:30:32 | pretrain | step=275, loss=0.0003
I | 05-09 19:30:32 | pretrain | step=276, loss=0.0003
I | 05-09 19:30:32 | pretrain | step=277, loss=0.0003
I | 05-09 19:30:32 | pretrain | step=278, loss=0.0003
I | 05-09 19:30:32 | pretrain | step=279, loss=0.0003
I | 05-09 19:30:32 | pretrain | step=280, loss=0.0003
I | 05-09 19:30:32 | pretrain | step=281, loss=0.0003
I | 05-09 19:30:32 | pretrain | step=282, loss=0.0003
I | 05-09 19:30:32 | pretrain | step=283, loss=0.0003
I | 05-09 19:30:32 | pretrain | step=284, loss=0.0003
I | 05-09 19:30:32 | pretrain | step=285, loss=0.0003
I | 05-09 19:30:32 | pretrain | step=286, loss=0.0003
I | 05-09 19:30:32 | pretrain | step=287, loss=0.0003
I | 05-09 19:30:33 | pretrain | step=288, loss=0.0003
I | 05-09 19:30:33 | pretrain | step=289, loss=0.0003
I | 05-09 19:30:33 | pretrain | step=290, loss=0.0003
I | 05-09 19:30:33 | pretrain | step=291, loss=0.0003
I | 05-09 19:30:33 | pretrain | step=292, loss=0.0003
I | 05-09 19:30:33 | pretrain | step=293, loss=0.0003
I | 05-09 19:30:33 | pretrain | step=294, loss=0.0003
I | 05-09 19:30:33 | pretrain | step=295, loss=0.0003
I | 05-09 19:30:33 | pretrain | step=296, loss=0.0003
I | 05-09 19:30:33 | pretrain | step=297, loss=0.0003
I | 05-09 19:30:33 | pretrain | step=298, loss=0.0003
I | 05-09 19:30:33 | pretrain | step=299, loss=0.0003
I | 05-09 19:30:33 | pretrain | step=300, loss=0.0003
I | 05-09 19:30:33 | pretrain | step=301, loss=0.0003
I | 05-09 19:30:33 | pretrain | step=302, loss=0.0003
I | 05-09 19:30:33 | pretrain | step=303, loss=0.0003
I | 05-09 19:30:33 | pretrain | step=304, loss=0.0003
I | 05-09 19:30:33 | pretrain | step=305, loss=0.0003
I | 05-09 19:30:33 | pretrain | step=306, loss=0.0003
I | 05-09 19:30:33 | pretrain | step=307, loss=0.0003
I | 05-09 19:30:33 | pretrain | step=308, loss=0.0003
I | 05-09 19:30:33 | pretrain | step=309, loss=0.0003
I | 05-09 19:30:33 | pretrain | step=310, loss=0.0003
I | 05-09 19:30:34 | pretrain | step=311, loss=0.0003
I | 05-09 19:30:34 | pretrain | step=312, loss=0.0003
I | 05-09 19:30:34 | pretrain | step=313, loss=0.0003
I | 05-09 19:30:34 | pretrain | step=314, loss=0.0003
I | 05-09 19:30:34 | pretrain | step=315, loss=0.0003
I | 05-09 19:30:34 | pretrain | step=316, loss=0.0003
I | 05-09 19:30:34 | pretrain | step=317, loss=0.0003
I | 05-09 19:30:34 | pretrain | step=318, loss=0.0003
I | 05-09 19:30:34 | pretrain | step=319, loss=0.0003
I | 05-09 19:30:34 | pretrain | step=320, loss=0.0003
I | 05-09 19:30:34 | pretrain | step=321, loss=0.0003
I | 05-09 19:30:34 | pretrain | step=322, loss=0.0003
I | 05-09 19:30:34 | pretrain | step=323, loss=0.0003
I | 05-09 19:30:34 | pretrain | step=324, loss=0.0003
I | 05-09 19:30:34 | pretrain | step=325, loss=0.0003
I | 05-09 19:30:34 | pretrain | step=326, loss=0.0003
I | 05-09 19:30:34 | pretrain | step=327, loss=0.0003
I | 05-09 19:30:34 | pretrain | step=328, loss=0.0003
I | 05-09 19:30:34 | pretrain | step=329, loss=0.0003
I | 05-09 19:30:34 | pretrain | step=330, loss=0.0003
I | 05-09 19:30:34 | pretrain | step=331, loss=0.0003
I | 05-09 19:30:34 | pretrain | step=332, loss=0.0003
I | 05-09 19:30:34 | pretrain | step=333, loss=0.0003
I | 05-09 19:30:34 | pretrain | step=334, loss=0.0003
I | 05-09 19:30:35 | pretrain | step=335, loss=0.0003
I | 05-09 19:30:35 | pretrain | step=336, loss=0.0003
I | 05-09 19:30:35 | pretrain | step=337, loss=0.0003
I | 05-09 19:30:35 | pretrain | step=338, loss=0.0003
I | 05-09 19:30:35 | pretrain | step=339, loss=0.0003
I | 05-09 19:30:35 | pretrain | step=340, loss=0.0003
I | 05-09 19:30:35 | pretrain | step=341, loss=0.0003
I | 05-09 19:30:35 | pretrain | step=342, loss=0.0003
I | 05-09 19:30:35 | pretrain | step=343, loss=0.0003
I | 05-09 19:30:35 | pretrain | step=344, loss=0.0003
I | 05-09 19:30:35 | pretrain | step=345, loss=0.0003
I | 05-09 19:30:35 | pretrain | step=346, loss=0.0003
I | 05-09 19:30:35 | pretrain | step=347, loss=0.0003
I | 05-09 19:30:35 | pretrain | step=348, loss=0.0003
I | 05-09 19:30:35 | pretrain | step=349, loss=0.0003
I | 05-09 19:30:35 | pretrain | step=350, loss=0.0002
I | 05-09 19:30:35 | pretrain | step=351, loss=0.0002
I | 05-09 19:30:35 | pretrain | step=352, loss=0.0003
I | 05-09 19:30:35 | pretrain | step=353, loss=0.0002
I | 05-09 19:30:35 | pretrain | step=354, loss=0.0002
I | 05-09 19:30:35 | pretrain | step=355, loss=0.0003
I | 05-09 19:30:35 | pretrain | step=356, loss=0.0003
I | 05-09 19:30:35 | pretrain | step=357, loss=0.0002
I | 05-09 19:30:36 | pretrain | step=358, loss=0.0003
I | 05-09 19:30:36 | pretrain | step=359, loss=0.0002
I | 05-09 19:30:36 | pretrain | step=360, loss=0.0002
I | 05-09 19:30:36 | pretrain | step=361, loss=0.0002
I | 05-09 19:30:36 | pretrain | step=362, loss=0.0002
I | 05-09 19:30:36 | pretrain | step=363, loss=0.0002
I | 05-09 19:30:36 | pretrain | step=364, loss=0.0002
I | 05-09 19:30:36 | pretrain | step=365, loss=0.0002
I | 05-09 19:30:36 | pretrain | step=366, loss=0.0002
I | 05-09 19:30:36 | pretrain | step=367, loss=0.0002
I | 05-09 19:30:36 | pretrain | step=368, loss=0.0002
I | 05-09 19:30:36 | pretrain | step=369, loss=0.0002
I | 05-09 19:30:36 | pretrain | step=370, loss=0.0002
I | 05-09 19:30:36 | pretrain | step=371, loss=0.0002
I | 05-09 19:30:36 | pretrain | step=372, loss=0.0002
I | 05-09 19:30:36 | pretrain | step=373, loss=0.0002
I | 05-09 19:30:36 | pretrain | step=374, loss=0.0002
I | 05-09 19:30:36 | pretrain | step=375, loss=0.0002
I | 05-09 19:30:36 | pretrain | step=376, loss=0.0002
I | 05-09 19:30:36 | pretrain | step=377, loss=0.0002
I | 05-09 19:30:36 | pretrain | step=378, loss=0.0002
I | 05-09 19:30:36 | pretrain | step=379, loss=0.0002
I | 05-09 19:30:36 | pretrain | step=380, loss=0.0002
I | 05-09 19:30:37 | pretrain | step=381, loss=0.0002
I | 05-09 19:30:37 | pretrain | step=382, loss=0.0002
I | 05-09 19:30:37 | pretrain | step=383, loss=0.0002
I | 05-09 19:30:37 | pretrain | step=384, loss=0.0002
I | 05-09 19:30:37 | pretrain | step=385, loss=0.0002
I | 05-09 19:30:37 | pretrain | step=386, loss=0.0002
I | 05-09 19:30:37 | pretrain | step=387, loss=0.0002
I | 05-09 19:30:37 | pretrain | step=388, loss=0.0002
I | 05-09 19:30:37 | pretrain | step=389, loss=0.0002
I | 05-09 19:30:37 | pretrain | step=390, loss=0.0002
I | 05-09 19:30:37 | pretrain | step=391, loss=0.0002
I | 05-09 19:30:37 | pretrain | step=392, loss=0.0002
I | 05-09 19:30:37 | pretrain | step=393, loss=0.0002
I | 05-09 19:30:37 | pretrain | step=394, loss=0.0002
I | 05-09 19:30:37 | pretrain | step=395, loss=0.0002
I | 05-09 19:30:37 | pretrain | step=396, loss=0.0002
I | 05-09 19:30:37 | pretrain | step=397, loss=0.0002
I | 05-09 19:30:37 | pretrain | step=398, loss=0.0002
I | 05-09 19:30:37 | pretrain | step=399, loss=0.0002
I | 05-09 19:30:37 | pretrain | step=400, loss=0.0002
I | 05-09 19:30:37 | pretrain | step=401, loss=0.0002
I | 05-09 19:30:37 | pretrain | step=402, loss=0.0002
I | 05-09 19:30:37 | pretrain | step=403, loss=0.0002
I | 05-09 19:30:38 | pretrain | step=404, loss=0.0002
I | 05-09 19:30:38 | pretrain | step=405, loss=0.0002
I | 05-09 19:30:38 | pretrain | step=406, loss=0.0002
I | 05-09 19:30:38 | pretrain | step=407, loss=0.0002
I | 05-09 19:30:38 | pretrain | step=408, loss=0.0002
I | 05-09 19:30:38 | pretrain | step=409, loss=0.0002
I | 05-09 19:30:38 | pretrain | step=410, loss=0.0002
I | 05-09 19:30:38 | pretrain | step=411, loss=0.0002
I | 05-09 19:30:38 | pretrain | step=412, loss=0.0002
I | 05-09 19:30:38 | pretrain | step=413, loss=0.0002
I | 05-09 19:30:38 | pretrain | step=414, loss=0.0002
I | 05-09 19:30:38 | pretrain | step=415, loss=0.0002
I | 05-09 19:30:38 | pretrain | step=416, loss=0.0002
I | 05-09 19:30:38 | pretrain | step=417, loss=0.0002
I | 05-09 19:30:38 | pretrain | step=418, loss=0.0002
I | 05-09 19:30:38 | pretrain | step=419, loss=0.0002
I | 05-09 19:30:38 | pretrain | step=420, loss=0.0002
I | 05-09 19:30:38 | pretrain | step=421, loss=0.0002
I | 05-09 19:30:38 | pretrain | step=422, loss=0.0002
I | 05-09 19:30:38 | pretrain | step=423, loss=0.0002
I | 05-09 19:30:38 | pretrain | step=424, loss=0.0002
I | 05-09 19:30:38 | pretrain | step=425, loss=0.0002
I | 05-09 19:30:38 | pretrain | step=426, loss=0.0002
I | 05-09 19:30:38 | pretrain | step=427, loss=0.0002
I | 05-09 19:30:39 | pretrain | step=428, loss=0.0002
I | 05-09 19:30:39 | pretrain | step=429, loss=0.0002
I | 05-09 19:30:39 | pretrain | step=430, loss=0.0002
I | 05-09 19:30:39 | pretrain | step=431, loss=0.0002
I | 05-09 19:30:39 | pretrain | step=432, loss=0.0002
I | 05-09 19:30:39 | pretrain | step=433, loss=0.0002
I | 05-09 19:30:39 | pretrain | step=434, loss=0.0002
I | 05-09 19:30:39 | pretrain | step=435, loss=0.0002
I | 05-09 19:30:39 | pretrain | step=436, loss=0.0002
I | 05-09 19:30:39 | pretrain | step=437, loss=0.0002
I | 05-09 19:30:39 | pretrain | step=438, loss=0.0002
I | 05-09 19:30:39 | pretrain | step=439, loss=0.0002
I | 05-09 19:30:39 | pretrain | step=440, loss=0.0002
I | 05-09 19:30:39 | pretrain | step=441, loss=0.0002
I | 05-09 19:30:39 | pretrain | step=442, loss=0.0002
I | 05-09 19:30:39 | pretrain | step=443, loss=0.0002
I | 05-09 19:30:39 | pretrain | step=444, loss=0.0002
I | 05-09 19:30:39 | pretrain | step=445, loss=0.0002
I | 05-09 19:30:39 | pretrain | step=446, loss=0.0002
I | 05-09 19:30:39 | pretrain | step=447, loss=0.0002
I | 05-09 19:30:39 | pretrain | step=448, loss=0.0002
I | 05-09 19:30:39 | pretrain | step=449, loss=0.0002
I | 05-09 19:30:39 | pretrain | step=450, loss=0.0002
I | 05-09 19:30:40 | pretrain | step=451, loss=0.0002
I | 05-09 19:30:40 | pretrain | step=452, loss=0.0002
I | 05-09 19:30:40 | pretrain | step=453, loss=0.0002
I | 05-09 19:30:40 | pretrain | step=454, loss=0.0002
I | 05-09 19:30:40 | pretrain | step=455, loss=0.0002
I | 05-09 19:30:40 | pretrain | step=456, loss=0.0002
I | 05-09 19:30:40 | pretrain | step=457, loss=0.0002
I | 05-09 19:30:40 | pretrain | step=458, loss=0.0002
I | 05-09 19:30:40 | pretrain | step=459, loss=0.0002
I | 05-09 19:30:40 | pretrain | step=460, loss=0.0002
I | 05-09 19:30:40 | pretrain | step=461, loss=0.0002
I | 05-09 19:30:40 | pretrain | step=462, loss=0.0002
I | 05-09 19:30:40 | pretrain | step=463, loss=0.0002
I | 05-09 19:30:40 | pretrain | step=464, loss=0.0002
I | 05-09 19:30:40 | pretrain | step=465, loss=0.0002
I | 05-09 19:30:40 | pretrain | step=466, loss=0.0002
I | 05-09 19:30:40 | pretrain | step=467, loss=0.0002
I | 05-09 19:30:40 | pretrain | step=468, loss=0.0002
I | 05-09 19:30:40 | pretrain | step=469, loss=0.0002
I | 05-09 19:30:40 | pretrain | step=470, loss=0.0002
I | 05-09 19:30:40 | pretrain | step=471, loss=0.0002
I | 05-09 19:30:40 | pretrain | step=472, loss=0.0002
I | 05-09 19:30:40 | pretrain | step=473, loss=0.0002
I | 05-09 19:30:41 | pretrain | step=474, loss=0.0002
I | 05-09 19:30:41 | pretrain | step=475, loss=0.0002
I | 05-09 19:30:41 | pretrain | step=476, loss=0.0002
I | 05-09 19:30:41 | pretrain | step=477, loss=0.0002
I | 05-09 19:30:41 | pretrain | step=478, loss=0.0002
I | 05-09 19:30:41 | pretrain | step=479, loss=0.0002
I | 05-09 19:30:41 | pretrain | step=480, loss=0.0002
I | 05-09 19:30:41 | pretrain | step=481, loss=0.0002
I | 05-09 19:30:41 | pretrain | step=482, loss=0.0002
I | 05-09 19:30:41 | pretrain | step=483, loss=0.0002
I | 05-09 19:30:41 | pretrain | step=484, loss=0.0002
I | 05-09 19:30:41 | pretrain | step=485, loss=0.0002
I | 05-09 19:30:41 | pretrain | step=486, loss=0.0002
I | 05-09 19:30:41 | pretrain | step=487, loss=0.0002
I | 05-09 19:30:41 | pretrain | step=488, loss=0.0002
I | 05-09 19:30:41 | pretrain | step=489, loss=0.0002
I | 05-09 19:30:41 | pretrain | step=490, loss=0.0002
I | 05-09 19:30:41 | pretrain | step=491, loss=0.0002
I | 05-09 19:30:41 | pretrain | step=492, loss=0.0002
I | 05-09 19:30:41 | pretrain | step=493, loss=0.0002
I | 05-09 19:30:41 | pretrain | step=494, loss=0.0002
I | 05-09 19:30:41 | pretrain | step=495, loss=0.0002
I | 05-09 19:30:41 | pretrain | step=496, loss=0.0002
I | 05-09 19:30:42 | pretrain | step=497, loss=0.0002
I | 05-09 19:30:42 | pretrain | step=498, loss=0.0002
I | 05-09 19:30:42 | pretrain | step=499, loss=0.0002
I | 05-09 19:30:42 | pretrain | step=500, loss=0.0002
I | 05-09 19:30:42 | pretrain | step=501, loss=0.0002
I | 05-09 19:30:42 | pretrain | step=502, loss=0.0002
I | 05-09 19:30:42 | pretrain | step=503, loss=0.0002
I | 05-09 19:30:42 | pretrain | step=504, loss=0.0002
I | 05-09 19:30:42 | pretrain | step=505, loss=0.0002
I | 05-09 19:30:42 | pretrain | step=506, loss=0.0002
I | 05-09 19:30:42 | pretrain | step=507, loss=0.0002
I | 05-09 19:30:42 | pretrain | step=508, loss=0.0002
I | 05-09 19:30:42 | pretrain | step=509, loss=0.0002
I | 05-09 19:30:42 | pretrain | step=510, loss=0.0002
I | 05-09 19:30:42 | pretrain | step=511, loss=0.0002
I | 05-09 19:30:42 | pretrain | step=512, loss=0.0002
I | 05-09 19:30:42 | pretrain | step=513, loss=0.0002
I | 05-09 19:30:42 | pretrain | step=514, loss=0.0002
I | 05-09 19:30:42 | pretrain | step=515, loss=0.0002
I | 05-09 19:30:42 | pretrain | step=516, loss=0.0002
I | 05-09 19:30:42 | pretrain | step=517, loss=0.0002
I | 05-09 19:30:42 | pretrain | step=518, loss=0.0002
I | 05-09 19:30:42 | pretrain | step=519, loss=0.0002
I | 05-09 19:30:43 | pretrain | step=520, loss=0.0002
I | 05-09 19:30:43 | pretrain | step=521, loss=0.0002
I | 05-09 19:30:43 | pretrain | step=522, loss=0.0002
I | 05-09 19:30:43 | pretrain | step=523, loss=0.0002
I | 05-09 19:30:43 | pretrain | step=524, loss=0.0002
I | 05-09 19:30:43 | pretrain | step=525, loss=0.0002
I | 05-09 19:30:43 | pretrain | step=526, loss=0.0002
I | 05-09 19:30:43 | pretrain | step=527, loss=0.0002
I | 05-09 19:30:43 | pretrain | step=528, loss=0.0002
I | 05-09 19:30:43 | pretrain | step=529, loss=0.0002
I | 05-09 19:30:43 | pretrain | step=530, loss=0.0002
I | 05-09 19:30:43 | pretrain | step=531, loss=0.0002
I | 05-09 19:30:43 | pretrain | step=532, loss=0.0002
I | 05-09 19:30:43 | pretrain | step=533, loss=0.0002
I | 05-09 19:30:43 | pretrain | step=534, loss=0.0002
I | 05-09 19:30:43 | pretrain | step=535, loss=0.0002
I | 05-09 19:30:43 | pretrain | step=536, loss=0.0002
I | 05-09 19:30:43 | pretrain | step=537, loss=0.0002
I | 05-09 19:30:43 | pretrain | step=538, loss=0.0002
I | 05-09 19:30:43 | pretrain | step=539, loss=0.0002
I | 05-09 19:30:43 | pretrain | step=540, loss=0.0002
I | 05-09 19:30:43 | pretrain | step=541, loss=0.0002
I | 05-09 19:30:43 | pretrain | step=542, loss=0.0002
I | 05-09 19:30:44 | pretrain | step=543, loss=0.0002
I | 05-09 19:30:44 | pretrain | step=544, loss=0.0002
I | 05-09 19:30:44 | pretrain | step=545, loss=0.0002
I | 05-09 19:30:44 | pretrain | step=546, loss=0.0002
I | 05-09 19:30:44 | pretrain | step=547, loss=0.0002
I | 05-09 19:30:44 | pretrain | step=548, loss=0.0002
I | 05-09 19:30:44 | pretrain | step=549, loss=0.0002
I | 05-09 19:30:44 | pretrain | step=550, loss=0.0002
I | 05-09 19:30:44 | pretrain | step=551, loss=0.0002
I | 05-09 19:30:44 | pretrain | step=552, loss=0.0002
I | 05-09 19:30:44 | pretrain | step=553, loss=0.0002
I | 05-09 19:30:44 | pretrain | step=554, loss=0.0002
I | 05-09 19:30:44 | pretrain | step=555, loss=0.0002
I | 05-09 19:30:44 | pretrain | step=556, loss=0.0002
I | 05-09 19:30:44 | pretrain | step=557, loss=0.0002
I | 05-09 19:30:44 | pretrain | step=558, loss=0.0002
I | 05-09 19:30:44 | pretrain | step=559, loss=0.0002
I | 05-09 19:30:44 | pretrain | step=560, loss=0.0002
I | 05-09 19:30:44 | pretrain | step=561, loss=0.0002
I | 05-09 19:30:44 | pretrain | step=562, loss=0.0002
I | 05-09 19:30:44 | pretrain | step=563, loss=0.0002
I | 05-09 19:30:44 | pretrain | step=564, loss=0.0002
I | 05-09 19:30:44 | pretrain | step=565, loss=0.0002
I | 05-09 19:30:45 | pretrain | step=566, loss=0.0002
I | 05-09 19:30:45 | pretrain | step=567, loss=0.0002
I | 05-09 19:30:45 | pretrain | step=568, loss=0.0002
I | 05-09 19:30:45 | pretrain | step=569, loss=0.0002
I | 05-09 19:30:45 | pretrain | step=570, loss=0.0002
I | 05-09 19:30:45 | pretrain | step=571, loss=0.0002
I | 05-09 19:30:45 | pretrain | step=572, loss=0.0002
I | 05-09 19:30:45 | pretrain | step=573, loss=0.0002
I | 05-09 19:30:45 | pretrain | step=574, loss=0.0002
I | 05-09 19:30:45 | pretrain | step=575, loss=0.0002
I | 05-09 19:30:45 | pretrain | step=576, loss=0.0002
I | 05-09 19:30:45 | pretrain | step=577, loss=0.0002
I | 05-09 19:30:45 | pretrain | step=578, loss=0.0002
I | 05-09 19:30:45 | pretrain | step=579, loss=0.0002
I | 05-09 19:30:45 | pretrain | step=580, loss=0.0002
I | 05-09 19:30:45 | pretrain | step=581, loss=0.0002
I | 05-09 19:30:45 | pretrain | step=582, loss=0.0002
I | 05-09 19:30:45 | pretrain | step=583, loss=0.0002
I | 05-09 19:30:45 | pretrain | step=584, loss=0.0002
I | 05-09 19:30:45 | pretrain | step=585, loss=0.0002
I | 05-09 19:30:45 | pretrain | step=586, loss=0.0001
I | 05-09 19:30:45 | pretrain | step=587, loss=0.0002
I | 05-09 19:30:45 | pretrain | step=588, loss=0.0002
I | 05-09 19:30:46 | pretrain | step=589, loss=0.0002
I | 05-09 19:30:46 | pretrain | step=590, loss=0.0001
I | 05-09 19:30:46 | pretrain | step=591, loss=0.0002
I | 05-09 19:30:46 | pretrain | step=592, loss=0.0001
I | 05-09 19:30:46 | pretrain | step=593, loss=0.0001
I | 05-09 19:30:46 | pretrain | step=594, loss=0.0001
I | 05-09 19:30:46 | pretrain | step=595, loss=0.0001
I | 05-09 19:30:46 | pretrain | step=596, loss=0.0001
I | 05-09 19:30:46 | pretrain | step=597, loss=0.0001
I | 05-09 19:30:46 | pretrain | step=598, loss=0.0001
I | 05-09 19:30:46 | pretrain | step=599, loss=0.0001
I | 05-09 19:30:46 | pretrain | step=600, loss=0.0001
I | 05-09 19:30:46 | pretrain | step=601, loss=0.0001
I | 05-09 19:30:46 | pretrain | step=602, loss=0.0001
I | 05-09 19:30:46 | pretrain | step=603, loss=0.0001
I | 05-09 19:30:46 | pretrain | step=604, loss=0.0001
I | 05-09 19:30:46 | pretrain | step=605, loss=0.0001
I | 05-09 19:30:46 | pretrain | step=606, loss=0.0001
I | 05-09 19:30:46 | pretrain | step=607, loss=0.0001
I | 05-09 19:30:46 | pretrain | step=608, loss=0.0001
I | 05-09 19:30:46 | pretrain | step=609, loss=0.0001
I | 05-09 19:30:46 | pretrain | step=610, loss=0.0001
I | 05-09 19:30:46 | pretrain | step=611, loss=0.0001
I | 05-09 19:30:47 | pretrain | step=612, loss=0.0001
I | 05-09 19:30:47 | pretrain | step=613, loss=0.0001
I | 05-09 19:30:47 | pretrain | step=614, loss=0.0001
I | 05-09 19:30:47 | pretrain | step=615, loss=0.0001
I | 05-09 19:30:47 | pretrain | step=616, loss=0.0001
I | 05-09 19:30:47 | pretrain | step=617, loss=0.0001
I | 05-09 19:30:47 | pretrain | step=618, loss=0.0001
I | 05-09 19:30:47 | pretrain | step=619, loss=0.0001
I | 05-09 19:30:47 | pretrain | step=620, loss=0.0001
I | 05-09 19:30:47 | pretrain | step=621, loss=0.0001
I | 05-09 19:30:47 | pretrain | step=622, loss=0.0001
I | 05-09 19:30:47 | pretrain | step=623, loss=0.0001
I | 05-09 19:30:47 | pretrain | step=624, loss=0.0001
I | 05-09 19:30:47 | pretrain | step=625, loss=0.0001
I | 05-09 19:30:47 | pretrain | step=626, loss=0.0001
I | 05-09 19:30:47 | pretrain | step=627, loss=0.0001
I | 05-09 19:30:47 | pretrain | step=628, loss=0.0001
I | 05-09 19:30:47 | pretrain | step=629, loss=0.0001
I | 05-09 19:30:47 | pretrain | step=630, loss=0.0001
I | 05-09 19:30:47 | pretrain | step=631, loss=0.0001
I | 05-09 19:30:47 | pretrain | step=632, loss=0.0001
I | 05-09 19:30:47 | pretrain | step=633, loss=0.0001
I | 05-09 19:30:47 | pretrain | step=634, loss=0.0001
I | 05-09 19:30:47 | pretrain | step=635, loss=0.0001
I | 05-09 19:30:48 | pretrain | step=636, loss=0.0001
I | 05-09 19:30:48 | pretrain | step=637, loss=0.0001
I | 05-09 19:30:48 | pretrain | step=638, loss=0.0001
I | 05-09 19:30:48 | pretrain | step=639, loss=0.0001
I | 05-09 19:30:48 | pretrain | step=640, loss=0.0001
I | 05-09 19:30:48 | pretrain | step=641, loss=0.0001
I | 05-09 19:30:48 | pretrain | step=642, loss=0.0001
I | 05-09 19:30:48 | pretrain | step=643, loss=0.0001
I | 05-09 19:30:48 | pretrain | step=644, loss=0.0001
I | 05-09 19:30:48 | pretrain | step=645, loss=0.0001
I | 05-09 19:30:48 | pretrain | step=646, loss=0.0001
I | 05-09 19:30:48 | pretrain | step=647, loss=0.0001
I | 05-09 19:30:48 | pretrain | step=648, loss=0.0001
I | 05-09 19:30:48 | pretrain | step=649, loss=0.0001
I | 05-09 19:30:48 | pretrain | step=650, loss=0.0001
I | 05-09 19:30:48 | pretrain | step=651, loss=0.0001
I | 05-09 19:30:48 | pretrain | step=652, loss=0.0001
I | 05-09 19:30:48 | pretrain | step=653, loss=0.0001
I | 05-09 19:30:48 | pretrain | step=654, loss=0.0001
I | 05-09 19:30:48 | pretrain | step=655, loss=0.0001
I | 05-09 19:30:48 | pretrain | step=656, loss=0.0001
I | 05-09 19:30:48 | pretrain | step=657, loss=0.0001
I | 05-09 19:30:48 | pretrain | step=658, loss=0.0001
I | 05-09 19:30:49 | pretrain | step=659, loss=0.0001
I | 05-09 19:30:49 | pretrain | step=660, loss=0.0001
I | 05-09 19:30:49 | pretrain | step=661, loss=0.0001
I | 05-09 19:30:49 | pretrain | step=662, loss=0.0001
I | 05-09 19:30:49 | pretrain | step=663, loss=0.0001
I | 05-09 19:30:49 | pretrain | step=664, loss=0.0001
I | 05-09 19:30:49 | pretrain | step=665, loss=0.0001
I | 05-09 19:30:49 | pretrain | step=666, loss=0.0001
I | 05-09 19:30:49 | pretrain | step=667, loss=0.0001
I | 05-09 19:30:49 | pretrain | step=668, loss=0.0001
I | 05-09 19:30:49 | pretrain | step=669, loss=0.0001
I | 05-09 19:30:49 | pretrain | step=670, loss=0.0001
I | 05-09 19:30:49 | pretrain | step=671, loss=0.0001
I | 05-09 19:30:49 | pretrain | step=672, loss=0.0001
I | 05-09 19:30:49 | pretrain | step=673, loss=0.0001
I | 05-09 19:30:49 | pretrain | step=674, loss=0.0001
I | 05-09 19:30:49 | pretrain | step=675, loss=0.0001
I | 05-09 19:30:49 | pretrain | step=676, loss=0.0001
I | 05-09 19:30:49 | pretrain | step=677, loss=0.0001
I | 05-09 19:30:49 | pretrain | step=678, loss=0.0001
I | 05-09 19:30:49 | pretrain | step=679, loss=0.0001
I | 05-09 19:30:49 | pretrain | step=680, loss=0.0001
I | 05-09 19:30:49 | pretrain | step=681, loss=0.0001
I | 05-09 19:30:50 | pretrain | step=682, loss=0.0001
I | 05-09 19:30:50 | pretrain | step=683, loss=0.0001
I | 05-09 19:30:50 | pretrain | step=684, loss=0.0001
I | 05-09 19:30:50 | pretrain | step=685, loss=0.0001
I | 05-09 19:30:50 | pretrain | step=686, loss=0.0001
I | 05-09 19:30:50 | pretrain | step=687, loss=0.0001
I | 05-09 19:30:50 | pretrain | step=688, loss=0.0001
I | 05-09 19:30:50 | pretrain | step=689, loss=0.0001
I | 05-09 19:30:50 | pretrain | step=690, loss=0.0001
I | 05-09 19:30:50 | pretrain | step=691, loss=0.0001
I | 05-09 19:30:50 | pretrain | step=692, loss=0.0001
I | 05-09 19:30:50 | pretrain | step=693, loss=0.0001
I | 05-09 19:30:50 | pretrain | step=694, loss=0.0001
I | 05-09 19:30:50 | pretrain | step=695, loss=0.0001
I | 05-09 19:30:50 | pretrain | step=696, loss=0.0001
I | 05-09 19:30:50 | pretrain | step=697, loss=0.0001
I | 05-09 19:30:50 | pretrain | step=698, loss=0.0001
I | 05-09 19:30:50 | pretrain | step=699, loss=0.0001
I | 05-09 19:30:50 | pretrain | step=700, loss=0.0001
I | 05-09 19:30:50 | pretrain | step=701, loss=0.0001
I | 05-09 19:30:50 | pretrain | step=702, loss=0.0001
I | 05-09 19:30:50 | pretrain | step=703, loss=0.0001
I | 05-09 19:30:50 | pretrain | step=704, loss=0.0001
I | 05-09 19:30:51 | pretrain | step=705, loss=0.0001
I | 05-09 19:30:51 | pretrain | step=706, loss=0.0001
I | 05-09 19:30:51 | pretrain | step=707, loss=0.0001
I | 05-09 19:30:51 | pretrain | step=708, loss=0.0001
I | 05-09 19:30:51 | pretrain | step=709, loss=0.0001
I | 05-09 19:30:51 | pretrain | step=710, loss=0.0001
I | 05-09 19:30:51 | pretrain | step=711, loss=0.0001
I | 05-09 19:30:51 | pretrain | step=712, loss=0.0001
I | 05-09 19:30:51 | pretrain | step=713, loss=0.0001
I | 05-09 19:30:51 | pretrain | step=714, loss=0.0001
I | 05-09 19:30:51 | pretrain | step=715, loss=0.0001
I | 05-09 19:30:51 | pretrain | step=716, loss=0.0001
I | 05-09 19:30:51 | pretrain | step=717, loss=0.0001
I | 05-09 19:30:51 | pretrain | step=718, loss=0.0001
I | 05-09 19:30:51 | pretrain | step=719, loss=0.0001
I | 05-09 19:30:51 | pretrain | step=720, loss=0.0001
I | 05-09 19:30:51 | pretrain | step=721, loss=0.0001
I | 05-09 19:30:51 | pretrain | step=722, loss=0.0001
I | 05-09 19:30:51 | pretrain | step=723, loss=0.0001
I | 05-09 19:30:51 | pretrain | step=724, loss=0.0001
I | 05-09 19:30:51 | pretrain | step=725, loss=0.0001
I | 05-09 19:30:51 | pretrain | step=726, loss=0.0001
I | 05-09 19:30:51 | pretrain | step=727, loss=0.0001
I | 05-09 19:30:52 | pretrain | step=728, loss=0.0001
I | 05-09 19:30:52 | pretrain | step=729, loss=0.0001
I | 05-09 19:30:52 | pretrain | step=730, loss=0.0001
I | 05-09 19:30:52 | pretrain | step=731, loss=0.0001
I | 05-09 19:30:52 | pretrain | step=732, loss=0.0001
I | 05-09 19:30:52 | pretrain | step=733, loss=0.0001
I | 05-09 19:30:52 | pretrain | step=734, loss=0.0001
I | 05-09 19:30:52 | pretrain | step=735, loss=0.0001
I | 05-09 19:30:52 | pretrain | step=736, loss=0.0001
I | 05-09 19:30:52 | pretrain | step=737, loss=0.0001
I | 05-09 19:30:52 | pretrain | step=738, loss=0.0001
I | 05-09 19:30:52 | pretrain | step=739, loss=0.0001
I | 05-09 19:30:52 | pretrain | step=740, loss=0.0001
I | 05-09 19:30:52 | pretrain | step=741, loss=0.0001
I | 05-09 19:30:52 | pretrain | step=742, loss=0.0001
I | 05-09 19:30:52 | pretrain | step=743, loss=0.0001
I | 05-09 19:30:52 | pretrain | step=744, loss=0.0001
I | 05-09 19:30:52 | pretrain | step=745, loss=0.0001
I | 05-09 19:30:52 | pretrain | step=746, loss=0.0001
I | 05-09 19:30:52 | pretrain | step=747, loss=0.0001
I | 05-09 19:30:52 | pretrain | step=748, loss=0.0001
I | 05-09 19:30:52 | pretrain | step=749, loss=0.0001
I | 05-09 19:30:52 | pretrain | step=750, loss=0.0001
I | 05-09 19:30:53 | pretrain | step=751, loss=0.0001
I | 05-09 19:30:53 | pretrain | step=752, loss=0.0001
I | 05-09 19:30:53 | pretrain | step=753, loss=0.0001
I | 05-09 19:30:53 | pretrain | step=754, loss=0.0001
I | 05-09 19:30:53 | pretrain | step=755, loss=0.0001
I | 05-09 19:30:53 | pretrain | step=756, loss=0.0001
I | 05-09 19:30:53 | pretrain | step=757, loss=0.0001
I | 05-09 19:30:53 | pretrain | step=758, loss=0.0001
I | 05-09 19:30:53 | pretrain | step=759, loss=0.0001
I | 05-09 19:30:53 | pretrain | step=760, loss=0.0001
I | 05-09 19:30:53 | pretrain | step=761, loss=0.0001
I | 05-09 19:30:53 | pretrain | step=762, loss=0.0001
I | 05-09 19:30:53 | pretrain | step=763, loss=0.0001
I | 05-09 19:30:53 | pretrain | step=764, loss=0.0001
I | 05-09 19:30:53 | pretrain | step=765, loss=0.0001
I | 05-09 19:30:53 | pretrain | step=766, loss=0.0001
I | 05-09 19:30:53 | pretrain | step=767, loss=0.0001
I | 05-09 19:30:53 | pretrain | step=768, loss=0.0001
I | 05-09 19:30:53 | pretrain | step=769, loss=0.0001
I | 05-09 19:30:53 | pretrain | step=770, loss=0.0001
I | 05-09 19:30:53 | pretrain | step=771, loss=0.0001
I | 05-09 19:30:53 | pretrain | step=772, loss=0.0001
I | 05-09 19:30:53 | pretrain | step=773, loss=0.0001
I | 05-09 19:30:54 | pretrain | step=774, loss=0.0001
I | 05-09 19:30:54 | pretrain | step=775, loss=0.0001
I | 05-09 19:30:54 | pretrain | step=776, loss=0.0001
I | 05-09 19:30:54 | pretrain | step=777, loss=0.0001
I | 05-09 19:30:54 | pretrain | step=778, loss=0.0001
I | 05-09 19:30:54 | pretrain | step=779, loss=0.0001
I | 05-09 19:30:54 | pretrain | step=780, loss=0.0001
I | 05-09 19:30:54 | pretrain | step=781, loss=0.0001
I | 05-09 19:30:54 | pretrain | step=782, loss=0.0001
I | 05-09 19:30:54 | pretrain | step=783, loss=0.0001
I | 05-09 19:30:54 | pretrain | step=784, loss=0.0001
I | 05-09 19:30:54 | pretrain | step=785, loss=0.0001
I | 05-09 19:30:54 | pretrain | step=786, loss=0.0001
I | 05-09 19:30:54 | pretrain | step=787, loss=0.0001
I | 05-09 19:30:54 | pretrain | step=788, loss=0.0001
I | 05-09 19:30:54 | pretrain | step=789, loss=0.0001
I | 05-09 19:30:54 | pretrain | step=790, loss=0.0001
I | 05-09 19:30:54 | pretrain | step=791, loss=0.0001
I | 05-09 19:30:54 | pretrain | step=792, loss=0.0001
I | 05-09 19:30:54 | pretrain | step=793, loss=0.0001
I | 05-09 19:30:54 | pretrain | step=794, loss=0.0001
I | 05-09 19:30:54 | pretrain | step=795, loss=0.0001
I | 05-09 19:30:54 | pretrain | step=796, loss=0.0001
I | 05-09 19:30:55 | pretrain | step=797, loss=0.0001
I | 05-09 19:30:55 | pretrain | step=798, loss=0.0001
I | 05-09 19:30:55 | pretrain | step=799, loss=0.0001
I | 05-09 19:30:55 | pretrain | step=800, loss=0.0001
I | 05-09 19:30:55 | pretrain | step=801, loss=0.0001
I | 05-09 19:30:55 | pretrain | step=802, loss=0.0001
I | 05-09 19:30:55 | pretrain | step=803, loss=0.0001
I | 05-09 19:30:55 | pretrain | step=804, loss=0.0001
I | 05-09 19:30:55 | pretrain | step=805, loss=0.0001
I | 05-09 19:30:55 | pretrain | step=806, loss=0.0001
I | 05-09 19:30:55 | pretrain | step=807, loss=0.0001
I | 05-09 19:30:55 | pretrain | step=808, loss=0.0001
I | 05-09 19:30:55 | pretrain | step=809, loss=0.0001
I | 05-09 19:30:55 | pretrain | step=810, loss=0.0001
I | 05-09 19:30:55 | pretrain | step=811, loss=0.0001
I | 05-09 19:30:55 | pretrain | step=812, loss=0.0001
I | 05-09 19:30:55 | pretrain | step=813, loss=0.0001
I | 05-09 19:30:55 | pretrain | step=814, loss=0.0001
I | 05-09 19:30:55 | pretrain | step=815, loss=0.0001
I | 05-09 19:30:55 | pretrain | step=816, loss=0.0001
I | 05-09 19:30:55 | pretrain | step=817, loss=0.0001
I | 05-09 19:30:55 | pretrain | step=818, loss=0.0001
I | 05-09 19:30:55 | pretrain | step=819, loss=0.0001
I | 05-09 19:30:56 | pretrain | step=820, loss=0.0001
I | 05-09 19:30:56 | pretrain | step=821, loss=0.0001
I | 05-09 19:30:56 | pretrain | step=822, loss=0.0001
I | 05-09 19:30:56 | pretrain | step=823, loss=0.0001
I | 05-09 19:30:56 | pretrain | step=824, loss=0.0001
I | 05-09 19:30:56 | pretrain | step=825, loss=0.0001
I | 05-09 19:30:56 | pretrain | step=826, loss=0.0001
I | 05-09 19:30:56 | pretrain | step=827, loss=0.0001
I | 05-09 19:30:56 | pretrain | step=828, loss=0.0001
I | 05-09 19:30:56 | pretrain | step=829, loss=0.0001
I | 05-09 19:30:56 | pretrain | step=830, loss=0.0001
I | 05-09 19:30:56 | pretrain | step=831, loss=0.0001
I | 05-09 19:30:56 | pretrain | step=832, loss=0.0001
I | 05-09 19:30:56 | pretrain | step=833, loss=0.0001
I | 05-09 19:30:56 | pretrain | step=834, loss=0.0001
I | 05-09 19:30:56 | pretrain | step=835, loss=0.0001
I | 05-09 19:30:56 | pretrain | step=836, loss=0.0001
I | 05-09 19:30:56 | pretrain | step=837, loss=0.0001
I | 05-09 19:30:56 | pretrain | step=838, loss=0.0001
I | 05-09 19:30:56 | pretrain | step=839, loss=0.0001
I | 05-09 19:30:56 | pretrain | step=840, loss=0.0001
I | 05-09 19:30:56 | pretrain | step=841, loss=0.0001
I | 05-09 19:30:56 | pretrain | step=842, loss=0.0001
I | 05-09 19:30:57 | pretrain | step=843, loss=0.0001
I | 05-09 19:30:57 | pretrain | step=844, loss=0.0001
I | 05-09 19:30:57 | pretrain | step=845, loss=0.0001
I | 05-09 19:30:57 | pretrain | step=846, loss=0.0001
I | 05-09 19:30:57 | pretrain | step=847, loss=0.0001
I | 05-09 19:30:57 | pretrain | step=848, loss=0.0001
I | 05-09 19:30:57 | pretrain | step=849, loss=0.0001
I | 05-09 19:30:57 | pretrain | step=850, loss=0.0001
I | 05-09 19:30:57 | pretrain | step=851, loss=0.0001
I | 05-09 19:30:57 | pretrain | step=852, loss=0.0001
I | 05-09 19:30:57 | pretrain | step=853, loss=0.0001
I | 05-09 19:30:57 | pretrain | step=854, loss=0.0001
I | 05-09 19:30:57 | pretrain | step=855, loss=0.0001
I | 05-09 19:30:57 | pretrain | step=856, loss=0.0001
I | 05-09 19:30:57 | pretrain | step=857, loss=0.0001
I | 05-09 19:30:57 | pretrain | step=858, loss=0.0001
I | 05-09 19:30:57 | pretrain | step=859, loss=0.0001
I | 05-09 19:30:57 | pretrain | step=860, loss=0.0001
I | 05-09 19:30:57 | pretrain | step=861, loss=0.0001
I | 05-09 19:30:57 | pretrain | step=862, loss=0.0001
I | 05-09 19:30:57 | pretrain | step=863, loss=0.0001
I | 05-09 19:30:57 | pretrain | step=864, loss=0.0001
I | 05-09 19:30:57 | pretrain | step=865, loss=0.0001
I | 05-09 19:30:58 | pretrain | step=866, loss=0.0001
I | 05-09 19:30:58 | pretrain | step=867, loss=0.0001
I | 05-09 19:30:58 | pretrain | step=868, loss=0.0001
I | 05-09 19:30:58 | pretrain | step=869, loss=0.0001
I | 05-09 19:30:58 | pretrain | step=870, loss=0.0001
I | 05-09 19:30:58 | pretrain | step=871, loss=0.0001
I | 05-09 19:30:58 | pretrain | step=872, loss=0.0001
I | 05-09 19:30:58 | pretrain | step=873, loss=0.0001
I | 05-09 19:30:58 | pretrain | step=874, loss=0.0001
I | 05-09 19:30:58 | pretrain | step=875, loss=0.0001
I | 05-09 19:30:58 | pretrain | step=876, loss=0.0001
I | 05-09 19:30:58 | pretrain | step=877, loss=0.0001
I | 05-09 19:30:58 | pretrain | step=878, loss=0.0001
I | 05-09 19:30:58 | pretrain | step=879, loss=0.0001
I | 05-09 19:30:58 | pretrain | step=880, loss=0.0001
I | 05-09 19:30:58 | pretrain | step=881, loss=0.0001
I | 05-09 19:30:58 | pretrain | step=882, loss=0.0001
I | 05-09 19:30:58 | pretrain | step=883, loss=0.0001
I | 05-09 19:30:58 | pretrain | step=884, loss=0.0001
I | 05-09 19:30:58 | pretrain | step=885, loss=0.0001
I | 05-09 19:30:58 | pretrain | step=886, loss=0.0001
I | 05-09 19:30:58 | pretrain | step=887, loss=0.0001
I | 05-09 19:30:58 | pretrain | step=888, loss=0.0001
I | 05-09 19:30:59 | pretrain | step=889, loss=0.0001
I | 05-09 19:30:59 | pretrain | step=890, loss=0.0001
I | 05-09 19:30:59 | pretrain | step=891, loss=0.0001
I | 05-09 19:30:59 | pretrain | step=892, loss=0.0001
I | 05-09 19:30:59 | pretrain | step=893, loss=0.0001
I | 05-09 19:30:59 | pretrain | step=894, loss=0.0001
I | 05-09 19:30:59 | pretrain | step=895, loss=0.0001
I | 05-09 19:30:59 | pretrain | step=896, loss=0.0001
I | 05-09 19:30:59 | pretrain | step=897, loss=0.0001
I | 05-09 19:30:59 | pretrain | step=898, loss=0.0001
I | 05-09 19:30:59 | pretrain | step=899, loss=0.0001
I | 05-09 19:30:59 | pretrain | step=900, loss=0.0001
I | 05-09 19:30:59 | pretrain | step=901, loss=0.0001
I | 05-09 19:30:59 | pretrain | step=902, loss=0.0001
I | 05-09 19:30:59 | pretrain | step=903, loss=0.0001
I | 05-09 19:30:59 | pretrain | step=904, loss=0.0001
I | 05-09 19:30:59 | pretrain | step=905, loss=0.0001
I | 05-09 19:30:59 | pretrain | step=906, loss=0.0001
I | 05-09 19:30:59 | pretrain | step=907, loss=0.0001
I | 05-09 19:30:59 | pretrain | step=908, loss=0.0001
I | 05-09 19:30:59 | pretrain | step=909, loss=0.0001
I | 05-09 19:30:59 | pretrain | step=910, loss=0.0001
I | 05-09 19:30:59 | pretrain | step=911, loss=0.0001
I | 05-09 19:30:59 | pretrain | step=912, loss=0.0001
I | 05-09 19:31:00 | pretrain | step=913, loss=0.0001
I | 05-09 19:31:00 | pretrain | step=914, loss=0.0001
I | 05-09 19:31:00 | pretrain | step=915, loss=0.0001
I | 05-09 19:31:00 | pretrain | step=916, loss=0.0001
I | 05-09 19:31:00 | pretrain | step=917, loss=0.0001
I | 05-09 19:31:00 | pretrain | step=918, loss=0.0001
I | 05-09 19:31:00 | pretrain | step=919, loss=0.0001
I | 05-09 19:31:00 | pretrain | step=920, loss=0.0001
I | 05-09 19:31:00 | pretrain | step=921, loss=0.0001
I | 05-09 19:31:00 | pretrain | step=922, loss=0.0001
I | 05-09 19:31:00 | pretrain | step=923, loss=0.0001
I | 05-09 19:31:00 | pretrain | step=924, loss=0.0001
I | 05-09 19:31:00 | pretrain | step=925, loss=0.0001
I | 05-09 19:31:00 | pretrain | step=926, loss=0.0001
I | 05-09 19:31:00 | pretrain | step=927, loss=0.0001
I | 05-09 19:31:00 | pretrain | step=928, loss=0.0001
I | 05-09 19:31:00 | pretrain | step=929, loss=0.0001
I | 05-09 19:31:00 | pretrain | step=930, loss=0.0001
I | 05-09 19:31:00 | pretrain | step=931, loss=0.0001
I | 05-09 19:31:00 | pretrain | step=932, loss=0.0001
I | 05-09 19:31:00 | pretrain | step=933, loss=0.0001
I | 05-09 19:31:00 | pretrain | step=934, loss=0.0001
I | 05-09 19:31:00 | pretrain | step=935, loss=0.0001
I | 05-09 19:31:01 | pretrain | step=936, loss=0.0001
I | 05-09 19:31:01 | pretrain | step=937, loss=0.0001
I | 05-09 19:31:01 | pretrain | step=938, loss=0.0001
I | 05-09 19:31:01 | pretrain | step=939, loss=0.0001
I | 05-09 19:31:01 | pretrain | step=940, loss=0.0001
I | 05-09 19:31:01 | pretrain | step=941, loss=0.0001
I | 05-09 19:31:01 | pretrain | step=942, loss=0.0001
I | 05-09 19:31:01 | pretrain | step=943, loss=0.0001
I | 05-09 19:31:01 | pretrain | step=944, loss=0.0001
I | 05-09 19:31:01 | pretrain | step=945, loss=0.0001
I | 05-09 19:31:01 | pretrain | step=946, loss=0.0001
I | 05-09 19:31:01 | pretrain | step=947, loss=0.0001
I | 05-09 19:31:01 | pretrain | step=948, loss=0.0001
I | 05-09 19:31:01 | pretrain | step=949, loss=0.0001
I | 05-09 19:31:01 | pretrain | step=950, loss=0.0001
I | 05-09 19:31:01 | pretrain | step=951, loss=0.0001
I | 05-09 19:31:01 | pretrain | step=952, loss=0.0001
I | 05-09 19:31:01 | pretrain | step=953, loss=0.0001
I | 05-09 19:31:01 | pretrain | step=954, loss=0.0001
I | 05-09 19:31:01 | pretrain | step=955, loss=0.0001
I | 05-09 19:31:01 | pretrain | step=956, loss=0.0001
I | 05-09 19:31:01 | pretrain | step=957, loss=0.0001
I | 05-09 19:31:01 | pretrain | step=958, loss=0.0001
I | 05-09 19:31:02 | pretrain | step=959, loss=0.0001
I | 05-09 19:31:02 | pretrain | step=960, loss=0.0001
I | 05-09 19:31:02 | pretrain | step=961, loss=0.0001
I | 05-09 19:31:02 | pretrain | step=962, loss=0.0001
I | 05-09 19:31:02 | pretrain | step=963, loss=0.0001
I | 05-09 19:31:02 | pretrain | step=964, loss=0.0001
I | 05-09 19:31:02 | pretrain | step=965, loss=0.0001
I | 05-09 19:31:02 | pretrain | step=966, loss=0.0001
I | 05-09 19:31:02 | pretrain | step=967, loss=0.0001
I | 05-09 19:31:02 | pretrain | step=968, loss=0.0001
I | 05-09 19:31:02 | pretrain | step=969, loss=0.0001
I | 05-09 19:31:02 | pretrain | step=970, loss=0.0001
I | 05-09 19:31:02 | pretrain | step=971, loss=0.0001
I | 05-09 19:31:02 | pretrain | step=972, loss=0.0001
I | 05-09 19:31:02 | pretrain | step=973, loss=0.0001
I | 05-09 19:31:02 | pretrain | step=974, loss=0.0001
I | 05-09 19:31:02 | pretrain | step=975, loss=0.0001
I | 05-09 19:31:02 | pretrain | step=976, loss=0.0001
I | 05-09 19:31:02 | pretrain | step=977, loss=0.0001
I | 05-09 19:31:02 | pretrain | step=978, loss=0.0001
I | 05-09 19:31:02 | pretrain | step=979, loss=0.0001
I | 05-09 19:31:02 | pretrain | step=980, loss=0.0001
I | 05-09 19:31:02 | pretrain | step=981, loss=0.0001
I | 05-09 19:31:03 | pretrain | step=982, loss=0.0001
I | 05-09 19:31:03 | pretrain | step=983, loss=0.0001
I | 05-09 19:31:03 | pretrain | step=984, loss=0.0001
I | 05-09 19:31:03 | pretrain | step=985, loss=0.0001
I | 05-09 19:31:03 | pretrain | step=986, loss=0.0001
I | 05-09 19:31:03 | pretrain | step=987, loss=0.0001
I | 05-09 19:31:03 | pretrain | step=988, loss=0.0001
I | 05-09 19:31:03 | pretrain | step=989, loss=0.0001
I | 05-09 19:31:03 | pretrain | step=990, loss=0.0001
I | 05-09 19:31:03 | pretrain | step=991, loss=0.0001
I | 05-09 19:31:03 | pretrain | step=992, loss=0.0001
I | 05-09 19:31:03 | pretrain | step=993, loss=0.0001
I | 05-09 19:31:03 | pretrain | step=994, loss=0.0001
I | 05-09 19:31:03 | pretrain | step=995, loss=0.0001
I | 05-09 19:31:03 | pretrain | step=996, loss=0.0001
I | 05-09 19:31:03 | pretrain | step=997, loss=0.0001
I | 05-09 19:31:03 | pretrain | step=998, loss=0.0001
I | 05-09 19:31:03 | pretrain | step=999, loss=0.0001
I | 05-09 19:31:03 | pretrain | step=1000, loss=0.0001
I | 05-09 19:31:03 | pretrain | step=1001, loss=0.0001
I | 05-09 19:31:03 | pretrain | step=1002, loss=0.0001
I | 05-09 19:31:03 | pretrain | step=1003, loss=0.0001
I | 05-09 19:31:03 | pretrain | step=1004, loss=0.0001
I | 05-09 19:31:04 | pretrain | step=1005, loss=0.0001
I | 05-09 19:31:04 | pretrain | step=1006, loss=0.0001
I | 05-09 19:31:04 | pretrain | step=1007, loss=0.0001
I | 05-09 19:31:04 | pretrain | step=1008, loss=0.0001
I | 05-09 19:31:04 | pretrain | step=1009, loss=0.0001
I | 05-09 19:31:04 | pretrain | step=1010, loss=0.0001
I | 05-09 19:31:04 | pretrain | step=1011, loss=0.0001
I | 05-09 19:31:04 | pretrain | step=1012, loss=0.0001
I | 05-09 19:31:04 | pretrain | step=1013, loss=0.0001
I | 05-09 19:31:04 | pretrain | step=1014, loss=0.0001
I | 05-09 19:31:04 | pretrain | step=1015, loss=0.0001
I | 05-09 19:31:04 | pretrain | step=1016, loss=0.0001
I | 05-09 19:31:04 | pretrain | step=1017, loss=0.0001
I | 05-09 19:31:04 | pretrain | step=1018, loss=0.0001
I | 05-09 19:31:04 | pretrain | step=1019, loss=0.0001
I | 05-09 19:31:04 | pretrain | step=1020, loss=0.0001
I | 05-09 19:31:04 | pretrain | step=1021, loss=0.0001
I | 05-09 19:31:04 | pretrain | step=1022, loss=0.0001
I | 05-09 19:31:04 | pretrain | step=1023, loss=0.0001
I | 05-09 19:31:04 | pretrain | step=1024, loss=0.0001
I | 05-09 19:31:04 | pretrain | step=1025, loss=0.0001
I | 05-09 19:31:04 | pretrain | step=1026, loss=0.0001
I | 05-09 19:31:04 | pretrain | step=1027, loss=0.0001
I | 05-09 19:31:05 | pretrain | step=1028, loss=0.0001
I | 05-09 19:31:05 | pretrain | step=1029, loss=0.0001
I | 05-09 19:31:05 | pretrain | step=1030, loss=0.0001
I | 05-09 19:31:05 | pretrain | step=1031, loss=0.0001
I | 05-09 19:31:05 | pretrain | step=1032, loss=0.0001
I | 05-09 19:31:05 | pretrain | step=1033, loss=0.0001
I | 05-09 19:31:05 | pretrain | step=1034, loss=0.0001
I | 05-09 19:31:05 | pretrain | step=1035, loss=0.0001
I | 05-09 19:31:05 | pretrain | step=1036, loss=0.0001
I | 05-09 19:31:05 | pretrain | step=1037, loss=0.0001
I | 05-09 19:31:05 | pretrain | step=1038, loss=0.0001
I | 05-09 19:31:05 | pretrain | step=1039, loss=0.0001
I | 05-09 19:31:05 | pretrain | step=1040, loss=0.0001
I | 05-09 19:31:05 | pretrain | step=1041, loss=0.0001
I | 05-09 19:31:05 | pretrain | step=1042, loss=0.0001
I | 05-09 19:31:05 | pretrain | step=1043, loss=0.0001
I | 05-09 19:31:05 | pretrain | step=1044, loss=0.0001
I | 05-09 19:31:05 | pretrain | step=1045, loss=0.0001
I | 05-09 19:31:05 | pretrain | step=1046, loss=0.0001
I | 05-09 19:31:05 | pretrain | step=1047, loss=0.0001
I | 05-09 19:31:05 | pretrain | step=1048, loss=0.0001
I | 05-09 19:31:05 | pretrain | step=1049, loss=0.0001
I | 05-09 19:31:05 | pretrain | step=1050, loss=0.0001
I | 05-09 19:31:06 | pretrain | step=1051, loss=0.0001
I | 05-09 19:31:06 | pretrain | step=1052, loss=0.0001
I | 05-09 19:31:06 | pretrain | step=1053, loss=0.0001
I | 05-09 19:31:06 | pretrain | step=1054, loss=0.0001
I | 05-09 19:31:06 | pretrain | step=1055, loss=0.0001
I | 05-09 19:31:06 | pretrain | step=1056, loss=0.0001
I | 05-09 19:31:06 | pretrain | step=1057, loss=0.0001
I | 05-09 19:31:06 | pretrain | step=1058, loss=0.0001
I | 05-09 19:31:06 | pretrain | step=1059, loss=0.0001
I | 05-09 19:31:06 | pretrain | step=1060, loss=0.0001
I | 05-09 19:31:06 | pretrain | step=1061, loss=0.0001
I | 05-09 19:31:06 | pretrain | step=1062, loss=0.0001
I | 05-09 19:31:06 | pretrain | step=1063, loss=0.0001
I | 05-09 19:31:06 | pretrain | step=1064, loss=0.0001
I | 05-09 19:31:06 | pretrain | step=1065, loss=0.0001
I | 05-09 19:31:06 | pretrain | step=1066, loss=0.0001
I | 05-09 19:31:06 | pretrain | step=1067, loss=0.0001
I | 05-09 19:31:06 | pretrain | step=1068, loss=0.0001
I | 05-09 19:31:06 | pretrain | step=1069, loss=0.0001
I | 05-09 19:31:06 | pretrain | step=1070, loss=0.0001
I | 05-09 19:31:06 | pretrain | step=1071, loss=0.0001
I | 05-09 19:31:06 | pretrain | step=1072, loss=0.0001
I | 05-09 19:31:06 | pretrain | step=1073, loss=0.0001
I | 05-09 19:31:07 | pretrain | step=1074, loss=0.0001
I | 05-09 19:31:07 | pretrain | step=1075, loss=0.0001
I | 05-09 19:31:07 | pretrain | step=1076, loss=0.0001
I | 05-09 19:31:07 | pretrain | step=1077, loss=0.0001
I | 05-09 19:31:07 | pretrain | step=1078, loss=0.0001
I | 05-09 19:31:07 | pretrain | step=1079, loss=0.0001
I | 05-09 19:31:07 | pretrain | step=1080, loss=0.0001
I | 05-09 19:31:07 | pretrain | step=1081, loss=0.0001
I | 05-09 19:31:07 | pretrain | step=1082, loss=0.0001
I | 05-09 19:31:07 | pretrain | step=1083, loss=0.0001
I | 05-09 19:31:07 | pretrain | step=1084, loss=0.0001
I | 05-09 19:31:07 | pretrain | step=1085, loss=0.0001
I | 05-09 19:31:07 | pretrain | step=1086, loss=0.0001
I | 05-09 19:31:07 | pretrain | step=1087, loss=0.0001
I | 05-09 19:31:07 | pretrain | step=1088, loss=0.0001
I | 05-09 19:31:07 | pretrain | step=1089, loss=0.0001
I | 05-09 19:31:07 | pretrain | step=1090, loss=0.0001
I | 05-09 19:31:07 | pretrain | step=1091, loss=0.0001
I | 05-09 19:31:07 | pretrain | step=1092, loss=0.0001
I | 05-09 19:31:07 | pretrain | step=1093, loss=0.0001
I | 05-09 19:31:07 | pretrain | step=1094, loss=0.0001
I | 05-09 19:31:07 | pretrain | step=1095, loss=0.0001
I | 05-09 19:31:07 | pretrain | step=1096, loss=0.0001
I | 05-09 19:31:08 | pretrain | step=1097, loss=0.0001
I | 05-09 19:31:08 | pretrain | step=1098, loss=0.0001
I | 05-09 19:31:08 | pretrain | step=1099, loss=0.0001
I | 05-09 19:31:08 | pretrain | step=1100, loss=0.0001
I | 05-09 19:31:08 | pretrain | step=1101, loss=0.0001
I | 05-09 19:31:08 | pretrain | step=1102, loss=0.0001
I | 05-09 19:31:08 | pretrain | step=1103, loss=0.0001
I | 05-09 19:31:08 | pretrain | step=1104, loss=0.0001
I | 05-09 19:31:08 | pretrain | step=1105, loss=0.0001
I | 05-09 19:31:08 | pretrain | step=1106, loss=0.0001
I | 05-09 19:31:08 | pretrain | step=1107, loss=0.0001
I | 05-09 19:31:08 | pretrain | step=1108, loss=0.0001
I | 05-09 19:31:08 | pretrain | step=1109, loss=0.0001
I | 05-09 19:31:08 | pretrain | step=1110, loss=0.0001
I | 05-09 19:31:08 | pretrain | step=1111, loss=0.0001
I | 05-09 19:31:08 | pretrain | step=1112, loss=0.0001
I | 05-09 19:31:08 | pretrain | step=1113, loss=0.0001
I | 05-09 19:31:08 | pretrain | step=1114, loss=0.0001
I | 05-09 19:31:08 | pretrain | step=1115, loss=0.0001
I | 05-09 19:31:08 | pretrain | step=1116, loss=0.0001
I | 05-09 19:31:08 | pretrain | step=1117, loss=0.0001
I | 05-09 19:31:08 | pretrain | step=1118, loss=0.0001
I | 05-09 19:31:08 | pretrain | step=1119, loss=0.0001
I | 05-09 19:31:08 | pretrain | step=1120, loss=0.0001
I | 05-09 19:31:09 | pretrain | step=1121, loss=0.0001
I | 05-09 19:31:09 | pretrain | step=1122, loss=0.0001
I | 05-09 19:31:09 | pretrain | step=1123, loss=0.0001
I | 05-09 19:31:09 | pretrain | step=1124, loss=0.0001
I | 05-09 19:31:09 | pretrain | step=1125, loss=0.0001
I | 05-09 19:31:09 | pretrain | step=1126, loss=0.0001
I | 05-09 19:31:09 | pretrain | step=1127, loss=0.0001
I | 05-09 19:31:09 | pretrain | step=1128, loss=0.0001
I | 05-09 19:31:09 | pretrain | step=1129, loss=0.0001
I | 05-09 19:31:09 | pretrain | step=1130, loss=0.0001
I | 05-09 19:31:09 | pretrain | step=1131, loss=0.0001
I | 05-09 19:31:09 | pretrain | step=1132, loss=0.0001
I | 05-09 19:31:09 | pretrain | step=1133, loss=0.0001
I | 05-09 19:31:09 | pretrain | step=1134, loss=0.0001
I | 05-09 19:31:09 | pretrain | step=1135, loss=0.0001
I | 05-09 19:31:09 | pretrain | step=1136, loss=0.0001
I | 05-09 19:31:09 | pretrain | step=1137, loss=0.0001
I | 05-09 19:31:09 | pretrain | step=1138, loss=0.0001
I | 05-09 19:31:09 | pretrain | step=1139, loss=0.0001
I | 05-09 19:31:09 | pretrain | step=1140, loss=0.0001
I | 05-09 19:31:09 | pretrain | step=1141, loss=0.0001
I | 05-09 19:31:09 | pretrain | step=1142, loss=0.0001
I | 05-09 19:31:09 | pretrain | step=1143, loss=0.0001
I | 05-09 19:31:10 | pretrain | step=1144, loss=0.0001
I | 05-09 19:31:10 | pretrain | step=1145, loss=0.0001
I | 05-09 19:31:10 | pretrain | step=1146, loss=0.0001
I | 05-09 19:31:10 | pretrain | step=1147, loss=0.0001
I | 05-09 19:31:10 | pretrain | step=1148, loss=0.0001
I | 05-09 19:31:10 | pretrain | step=1149, loss=0.0001
I | 05-09 19:31:10 | pretrain | step=1150, loss=0.0001
I | 05-09 19:31:10 | pretrain | step=1151, loss=0.0001
I | 05-09 19:31:10 | pretrain | step=1152, loss=0.0001
I | 05-09 19:31:10 | pretrain | step=1153, loss=0.0001
I | 05-09 19:31:10 | pretrain | step=1154, loss=0.0001
I | 05-09 19:31:10 | pretrain | step=1155, loss=0.0001
I | 05-09 19:31:10 | pretrain | step=1156, loss=0.0001
I | 05-09 19:31:10 | pretrain | step=1157, loss=0.0001
I | 05-09 19:31:10 | pretrain | step=1158, loss=0.0001
I | 05-09 19:31:10 | pretrain | step=1159, loss=0.0001
I | 05-09 19:31:10 | pretrain | step=1160, loss=0.0001
I | 05-09 19:31:10 | pretrain | step=1161, loss=0.0001
I | 05-09 19:31:10 | pretrain | step=1162, loss=0.0001
I | 05-09 19:31:10 | pretrain | step=1163, loss=0.0001
I | 05-09 19:31:10 | pretrain | step=1164, loss=0.0001
I | 05-09 19:31:10 | pretrain | step=1165, loss=0.0001
I | 05-09 19:31:10 | pretrain | step=1166, loss=0.0001
I | 05-09 19:31:11 | pretrain | step=1167, loss=0.0001
I | 05-09 19:31:11 | pretrain | step=1168, loss=0.0001
I | 05-09 19:31:11 | pretrain | step=1169, loss=0.0001
I | 05-09 19:31:11 | pretrain | step=1170, loss=0.0001
I | 05-09 19:31:11 | pretrain | step=1171, loss=0.0001
I | 05-09 19:31:11 | pretrain | step=1172, loss=0.0001
I | 05-09 19:31:11 | pretrain | step=1173, loss=0.0001
I | 05-09 19:31:11 | pretrain | step=1174, loss=0.0001
I | 05-09 19:31:11 | pretrain | step=1175, loss=0.0001
I | 05-09 19:31:11 | pretrain | step=1176, loss=0.0001
I | 05-09 19:31:11 | pretrain | step=1177, loss=0.0001
I | 05-09 19:31:11 | pretrain | step=1178, loss=0.0001
I | 05-09 19:31:11 | pretrain | step=1179, loss=0.0001
I | 05-09 19:31:11 | pretrain | step=1180, loss=0.0001
I | 05-09 19:31:11 | pretrain | step=1181, loss=0.0001
I | 05-09 19:31:11 | pretrain | step=1182, loss=0.0001
I | 05-09 19:31:11 | pretrain | step=1183, loss=0.0001
I | 05-09 19:31:11 | pretrain | step=1184, loss=0.0001
I | 05-09 19:31:11 | pretrain | step=1185, loss=0.0001
I | 05-09 19:31:11 | pretrain | step=1186, loss=0.0001
I | 05-09 19:31:11 | pretrain | step=1187, loss=0.0001
I | 05-09 19:31:11 | pretrain | step=1188, loss=0.0001
I | 05-09 19:31:11 | pretrain | step=1189, loss=0.0001
I | 05-09 19:31:12 | pretrain | step=1190, loss=0.0001
I | 05-09 19:31:12 | pretrain | step=1191, loss=0.0001
I | 05-09 19:31:12 | pretrain | step=1192, loss=0.0001
I | 05-09 19:31:12 | pretrain | step=1193, loss=0.0001
I | 05-09 19:31:12 | pretrain | step=1194, loss=0.0001
I | 05-09 19:31:12 | pretrain | step=1195, loss=0.0001
I | 05-09 19:31:12 | pretrain | step=1196, loss=0.0001
I | 05-09 19:31:12 | pretrain | step=1197, loss=0.0001
I | 05-09 19:31:12 | pretrain | step=1198, loss=0.0001
I | 05-09 19:31:12 | pretrain | step=1199, loss=0.0001
I | 05-09 19:31:12 | pretrain | step=1200, loss=0.0001
I | 05-09 19:31:12 | pretrain | step=1201, loss=0.0001
I | 05-09 19:31:12 | pretrain | step=1202, loss=0.0001
I | 05-09 19:31:12 | pretrain | step=1203, loss=0.0001
I | 05-09 19:31:12 | pretrain | step=1204, loss=0.0001
I | 05-09 19:31:12 | pretrain | step=1205, loss=0.0001
I | 05-09 19:31:12 | pretrain | step=1206, loss=0.0001
I | 05-09 19:31:12 | pretrain | step=1207, loss=0.0001
I | 05-09 19:31:12 | pretrain | step=1208, loss=0.0001
I | 05-09 19:31:12 | pretrain | step=1209, loss=0.0001
I | 05-09 19:31:12 | pretrain | step=1210, loss=0.0001
I | 05-09 19:31:12 | pretrain | step=1211, loss=0.0001
I | 05-09 19:31:12 | pretrain | step=1212, loss=0.0001
I | 05-09 19:31:13 | pretrain | step=1213, loss=0.0001
I | 05-09 19:31:13 | pretrain | step=1214, loss=0.0001
I | 05-09 19:31:13 | pretrain | step=1215, loss=0.0001
I | 05-09 19:31:13 | pretrain | step=1216, loss=0.0001
I | 05-09 19:31:13 | pretrain | step=1217, loss=0.0001
I | 05-09 19:31:13 | pretrain | step=1218, loss=0.0001
I | 05-09 19:31:13 | pretrain | step=1219, loss=0.0001
I | 05-09 19:31:13 | pretrain | step=1220, loss=0.0001
I | 05-09 19:31:13 | pretrain | step=1221, loss=0.0001
I | 05-09 19:31:13 | pretrain | step=1222, loss=0.0001
I | 05-09 19:31:13 | pretrain | step=1223, loss=0.0001
I | 05-09 19:31:13 | pretrain | step=1224, loss=0.0001
I | 05-09 19:31:13 | pretrain | step=1225, loss=0.0001
I | 05-09 19:31:13 | pretrain | step=1226, loss=0.0001
I | 05-09 19:31:13 | pretrain | step=1227, loss=0.0001
I | 05-09 19:31:13 | pretrain | step=1228, loss=0.0001
I | 05-09 19:31:13 | pretrain | step=1229, loss=0.0001
I | 05-09 19:31:13 | pretrain | step=1230, loss=0.0001
I | 05-09 19:31:13 | pretrain | step=1231, loss=0.0001
I | 05-09 19:31:13 | pretrain | step=1232, loss=0.0001
I | 05-09 19:31:13 | pretrain | step=1233, loss=0.0001
I | 05-09 19:31:13 | pretrain | step=1234, loss=0.0001
I | 05-09 19:31:13 | pretrain | step=1235, loss=0.0001
I | 05-09 19:31:14 | pretrain | step=1236, loss=0.0001
I | 05-09 19:31:14 | pretrain | step=1237, loss=0.0001
I | 05-09 19:31:14 | pretrain | step=1238, loss=0.0001
I | 05-09 19:31:14 | pretrain | step=1239, loss=0.0001
I | 05-09 19:31:14 | pretrain | step=1240, loss=0.0001
I | 05-09 19:31:14 | pretrain | step=1241, loss=0.0001
I | 05-09 19:31:14 | pretrain | step=1242, loss=0.0001
I | 05-09 19:31:14 | pretrain | step=1243, loss=0.0001
I | 05-09 19:31:14 | pretrain | step=1244, loss=0.0001
I | 05-09 19:31:14 | pretrain | step=1245, loss=0.0001
I | 05-09 19:31:14 | pretrain | step=1246, loss=0.0001
I | 05-09 19:31:14 | pretrain | step=1247, loss=0.0001
I | 05-09 19:31:14 | pretrain | step=1248, loss=0.0001
I | 05-09 19:31:14 | pretrain | step=1249, loss=0.0001
I | 05-09 19:31:14 | pretrain | step=1250, loss=0.0001
I | 05-09 19:31:14 | pretrain | step=1251, loss=0.0001
I | 05-09 19:31:14 | pretrain | step=1252, loss=0.0001
I | 05-09 19:31:14 | pretrain | step=1253, loss=0.0001
I | 05-09 19:31:14 | pretrain | step=1254, loss=0.0001
I | 05-09 19:31:14 | pretrain | step=1255, loss=0.0001
I | 05-09 19:31:14 | pretrain | step=1256, loss=0.0001
I | 05-09 19:31:14 | pretrain | step=1257, loss=0.0001
I | 05-09 19:31:14 | pretrain | step=1258, loss=0.0001
I | 05-09 19:31:15 | pretrain | step=1259, loss=0.0001
I | 05-09 19:31:15 | pretrain | step=1260, loss=0.0001
I | 05-09 19:31:15 | pretrain | step=1261, loss=0.0001
I | 05-09 19:31:15 | pretrain | step=1262, loss=0.0001
I | 05-09 19:31:15 | pretrain | step=1263, loss=0.0001
I | 05-09 19:31:15 | pretrain | step=1264, loss=0.0001
I | 05-09 19:31:15 | pretrain | step=1265, loss=0.0001
I | 05-09 19:31:15 | pretrain | step=1266, loss=0.0001
I | 05-09 19:31:15 | pretrain | step=1267, loss=0.0001
I | 05-09 19:31:15 | pretrain | step=1268, loss=0.0001
I | 05-09 19:31:15 | pretrain | step=1269, loss=0.0001
I | 05-09 19:31:15 | pretrain | step=1270, loss=0.0001
I | 05-09 19:31:15 | pretrain | step=1271, loss=0.0001
I | 05-09 19:31:15 | pretrain | step=1272, loss=0.0001
I | 05-09 19:31:15 | pretrain | step=1273, loss=0.0001
I | 05-09 19:31:15 | pretrain | step=1274, loss=0.0001
I | 05-09 19:31:15 | pretrain | step=1275, loss=0.0001
I | 05-09 19:31:15 | pretrain | step=1276, loss=0.0001
I | 05-09 19:31:15 | pretrain | step=1277, loss=0.0001
I | 05-09 19:31:15 | pretrain | step=1278, loss=0.0001
I | 05-09 19:31:15 | pretrain | step=1279, loss=0.0001
I | 05-09 19:31:15 | pretrain | step=1280, loss=0.0001
I | 05-09 19:31:15 | pretrain | step=1281, loss=0.0001
I | 05-09 19:31:16 | pretrain | step=1282, loss=0.0001
I | 05-09 19:31:16 | pretrain | step=1283, loss=0.0001
I | 05-09 19:31:16 | pretrain | step=1284, loss=0.0001
I | 05-09 19:31:16 | pretrain | step=1285, loss=0.0001
I | 05-09 19:31:16 | pretrain | step=1286, loss=0.0001
I | 05-09 19:31:16 | pretrain | step=1287, loss=0.0001
I | 05-09 19:31:16 | pretrain | step=1288, loss=0.0001
I | 05-09 19:31:16 | pretrain | step=1289, loss=0.0001
I | 05-09 19:31:16 | pretrain | step=1290, loss=0.0001
I | 05-09 19:31:16 | pretrain | step=1291, loss=0.0001
I | 05-09 19:31:16 | pretrain | step=1292, loss=0.0001
I | 05-09 19:31:16 | pretrain | step=1293, loss=0.0001
I | 05-09 19:31:16 | pretrain | step=1294, loss=0.0001
I | 05-09 19:31:16 | pretrain | step=1295, loss=0.0001
I | 05-09 19:31:16 | pretrain | step=1296, loss=0.0001
I | 05-09 19:31:16 | pretrain | step=1297, loss=0.0001
I | 05-09 19:31:16 | pretrain | step=1298, loss=0.0001
I | 05-09 19:31:16 | pretrain | step=1299, loss=0.0001
I | 05-09 19:31:16 | pretrain | step=1300, loss=0.0001
I | 05-09 19:31:16 | pretrain | step=1301, loss=0.0001
I | 05-09 19:31:16 | pretrain | step=1302, loss=0.0001
I | 05-09 19:31:16 | pretrain | step=1303, loss=0.0001
I | 05-09 19:31:16 | pretrain | step=1304, loss=0.0001
I | 05-09 19:31:17 | pretrain | step=1305, loss=0.0001
I | 05-09 19:31:17 | pretrain | step=1306, loss=0.0001
I | 05-09 19:31:17 | pretrain | step=1307, loss=0.0001
I | 05-09 19:31:17 | pretrain | step=1308, loss=0.0001
I | 05-09 19:31:17 | pretrain | step=1309, loss=0.0001
I | 05-09 19:31:17 | pretrain | step=1310, loss=0.0001
I | 05-09 19:31:17 | pretrain | step=1311, loss=0.0001
I | 05-09 19:31:17 | pretrain | step=1312, loss=0.0001
I | 05-09 19:31:17 | pretrain | step=1313, loss=0.0001
I | 05-09 19:31:17 | pretrain | step=1314, loss=0.0001
I | 05-09 19:31:17 | pretrain | step=1315, loss=0.0001
I | 05-09 19:31:17 | pretrain | step=1316, loss=0.0001
I | 05-09 19:31:17 | pretrain | step=1317, loss=0.0001
I | 05-09 19:31:17 | pretrain | step=1318, loss=0.0001
I | 05-09 19:31:17 | pretrain | step=1319, loss=0.0001
I | 05-09 19:31:17 | pretrain | step=1320, loss=0.0001
I | 05-09 19:31:17 | pretrain | step=1321, loss=0.0001
I | 05-09 19:31:17 | pretrain | step=1322, loss=0.0001
I | 05-09 19:31:17 | pretrain | step=1323, loss=0.0001
I | 05-09 19:31:17 | pretrain | step=1324, loss=0.0001
I | 05-09 19:31:17 | pretrain | step=1325, loss=0.0001
I | 05-09 19:31:17 | pretrain | step=1326, loss=0.0001
I | 05-09 19:31:17 | pretrain | step=1327, loss=0.0001
I | 05-09 19:31:18 | pretrain | step=1328, loss=0.0001
I | 05-09 19:31:18 | pretrain | step=1329, loss=0.0001
I | 05-09 19:31:18 | pretrain | step=1330, loss=0.0001
I | 05-09 19:31:18 | pretrain | step=1331, loss=0.0001
I | 05-09 19:31:18 | pretrain | step=1332, loss=0.0001
I | 05-09 19:31:18 | pretrain | step=1333, loss=0.0001
I | 05-09 19:31:18 | pretrain | step=1334, loss=0.0001
I | 05-09 19:31:18 | pretrain | step=1335, loss=0.0001
I | 05-09 19:31:18 | pretrain | step=1336, loss=0.0001
I | 05-09 19:31:18 | pretrain | step=1337, loss=0.0001
I | 05-09 19:31:18 | pretrain | step=1338, loss=0.0001
I | 05-09 19:31:18 | pretrain | step=1339, loss=0.0001
I | 05-09 19:31:18 | pretrain | step=1340, loss=0.0001
I | 05-09 19:31:18 | pretrain | step=1341, loss=0.0001
I | 05-09 19:31:18 | pretrain | step=1342, loss=0.0001
I | 05-09 19:31:18 | pretrain | step=1343, loss=0.0001
I | 05-09 19:31:18 | pretrain | step=1344, loss=0.0001
I | 05-09 19:31:18 | pretrain | step=1345, loss=0.0001
I | 05-09 19:31:18 | pretrain | step=1346, loss=0.0001
I | 05-09 19:31:18 | pretrain | step=1347, loss=0.0001
I | 05-09 19:31:18 | pretrain | step=1348, loss=0.0001
I | 05-09 19:31:18 | pretrain | step=1349, loss=0.0001
I | 05-09 19:31:18 | pretrain | step=1350, loss=0.0001
I | 05-09 19:31:19 | pretrain | step=1351, loss=0.0001
I | 05-09 19:31:19 | pretrain | step=1352, loss=0.0001
I | 05-09 19:31:19 | pretrain | step=1353, loss=0.0001
I | 05-09 19:31:19 | pretrain | step=1354, loss=0.0001
I | 05-09 19:31:19 | pretrain | step=1355, loss=0.0001
I | 05-09 19:31:19 | pretrain | step=1356, loss=0.0001
I | 05-09 19:31:19 | pretrain | step=1357, loss=0.0001
I | 05-09 19:31:19 | pretrain | step=1358, loss=0.0001
I | 05-09 19:31:19 | pretrain | step=1359, loss=0.0001
I | 05-09 19:31:19 | pretrain | step=1360, loss=0.0001
I | 05-09 19:31:19 | pretrain | step=1361, loss=0.0001
I | 05-09 19:31:19 | pretrain | step=1362, loss=0.0001
I | 05-09 19:31:19 | pretrain | step=1363, loss=0.0001
I | 05-09 19:31:19 | pretrain | step=1364, loss=0.0001
I | 05-09 19:31:19 | pretrain | step=1365, loss=0.0001
I | 05-09 19:31:19 | pretrain | step=1366, loss=0.0001
I | 05-09 19:31:19 | pretrain | step=1367, loss=0.0001
I | 05-09 19:31:19 | pretrain | step=1368, loss=0.0001
I | 05-09 19:31:19 | pretrain | step=1369, loss=0.0001
I | 05-09 19:31:19 | pretrain | step=1370, loss=0.0001
I | 05-09 19:31:19 | pretrain | step=1371, loss=0.0001
I | 05-09 19:31:19 | pretrain | step=1372, loss=0.0001
I | 05-09 19:31:19 | pretrain | step=1373, loss=0.0001
I | 05-09 19:31:20 | pretrain | step=1374, loss=0.0001
I | 05-09 19:31:20 | pretrain | step=1375, loss=0.0001
I | 05-09 19:31:20 | pretrain | step=1376, loss=0.0001
I | 05-09 19:31:20 | pretrain | step=1377, loss=0.0001
I | 05-09 19:31:20 | pretrain | step=1378, loss=0.0001
I | 05-09 19:31:20 | pretrain | step=1379, loss=0.0001
I | 05-09 19:31:20 | pretrain | step=1380, loss=0.0001
I | 05-09 19:31:20 | pretrain | step=1381, loss=0.0001
I | 05-09 19:31:20 | pretrain | step=1382, loss=0.0001
I | 05-09 19:31:20 | pretrain | step=1383, loss=0.0001
I | 05-09 19:31:20 | pretrain | step=1384, loss=0.0001
I | 05-09 19:31:20 | pretrain | step=1385, loss=0.0001
I | 05-09 19:31:20 | pretrain | step=1386, loss=0.0001
I | 05-09 19:31:20 | pretrain | step=1387, loss=0.0001
I | 05-09 19:31:20 | pretrain | step=1388, loss=0.0001
I | 05-09 19:31:20 | pretrain | step=1389, loss=0.0001
I | 05-09 19:31:20 | pretrain | step=1390, loss=0.0001
I | 05-09 19:31:20 | pretrain | step=1391, loss=0.0001
I | 05-09 19:31:20 | pretrain | step=1392, loss=0.0001
I | 05-09 19:31:20 | pretrain | step=1393, loss=0.0001
I | 05-09 19:31:20 | pretrain | step=1394, loss=0.0001
I | 05-09 19:31:20 | pretrain | step=1395, loss=0.0001
I | 05-09 19:31:20 | pretrain | step=1396, loss=0.0001
I | 05-09 19:31:20 | pretrain | step=1397, loss=0.0001
I | 05-09 19:31:21 | pretrain | step=1398, loss=0.0001
I | 05-09 19:31:21 | pretrain | step=1399, loss=0.0001
I | 05-09 19:31:21 | pretrain | step=1400, loss=0.0001
I | 05-09 19:31:21 | pretrain | step=1401, loss=0.0001
I | 05-09 19:31:21 | pretrain | step=1402, loss=0.0001
I | 05-09 19:31:21 | pretrain | step=1403, loss=0.0001
I | 05-09 19:31:21 | pretrain | step=1404, loss=0.0001
I | 05-09 19:31:21 | pretrain | step=1405, loss=0.0001
I | 05-09 19:31:21 | pretrain | step=1406, loss=0.0001
I | 05-09 19:31:21 | pretrain | step=1407, loss=0.0001
I | 05-09 19:31:21 | pretrain | step=1408, loss=0.0001
I | 05-09 19:31:21 | pretrain | step=1409, loss=0.0001
I | 05-09 19:31:21 | pretrain | step=1410, loss=0.0001
I | 05-09 19:31:21 | pretrain | step=1411, loss=0.0001
I | 05-09 19:31:21 | pretrain | step=1412, loss=0.0001
I | 05-09 19:31:21 | pretrain | step=1413, loss=0.0001
I | 05-09 19:31:21 | pretrain | step=1414, loss=0.0001
I | 05-09 19:31:21 | pretrain | step=1415, loss=0.0001
I | 05-09 19:31:21 | pretrain | step=1416, loss=0.0001
I | 05-09 19:31:21 | pretrain | step=1417, loss=0.0001
I | 05-09 19:31:21 | pretrain | step=1418, loss=0.0001
I | 05-09 19:31:21 | pretrain | step=1419, loss=0.0001
I | 05-09 19:31:21 | pretrain | step=1420, loss=0.0001
I | 05-09 19:31:22 | pretrain | step=1421, loss=0.0001
I | 05-09 19:31:22 | pretrain | step=1422, loss=0.0001
I | 05-09 19:31:22 | pretrain | step=1423, loss=0.0001
I | 05-09 19:31:22 | pretrain | step=1424, loss=0.0001
I | 05-09 19:31:22 | pretrain | step=1425, loss=0.0001
I | 05-09 19:31:22 | pretrain | step=1426, loss=0.0001
I | 05-09 19:31:22 | pretrain | step=1427, loss=0.0001
I | 05-09 19:31:22 | pretrain | step=1428, loss=0.0001
I | 05-09 19:31:22 | pretrain | step=1429, loss=0.0001
I | 05-09 19:31:22 | pretrain | step=1430, loss=0.0001
I | 05-09 19:31:22 | pretrain | step=1431, loss=0.0001
I | 05-09 19:31:22 | pretrain | step=1432, loss=0.0001
I | 05-09 19:31:22 | pretrain | step=1433, loss=0.0001
I | 05-09 19:31:22 | pretrain | step=1434, loss=0.0001
I | 05-09 19:31:22 | pretrain | step=1435, loss=0.0001
I | 05-09 19:31:22 | pretrain | step=1436, loss=0.0001
I | 05-09 19:31:22 | pretrain | step=1437, loss=0.0001
I | 05-09 19:31:22 | pretrain | step=1438, loss=0.0001
I | 05-09 19:31:22 | pretrain | step=1439, loss=0.0001
I | 05-09 19:31:22 | pretrain | step=1440, loss=0.0001
I | 05-09 19:31:22 | pretrain | step=1441, loss=0.0001
I | 05-09 19:31:22 | pretrain | step=1442, loss=0.0001
I | 05-09 19:31:22 | pretrain | step=1443, loss=0.0001
I | 05-09 19:31:23 | pretrain | step=1444, loss=0.0001
I | 05-09 19:31:23 | pretrain | step=1445, loss=0.0001
I | 05-09 19:31:23 | pretrain | step=1446, loss=0.0001
I | 05-09 19:31:23 | pretrain | step=1447, loss=0.0001
I | 05-09 19:31:23 | pretrain | step=1448, loss=0.0001
I | 05-09 19:31:23 | pretrain | step=1449, loss=0.0001
I | 05-09 19:31:23 | pretrain | step=1450, loss=0.0001
I | 05-09 19:31:23 | pretrain | step=1451, loss=0.0001
I | 05-09 19:31:23 | pretrain | step=1452, loss=0.0001
I | 05-09 19:31:23 | pretrain | step=1453, loss=0.0001
I | 05-09 19:31:23 | pretrain | step=1454, loss=0.0001
I | 05-09 19:31:23 | pretrain | step=1455, loss=0.0001
I | 05-09 19:31:23 | pretrain | step=1456, loss=0.0001
I | 05-09 19:31:23 | pretrain | step=1457, loss=0.0001
I | 05-09 19:31:23 | pretrain | step=1458, loss=0.0001
I | 05-09 19:31:23 | pretrain | step=1459, loss=0.0001
I | 05-09 19:31:23 | pretrain | step=1460, loss=0.0001
I | 05-09 19:31:23 | pretrain | step=1461, loss=0.0001
I | 05-09 19:31:23 | pretrain | step=1462, loss=0.0001
I | 05-09 19:31:23 | pretrain | step=1463, loss=0.0001
I | 05-09 19:31:23 | pretrain | step=1464, loss=0.0001
I | 05-09 19:31:23 | pretrain | step=1465, loss=0.0001
I | 05-09 19:31:23 | pretrain | step=1466, loss=0.0001
I | 05-09 19:31:24 | pretrain | step=1467, loss=0.0001
I | 05-09 19:31:24 | pretrain | step=1468, loss=0.0001
I | 05-09 19:31:24 | pretrain | step=1469, loss=0.0001
I | 05-09 19:31:24 | pretrain | step=1470, loss=0.0001
I | 05-09 19:31:24 | pretrain | step=1471, loss=0.0001
I | 05-09 19:31:24 | pretrain | step=1472, loss=0.0001
I | 05-09 19:31:24 | pretrain | step=1473, loss=0.0001
I | 05-09 19:31:24 | pretrain | step=1474, loss=0.0001
I | 05-09 19:31:24 | pretrain | step=1475, loss=0.0001
I | 05-09 19:31:24 | pretrain | step=1476, loss=0.0001
I | 05-09 19:31:24 | pretrain | step=1477, loss=0.0001
I | 05-09 19:31:24 | pretrain | step=1478, loss=0.0001
I | 05-09 19:31:24 | pretrain | step=1479, loss=0.0001
I | 05-09 19:31:24 | pretrain | step=1480, loss=0.0001
I | 05-09 19:31:24 | pretrain | step=1481, loss=0.0001
I | 05-09 19:31:24 | pretrain | step=1482, loss=0.0001
I | 05-09 19:31:24 | pretrain | step=1483, loss=0.0001
I | 05-09 19:31:24 | pretrain | step=1484, loss=0.0001
I | 05-09 19:31:24 | pretrain | step=1485, loss=0.0001
I | 05-09 19:31:24 | pretrain | step=1486, loss=0.0001
I | 05-09 19:31:24 | pretrain | step=1487, loss=0.0001
I | 05-09 19:31:24 | pretrain | step=1488, loss=0.0001
I | 05-09 19:31:24 | pretrain | step=1489, loss=0.0001
I | 05-09 19:31:25 | pretrain | step=1490, loss=0.0001
I | 05-09 19:31:25 | pretrain | step=1491, loss=0.0001
I | 05-09 19:31:25 | pretrain | step=1492, loss=0.0001
I | 05-09 19:31:25 | pretrain | step=1493, loss=0.0001
I | 05-09 19:31:25 | pretrain | step=1494, loss=0.0001
I | 05-09 19:31:25 | pretrain | step=1495, loss=0.0001
I | 05-09 19:31:25 | pretrain | step=1496, loss=0.0001
I | 05-09 19:31:25 | pretrain | step=1497, loss=0.0001
I | 05-09 19:31:25 | pretrain | step=1498, loss=0.0001
I | 05-09 19:31:25 | pretrain | step=1499, loss=0.0001
I | 05-09 19:31:25 | pretrain | step=1500, loss=0.0001
I | 05-09 19:31:25 | pretrain | step=1501, loss=0.0001
I | 05-09 19:31:25 | pretrain | step=1502, loss=0.0001
I | 05-09 19:31:25 | pretrain | step=1503, loss=0.0001
I | 05-09 19:31:25 | pretrain | step=1504, loss=0.0001
I | 05-09 19:31:25 | pretrain | step=1505, loss=0.0001
I | 05-09 19:31:25 | pretrain | step=1506, loss=0.0001
I | 05-09 19:31:25 | pretrain | step=1507, loss=0.0001
I | 05-09 19:31:25 | pretrain | step=1508, loss=0.0001
I | 05-09 19:31:25 | pretrain | step=1509, loss=0.0001
I | 05-09 19:31:25 | pretrain | step=1510, loss=0.0001
I | 05-09 19:31:25 | pretrain | step=1511, loss=0.0001
I | 05-09 19:31:25 | pretrain | step=1512, loss=0.0001
I | 05-09 19:31:26 | pretrain | step=1513, loss=0.0001
I | 05-09 19:31:26 | pretrain | step=1514, loss=0.0001
I | 05-09 19:31:26 | pretrain | step=1515, loss=0.0001
I | 05-09 19:31:26 | pretrain | step=1516, loss=0.0001
I | 05-09 19:31:26 | pretrain | step=1517, loss=0.0001
I | 05-09 19:31:26 | pretrain | step=1518, loss=0.0001
I | 05-09 19:31:26 | pretrain | step=1519, loss=0.0001
I | 05-09 19:31:26 | pretrain | step=1520, loss=0.0001
I | 05-09 19:31:26 | pretrain | step=1521, loss=0.0001
I | 05-09 19:31:26 | pretrain | step=1522, loss=0.0001
I | 05-09 19:31:26 | pretrain | step=1523, loss=0.0001
I | 05-09 19:31:26 | pretrain | step=1524, loss=0.0001
I | 05-09 19:31:26 | pretrain | step=1525, loss=0.0001
I | 05-09 19:31:26 | pretrain | step=1526, loss=0.0001
I | 05-09 19:31:26 | pretrain | step=1527, loss=0.0001
I | 05-09 19:31:26 | pretrain | step=1528, loss=0.0001
I | 05-09 19:31:26 | pretrain | step=1529, loss=0.0001
I | 05-09 19:31:26 | pretrain | step=1530, loss=0.0001
I | 05-09 19:31:26 | pretrain | step=1531, loss=0.0001
I | 05-09 19:31:26 | pretrain | step=1532, loss=0.0001
I | 05-09 19:31:26 | pretrain | step=1533, loss=0.0001
I | 05-09 19:31:26 | pretrain | step=1534, loss=0.0001
I | 05-09 19:31:26 | pretrain | step=1535, loss=0.0001
I | 05-09 19:31:27 | pretrain | step=1536, loss=0.0001
I | 05-09 19:31:27 | pretrain | step=1537, loss=0.0001
I | 05-09 19:31:27 | pretrain | step=1538, loss=0.0001
I | 05-09 19:31:27 | pretrain | step=1539, loss=0.0001
I | 05-09 19:31:27 | pretrain | step=1540, loss=0.0001
I | 05-09 19:31:27 | pretrain | step=1541, loss=0.0001
I | 05-09 19:31:27 | pretrain | step=1542, loss=0.0001
I | 05-09 19:31:27 | pretrain | step=1543, loss=0.0001
I | 05-09 19:31:27 | pretrain | step=1544, loss=0.0001
I | 05-09 19:31:27 | pretrain | step=1545, loss=0.0001
I | 05-09 19:31:27 | pretrain | step=1546, loss=0.0001
I | 05-09 19:31:27 | pretrain | step=1547, loss=0.0001
I | 05-09 19:31:27 | pretrain | step=1548, loss=0.0001
I | 05-09 19:31:27 | pretrain | step=1549, loss=0.0001
I | 05-09 19:31:27 | pretrain | step=1550, loss=0.0001
I | 05-09 19:31:27 | pretrain | step=1551, loss=0.0001
I | 05-09 19:31:27 | pretrain | step=1552, loss=0.0001
I | 05-09 19:31:27 | pretrain | step=1553, loss=0.0001
I | 05-09 19:31:27 | pretrain | step=1554, loss=0.0001
I | 05-09 19:31:27 | pretrain | step=1555, loss=0.0001
I | 05-09 19:31:27 | pretrain | step=1556, loss=0.0001
I | 05-09 19:31:27 | pretrain | step=1557, loss=0.0001
I | 05-09 19:31:27 | pretrain | step=1558, loss=0.0001
I | 05-09 19:31:28 | pretrain | step=1559, loss=0.0001
I | 05-09 19:31:28 | pretrain | step=1560, loss=0.0001
I | 05-09 19:31:28 | pretrain | step=1561, loss=0.0001
I | 05-09 19:31:28 | pretrain | step=1562, loss=0.0001
I | 05-09 19:31:28 | pretrain | step=1563, loss=0.0001
I | 05-09 19:31:28 | pretrain | step=1564, loss=0.0001
I | 05-09 19:31:28 | pretrain | step=1565, loss=0.0001
I | 05-09 19:31:28 | pretrain | step=1566, loss=0.0001
I | 05-09 19:31:28 | pretrain | step=1567, loss=0.0001
I | 05-09 19:31:28 | pretrain | step=1568, loss=0.0001
I | 05-09 19:31:28 | pretrain | step=1569, loss=0.0001
I | 05-09 19:31:28 | pretrain | step=1570, loss=0.0001
I | 05-09 19:31:28 | pretrain | step=1571, loss=0.0001
I | 05-09 19:31:28 | pretrain | step=1572, loss=0.0001
I | 05-09 19:31:28 | pretrain | step=1573, loss=0.0001
I | 05-09 19:31:28 | pretrain | step=1574, loss=0.0001
I | 05-09 19:31:28 | pretrain | step=1575, loss=0.0001
I | 05-09 19:31:28 | pretrain | step=1576, loss=0.0001
I | 05-09 19:31:28 | pretrain | step=1577, loss=0.0001
I | 05-09 19:31:28 | pretrain | step=1578, loss=0.0001
I | 05-09 19:31:28 | pretrain | step=1579, loss=0.0001
I | 05-09 19:31:28 | pretrain | step=1580, loss=0.0001
I | 05-09 19:31:28 | pretrain | step=1581, loss=0.0001
I | 05-09 19:31:29 | pretrain | step=1582, loss=0.0001
I | 05-09 19:31:29 | pretrain | step=1583, loss=0.0001
I | 05-09 19:31:29 | pretrain | step=1584, loss=0.0001
I | 05-09 19:31:29 | pretrain | step=1585, loss=0.0001
I | 05-09 19:31:29 | pretrain | step=1586, loss=0.0001
I | 05-09 19:31:29 | pretrain | step=1587, loss=0.0001
I | 05-09 19:31:29 | pretrain | step=1588, loss=0.0001
I | 05-09 19:31:29 | pretrain | step=1589, loss=0.0001
I | 05-09 19:31:29 | pretrain | step=1590, loss=0.0001
I | 05-09 19:31:29 | pretrain | step=1591, loss=0.0001
I | 05-09 19:31:29 | pretrain | step=1592, loss=0.0001
I | 05-09 19:31:29 | pretrain | step=1593, loss=0.0001
I | 05-09 19:31:29 | pretrain | step=1594, loss=0.0001
I | 05-09 19:31:29 | pretrain | step=1595, loss=0.0001
I | 05-09 19:31:29 | pretrain | step=1596, loss=0.0001
I | 05-09 19:31:29 | pretrain | step=1597, loss=0.0001
I | 05-09 19:31:29 | pretrain | step=1598, loss=0.0001
I | 05-09 19:31:29 | pretrain | step=1599, loss=0.0001
I | 05-09 19:31:29 | pretrain | step=1600, loss=0.0001
I | 05-09 19:31:29 | pretrain | step=1601, loss=0.0001
I | 05-09 19:31:29 | pretrain | step=1602, loss=0.0001
I | 05-09 19:31:29 | pretrain | step=1603, loss=0.0001
I | 05-09 19:31:29 | pretrain | step=1604, loss=0.0001
I | 05-09 19:31:30 | pretrain | step=1605, loss=0.0001
I | 05-09 19:31:30 | pretrain | step=1606, loss=0.0001
I | 05-09 19:31:30 | pretrain | step=1607, loss=0.0001
I | 05-09 19:31:30 | pretrain | step=1608, loss=0.0001
I | 05-09 19:31:30 | pretrain | step=1609, loss=0.0001
I | 05-09 19:31:30 | pretrain | step=1610, loss=0.0001
I | 05-09 19:31:30 | pretrain | step=1611, loss=0.0001
I | 05-09 19:31:30 | pretrain | step=1612, loss=0.0001
I | 05-09 19:31:30 | pretrain | step=1613, loss=0.0001
I | 05-09 19:31:30 | pretrain | step=1614, loss=0.0001
I | 05-09 19:31:30 | pretrain | step=1615, loss=0.0001
I | 05-09 19:31:30 | pretrain | step=1616, loss=0.0001
I | 05-09 19:31:30 | pretrain | step=1617, loss=0.0001
I | 05-09 19:31:30 | pretrain | step=1618, loss=0.0001
I | 05-09 19:31:30 | pretrain | step=1619, loss=0.0001
I | 05-09 19:31:30 | pretrain | step=1620, loss=0.0001
I | 05-09 19:31:30 | pretrain | step=1621, loss=0.0001
I | 05-09 19:31:30 | pretrain | step=1622, loss=0.0001
I | 05-09 19:31:30 | pretrain | step=1623, loss=0.0001
I | 05-09 19:31:30 | pretrain | step=1624, loss=0.0000
I | 05-09 19:31:30 | pretrain | step=1625, loss=0.0000
I | 05-09 19:31:30 | pretrain | step=1626, loss=0.0001
I | 05-09 19:31:30 | pretrain | step=1627, loss=0.0001
I | 05-09 19:31:31 | pretrain | step=1628, loss=0.0001
I | 05-09 19:31:31 | pretrain | step=1629, loss=0.0001
I | 05-09 19:31:31 | pretrain | step=1630, loss=0.0001
I | 05-09 19:31:31 | pretrain | step=1631, loss=0.0001
I | 05-09 19:31:31 | pretrain | step=1632, loss=0.0001
I | 05-09 19:31:31 | pretrain | step=1633, loss=0.0001
I | 05-09 19:31:31 | pretrain | step=1634, loss=0.0001
I | 05-09 19:31:31 | pretrain | step=1635, loss=0.0001
I | 05-09 19:31:31 | pretrain | step=1636, loss=0.0001
I | 05-09 19:31:31 | pretrain | step=1637, loss=0.0000
I | 05-09 19:31:31 | pretrain | step=1638, loss=0.0000
I | 05-09 19:31:31 | pretrain | step=1639, loss=0.0000
I | 05-09 19:31:31 | pretrain | step=1640, loss=0.0001
I | 05-09 19:31:31 | pretrain | step=1641, loss=0.0001
I | 05-09 19:31:31 | pretrain | step=1642, loss=0.0001
I | 05-09 19:31:31 | pretrain | step=1643, loss=0.0001
I | 05-09 19:31:31 | pretrain | step=1644, loss=0.0001
I | 05-09 19:31:31 | pretrain | step=1645, loss=0.0001
I | 05-09 19:31:31 | pretrain | step=1646, loss=0.0000
I | 05-09 19:31:31 | pretrain | step=1647, loss=0.0001
I | 05-09 19:31:31 | pretrain | step=1648, loss=0.0000
I | 05-09 19:31:31 | pretrain | step=1649, loss=0.0001
I | 05-09 19:31:31 | pretrain | step=1650, loss=0.0000
I | 05-09 19:31:32 | pretrain | step=1651, loss=0.0001
I | 05-09 19:31:32 | pretrain | step=1652, loss=0.0000
I | 05-09 19:31:32 | pretrain | step=1653, loss=0.0000
I | 05-09 19:31:32 | pretrain | step=1654, loss=0.0000
I | 05-09 19:31:32 | pretrain | step=1655, loss=0.0001
I | 05-09 19:31:32 | pretrain | step=1656, loss=0.0000
I | 05-09 19:31:32 | pretrain | step=1657, loss=0.0000
I | 05-09 19:31:32 | pretrain | step=1658, loss=0.0000
I | 05-09 19:31:32 | pretrain | step=1659, loss=0.0000
I | 05-09 19:31:32 | pretrain | step=1660, loss=0.0000
I | 05-09 19:31:32 | pretrain | step=1661, loss=0.0000
I | 05-09 19:31:32 | pretrain | step=1662, loss=0.0000
I | 05-09 19:31:32 | pretrain | step=1663, loss=0.0000
I | 05-09 19:31:32 | pretrain | step=1664, loss=0.0000
I | 05-09 19:31:32 | pretrain | step=1665, loss=0.0000
I | 05-09 19:31:32 | pretrain | step=1666, loss=0.0001
I | 05-09 19:31:32 | pretrain | step=1667, loss=0.0001
I | 05-09 19:31:32 | pretrain | step=1668, loss=0.0001
I | 05-09 19:31:32 | pretrain | step=1669, loss=0.0001
I | 05-09 19:31:32 | pretrain | step=1670, loss=0.0001
I | 05-09 19:31:32 | pretrain | step=1671, loss=0.0001
I | 05-09 19:31:32 | pretrain | step=1672, loss=0.0001
I | 05-09 19:31:32 | pretrain | step=1673, loss=0.0001
I | 05-09 19:31:32 | pretrain | step=1674, loss=0.0001
I | 05-09 19:31:33 | pretrain | step=1675, loss=0.0001
I | 05-09 19:31:33 | pretrain | step=1676, loss=0.0001
I | 05-09 19:31:33 | pretrain | step=1677, loss=0.0001
I | 05-09 19:31:33 | pretrain | step=1678, loss=0.0000
I | 05-09 19:31:33 | pretrain | step=1679, loss=0.0001
I | 05-09 19:31:33 | pretrain | step=1680, loss=0.0000
I | 05-09 19:31:33 | pretrain | step=1681, loss=0.0000
I | 05-09 19:31:33 | pretrain | step=1682, loss=0.0001
I | 05-09 19:31:33 | pretrain | step=1683, loss=0.0000
I | 05-09 19:31:33 | pretrain | step=1684, loss=0.0000
I | 05-09 19:31:33 | pretrain | step=1685, loss=0.0000
I | 05-09 19:31:33 | pretrain | step=1686, loss=0.0000
I | 05-09 19:31:33 | pretrain | step=1687, loss=0.0000
I | 05-09 19:31:33 | pretrain | step=1688, loss=0.0000
I | 05-09 19:31:33 | pretrain | step=1689, loss=0.0000
I | 05-09 19:31:33 | pretrain | step=1690, loss=0.0000
I | 05-09 19:31:33 | pretrain | step=1691, loss=0.0000
I | 05-09 19:31:33 | pretrain | step=1692, loss=0.0001
I | 05-09 19:31:33 | pretrain | step=1693, loss=0.0000
I | 05-09 19:31:33 | pretrain | step=1694, loss=0.0000
I | 05-09 19:31:33 | pretrain | step=1695, loss=0.0001
I | 05-09 19:31:33 | pretrain | step=1696, loss=0.0001
I | 05-09 19:31:33 | pretrain | step=1697, loss=0.0000
I | 05-09 19:31:34 | pretrain | step=1698, loss=0.0000
I | 05-09 19:31:34 | pretrain | step=1699, loss=0.0001
I | 05-09 19:31:34 | pretrain | step=1700, loss=0.0000
I | 05-09 19:31:34 | pretrain | step=1701, loss=0.0000
I | 05-09 19:31:34 | pretrain | step=1702, loss=0.0000
I | 05-09 19:31:34 | pretrain | step=1703, loss=0.0000
I | 05-09 19:31:34 | pretrain | step=1704, loss=0.0000
I | 05-09 19:31:34 | pretrain | step=1705, loss=0.0000
I | 05-09 19:31:34 | pretrain | step=1706, loss=0.0000
I | 05-09 19:31:34 | pretrain | step=1707, loss=0.0000
I | 05-09 19:31:34 | pretrain | step=1708, loss=0.0000
I | 05-09 19:31:34 | pretrain | step=1709, loss=0.0000
I | 05-09 19:31:34 | pretrain | step=1710, loss=0.0000
I | 05-09 19:31:34 | pretrain | step=1711, loss=0.0000
I | 05-09 19:31:34 | pretrain | step=1712, loss=0.0000
I | 05-09 19:31:34 | pretrain | step=1713, loss=0.0000
I | 05-09 19:31:34 | pretrain | step=1714, loss=0.0000
I | 05-09 19:31:34 | pretrain | step=1715, loss=0.0000
I | 05-09 19:31:34 | pretrain | step=1716, loss=0.0000
I | 05-09 19:31:34 | pretrain | step=1717, loss=0.0000
I | 05-09 19:31:34 | pretrain | step=1718, loss=0.0000
I | 05-09 19:31:34 | pretrain | step=1719, loss=0.0000
I | 05-09 19:31:34 | pretrain | step=1720, loss=0.0000
I | 05-09 19:31:35 | pretrain | step=1721, loss=0.0000
I | 05-09 19:31:35 | pretrain | step=1722, loss=0.0000
I | 05-09 19:31:35 | pretrain | step=1723, loss=0.0000
I | 05-09 19:31:35 | pretrain | step=1724, loss=0.0000
I | 05-09 19:31:35 | pretrain | step=1725, loss=0.0000
I | 05-09 19:31:35 | pretrain | step=1726, loss=0.0000
I | 05-09 19:31:35 | pretrain | step=1727, loss=0.0000
I | 05-09 19:31:35 | pretrain | step=1728, loss=0.0000
I | 05-09 19:31:35 | pretrain | step=1729, loss=0.0000
I | 05-09 19:31:35 | pretrain | step=1730, loss=0.0000
I | 05-09 19:31:35 | pretrain | step=1731, loss=0.0000
I | 05-09 19:31:35 | pretrain | step=1732, loss=0.0000
I | 05-09 19:31:35 | pretrain | step=1733, loss=0.0000
I | 05-09 19:31:35 | pretrain | step=1734, loss=0.0000
I | 05-09 19:31:35 | pretrain | step=1735, loss=0.0000
I | 05-09 19:31:35 | pretrain | step=1736, loss=0.0000
I | 05-09 19:31:35 | pretrain | step=1737, loss=0.0000
I | 05-09 19:31:35 | pretrain | step=1738, loss=0.0000
I | 05-09 19:31:35 | pretrain | step=1739, loss=0.0000
I | 05-09 19:31:35 | pretrain | step=1740, loss=0.0000
I | 05-09 19:31:35 | pretrain | step=1741, loss=0.0000
I | 05-09 19:31:35 | pretrain | step=1742, loss=0.0000
I | 05-09 19:31:35 | pretrain | step=1743, loss=0.0000
I | 05-09 19:31:36 | pretrain | step=1744, loss=0.0000
I | 05-09 19:31:36 | pretrain | step=1745, loss=0.0000
I | 05-09 19:31:36 | pretrain | step=1746, loss=0.0000
I | 05-09 19:31:36 | pretrain | step=1747, loss=0.0000
I | 05-09 19:31:36 | pretrain | step=1748, loss=0.0000
I | 05-09 19:31:36 | pretrain | step=1749, loss=0.0000
I | 05-09 19:31:36 | pretrain | step=1750, loss=0.0000
I | 05-09 19:31:36 | pretrain | step=1751, loss=0.0000
I | 05-09 19:31:36 | pretrain | step=1752, loss=0.0000
I | 05-09 19:31:36 | pretrain | step=1753, loss=0.0000
I | 05-09 19:31:36 | pretrain | step=1754, loss=0.0000
I | 05-09 19:31:36 | pretrain | step=1755, loss=0.0000
I | 05-09 19:31:36 | pretrain | step=1756, loss=0.0000
I | 05-09 19:31:36 | pretrain | step=1757, loss=0.0000
I | 05-09 19:31:36 | pretrain | step=1758, loss=0.0000
I | 05-09 19:31:36 | pretrain | step=1759, loss=0.0000
I | 05-09 19:31:36 | pretrain | step=1760, loss=0.0000
I | 05-09 19:31:36 | pretrain | step=1761, loss=0.0000
I | 05-09 19:31:36 | pretrain | step=1762, loss=0.0000
I | 05-09 19:31:36 | pretrain | step=1763, loss=0.0000
I | 05-09 19:31:36 | pretrain | step=1764, loss=0.0000
I | 05-09 19:31:36 | pretrain | step=1765, loss=0.0000
I | 05-09 19:31:36 | pretrain | step=1766, loss=0.0000
I | 05-09 19:31:37 | pretrain | step=1767, loss=0.0000
I | 05-09 19:31:37 | pretrain | step=1768, loss=0.0000
I | 05-09 19:31:37 | pretrain | step=1769, loss=0.0000
I | 05-09 19:31:37 | pretrain | step=1770, loss=0.0000
I | 05-09 19:31:37 | pretrain | step=1771, loss=0.0000
I | 05-09 19:31:37 | pretrain | step=1772, loss=0.0000
I | 05-09 19:31:37 | pretrain | step=1773, loss=0.0000
I | 05-09 19:31:37 | pretrain | step=1774, loss=0.0000
I | 05-09 19:31:37 | pretrain | step=1775, loss=0.0000
I | 05-09 19:31:37 | pretrain | step=1776, loss=0.0000
I | 05-09 19:31:37 | pretrain | step=1777, loss=0.0000
I | 05-09 19:31:37 | pretrain | step=1778, loss=0.0000
I | 05-09 19:31:37 | pretrain | step=1779, loss=0.0000
I | 05-09 19:31:37 | pretrain | step=1780, loss=0.0000
I | 05-09 19:31:37 | pretrain | step=1781, loss=0.0000
I | 05-09 19:31:37 | pretrain | step=1782, loss=0.0000
I | 05-09 19:31:37 | pretrain | step=1783, loss=0.0000
I | 05-09 19:31:37 | pretrain | step=1784, loss=0.0000
I | 05-09 19:31:37 | pretrain | step=1785, loss=0.0000
I | 05-09 19:31:37 | pretrain | step=1786, loss=0.0000
I | 05-09 19:31:37 | pretrain | step=1787, loss=0.0000
I | 05-09 19:31:37 | pretrain | step=1788, loss=0.0000
I | 05-09 19:31:37 | pretrain | step=1789, loss=0.0000
I | 05-09 19:31:38 | pretrain | step=1790, loss=0.0000
I | 05-09 19:31:38 | pretrain | step=1791, loss=0.0000
I | 05-09 19:31:38 | pretrain | step=1792, loss=0.0000
I | 05-09 19:31:38 | pretrain | step=1793, loss=0.0000
I | 05-09 19:31:38 | pretrain | step=1794, loss=0.0000
I | 05-09 19:31:38 | pretrain | step=1795, loss=0.0001
I | 05-09 19:31:38 | pretrain | step=1796, loss=0.0001
I | 05-09 19:31:38 | pretrain | step=1797, loss=0.0001
I | 05-09 19:31:38 | pretrain | step=1798, loss=0.0001
I | 05-09 19:31:38 | pretrain | step=1799, loss=0.0001
I | 05-09 19:31:38 | pretrain | step=1800, loss=0.0001
I | 05-09 19:31:38 | pretrain | step=1801, loss=0.0001
I | 05-09 19:31:38 | pretrain | step=1802, loss=0.0001
I | 05-09 19:31:38 | pretrain | step=1803, loss=0.0000
I | 05-09 19:31:38 | pretrain | step=1804, loss=0.0000
I | 05-09 19:31:38 | pretrain | step=1805, loss=0.0000
I | 05-09 19:31:38 | pretrain | step=1806, loss=0.0000
I | 05-09 19:31:38 | pretrain | step=1807, loss=0.0000
I | 05-09 19:31:38 | pretrain | step=1808, loss=0.0000
I | 05-09 19:31:38 | pretrain | step=1809, loss=0.0000
I | 05-09 19:31:38 | pretrain | step=1810, loss=0.0000
I | 05-09 19:31:38 | pretrain | step=1811, loss=0.0000
I | 05-09 19:31:38 | pretrain | step=1812, loss=0.0000
I | 05-09 19:31:39 | pretrain | step=1813, loss=0.0000
I | 05-09 19:31:39 | pretrain | step=1814, loss=0.0000
I | 05-09 19:31:39 | pretrain | step=1815, loss=0.0000
I | 05-09 19:31:39 | pretrain | step=1816, loss=0.0000
I | 05-09 19:31:39 | pretrain | step=1817, loss=0.0000
I | 05-09 19:31:39 | pretrain | step=1818, loss=0.0000
I | 05-09 19:31:39 | pretrain | step=1819, loss=0.0000
I | 05-09 19:31:39 | pretrain | step=1820, loss=0.0000
I | 05-09 19:31:39 | pretrain | step=1821, loss=0.0000
I | 05-09 19:31:39 | pretrain | step=1822, loss=0.0000
I | 05-09 19:31:39 | pretrain | step=1823, loss=0.0000
I | 05-09 19:31:39 | pretrain | step=1824, loss=0.0000
I | 05-09 19:31:39 | pretrain | step=1825, loss=0.0000
I | 05-09 19:31:39 | pretrain | step=1826, loss=0.0000
I | 05-09 19:31:39 | pretrain | step=1827, loss=0.0000
I | 05-09 19:31:39 | pretrain | step=1828, loss=0.0000
I | 05-09 19:31:39 | pretrain | step=1829, loss=0.0000
I | 05-09 19:31:39 | pretrain | step=1830, loss=0.0000
I | 05-09 19:31:39 | pretrain | step=1831, loss=0.0000
I | 05-09 19:31:39 | pretrain | step=1832, loss=0.0000
I | 05-09 19:31:39 | pretrain | step=1833, loss=0.0000
I | 05-09 19:31:39 | pretrain | step=1834, loss=0.0000
I | 05-09 19:31:39 | pretrain | step=1835, loss=0.0000
I | 05-09 19:31:40 | pretrain | step=1836, loss=0.0000
I | 05-09 19:31:40 | pretrain | step=1837, loss=0.0000
I | 05-09 19:31:40 | pretrain | step=1838, loss=0.0000
I | 05-09 19:31:40 | pretrain | step=1839, loss=0.0000
I | 05-09 19:31:40 | pretrain | step=1840, loss=0.0000
I | 05-09 19:31:40 | pretrain | step=1841, loss=0.0000
I | 05-09 19:31:40 | pretrain | step=1842, loss=0.0000
I | 05-09 19:31:40 | pretrain | step=1843, loss=0.0000
I | 05-09 19:31:40 | pretrain | step=1844, loss=0.0000
I | 05-09 19:31:40 | pretrain | step=1845, loss=0.0000
I | 05-09 19:31:40 | pretrain | step=1846, loss=0.0000
I | 05-09 19:31:40 | pretrain | step=1847, loss=0.0000
I | 05-09 19:31:40 | pretrain | step=1848, loss=0.0000
I | 05-09 19:31:40 | pretrain | step=1849, loss=0.0000
I | 05-09 19:31:40 | pretrain | step=1850, loss=0.0000
I | 05-09 19:31:40 | pretrain | step=1851, loss=0.0000
I | 05-09 19:31:40 | pretrain | step=1852, loss=0.0000
I | 05-09 19:31:40 | pretrain | step=1853, loss=0.0000
I | 05-09 19:31:40 | pretrain | step=1854, loss=0.0000
I | 05-09 19:31:40 | pretrain | step=1855, loss=0.0000
I | 05-09 19:31:40 | pretrain | step=1856, loss=0.0000
I | 05-09 19:31:40 | pretrain | step=1857, loss=0.0000
I | 05-09 19:31:40 | pretrain | step=1858, loss=0.0000
I | 05-09 19:31:41 | pretrain | step=1859, loss=0.0000
I | 05-09 19:31:41 | pretrain | step=1860, loss=0.0000
I | 05-09 19:31:41 | pretrain | step=1861, loss=0.0000
I | 05-09 19:31:41 | pretrain | step=1862, loss=0.0000
I | 05-09 19:31:41 | pretrain | step=1863, loss=0.0000
I | 05-09 19:31:41 | pretrain | step=1864, loss=0.0000
I | 05-09 19:31:41 | pretrain | step=1865, loss=0.0000
I | 05-09 19:31:41 | pretrain | step=1866, loss=0.0000
I | 05-09 19:31:41 | pretrain | step=1867, loss=0.0000
I | 05-09 19:31:41 | pretrain | step=1868, loss=0.0000
I | 05-09 19:31:41 | pretrain | step=1869, loss=0.0000
I | 05-09 19:31:41 | pretrain | step=1870, loss=0.0000
I | 05-09 19:31:41 | pretrain | step=1871, loss=0.0000
I | 05-09 19:31:41 | pretrain | step=1872, loss=0.0000
I | 05-09 19:31:41 | pretrain | step=1873, loss=0.0000
I | 05-09 19:31:41 | pretrain | step=1874, loss=0.0000
I | 05-09 19:31:41 | pretrain | step=1875, loss=0.0000
I | 05-09 19:31:41 | pretrain | step=1876, loss=0.0000
I | 05-09 19:31:41 | pretrain | step=1877, loss=0.0000
I | 05-09 19:31:41 | pretrain | step=1878, loss=0.0000
I | 05-09 19:31:41 | pretrain | step=1879, loss=0.0000
I | 05-09 19:31:41 | pretrain | step=1880, loss=0.0000
I | 05-09 19:31:41 | pretrain | step=1881, loss=0.0000
I | 05-09 19:31:41 | pretrain | step=1882, loss=0.0000
I | 05-09 19:31:42 | pretrain | step=1883, loss=0.0000
I | 05-09 19:31:42 | pretrain | step=1884, loss=0.0000
I | 05-09 19:31:42 | pretrain | step=1885, loss=0.0000
I | 05-09 19:31:42 | pretrain | step=1886, loss=0.0000
I | 05-09 19:31:42 | pretrain | step=1887, loss=0.0000
I | 05-09 19:31:42 | pretrain | step=1888, loss=0.0000
I | 05-09 19:31:42 | pretrain | step=1889, loss=0.0000
I | 05-09 19:31:42 | pretrain | step=1890, loss=0.0000
I | 05-09 19:31:42 | pretrain | step=1891, loss=0.0000
I | 05-09 19:31:42 | pretrain | step=1892, loss=0.0000
I | 05-09 19:31:42 | pretrain | step=1893, loss=0.0000
I | 05-09 19:31:42 | pretrain | step=1894, loss=0.0000
I | 05-09 19:31:42 | pretrain | step=1895, loss=0.0000
I | 05-09 19:31:42 | pretrain | step=1896, loss=0.0000
I | 05-09 19:31:42 | pretrain | step=1897, loss=0.0000
I | 05-09 19:31:42 | pretrain | step=1898, loss=0.0000
I | 05-09 19:31:42 | pretrain | step=1899, loss=0.0000
I | 05-09 19:31:42 | pretrain | step=1900, loss=0.0000
I | 05-09 19:31:42 | pretrain | step=1901, loss=0.0000
I | 05-09 19:31:42 | pretrain | step=1902, loss=0.0000
I | 05-09 19:31:42 | pretrain | step=1903, loss=0.0000
I | 05-09 19:31:42 | pretrain | step=1904, loss=0.0000
I | 05-09 19:31:42 | pretrain | step=1905, loss=0.0000
I | 05-09 19:31:43 | pretrain | step=1906, loss=0.0000
I | 05-09 19:31:43 | pretrain | step=1907, loss=0.0000
I | 05-09 19:31:43 | pretrain | step=1908, loss=0.0000
I | 05-09 19:31:43 | pretrain | step=1909, loss=0.0000
I | 05-09 19:31:43 | pretrain | step=1910, loss=0.0000
I | 05-09 19:31:43 | pretrain | step=1911, loss=0.0000
I | 05-09 19:31:43 | pretrain | step=1912, loss=0.0000
I | 05-09 19:31:43 | pretrain | step=1913, loss=0.0000
I | 05-09 19:31:43 | pretrain | step=1914, loss=0.0000
I | 05-09 19:31:43 | pretrain | step=1915, loss=0.0000
I | 05-09 19:31:43 | pretrain | step=1916, loss=0.0000
I | 05-09 19:31:43 | pretrain | step=1917, loss=0.0000
I | 05-09 19:31:43 | pretrain | step=1918, loss=0.0000
I | 05-09 19:31:43 | pretrain | step=1919, loss=0.0000
I | 05-09 19:31:43 | pretrain | step=1920, loss=0.0000
I | 05-09 19:31:43 | pretrain | step=1921, loss=0.0000
I | 05-09 19:31:43 | pretrain | step=1922, loss=0.0000
I | 05-09 19:31:43 | pretrain | step=1923, loss=0.0000
I | 05-09 19:31:43 | pretrain | step=1924, loss=0.0000
I | 05-09 19:31:43 | pretrain | step=1925, loss=0.0000
I | 05-09 19:31:43 | pretrain | step=1926, loss=0.0000
I | 05-09 19:31:43 | pretrain | step=1927, loss=0.0000
I | 05-09 19:31:43 | pretrain | step=1928, loss=0.0000
I | 05-09 19:31:44 | pretrain | step=1929, loss=0.0000
I | 05-09 19:31:44 | pretrain | step=1930, loss=0.0000
I | 05-09 19:31:44 | pretrain | step=1931, loss=0.0000
I | 05-09 19:31:44 | pretrain | step=1932, loss=0.0000
I | 05-09 19:31:44 | pretrain | step=1933, loss=0.0000
I | 05-09 19:31:44 | pretrain | step=1934, loss=0.0000
I | 05-09 19:31:44 | pretrain | step=1935, loss=0.0000
I | 05-09 19:31:44 | pretrain | step=1936, loss=0.0001
I | 05-09 19:31:44 | pretrain | step=1937, loss=0.0001
I | 05-09 19:31:44 | pretrain | step=1938, loss=0.0001
I | 05-09 19:31:44 | pretrain | step=1939, loss=0.0001
I | 05-09 19:31:44 | pretrain | step=1940, loss=0.0001
I | 05-09 19:31:44 | pretrain | step=1941, loss=0.0000
I | 05-09 19:31:44 | pretrain | step=1942, loss=0.0000
I | 05-09 19:31:44 | pretrain | step=1943, loss=0.0000
I | 05-09 19:31:44 | pretrain | step=1944, loss=0.0000
I | 05-09 19:31:44 | pretrain | step=1945, loss=0.0000
I | 05-09 19:31:44 | pretrain | step=1946, loss=0.0000
I | 05-09 19:31:44 | pretrain | step=1947, loss=0.0000
I | 05-09 19:31:44 | pretrain | step=1948, loss=0.0000
I | 05-09 19:31:44 | pretrain | step=1949, loss=0.0000
I | 05-09 19:31:44 | pretrain | step=1950, loss=0.0000
I | 05-09 19:31:44 | pretrain | step=1951, loss=0.0000
I | 05-09 19:31:45 | pretrain | step=1952, loss=0.0000
I | 05-09 19:31:45 | pretrain | step=1953, loss=0.0000
I | 05-09 19:31:45 | pretrain | step=1954, loss=0.0000
I | 05-09 19:31:45 | pretrain | step=1955, loss=0.0000
I | 05-09 19:31:45 | pretrain | step=1956, loss=0.0000
I | 05-09 19:31:45 | pretrain | step=1957, loss=0.0000
I | 05-09 19:31:45 | pretrain | step=1958, loss=0.0000
I | 05-09 19:31:45 | pretrain | step=1959, loss=0.0000
I | 05-09 19:31:45 | pretrain | step=1960, loss=0.0000
I | 05-09 19:31:45 | pretrain | step=1961, loss=0.0000
I | 05-09 19:31:45 | pretrain | step=1962, loss=0.0000
I | 05-09 19:31:45 | pretrain | step=1963, loss=0.0000
I | 05-09 19:31:45 | pretrain | step=1964, loss=0.0000
I | 05-09 19:31:45 | pretrain | step=1965, loss=0.0000
I | 05-09 19:31:45 | pretrain | step=1966, loss=0.0000
I | 05-09 19:31:45 | pretrain | step=1967, loss=0.0000
I | 05-09 19:31:45 | pretrain | step=1968, loss=0.0000
I | 05-09 19:31:45 | pretrain | step=1969, loss=0.0000
I | 05-09 19:31:45 | pretrain | step=1970, loss=0.0000
I | 05-09 19:31:45 | pretrain | step=1971, loss=0.0000
I | 05-09 19:31:45 | pretrain | step=1972, loss=0.0000
I | 05-09 19:31:45 | pretrain | step=1973, loss=0.0000
I | 05-09 19:31:45 | pretrain | step=1974, loss=0.0000
I | 05-09 19:31:46 | pretrain | step=1975, loss=0.0000
I | 05-09 19:31:46 | pretrain | step=1976, loss=0.0000
I | 05-09 19:31:46 | pretrain | step=1977, loss=0.0000
I | 05-09 19:31:46 | pretrain | step=1978, loss=0.0000
I | 05-09 19:31:46 | pretrain | step=1979, loss=0.0000
I | 05-09 19:31:46 | pretrain | step=1980, loss=0.0000
I | 05-09 19:31:46 | pretrain | step=1981, loss=0.0000
I | 05-09 19:31:46 | pretrain | step=1982, loss=0.0000
I | 05-09 19:31:46 | pretrain | step=1983, loss=0.0000
I | 05-09 19:31:46 | pretrain | step=1984, loss=0.0000
I | 05-09 19:31:46 | pretrain | step=1985, loss=0.0000
I | 05-09 19:31:46 | pretrain | step=1986, loss=0.0000
I | 05-09 19:31:46 | pretrain | step=1987, loss=0.0000
I | 05-09 19:31:46 | pretrain | step=1988, loss=0.0000
I | 05-09 19:31:46 | pretrain | step=1989, loss=0.0000
I | 05-09 19:31:46 | pretrain | step=1990, loss=0.0000
I | 05-09 19:31:46 | pretrain | step=1991, loss=0.0000
I | 05-09 19:31:46 | pretrain | step=1992, loss=0.0000
I | 05-09 19:31:46 | pretrain | step=1993, loss=0.0000
I | 05-09 19:31:46 | pretrain | step=1994, loss=0.0000
I | 05-09 19:31:46 | pretrain | step=1995, loss=0.0000
I | 05-09 19:31:46 | pretrain | step=1996, loss=0.0000
I | 05-09 19:31:46 | pretrain | step=1997, loss=0.0000
I | 05-09 19:31:47 | pretrain | step=1998, loss=0.0000
I | 05-09 19:31:47 | pretrain | step=1999, loss=0.0000
I | 05-09 19:31:47 |checkpoint| Saving checkpoint /rds/user/jc2405/hpc-work/JaQMC/jaqmc/runs/h_chain_1.8/pretrain_ckpt_001999.npz
I | 05-09 19:31:47 | pretrain | Done 2000 pretrain steps.
I | 05-09 19:31:47 | pretrain | Time per step: 0.043s
I | 05-09 19:31:48 |  jaqmc   | Setting Ewald alpha to 1.388889
I | 05-09 19:31:52 |   absl   | ==================================================
I | 05-09 19:31:52 |   absl   | Graph parameter registrations:
I | 05-09 19:31:52 |   absl   | {'params': {'backbone_layer': {'Dense_0': {'bias': 'Auto[tag_variant=repeated_dense(0)|match_type=repeated[1]_flax_dense_with_bias]',
I | 05-09 19:31:52 |   absl   |                                            'kernel': 'Auto[tag_variant=repeated_dense(0)|match_type=repeated[1]_flax_dense_with_bias]'},
I | 05-09 19:31:52 |   absl   |                                'Dense_1': {'bias': 'Auto[tag_variant=repeated_dense(1)|match_type=repeated[2]_flax_dense_with_bias]',
I | 05-09 19:31:52 |   absl   |                                            'kernel': 'Auto[tag_variant=repeated_dense(1)|match_type=repeated[2]_flax_dense_with_bias]'},
I | 05-09 19:31:52 |   absl   |                                'Dense_2': {'bias': 'Auto[tag_variant=repeated_dense(2)|match_type=repeated[1]_flax_dense_with_bias]',
I | 05-09 19:31:52 |   absl   |                                            'kernel': 'Auto[tag_variant=repeated_dense(2)|match_type=repeated[1]_flax_dense_with_bias]'},
I | 05-09 19:31:52 |   absl   |                                'Dense_3': {'bias': 'Auto[tag_variant=repeated_dense(3)|match_type=repeated[2]_flax_dense_with_bias]',
I | 05-09 19:31:52 |   absl   |                                            'kernel': 'Auto[tag_variant=repeated_dense(3)|match_type=repeated[2]_flax_dense_with_bias]'},
I | 05-09 19:31:52 |   absl   |                                'Dense_4': {'bias': 'Auto[tag_variant=repeated_dense(4)|match_type=repeated[1]_flax_dense_with_bias]',
I | 05-09 19:31:52 |   absl   |                                            'kernel': 'Auto[tag_variant=repeated_dense(4)|match_type=repeated[1]_flax_dense_with_bias]'},
I | 05-09 19:31:52 |   absl   |                                'Dense_5': {'bias': 'Auto[tag_variant=repeated_dense(5)|match_type=repeated[2]_flax_dense_with_bias]',
I | 05-09 19:31:52 |   absl   |                                            'kernel': 'Auto[tag_variant=repeated_dense(5)|match_type=repeated[2]_flax_dense_with_bias]'},
I | 05-09 19:31:52 |   absl   |                                'Dense_6': {'bias': 'Auto[tag_variant=repeated_dense(6)|match_type=repeated[1]_flax_dense_with_bias]',
I | 05-09 19:31:52 |   absl   |                                            'kernel': 'Auto[tag_variant=repeated_dense(6)|match_type=repeated[1]_flax_dense_with_bias]'}},
I | 05-09 19:31:52 |   absl   |             'envelope_layer': {'_env_down': {'pi': 'Auto[tag_variant=scale_and_shift(3)|match_type=scale_only_broadcast_1]',
I | 05-09 19:31:52 |   absl   |                                              'sigma': 'Auto[tag_variant=scale_and_shift(2)|match_type=scale_only_broadcast_1]'},
I | 05-09 19:31:52 |   absl   |                                '_env_up': {'pi': 'Auto[tag_variant=scale_and_shift(1)|match_type=scale_only_broadcast_1]',
I | 05-09 19:31:52 |   absl   |                                            'sigma': 'Auto[tag_variant=scale_and_shift(0)|match_type=scale_only_broadcast_1]'}},
I | 05-09 19:31:52 |   absl   |             'imag_orbital_layer': {'SplitChannelDense_0': {'DenseGeneral_0': {'kernel': 'Auto[tag_variant=repeated_dense(9)|match_type=repeated[1]_flax_dense_no_bias]'},
I | 05-09 19:31:52 |   absl   |                                                            'DenseGeneral_1': {'kernel': 'Auto[tag_variant=repeated_dense(10)|match_type=repeated[1]_flax_dense_no_bias]'}}},
I | 05-09 19:31:52 |   absl   |             'real_orbital_layer': {'SplitChannelDense_0': {'DenseGeneral_0': {'kernel': 'Auto[tag_variant=repeated_dense(7)|match_type=repeated[1]_flax_dense_no_bias]'},
I | 05-09 19:31:52 |   absl   |                                                            'DenseGeneral_1': {'kernel': 'Auto[tag_variant=repeated_dense(8)|match_type=repeated[1]_flax_dense_no_bias]'}}}}}
I | 05-09 19:31:52 |   absl   | ==================================================
I | 05-09 19:31:52 |   absl   | Graph registered losses:
I | 05-09 19:31:52 |   absl   | NormalMeanNegativeLogProbLoss(mean=Var(id=22828335294080):complex64[4096,1], variance=Literal(0.5), weight=Literal(1.0), normalize_log_prob=Literal(True))
I | 05-09 19:31:52 |   absl   | ==================================================
I | 05-09 19:31:52 |   absl   | BlockDiagonalCurvature blocks:
I | 05-09 19:31:52 |   absl   | RepeatedDenseBlock(parameter_specs=['ab -> (a)(b)', 'a -> ()(a)'], parameters_concat_axis=0), tag name: Auto[tag_variant=repeated_dense(0)|match_type=repeated[1]_flax_dense_with_bias], params shapes: ((32, 256), (256,))
I | 05-09 19:31:52 |   absl   | RepeatedDenseBlock(parameter_specs=['ab -> (a)(b)', 'a -> ()(a)'], parameters_concat_axis=0), tag name: Auto[tag_variant=repeated_dense(1)|match_type=repeated[2]_flax_dense_with_bias], params shapes: ((4, 32), (32,))
I | 05-09 19:31:52 |   absl   | RepeatedDenseBlock(parameter_specs=['ab -> (a)(b)', 'a -> ()(a)'], parameters_concat_axis=0), tag name: Auto[tag_variant=repeated_dense(2)|match_type=repeated[1]_flax_dense_with_bias], params shapes: ((832, 256), (256,))
I | 05-09 19:31:52 |   absl   | RepeatedDenseBlock(parameter_specs=['ab -> (a)(b)', 'a -> ()(a)'], parameters_concat_axis=0), tag name: Auto[tag_variant=repeated_dense(3)|match_type=repeated[2]_flax_dense_with_bias], params shapes: ((32, 32), (32,))
I | 05-09 19:31:52 |   absl   | RepeatedDenseBlock(parameter_specs=['ab -> (a)(b)', 'a -> ()(a)'], parameters_concat_axis=0), tag name: Auto[tag_variant=repeated_dense(4)|match_type=repeated[1]_flax_dense_with_bias], params shapes: ((832, 256), (256,))
I | 05-09 19:31:52 |   absl   | RepeatedDenseBlock(parameter_specs=['ab -> (a)(b)', 'a -> ()(a)'], parameters_concat_axis=0), tag name: Auto[tag_variant=repeated_dense(5)|match_type=repeated[2]_flax_dense_with_bias], params shapes: ((32, 32), (32,))
I | 05-09 19:31:52 |   absl   | RepeatedDenseBlock(parameter_specs=['ab -> (a)(b)', 'a -> ()(a)'], parameters_concat_axis=0), tag name: Auto[tag_variant=repeated_dense(6)|match_type=repeated[1]_flax_dense_with_bias], params shapes: ((832, 256), (256,))
I | 05-09 19:31:52 |   absl   | ScaleAndShiftDiagonal, tag name: Auto[tag_variant=scale_and_shift(3)|match_type=scale_only_broadcast_1], params shapes: ((2, 2, 16),)
I | 05-09 19:31:52 |   absl   | ScaleAndShiftDiagonal, tag name: Auto[tag_variant=scale_and_shift(2)|match_type=scale_only_broadcast_1], params shapes: ((2, 2, 16),)
I | 05-09 19:31:52 |   absl   | ScaleAndShiftDiagonal, tag name: Auto[tag_variant=scale_and_shift(1)|match_type=scale_only_broadcast_1], params shapes: ((2, 2, 16),)
I | 05-09 19:31:52 |   absl   | ScaleAndShiftDiagonal, tag name: Auto[tag_variant=scale_and_shift(0)|match_type=scale_only_broadcast_1], params shapes: ((2, 2, 16),)
I | 05-09 19:31:52 |   absl   | RepeatedDenseBlock(parameter_specs=['abc -> (a)(bc)'], parameters_concat_axis=0), tag name: Auto[tag_variant=repeated_dense(9)|match_type=repeated[1]_flax_dense_no_bias], params shapes: ((256, 16, 2),)
I | 05-09 19:31:52 |   absl   | RepeatedDenseBlock(parameter_specs=['abc -> (a)(bc)'], parameters_concat_axis=0), tag name: Auto[tag_variant=repeated_dense(10)|match_type=repeated[1]_flax_dense_no_bias], params shapes: ((256, 16, 2),)
I | 05-09 19:31:52 |   absl   | RepeatedDenseBlock(parameter_specs=['abc -> (a)(bc)'], parameters_concat_axis=0), tag name: Auto[tag_variant=repeated_dense(7)|match_type=repeated[1]_flax_dense_no_bias], params shapes: ((256, 16, 2),)
I | 05-09 19:31:52 |   absl   | RepeatedDenseBlock(parameter_specs=['abc -> (a)(bc)'], parameters_concat_axis=0), tag name: Auto[tag_variant=repeated_dense(8)|match_type=repeated[1]_flax_dense_no_bias], params shapes: ((256, 16, 2),)
I | 05-09 19:31:52 |   absl   | ==================================================
I | 05-09 19:31:53 |  train   | Start 200000 train steps.
W | 05-09 19:31:53 |  train   | Disabling check_vma (incompatible with KFAC).
I | 05-09 19:31:53 |  jaqmc   | Start burn in 100 steps.
I | 05-09 19:31:57 |  jaqmc   | Burn in 100 steps complete.
ERROR:[folx](/rds/user/jc2405/hpc-work/JaQMC/jaqmc/src/jaqmc/estimator/kinetic/euclidean.py:126:53 (EuclideanKinetic._evaluate_forward_laplacian.<locals>.log_psi_closure)) - Error in operation reshape.
Traceback (most recent call last):
  File "/rds/user/jc2405/hpc-work/JaQMC/jaqmc/.venv/bin/jaqmc", line 10, in <module>
    sys.exit(cli())
             ^^^^^
  File "/rds/user/jc2405/hpc-work/JaQMC/jaqmc/.venv/lib/python3.12/site-packages/click/core.py", line 1485, in __call__
    return self.main(*args, **kwargs)
           ^^^^^^^^^^^^^^^^^^^^^^^^^^
  File "/rds/user/jc2405/hpc-work/JaQMC/jaqmc/.venv/lib/python3.12/site-packages/click/core.py", line 1406, in main
    rv = self.invoke(ctx)
         ^^^^^^^^^^^^^^^^
  File "/rds/user/jc2405/hpc-work/JaQMC/jaqmc/.venv/lib/python3.12/site-packages/click/core.py", line 1873, in invoke
    return _process_result(sub_ctx.command.invoke(sub_ctx))
                           ^^^^^^^^^^^^^^^^^^^^^^^^^^^^^^^
  File "/rds/user/jc2405/hpc-work/JaQMC/jaqmc/.venv/lib/python3.12/site-packages/click/core.py", line 1873, in invoke
    return _process_result(sub_ctx.command.invoke(sub_ctx))
                           ^^^^^^^^^^^^^^^^^^^^^^^^^^^^^^^
  File "/rds/user/jc2405/hpc-work/JaQMC/jaqmc/.venv/lib/python3.12/site-packages/click/core.py", line 1269, in invoke
    return ctx.invoke(self.callback, **ctx.params)
           ^^^^^^^^^^^^^^^^^^^^^^^^^^^^^^^^^^^^^^^
  File "/rds/user/jc2405/hpc-work/JaQMC/jaqmc/.venv/lib/python3.12/site-packages/click/core.py", line 824, in invoke
    return callback(*args, **kwargs)
           ^^^^^^^^^^^^^^^^^^^^^^^^^
  File "/rds/user/jc2405/hpc-work/JaQMC/jaqmc/src/jaqmc/utils/cli.py", line 39, in command
    workflow(cfg, dry_run=dry_run)
  File "/rds/user/jc2405/hpc-work/JaQMC/jaqmc/src/jaqmc/app/cli.py", line 95, in solid_train
    SolidTrainWorkflow(cfg)(dry_run)
  File "/rds/user/jc2405/hpc-work/JaQMC/jaqmc/src/jaqmc/workflow/base.py", line 127, in __call__
    self.run()
  File "/rds/user/jc2405/hpc-work/JaQMC/jaqmc/src/jaqmc/app/solid/workflow.py", line 99, in run
    super().run()
  File "/rds/user/jc2405/hpc-work/JaQMC/jaqmc/src/jaqmc/workflow/vmc.py", line 125, in run
    train_state = self.train_stage.run(train_state, context, run_rngs)
                  ^^^^^^^^^^^^^^^^^^^^^^^^^^^^^^^^^^^^^^^^^^^^^^^^^^^^
  File "/rds/user/jc2405/hpc-work/JaQMC/jaqmc/src/jaqmc/workflow/stage/base.py", line 156, in run
    for step, state in self.loop(state, initial_step, rngs):
                       ^^^^^^^^^^^^^^^^^^^^^^^^^^^^^^^^^^^^
  File "/rds/user/jc2405/hpc-work/JaQMC/jaqmc/src/jaqmc/workflow/stage/vmc.py", line 313, in loop
    stats, state = compute(state, sub_rngs)
                   ^^^^^^^^^^^^^^^^^^^^^^^^
  File "/rds/user/jc2405/hpc-work/JaQMC/jaqmc/src/jaqmc/workflow/stage/vmc.py", line 242, in compute_step
    step_stats, estimator_state = self.estimators.evaluate(
                                  ^^^^^^^^^^^^^^^^^^^^^^^^^
  File "/rds/user/jc2405/hpc-work/JaQMC/jaqmc/src/jaqmc/estimator/base.py", line 354, in evaluate
    stats_parts, state[name] = estimator.evaluate_batch_walkers(
                               ^^^^^^^^^^^^^^^^^^^^^^^^^^^^^^^^^
  File "/rds/user/jc2405/hpc-work/JaQMC/jaqmc/src/jaqmc/estimator/base.py", line 266, in evaluate_batch_walkers
    return chunked_vmap(
           ^^^^^^^^^^^^^
  File "/rds/user/jc2405/hpc-work/JaQMC/jaqmc/src/jaqmc/utils/chunked_vmap.py", line 39, in wrapped
    return _chunked_vmap_wrapped(fun, in_axes, out_axes, chunk_size, *args)
           ^^^^^^^^^^^^^^^^^^^^^^^^^^^^^^^^^^^^^^^^^^^^^^^^^^^^^^^^^^^^^^^^
  File "/rds/user/jc2405/hpc-work/JaQMC/jaqmc/src/jaqmc/utils/chunked_vmap.py", line 66, in _chunked_vmap_wrapped
    return jax.vmap(fun, in_axes=in_axes, out_axes=out_axes)(*args)
           ^^^^^^^^^^^^^^^^^^^^^^^^^^^^^^^^^^^^^^^^^^^^^^^^^^^^^^^^
  File "/rds/user/jc2405/hpc-work/JaQMC/jaqmc/src/jaqmc/estimator/kinetic/euclidean.py", line 81, in evaluate_single_walker
    return self._evaluate_forward_laplacian(params, data, state)
           ^^^^^^^^^^^^^^^^^^^^^^^^^^^^^^^^^^^^^^^^^^^^^^^^^^^^^
  File "/rds/user/jc2405/hpc-work/JaQMC/jaqmc/src/jaqmc/estimator/kinetic/euclidean.py", line 132, in _evaluate_forward_laplacian
    fwd_result = log_psi_folx(flatten_positions)
                 ^^^^^^^^^^^^^^^^^^^^^^^^^^^^^^^
  File "/rds/user/jc2405/hpc-work/JaQMC/jaqmc/.venv/lib/python3.12/site-packages/folx/interpreter.py", line 309, in wrapped
    out = eval_jaxpr_with_forward_laplacian(
          ^^^^^^^^^^^^^^^^^^^^^^^^^^^^^^^^^^
  File "/rds/user/jc2405/hpc-work/JaQMC/jaqmc/.venv/lib/python3.12/site-packages/folx/interpreter.py", line 226, in eval_jaxpr_with_forward_laplacian
    raise e
  File "/rds/user/jc2405/hpc-work/JaQMC/jaqmc/.venv/lib/python3.12/site-packages/folx/interpreter.py", line 222, in eval_jaxpr_with_forward_laplacian
    outvals = eval_laplacian(eqn, invals)
^^^^^^^
  File "/rds/user/jc2405/hpc-work/JaQMC/jaqmc/.venv/lib/python3.12/site-packages/folx/interpreter.py", line 180, in eval_laplacian
    subfuns, params = eqn.primitive.get_bind_params(eqn.params)
    ^^^^^^^^^^^^^^^
ValueError: too many values to unpack (expected 2)
--------------------
For simplicity, JAX has removed its internal frames from the traceback of the following exception. Set JAX_TRACEBACK_FILTERING=off to include these.
