Loading rhel8/default-amp
  Loading requirement: rhel8/slurm singularity/current rhel8/global cuda/11.4
    libpciaccess/0.16/gcc-9.4.0-6fonbj6 libiconv/1.16/gcc-9.4.0-ahebbov
    libxml2/2.9.12/gcc-9.4.0-gnknt5e ncurses/6.2/gcc-9.4.0-aiirok7
    hwloc/2.5.0/gcc-9.4.0-7sqomga libevent/2.1.12/gcc-9.4.0-hgny7cm
    numactl/2.0.14/gcc-9.4.0-52dwc6n cuda/11.4.0/gcc-9.4.0-3hnxhjt
    gdrcopy/2.2/gcc-9.4.0-e4igtfp knem/1.1.4/gcc-9.4.0-bpbxgva
    libnl/3.3.0/gcc-9.4.0-whwhrwb rdma-core/34.0/gcc-9.4.0-5eo5n2u
    ucx/1.11.1/gcc-9.4.0-lktqyl4 openmpi/4.1.1/gcc-9.4.0-epagguv
Changed directory to /rds/user/jc2405/hpc-work/JaQMC/jaqmc.

JobID: 30505417
======
Time: Sun Jun 14 11:49:10 BST 2026
Running on master node: gpu-q-5
Current directory: /rds/user/jc2405/hpc-work/JaQMC/jaqmc

Nodes allocated:
================
gpu-q-5

numtasks=1, numnodes=1, mpi_tasks_per_node=1 (OMP_NUM_THREADS=1)

Executing command:
==================
jaqmc solid train   --yml /rds/user/jc2405/hpc-work/JaQMC/jaqmc/configs/sc_h_chain.yml   workflow.save_path=/rds/user/jc2405/hpc-work/JaQMC/jaqmc/runs/sc_h_chain_3.78_spin_6_6   pretrain.run.iterations=1000 train.run.iterations=10000

I | 06-14 11:49:52 | runtime  | Initialize a local runtime.
I | 06-14 11:51:11 |   jax    | Unable to initialize backend 'tpu': INTERNAL: Failed to open libtpu.so: libtpu.so: cannot open shared object file: No such file or directory
I | 06-14 11:51:27 |  jaqmc   | ECP enabled for elements: ['Sc']
I | 06-14 11:51:27 |  config  | Resolved configurations:
# Defined in /rds/user/jc2405/hpc-work/JaQMC/jaqmc/src/jaqmc/utils/runtime.py:18
logging:
  level: info
  stream: stderr
# Defined in /rds/user/jc2405/hpc-work/JaQMC/jaqmc/src/jaqmc/utils/runtime.py:63
jax:
  enable_x64: false
  debug_infs: false
  debug_nans: false
  disable_jit: false
  default_matmul_precision: float32
# Defined in /rds/user/jc2405/hpc-work/JaQMC/jaqmc/src/jaqmc/utils/runtime.py:103
distributed:
  coordinator_address: null
  num_processes: 1
  process_id: 0
  initialization_timeout: 300
  wait_second_before_connect: 10.0
# Defined in /rds/user/jc2405/hpc-work/JaQMC/jaqmc/src/jaqmc/workflow/base.py:42
workflow:
  seed: null
  batch_size: 4096
  save_path: /rds/user/jc2405/hpc-work/JaQMC/jaqmc/runs/sc_h_chain_3.78_spin_6_6
  restore_path: /rds/user/jc2405/hpc-work/JaQMC/jaqmc/runs/sc_h_chain_3.78_spin_6_6
  config:
    ignore_extra: false
    verbose: false
# Defined in /rds/user/jc2405/hpc-work/JaQMC/jaqmc/src/jaqmc/app/solid/config/base.py:15
system:
  module: jaqmc.app.solid.config.base
  atoms:
  - symbol: Sc
    coords: [0.0, 0.0, 0.0]
    atomic_number: 21
    charge: 11.0
  - symbol: H
    coords: [3.78, 0.0, 0.0]
    atomic_number: 1
    charge: 1.0
  basis:
    Sc: ccecpccpvdz
    H: cc-pvdz
  ecp:
    Sc: ccecp
  electron_spins: [6, 6]
  fixed_spins_per_atom: null
  electron_init_width: 1.0
  lattice_vectors:
  - [7.56, 0.0, 0.0]
  - [0.0, 100.0, 0.0]
  - [0.0, 0.0, 100.0]
  supercell_matrix:
  - [1, 0, 0]
  - [0, 1, 0]
  - [0, 0, 1]
  twist: [0.0, 0.0, 0.0]
# Defined in /rds/user/jc2405/hpc-work/JaQMC/jaqmc/src/jaqmc/app/solid/wavefunction.py:23
wf:
  module: jaqmc.app.solid.wavefunction
  hidden_dims_single: [256, 256, 256, 256]
  hidden_dims_double: [32, 32, 32, 32]
  ndets: 16
  distance_type: nu
  envelope_type: abs_isotropic
  sym_type: minimal
  orbitals_spin_split: true
  full_det: true
# Defined in /rds/user/jc2405/hpc-work/JaQMC/jaqmc/src/jaqmc/sampler/mcmc.py:57
sampler:
  steps: 10
  initial_width: 0.1
  adapt_frequency: 100
  pmove_range: [0.5, 0.55]
pretrain:
  # Defined in /rds/user/jc2405/hpc-work/JaQMC/jaqmc/src/jaqmc/workflow/stage/vmc.py:30
  run:
    check_vma: true
    iterations: 1000
    burn_in: 100
    save_time_interval: 600
    save_step_interval: 1000
    stop_on_nan: loss
  # Defined in /rds/user/jc2405/hpc-work/JaQMC/jaqmc/src/jaqmc/workflow/stage/vmc.py:77
  optim:
    module: jaqmc.optimizer.optax:adam
    learning_rate:
      module: jaqmc.optimizer.schedule:Standard
      rate: 0.0003
      delay: 2000.0
      decay: 1.0
    b1: 0.9
    b2: 0.999
    eps: 1.0e-08
    eps_root: 0.0
  writers:
    # Defined in /rds/user/jc2405/hpc-work/JaQMC/jaqmc/src/jaqmc/writer/console.py:75
    console:
      module: jaqmc.writer.console:ConsoleWriter
      interval: 1
      fields: loss
    # Defined in /rds/user/jc2405/hpc-work/JaQMC/jaqmc/src/jaqmc/writer/hdf5.py:28
    hdf5:
      module: jaqmc.writer.hdf5:HDF5Writer
      path_template: '{stage}_stats.h5'
    # Defined in /rds/user/jc2405/hpc-work/JaQMC/jaqmc/src/jaqmc/writer/csv.py:21
    csv:
      module: jaqmc.writer.csv:CSVWriter
      path_template: '{stage}_stats.csv'
train:
  # Defined in /rds/user/jc2405/hpc-work/JaQMC/jaqmc/src/jaqmc/workflow/stage/vmc.py:30
  run:
    check_vma: true
    iterations: 10000
    burn_in: 100
    save_time_interval: 600
    save_step_interval: 1000
    stop_on_nan: loss
  # Defined in /rds/user/jc2405/hpc-work/JaQMC/jaqmc/src/jaqmc/workflow/stage/vmc.py:77
  optim:
    module: jaqmc.optimizer.kfac:KFACOptimizer
    learning_rate:
      module: jaqmc.optimizer.schedule:Standard
      rate: 0.05
      delay: 2000.0
      decay: 1.0
    norm_constraint: 0.001
    curvature_ema: 0.95
    l2_reg: 0.0
    inverse_update_period: 1
    damping: 0.001
  # Defined in /rds/user/jc2405/hpc-work/JaQMC/jaqmc/src/jaqmc/estimator/loss_grad.py:24
  grads:
    vmap_chunk_size: null
    loss_key: total_energy
    clip_scale: 5.0
  writers:
    # Defined in /rds/user/jc2405/hpc-work/JaQMC/jaqmc/src/jaqmc/writer/console.py:75
    console:
      module: jaqmc.writer.console:ConsoleWriter
      interval: 1
      fields: pmove:.2f,energy=total_energy:.4f,variance=total_energy_var:.4f
    # Defined in /rds/user/jc2405/hpc-work/JaQMC/jaqmc/src/jaqmc/writer/hdf5.py:28
    hdf5:
      module: jaqmc.writer.hdf5:HDF5Writer
      path_template: '{stage}_stats.h5'
    # Defined in /rds/user/jc2405/hpc-work/JaQMC/jaqmc/src/jaqmc/writer/csv.py:21
    csv:
      module: jaqmc.writer.csv:CSVWriter
      path_template: '{stage}_stats.csv'
estimators:
  energy:
    # Defined in /rds/user/jc2405/hpc-work/JaQMC/jaqmc/src/jaqmc/estimator/kinetic/euclidean.py:28
    kinetic:
      vmap_chunk_size: null
      mode: forward_laplacian
      sparsity_threshold: 0
    # Defined in /rds/user/jc2405/hpc-work/JaQMC/jaqmc/src/jaqmc/estimator/ecp/estimator.py:32
    ecp:
      vmap_chunk_size: null
      max_core: 2
      quadrature_id: null
      electrons_field: electrons
      atoms_field: atoms
  enabled:
    spin: false
    density: false
I | 06-14 11:51:27 | workflow | Starting QMC with 4 local XLA devices across 1 processes.
I | 06-14 11:51:27 |  jaqmc   | Start KRHF

WARN: Even tempered Gaussians are generated as DF auxbasis for  Sc

converged SCF energy = -46.7672081027666
I | 06-14 12:05:36 |  jaqmc   | Complete KRHF
I | 06-14 12:05:51 | pretrain | Start 1000 pretrain steps.
I | 06-14 12:05:52 |  jaqmc   | Start burn in 100 steps.
I | 06-14 12:06:01 |  jaqmc   | Burn in 100 steps complete.
I | 06-14 12:06:13 | pretrain | step=0, loss=0.0548
I | 06-14 12:06:14 | pretrain | step=1, loss=0.0273
I | 06-14 12:06:14 | pretrain | step=2, loss=0.0167
I | 06-14 12:06:14 | pretrain | step=3, loss=0.0135
I | 06-14 12:06:14 | pretrain | step=4, loss=0.0125
I | 06-14 12:06:14 | pretrain | step=5, loss=0.0115
I | 06-14 12:06:14 | pretrain | step=6, loss=0.0104
I | 06-14 12:06:14 | pretrain | step=7, loss=0.0093
I | 06-14 12:06:14 | pretrain | step=8, loss=0.0083
I | 06-14 12:06:14 | pretrain | step=9, loss=0.0075
I | 06-14 12:06:14 | pretrain | step=10, loss=0.0070
I | 06-14 12:06:14 | pretrain | step=11, loss=0.0065
I | 06-14 12:06:14 | pretrain | step=12, loss=0.0061
I | 06-14 12:06:14 | pretrain | step=13, loss=0.0058
I | 06-14 12:06:14 | pretrain | step=14, loss=0.0055
I | 06-14 12:06:14 | pretrain | step=15, loss=0.0052
I | 06-14 12:06:14 | pretrain | step=16, loss=0.0050
I | 06-14 12:06:15 | pretrain | step=17, loss=0.0048
I | 06-14 12:06:15 | pretrain | step=18, loss=0.0046
I | 06-14 12:06:15 | pretrain | step=19, loss=0.0044
I | 06-14 12:06:15 | pretrain | step=20, loss=0.0042
I | 06-14 12:06:15 | pretrain | step=21, loss=0.0041
I | 06-14 12:06:15 | pretrain | step=22, loss=0.0039
I | 06-14 12:06:15 | pretrain | step=23, loss=0.0038
I | 06-14 12:06:15 | pretrain | step=24, loss=0.0037
I | 06-14 12:06:15 | pretrain | step=25, loss=0.0036
I | 06-14 12:06:15 | pretrain | step=26, loss=0.0035
I | 06-14 12:06:15 | pretrain | step=27, loss=0.0034
I | 06-14 12:06:15 | pretrain | step=28, loss=0.0033
I | 06-14 12:06:15 | pretrain | step=29, loss=0.0032
I | 06-14 12:06:15 | pretrain | step=30, loss=0.0031
I | 06-14 12:06:15 | pretrain | step=31, loss=0.0031
I | 06-14 12:06:15 | pretrain | step=32, loss=0.0030
I | 06-14 12:06:16 | pretrain | step=33, loss=0.0029
I | 06-14 12:06:16 | pretrain | step=34, loss=0.0029
I | 06-14 12:06:16 | pretrain | step=35, loss=0.0028
I | 06-14 12:06:16 | pretrain | step=36, loss=0.0028
I | 06-14 12:06:16 | pretrain | step=37, loss=0.0027
I | 06-14 12:06:16 | pretrain | step=38, loss=0.0027
I | 06-14 12:06:16 | pretrain | step=39, loss=0.0027
I | 06-14 12:06:16 | pretrain | step=40, loss=0.0026
I | 06-14 12:06:16 | pretrain | step=41, loss=0.0026
I | 06-14 12:06:16 | pretrain | step=42, loss=0.0026
I | 06-14 12:06:16 | pretrain | step=43, loss=0.0025
I | 06-14 12:06:16 | pretrain | step=44, loss=0.0025
I | 06-14 12:06:16 | pretrain | step=45, loss=0.0024
I | 06-14 12:06:16 | pretrain | step=46, loss=0.0024
I | 06-14 12:06:16 | pretrain | step=47, loss=0.0024
I | 06-14 12:06:16 | pretrain | step=48, loss=0.0024
I | 06-14 12:06:16 | pretrain | step=49, loss=0.0023
I | 06-14 12:06:17 | pretrain | step=50, loss=0.0023
I | 06-14 12:06:17 | pretrain | step=51, loss=0.0023
I | 06-14 12:06:17 | pretrain | step=52, loss=0.0023
I | 06-14 12:06:17 | pretrain | step=53, loss=0.0022
I | 06-14 12:06:17 | pretrain | step=54, loss=0.0022
I | 06-14 12:06:17 | pretrain | step=55, loss=0.0022
I | 06-14 12:06:17 | pretrain | step=56, loss=0.0022
I | 06-14 12:06:17 | pretrain | step=57, loss=0.0022
I | 06-14 12:06:17 | pretrain | step=58, loss=0.0022
I | 06-14 12:06:17 | pretrain | step=59, loss=0.0021
I | 06-14 12:06:17 | pretrain | step=60, loss=0.0021
I | 06-14 12:06:17 | pretrain | step=61, loss=0.0021
I | 06-14 12:06:17 | pretrain | step=62, loss=0.0021
I | 06-14 12:06:17 | pretrain | step=63, loss=0.0021
I | 06-14 12:06:17 | pretrain | step=64, loss=0.0021
I | 06-14 12:06:17 | pretrain | step=65, loss=0.0020
I | 06-14 12:06:18 | pretrain | step=66, loss=0.0021
I | 06-14 12:06:18 | pretrain | step=67, loss=0.0020
I | 06-14 12:06:18 | pretrain | step=68, loss=0.0020
I | 06-14 12:06:18 | pretrain | step=69, loss=0.0020
I | 06-14 12:06:18 | pretrain | step=70, loss=0.0020
I | 06-14 12:06:18 | pretrain | step=71, loss=0.0020
I | 06-14 12:06:18 | pretrain | step=72, loss=0.0020
I | 06-14 12:06:18 | pretrain | step=73, loss=0.0020
I | 06-14 12:06:18 | pretrain | step=74, loss=0.0019
I | 06-14 12:06:18 | pretrain | step=75, loss=0.0019
I | 06-14 12:06:18 | pretrain | step=76, loss=0.0019
I | 06-14 12:06:18 | pretrain | step=77, loss=0.0019
I | 06-14 12:06:18 | pretrain | step=78, loss=0.0019
I | 06-14 12:06:18 | pretrain | step=79, loss=0.0019
I | 06-14 12:06:18 | pretrain | step=80, loss=0.0019
I | 06-14 12:06:18 | pretrain | step=81, loss=0.0019
I | 06-14 12:06:18 | pretrain | step=82, loss=0.0019
I | 06-14 12:06:19 | pretrain | step=83, loss=0.0019
I | 06-14 12:06:19 | pretrain | step=84, loss=0.0019
I | 06-14 12:06:19 | pretrain | step=85, loss=0.0019
I | 06-14 12:06:19 | pretrain | step=86, loss=0.0019
I | 06-14 12:06:19 | pretrain | step=87, loss=0.0019
I | 06-14 12:06:19 | pretrain | step=88, loss=0.0019
I | 06-14 12:06:19 | pretrain | step=89, loss=0.0019
I | 06-14 12:06:19 | pretrain | step=90, loss=0.0019
I | 06-14 12:06:19 | pretrain | step=91, loss=0.0018
I | 06-14 12:06:19 | pretrain | step=92, loss=0.0018
I | 06-14 12:06:19 | pretrain | step=93, loss=0.0018
I | 06-14 12:06:19 | pretrain | step=94, loss=0.0018
I | 06-14 12:06:19 | pretrain | step=95, loss=0.0018
I | 06-14 12:06:19 | pretrain | step=96, loss=0.0018
I | 06-14 12:06:19 | pretrain | step=97, loss=0.0018
I | 06-14 12:06:19 | pretrain | step=98, loss=0.0018
I | 06-14 12:06:20 | pretrain | step=99, loss=0.0018
I | 06-14 12:06:20 | pretrain | step=100, loss=0.0018
I | 06-14 12:06:20 | pretrain | step=101, loss=0.0018
I | 06-14 12:06:20 | pretrain | step=102, loss=0.0018
I | 06-14 12:06:20 | pretrain | step=103, loss=0.0017
I | 06-14 12:06:20 | pretrain | step=104, loss=0.0017
I | 06-14 12:06:20 | pretrain | step=105, loss=0.0017
I | 06-14 12:06:20 | pretrain | step=106, loss=0.0017
I | 06-14 12:06:20 | pretrain | step=107, loss=0.0017
I | 06-14 12:06:20 | pretrain | step=108, loss=0.0017
I | 06-14 12:06:20 | pretrain | step=109, loss=0.0017
I | 06-14 12:06:20 | pretrain | step=110, loss=0.0017
I | 06-14 12:06:20 | pretrain | step=111, loss=0.0017
I | 06-14 12:06:20 | pretrain | step=112, loss=0.0017
I | 06-14 12:06:20 | pretrain | step=113, loss=0.0017
I | 06-14 12:06:20 | pretrain | step=114, loss=0.0017
I | 06-14 12:06:20 | pretrain | step=115, loss=0.0017
I | 06-14 12:06:21 | pretrain | step=116, loss=0.0017
I | 06-14 12:06:21 | pretrain | step=117, loss=0.0017
I | 06-14 12:06:21 | pretrain | step=118, loss=0.0017
I | 06-14 12:06:21 | pretrain | step=119, loss=0.0017
I | 06-14 12:06:21 | pretrain | step=120, loss=0.0017
I | 06-14 12:06:21 | pretrain | step=121, loss=0.0017
I | 06-14 12:06:21 | pretrain | step=122, loss=0.0016
I | 06-14 12:06:21 | pretrain | step=123, loss=0.0017
I | 06-14 12:06:21 | pretrain | step=124, loss=0.0016
I | 06-14 12:06:21 | pretrain | step=125, loss=0.0016
I | 06-14 12:06:21 | pretrain | step=126, loss=0.0016
I | 06-14 12:06:21 | pretrain | step=127, loss=0.0016
I | 06-14 12:06:21 | pretrain | step=128, loss=0.0016
I | 06-14 12:06:21 | pretrain | step=129, loss=0.0016
I | 06-14 12:06:21 | pretrain | step=130, loss=0.0016
I | 06-14 12:06:21 | pretrain | step=131, loss=0.0016
I | 06-14 12:06:22 | pretrain | step=132, loss=0.0016
I | 06-14 12:06:22 | pretrain | step=133, loss=0.0016
I | 06-14 12:06:22 | pretrain | step=134, loss=0.0016
I | 06-14 12:06:22 | pretrain | step=135, loss=0.0016
I | 06-14 12:06:22 | pretrain | step=136, loss=0.0016
I | 06-14 12:06:22 | pretrain | step=137, loss=0.0016
I | 06-14 12:06:22 | pretrain | step=138, loss=0.0016
I | 06-14 12:06:22 | pretrain | step=139, loss=0.0016
I | 06-14 12:06:22 | pretrain | step=140, loss=0.0016
I | 06-14 12:06:22 | pretrain | step=141, loss=0.0016
I | 06-14 12:06:22 | pretrain | step=142, loss=0.0016
I | 06-14 12:06:22 | pretrain | step=143, loss=0.0016
I | 06-14 12:06:22 | pretrain | step=144, loss=0.0015
I | 06-14 12:06:22 | pretrain | step=145, loss=0.0016
I | 06-14 12:06:22 | pretrain | step=146, loss=0.0016
I | 06-14 12:06:22 | pretrain | step=147, loss=0.0016
I | 06-14 12:06:22 | pretrain | step=148, loss=0.0015
I | 06-14 12:06:23 | pretrain | step=149, loss=0.0016
I | 06-14 12:06:23 | pretrain | step=150, loss=0.0015
I | 06-14 12:06:23 | pretrain | step=151, loss=0.0016
I | 06-14 12:06:23 | pretrain | step=152, loss=0.0015
I | 06-14 12:06:23 | pretrain | step=153, loss=0.0015
I | 06-14 12:06:23 | pretrain | step=154, loss=0.0016
I | 06-14 12:06:23 | pretrain | step=155, loss=0.0015
I | 06-14 12:06:23 | pretrain | step=156, loss=0.0015
I | 06-14 12:06:23 | pretrain | step=157, loss=0.0015
I | 06-14 12:06:23 | pretrain | step=158, loss=0.0015
I | 06-14 12:06:23 | pretrain | step=159, loss=0.0015
I | 06-14 12:06:23 | pretrain | step=160, loss=0.0015
I | 06-14 12:06:23 | pretrain | step=161, loss=0.0015
I | 06-14 12:06:23 | pretrain | step=162, loss=0.0015
I | 06-14 12:06:23 | pretrain | step=163, loss=0.0015
I | 06-14 12:06:23 | pretrain | step=164, loss=0.0015
I | 06-14 12:06:23 | pretrain | step=165, loss=0.0015
I | 06-14 12:06:24 | pretrain | step=166, loss=0.0015
I | 06-14 12:06:24 | pretrain | step=167, loss=0.0015
I | 06-14 12:06:24 | pretrain | step=168, loss=0.0015
I | 06-14 12:06:24 | pretrain | step=169, loss=0.0015
I | 06-14 12:06:24 | pretrain | step=170, loss=0.0015
I | 06-14 12:06:24 | pretrain | step=171, loss=0.0015
I | 06-14 12:06:24 | pretrain | step=172, loss=0.0015
I | 06-14 12:06:24 | pretrain | step=173, loss=0.0015
I | 06-14 12:06:24 | pretrain | step=174, loss=0.0015
I | 06-14 12:06:24 | pretrain | step=175, loss=0.0015
I | 06-14 12:06:24 | pretrain | step=176, loss=0.0015
I | 06-14 12:06:24 | pretrain | step=177, loss=0.0015
I | 06-14 12:06:24 | pretrain | step=178, loss=0.0015
I | 06-14 12:06:24 | pretrain | step=179, loss=0.0015
I | 06-14 12:06:24 | pretrain | step=180, loss=0.0015
I | 06-14 12:06:24 | pretrain | step=181, loss=0.0015
I | 06-14 12:06:25 | pretrain | step=182, loss=0.0015
I | 06-14 12:06:25 | pretrain | step=183, loss=0.0015
I | 06-14 12:06:25 | pretrain | step=184, loss=0.0015
I | 06-14 12:06:25 | pretrain | step=185, loss=0.0014
I | 06-14 12:06:25 | pretrain | step=186, loss=0.0015
I | 06-14 12:06:25 | pretrain | step=187, loss=0.0014
I | 06-14 12:06:25 | pretrain | step=188, loss=0.0015
I | 06-14 12:06:25 | pretrain | step=189, loss=0.0015
I | 06-14 12:06:25 | pretrain | step=190, loss=0.0015
I | 06-14 12:06:25 | pretrain | step=191, loss=0.0015
I | 06-14 12:06:25 | pretrain | step=192, loss=0.0015
I | 06-14 12:06:25 | pretrain | step=193, loss=0.0015
I | 06-14 12:06:25 | pretrain | step=194, loss=0.0015
I | 06-14 12:06:25 | pretrain | step=195, loss=0.0015
I | 06-14 12:06:25 | pretrain | step=196, loss=0.0015
I | 06-14 12:06:25 | pretrain | step=197, loss=0.0015
I | 06-14 12:06:25 | pretrain | step=198, loss=0.0015
I | 06-14 12:06:26 | pretrain | step=199, loss=0.0015
I | 06-14 12:06:26 | pretrain | step=200, loss=0.0015
I | 06-14 12:06:26 | pretrain | step=201, loss=0.0015
I | 06-14 12:06:26 | pretrain | step=202, loss=0.0015
I | 06-14 12:06:26 | pretrain | step=203, loss=0.0015
I | 06-14 12:06:26 | pretrain | step=204, loss=0.0014
I | 06-14 12:06:26 | pretrain | step=205, loss=0.0014
I | 06-14 12:06:26 | pretrain | step=206, loss=0.0015
I | 06-14 12:06:26 | pretrain | step=207, loss=0.0014
I | 06-14 12:06:26 | pretrain | step=208, loss=0.0015
I | 06-14 12:06:26 | pretrain | step=209, loss=0.0015
I | 06-14 12:06:26 | pretrain | step=210, loss=0.0015
I | 06-14 12:06:26 | pretrain | step=211, loss=0.0014
I | 06-14 12:06:26 | pretrain | step=212, loss=0.0014
I | 06-14 12:06:26 | pretrain | step=213, loss=0.0014
I | 06-14 12:06:26 | pretrain | step=214, loss=0.0015
I | 06-14 12:06:27 | pretrain | step=215, loss=0.0015
I | 06-14 12:06:27 | pretrain | step=216, loss=0.0014
I | 06-14 12:06:27 | pretrain | step=217, loss=0.0015
I | 06-14 12:06:27 | pretrain | step=218, loss=0.0014
I | 06-14 12:06:27 | pretrain | step=219, loss=0.0014
I | 06-14 12:06:27 | pretrain | step=220, loss=0.0014
I | 06-14 12:06:27 | pretrain | step=221, loss=0.0014
I | 06-14 12:06:27 | pretrain | step=222, loss=0.0014
I | 06-14 12:06:27 | pretrain | step=223, loss=0.0014
I | 06-14 12:06:27 | pretrain | step=224, loss=0.0014
I | 06-14 12:06:27 | pretrain | step=225, loss=0.0014
I | 06-14 12:06:27 | pretrain | step=226, loss=0.0014
I | 06-14 12:06:27 | pretrain | step=227, loss=0.0014
I | 06-14 12:06:27 | pretrain | step=228, loss=0.0015
I | 06-14 12:06:27 | pretrain | step=229, loss=0.0014
I | 06-14 12:06:27 | pretrain | step=230, loss=0.0014
I | 06-14 12:06:27 | pretrain | step=231, loss=0.0014
I | 06-14 12:06:28 | pretrain | step=232, loss=0.0014
I | 06-14 12:06:28 | pretrain | step=233, loss=0.0014
I | 06-14 12:06:28 | pretrain | step=234, loss=0.0015
I | 06-14 12:06:28 | pretrain | step=235, loss=0.0014
I | 06-14 12:06:28 | pretrain | step=236, loss=0.0015
I | 06-14 12:06:28 | pretrain | step=237, loss=0.0015
I | 06-14 12:06:28 | pretrain | step=238, loss=0.0015
I | 06-14 12:06:28 | pretrain | step=239, loss=0.0015
I | 06-14 12:06:28 | pretrain | step=240, loss=0.0015
I | 06-14 12:06:28 | pretrain | step=241, loss=0.0015
I | 06-14 12:06:28 | pretrain | step=242, loss=0.0015
I | 06-14 12:06:28 | pretrain | step=243, loss=0.0014
I | 06-14 12:06:28 | pretrain | step=244, loss=0.0015
I | 06-14 12:06:28 | pretrain | step=245, loss=0.0014
I | 06-14 12:06:28 | pretrain | step=246, loss=0.0014
I | 06-14 12:06:28 | pretrain | step=247, loss=0.0014
I | 06-14 12:06:29 | pretrain | step=248, loss=0.0014
I | 06-14 12:06:29 | pretrain | step=249, loss=0.0014
I | 06-14 12:06:29 | pretrain | step=250, loss=0.0014
I | 06-14 12:06:29 | pretrain | step=251, loss=0.0014
I | 06-14 12:06:29 | pretrain | step=252, loss=0.0014
I | 06-14 12:06:29 | pretrain | step=253, loss=0.0014
I | 06-14 12:06:29 | pretrain | step=254, loss=0.0014
I | 06-14 12:06:29 | pretrain | step=255, loss=0.0014
I | 06-14 12:06:29 | pretrain | step=256, loss=0.0014
I | 06-14 12:06:29 | pretrain | step=257, loss=0.0014
I | 06-14 12:06:29 | pretrain | step=258, loss=0.0014
I | 06-14 12:06:29 | pretrain | step=259, loss=0.0014
I | 06-14 12:06:29 | pretrain | step=260, loss=0.0014
I | 06-14 12:06:29 | pretrain | step=261, loss=0.0014
I | 06-14 12:06:29 | pretrain | step=262, loss=0.0014
I | 06-14 12:06:29 | pretrain | step=263, loss=0.0014
I | 06-14 12:06:29 | pretrain | step=264, loss=0.0014
I | 06-14 12:06:30 | pretrain | step=265, loss=0.0014
I | 06-14 12:06:30 | pretrain | step=266, loss=0.0014
I | 06-14 12:06:30 | pretrain | step=267, loss=0.0014
I | 06-14 12:06:30 | pretrain | step=268, loss=0.0014
I | 06-14 12:06:30 | pretrain | step=269, loss=0.0014
I | 06-14 12:06:30 | pretrain | step=270, loss=0.0014
I | 06-14 12:06:30 | pretrain | step=271, loss=0.0014
I | 06-14 12:06:30 | pretrain | step=272, loss=0.0014
I | 06-14 12:06:30 | pretrain | step=273, loss=0.0014
I | 06-14 12:06:30 | pretrain | step=274, loss=0.0014
I | 06-14 12:06:30 | pretrain | step=275, loss=0.0014
I | 06-14 12:06:30 | pretrain | step=276, loss=0.0014
I | 06-14 12:06:30 | pretrain | step=277, loss=0.0014
I | 06-14 12:06:30 | pretrain | step=278, loss=0.0014
I | 06-14 12:06:30 | pretrain | step=279, loss=0.0014
I | 06-14 12:06:30 | pretrain | step=280, loss=0.0014
I | 06-14 12:06:31 | pretrain | step=281, loss=0.0014
I | 06-14 12:06:31 | pretrain | step=282, loss=0.0014
I | 06-14 12:06:31 | pretrain | step=283, loss=0.0014
I | 06-14 12:06:31 | pretrain | step=284, loss=0.0014
I | 06-14 12:06:31 | pretrain | step=285, loss=0.0014
I | 06-14 12:06:31 | pretrain | step=286, loss=0.0014
I | 06-14 12:06:31 | pretrain | step=287, loss=0.0014
I | 06-14 12:06:31 | pretrain | step=288, loss=0.0014
I | 06-14 12:06:31 | pretrain | step=289, loss=0.0015
I | 06-14 12:06:31 | pretrain | step=290, loss=0.0014
I | 06-14 12:06:31 | pretrain | step=291, loss=0.0014
I | 06-14 12:06:31 | pretrain | step=292, loss=0.0014
I | 06-14 12:06:31 | pretrain | step=293, loss=0.0014
I | 06-14 12:06:31 | pretrain | step=294, loss=0.0014
I | 06-14 12:06:31 | pretrain | step=295, loss=0.0014
I | 06-14 12:06:31 | pretrain | step=296, loss=0.0014
I | 06-14 12:06:31 | pretrain | step=297, loss=0.0014
I | 06-14 12:06:32 | pretrain | step=298, loss=0.0014
I | 06-14 12:06:32 | pretrain | step=299, loss=0.0014
I | 06-14 12:06:32 | pretrain | step=300, loss=0.0014
I | 06-14 12:06:32 | pretrain | step=301, loss=0.0014
I | 06-14 12:06:32 | pretrain | step=302, loss=0.0014
I | 06-14 12:06:32 | pretrain | step=303, loss=0.0014
I | 06-14 12:06:32 | pretrain | step=304, loss=0.0014
I | 06-14 12:06:32 | pretrain | step=305, loss=0.0014
I | 06-14 12:06:32 | pretrain | step=306, loss=0.0014
I | 06-14 12:06:32 | pretrain | step=307, loss=0.0014
I | 06-14 12:06:32 | pretrain | step=308, loss=0.0014
I | 06-14 12:06:32 | pretrain | step=309, loss=0.0014
I | 06-14 12:06:32 | pretrain | step=310, loss=0.0014
I | 06-14 12:06:32 | pretrain | step=311, loss=0.0014
I | 06-14 12:06:32 | pretrain | step=312, loss=0.0014
I | 06-14 12:06:32 | pretrain | step=313, loss=0.0014
I | 06-14 12:06:33 | pretrain | step=314, loss=0.0013
I | 06-14 12:06:33 | pretrain | step=315, loss=0.0014
I | 06-14 12:06:33 | pretrain | step=316, loss=0.0014
I | 06-14 12:06:33 | pretrain | step=317, loss=0.0014
I | 06-14 12:06:33 | pretrain | step=318, loss=0.0014
I | 06-14 12:06:33 | pretrain | step=319, loss=0.0014
I | 06-14 12:06:33 | pretrain | step=320, loss=0.0014
I | 06-14 12:06:33 | pretrain | step=321, loss=0.0014
I | 06-14 12:06:33 | pretrain | step=322, loss=0.0014
I | 06-14 12:06:33 | pretrain | step=323, loss=0.0014
I | 06-14 12:06:33 | pretrain | step=324, loss=0.0014
I | 06-14 12:06:33 | pretrain | step=325, loss=0.0014
I | 06-14 12:06:33 | pretrain | step=326, loss=0.0014
I | 06-14 12:06:33 | pretrain | step=327, loss=0.0014
I | 06-14 12:06:33 | pretrain | step=328, loss=0.0014
I | 06-14 12:06:33 | pretrain | step=329, loss=0.0014
I | 06-14 12:06:33 | pretrain | step=330, loss=0.0014
I | 06-14 12:06:34 | pretrain | step=331, loss=0.0014
I | 06-14 12:06:34 | pretrain | step=332, loss=0.0014
I | 06-14 12:06:34 | pretrain | step=333, loss=0.0014
I | 06-14 12:06:34 | pretrain | step=334, loss=0.0014
I | 06-14 12:06:34 | pretrain | step=335, loss=0.0014
I | 06-14 12:06:34 | pretrain | step=336, loss=0.0014
I | 06-14 12:06:34 | pretrain | step=337, loss=0.0014
I | 06-14 12:06:34 | pretrain | step=338, loss=0.0014
I | 06-14 12:06:34 | pretrain | step=339, loss=0.0014
I | 06-14 12:06:34 | pretrain | step=340, loss=0.0014
I | 06-14 12:06:34 | pretrain | step=341, loss=0.0014
I | 06-14 12:06:34 | pretrain | step=342, loss=0.0014
I | 06-14 12:06:34 | pretrain | step=343, loss=0.0014
I | 06-14 12:06:34 | pretrain | step=344, loss=0.0014
I | 06-14 12:06:34 | pretrain | step=345, loss=0.0014
I | 06-14 12:06:34 | pretrain | step=346, loss=0.0014
I | 06-14 12:06:34 | pretrain | step=347, loss=0.0014
I | 06-14 12:06:35 | pretrain | step=348, loss=0.0014
I | 06-14 12:06:35 | pretrain | step=349, loss=0.0014
I | 06-14 12:06:35 | pretrain | step=350, loss=0.0013
I | 06-14 12:06:35 | pretrain | step=351, loss=0.0014
I | 06-14 12:06:35 | pretrain | step=352, loss=0.0014
I | 06-14 12:06:35 | pretrain | step=353, loss=0.0014
I | 06-14 12:06:35 | pretrain | step=354, loss=0.0014
I | 06-14 12:06:35 | pretrain | step=355, loss=0.0014
I | 06-14 12:06:35 | pretrain | step=356, loss=0.0014
I | 06-14 12:06:35 | pretrain | step=357, loss=0.0013
I | 06-14 12:06:35 | pretrain | step=358, loss=0.0013
I | 06-14 12:06:35 | pretrain | step=359, loss=0.0013
I | 06-14 12:06:35 | pretrain | step=360, loss=0.0013
I | 06-14 12:06:35 | pretrain | step=361, loss=0.0013
I | 06-14 12:06:35 | pretrain | step=362, loss=0.0013
I | 06-14 12:06:35 | pretrain | step=363, loss=0.0013
I | 06-14 12:06:36 | pretrain | step=364, loss=0.0013
I | 06-14 12:06:36 | pretrain | step=365, loss=0.0013
I | 06-14 12:06:36 | pretrain | step=366, loss=0.0013
I | 06-14 12:06:36 | pretrain | step=367, loss=0.0013
I | 06-14 12:06:36 | pretrain | step=368, loss=0.0013
I | 06-14 12:06:36 | pretrain | step=369, loss=0.0013
I | 06-14 12:06:36 | pretrain | step=370, loss=0.0013
I | 06-14 12:06:36 | pretrain | step=371, loss=0.0013
I | 06-14 12:06:36 | pretrain | step=372, loss=0.0013
I | 06-14 12:06:36 | pretrain | step=373, loss=0.0013
I | 06-14 12:06:36 | pretrain | step=374, loss=0.0013
I | 06-14 12:06:36 | pretrain | step=375, loss=0.0013
I | 06-14 12:06:36 | pretrain | step=376, loss=0.0013
I | 06-14 12:06:36 | pretrain | step=377, loss=0.0013
I | 06-14 12:06:36 | pretrain | step=378, loss=0.0013
I | 06-14 12:06:36 | pretrain | step=379, loss=0.0013
I | 06-14 12:06:36 | pretrain | step=380, loss=0.0013
I | 06-14 12:06:37 | pretrain | step=381, loss=0.0013
I | 06-14 12:06:37 | pretrain | step=382, loss=0.0013
I | 06-14 12:06:37 | pretrain | step=383, loss=0.0013
I | 06-14 12:06:37 | pretrain | step=384, loss=0.0013
I | 06-14 12:06:37 | pretrain | step=385, loss=0.0013
I | 06-14 12:06:37 | pretrain | step=386, loss=0.0013
I | 06-14 12:06:37 | pretrain | step=387, loss=0.0013
I | 06-14 12:06:37 | pretrain | step=388, loss=0.0013
I | 06-14 12:06:37 | pretrain | step=389, loss=0.0013
I | 06-14 12:06:37 | pretrain | step=390, loss=0.0013
I | 06-14 12:06:37 | pretrain | step=391, loss=0.0013
I | 06-14 12:06:37 | pretrain | step=392, loss=0.0013
I | 06-14 12:06:37 | pretrain | step=393, loss=0.0013
I | 06-14 12:06:37 | pretrain | step=394, loss=0.0013
I | 06-14 12:06:37 | pretrain | step=395, loss=0.0013
I | 06-14 12:06:37 | pretrain | step=396, loss=0.0013
I | 06-14 12:06:38 | pretrain | step=397, loss=0.0013
I | 06-14 12:06:38 | pretrain | step=398, loss=0.0013
I | 06-14 12:06:38 | pretrain | step=399, loss=0.0013
I | 06-14 12:06:38 | pretrain | step=400, loss=0.0013
I | 06-14 12:06:38 | pretrain | step=401, loss=0.0013
I | 06-14 12:06:38 | pretrain | step=402, loss=0.0013
I | 06-14 12:06:38 | pretrain | step=403, loss=0.0013
I | 06-14 12:06:38 | pretrain | step=404, loss=0.0013
I | 06-14 12:06:38 | pretrain | step=405, loss=0.0013
I | 06-14 12:06:38 | pretrain | step=406, loss=0.0013
I | 06-14 12:06:38 | pretrain | step=407, loss=0.0013
I | 06-14 12:06:38 | pretrain | step=408, loss=0.0013
I | 06-14 12:06:38 | pretrain | step=409, loss=0.0013
I | 06-14 12:06:38 | pretrain | step=410, loss=0.0013
I | 06-14 12:06:38 | pretrain | step=411, loss=0.0013
I | 06-14 12:06:38 | pretrain | step=412, loss=0.0013
I | 06-14 12:06:38 | pretrain | step=413, loss=0.0013
I | 06-14 12:06:39 | pretrain | step=414, loss=0.0013
I | 06-14 12:06:39 | pretrain | step=415, loss=0.0013
I | 06-14 12:06:39 | pretrain | step=416, loss=0.0013
I | 06-14 12:06:39 | pretrain | step=417, loss=0.0013
I | 06-14 12:06:39 | pretrain | step=418, loss=0.0013
I | 06-14 12:06:39 | pretrain | step=419, loss=0.0013
I | 06-14 12:06:39 | pretrain | step=420, loss=0.0012
I | 06-14 12:06:39 | pretrain | step=421, loss=0.0013
I | 06-14 12:06:39 | pretrain | step=422, loss=0.0013
I | 06-14 12:06:39 | pretrain | step=423, loss=0.0013
I | 06-14 12:06:39 | pretrain | step=424, loss=0.0013
I | 06-14 12:06:39 | pretrain | step=425, loss=0.0012
I | 06-14 12:06:39 | pretrain | step=426, loss=0.0013
I | 06-14 12:06:39 | pretrain | step=427, loss=0.0013
I | 06-14 12:06:39 | pretrain | step=428, loss=0.0013
I | 06-14 12:06:39 | pretrain | step=429, loss=0.0013
I | 06-14 12:06:40 | pretrain | step=430, loss=0.0013
I | 06-14 12:06:40 | pretrain | step=431, loss=0.0013
I | 06-14 12:06:40 | pretrain | step=432, loss=0.0013
I | 06-14 12:06:40 | pretrain | step=433, loss=0.0013
I | 06-14 12:06:40 | pretrain | step=434, loss=0.0013
I | 06-14 12:06:40 | pretrain | step=435, loss=0.0013
I | 06-14 12:06:40 | pretrain | step=436, loss=0.0013
I | 06-14 12:06:40 | pretrain | step=437, loss=0.0012
I | 06-14 12:06:40 | pretrain | step=438, loss=0.0012
I | 06-14 12:06:40 | pretrain | step=439, loss=0.0012
I | 06-14 12:06:40 | pretrain | step=440, loss=0.0013
I | 06-14 12:06:40 | pretrain | step=441, loss=0.0012
I | 06-14 12:06:40 | pretrain | step=442, loss=0.0012
I | 06-14 12:06:40 | pretrain | step=443, loss=0.0012
I | 06-14 12:06:40 | pretrain | step=444, loss=0.0012
I | 06-14 12:06:40 | pretrain | step=445, loss=0.0012
I | 06-14 12:06:40 | pretrain | step=446, loss=0.0012
I | 06-14 12:06:41 | pretrain | step=447, loss=0.0013
I | 06-14 12:06:41 | pretrain | step=448, loss=0.0013
I | 06-14 12:06:41 | pretrain | step=449, loss=0.0013
I | 06-14 12:06:41 | pretrain | step=450, loss=0.0012
I | 06-14 12:06:41 | pretrain | step=451, loss=0.0012
I | 06-14 12:06:41 | pretrain | step=452, loss=0.0012
I | 06-14 12:06:41 | pretrain | step=453, loss=0.0012
I | 06-14 12:06:41 | pretrain | step=454, loss=0.0012
I | 06-14 12:06:41 | pretrain | step=455, loss=0.0012
I | 06-14 12:06:41 | pretrain | step=456, loss=0.0012
I | 06-14 12:06:41 | pretrain | step=457, loss=0.0012
I | 06-14 12:06:41 | pretrain | step=458, loss=0.0012
I | 06-14 12:06:41 | pretrain | step=459, loss=0.0012
I | 06-14 12:06:41 | pretrain | step=460, loss=0.0012
I | 06-14 12:06:41 | pretrain | step=461, loss=0.0012
I | 06-14 12:06:41 | pretrain | step=462, loss=0.0012
I | 06-14 12:06:41 | pretrain | step=463, loss=0.0012
I | 06-14 12:06:42 | pretrain | step=464, loss=0.0012
I | 06-14 12:06:42 | pretrain | step=465, loss=0.0012
I | 06-14 12:06:42 | pretrain | step=466, loss=0.0012
I | 06-14 12:06:42 | pretrain | step=467, loss=0.0012
I | 06-14 12:06:42 | pretrain | step=468, loss=0.0012
I | 06-14 12:06:42 | pretrain | step=469, loss=0.0012
I | 06-14 12:06:42 | pretrain | step=470, loss=0.0012
I | 06-14 12:06:42 | pretrain | step=471, loss=0.0012
I | 06-14 12:06:42 | pretrain | step=472, loss=0.0012
I | 06-14 12:06:42 | pretrain | step=473, loss=0.0012
I | 06-14 12:06:42 | pretrain | step=474, loss=0.0012
I | 06-14 12:06:42 | pretrain | step=475, loss=0.0012
I | 06-14 12:06:42 | pretrain | step=476, loss=0.0012
I | 06-14 12:06:42 | pretrain | step=477, loss=0.0012
I | 06-14 12:06:42 | pretrain | step=478, loss=0.0012
I | 06-14 12:06:42 | pretrain | step=479, loss=0.0012
I | 06-14 12:06:43 | pretrain | step=480, loss=0.0012
I | 06-14 12:06:43 | pretrain | step=481, loss=0.0012
I | 06-14 12:06:43 | pretrain | step=482, loss=0.0012
I | 06-14 12:06:43 | pretrain | step=483, loss=0.0012
I | 06-14 12:06:43 | pretrain | step=484, loss=0.0012
I | 06-14 12:06:43 | pretrain | step=485, loss=0.0012
I | 06-14 12:06:43 | pretrain | step=486, loss=0.0012
I | 06-14 12:06:43 | pretrain | step=487, loss=0.0012
I | 06-14 12:06:43 | pretrain | step=488, loss=0.0012
I | 06-14 12:06:43 | pretrain | step=489, loss=0.0012
I | 06-14 12:06:43 | pretrain | step=490, loss=0.0012
I | 06-14 12:06:43 | pretrain | step=491, loss=0.0012
I | 06-14 12:06:43 | pretrain | step=492, loss=0.0012
I | 06-14 12:06:43 | pretrain | step=493, loss=0.0012
I | 06-14 12:06:43 | pretrain | step=494, loss=0.0012
I | 06-14 12:06:43 | pretrain | step=495, loss=0.0012
I | 06-14 12:06:43 | pretrain | step=496, loss=0.0012
I | 06-14 12:06:44 | pretrain | step=497, loss=0.0012
I | 06-14 12:06:44 | pretrain | step=498, loss=0.0012
I | 06-14 12:06:44 | pretrain | step=499, loss=0.0012
I | 06-14 12:06:44 | pretrain | step=500, loss=0.0012
I | 06-14 12:06:44 | pretrain | step=501, loss=0.0012
I | 06-14 12:06:44 | pretrain | step=502, loss=0.0012
I | 06-14 12:06:44 | pretrain | step=503, loss=0.0012
I | 06-14 12:06:44 | pretrain | step=504, loss=0.0012
I | 06-14 12:06:44 | pretrain | step=505, loss=0.0012
I | 06-14 12:06:44 | pretrain | step=506, loss=0.0012
I | 06-14 12:06:44 | pretrain | step=507, loss=0.0012
I | 06-14 12:06:44 | pretrain | step=508, loss=0.0012
I | 06-14 12:06:44 | pretrain | step=509, loss=0.0012
I | 06-14 12:06:44 | pretrain | step=510, loss=0.0012
I | 06-14 12:06:44 | pretrain | step=511, loss=0.0012
I | 06-14 12:06:44 | pretrain | step=512, loss=0.0012
I | 06-14 12:06:45 | pretrain | step=513, loss=0.0012
I | 06-14 12:06:45 | pretrain | step=514, loss=0.0012
I | 06-14 12:06:45 | pretrain | step=515, loss=0.0012
I | 06-14 12:06:45 | pretrain | step=516, loss=0.0012
I | 06-14 12:06:45 | pretrain | step=517, loss=0.0012
I | 06-14 12:06:45 | pretrain | step=518, loss=0.0012
I | 06-14 12:06:45 | pretrain | step=519, loss=0.0012
I | 06-14 12:06:45 | pretrain | step=520, loss=0.0012
I | 06-14 12:06:45 | pretrain | step=521, loss=0.0012
I | 06-14 12:06:45 | pretrain | step=522, loss=0.0012
I | 06-14 12:06:45 | pretrain | step=523, loss=0.0012
I | 06-14 12:06:45 | pretrain | step=524, loss=0.0012
I | 06-14 12:06:45 | pretrain | step=525, loss=0.0012
I | 06-14 12:06:45 | pretrain | step=526, loss=0.0012
I | 06-14 12:06:45 | pretrain | step=527, loss=0.0011
I | 06-14 12:06:45 | pretrain | step=528, loss=0.0012
I | 06-14 12:06:45 | pretrain | step=529, loss=0.0011
I | 06-14 12:06:46 | pretrain | step=530, loss=0.0012
I | 06-14 12:06:46 | pretrain | step=531, loss=0.0012
I | 06-14 12:06:46 | pretrain | step=532, loss=0.0012
I | 06-14 12:06:46 | pretrain | step=533, loss=0.0012
I | 06-14 12:06:46 | pretrain | step=534, loss=0.0012
I | 06-14 12:06:46 | pretrain | step=535, loss=0.0012
I | 06-14 12:06:46 | pretrain | step=536, loss=0.0012
I | 06-14 12:06:46 | pretrain | step=537, loss=0.0012
I | 06-14 12:06:46 | pretrain | step=538, loss=0.0012
I | 06-14 12:06:46 | pretrain | step=539, loss=0.0012
I | 06-14 12:06:46 | pretrain | step=540, loss=0.0012
I | 06-14 12:06:46 | pretrain | step=541, loss=0.0012
I | 06-14 12:06:46 | pretrain | step=542, loss=0.0012
I | 06-14 12:06:46 | pretrain | step=543, loss=0.0012
I | 06-14 12:06:46 | pretrain | step=544, loss=0.0012
I | 06-14 12:06:46 | pretrain | step=545, loss=0.0012
I | 06-14 12:06:47 | pretrain | step=546, loss=0.0012
I | 06-14 12:06:47 | pretrain | step=547, loss=0.0012
I | 06-14 12:06:47 | pretrain | step=548, loss=0.0012
I | 06-14 12:06:47 | pretrain | step=549, loss=0.0012
I | 06-14 12:06:47 | pretrain | step=550, loss=0.0012
I | 06-14 12:06:47 | pretrain | step=551, loss=0.0012
I | 06-14 12:06:47 | pretrain | step=552, loss=0.0012
I | 06-14 12:06:47 | pretrain | step=553, loss=0.0012
I | 06-14 12:06:47 | pretrain | step=554, loss=0.0012
I | 06-14 12:06:47 | pretrain | step=555, loss=0.0012
I | 06-14 12:06:47 | pretrain | step=556, loss=0.0011
I | 06-14 12:06:47 | pretrain | step=557, loss=0.0011
I | 06-14 12:06:47 | pretrain | step=558, loss=0.0011
I | 06-14 12:06:47 | pretrain | step=559, loss=0.0012
I | 06-14 12:06:47 | pretrain | step=560, loss=0.0012
I | 06-14 12:06:47 | pretrain | step=561, loss=0.0012
I | 06-14 12:06:47 | pretrain | step=562, loss=0.0012
I | 06-14 12:06:48 | pretrain | step=563, loss=0.0011
I | 06-14 12:06:48 | pretrain | step=564, loss=0.0012
I | 06-14 12:06:48 | pretrain | step=565, loss=0.0011
I | 06-14 12:06:48 | pretrain | step=566, loss=0.0011
I | 06-14 12:06:48 | pretrain | step=567, loss=0.0011
I | 06-14 12:06:48 | pretrain | step=568, loss=0.0012
I | 06-14 12:06:48 | pretrain | step=569, loss=0.0012
I | 06-14 12:06:48 | pretrain | step=570, loss=0.0011
I | 06-14 12:06:48 | pretrain | step=571, loss=0.0011
I | 06-14 12:06:48 | pretrain | step=572, loss=0.0011
I | 06-14 12:06:48 | pretrain | step=573, loss=0.0012
I | 06-14 12:06:48 | pretrain | step=574, loss=0.0012
I | 06-14 12:06:48 | pretrain | step=575, loss=0.0012
I | 06-14 12:06:48 | pretrain | step=576, loss=0.0012
I | 06-14 12:06:48 | pretrain | step=577, loss=0.0012
I | 06-14 12:06:48 | pretrain | step=578, loss=0.0011
I | 06-14 12:06:48 | pretrain | step=579, loss=0.0011
I | 06-14 12:06:49 | pretrain | step=580, loss=0.0011
I | 06-14 12:06:49 | pretrain | step=581, loss=0.0012
I | 06-14 12:06:49 | pretrain | step=582, loss=0.0012
I | 06-14 12:06:49 | pretrain | step=583, loss=0.0011
I | 06-14 12:06:49 | pretrain | step=584, loss=0.0012
I | 06-14 12:06:49 | pretrain | step=585, loss=0.0011
I | 06-14 12:06:49 | pretrain | step=586, loss=0.0012
I | 06-14 12:06:49 | pretrain | step=587, loss=0.0012
I | 06-14 12:06:49 | pretrain | step=588, loss=0.0012
I | 06-14 12:06:49 | pretrain | step=589, loss=0.0012
I | 06-14 12:06:49 | pretrain | step=590, loss=0.0011
I | 06-14 12:06:49 | pretrain | step=591, loss=0.0012
I | 06-14 12:06:49 | pretrain | step=592, loss=0.0011
I | 06-14 12:06:49 | pretrain | step=593, loss=0.0011
I | 06-14 12:06:49 | pretrain | step=594, loss=0.0011
I | 06-14 12:06:49 | pretrain | step=595, loss=0.0011
I | 06-14 12:06:50 | pretrain | step=596, loss=0.0011
I | 06-14 12:06:50 | pretrain | step=597, loss=0.0011
I | 06-14 12:06:50 | pretrain | step=598, loss=0.0011
I | 06-14 12:06:50 | pretrain | step=599, loss=0.0011
I | 06-14 12:06:50 | pretrain | step=600, loss=0.0011
I | 06-14 12:06:50 | pretrain | step=601, loss=0.0011
I | 06-14 12:06:50 | pretrain | step=602, loss=0.0011
I | 06-14 12:06:50 | pretrain | step=603, loss=0.0011
I | 06-14 12:06:50 | pretrain | step=604, loss=0.0011
I | 06-14 12:06:50 | pretrain | step=605, loss=0.0011
I | 06-14 12:06:50 | pretrain | step=606, loss=0.0011
I | 06-14 12:06:50 | pretrain | step=607, loss=0.0011
I | 06-14 12:06:50 | pretrain | step=608, loss=0.0011
I | 06-14 12:06:50 | pretrain | step=609, loss=0.0012
I | 06-14 12:06:50 | pretrain | step=610, loss=0.0012
I | 06-14 12:06:50 | pretrain | step=611, loss=0.0011
I | 06-14 12:06:50 | pretrain | step=612, loss=0.0011
I | 06-14 12:06:51 | pretrain | step=613, loss=0.0011
I | 06-14 12:06:51 | pretrain | step=614, loss=0.0011
I | 06-14 12:06:51 | pretrain | step=615, loss=0.0011
I | 06-14 12:06:51 | pretrain | step=616, loss=0.0011
I | 06-14 12:06:51 | pretrain | step=617, loss=0.0011
I | 06-14 12:06:51 | pretrain | step=618, loss=0.0011
I | 06-14 12:06:51 | pretrain | step=619, loss=0.0011
I | 06-14 12:06:51 | pretrain | step=620, loss=0.0011
I | 06-14 12:06:51 | pretrain | step=621, loss=0.0011
I | 06-14 12:06:51 | pretrain | step=622, loss=0.0011
I | 06-14 12:06:51 | pretrain | step=623, loss=0.0011
I | 06-14 12:06:51 | pretrain | step=624, loss=0.0011
I | 06-14 12:06:51 | pretrain | step=625, loss=0.0011
I | 06-14 12:06:51 | pretrain | step=626, loss=0.0011
I | 06-14 12:06:51 | pretrain | step=627, loss=0.0011
I | 06-14 12:06:51 | pretrain | step=628, loss=0.0011
I | 06-14 12:06:52 | pretrain | step=629, loss=0.0011
I | 06-14 12:06:52 | pretrain | step=630, loss=0.0011
I | 06-14 12:06:52 | pretrain | step=631, loss=0.0011
I | 06-14 12:06:52 | pretrain | step=632, loss=0.0011
I | 06-14 12:06:52 | pretrain | step=633, loss=0.0011
I | 06-14 12:06:52 | pretrain | step=634, loss=0.0011
I | 06-14 12:06:52 | pretrain | step=635, loss=0.0011
I | 06-14 12:06:52 | pretrain | step=636, loss=0.0011
I | 06-14 12:06:52 | pretrain | step=637, loss=0.0011
I | 06-14 12:06:52 | pretrain | step=638, loss=0.0011
I | 06-14 12:06:52 | pretrain | step=639, loss=0.0011
I | 06-14 12:06:52 | pretrain | step=640, loss=0.0011
I | 06-14 12:06:52 | pretrain | step=641, loss=0.0011
I | 06-14 12:06:52 | pretrain | step=642, loss=0.0011
I | 06-14 12:06:52 | pretrain | step=643, loss=0.0011
I | 06-14 12:06:52 | pretrain | step=644, loss=0.0011
I | 06-14 12:06:52 | pretrain | step=645, loss=0.0011
I | 06-14 12:06:53 | pretrain | step=646, loss=0.0011
I | 06-14 12:06:53 | pretrain | step=647, loss=0.0011
I | 06-14 12:06:53 | pretrain | step=648, loss=0.0011
I | 06-14 12:06:53 | pretrain | step=649, loss=0.0011
I | 06-14 12:06:53 | pretrain | step=650, loss=0.0011
I | 06-14 12:06:53 | pretrain | step=651, loss=0.0011
I | 06-14 12:06:53 | pretrain | step=652, loss=0.0011
I | 06-14 12:06:53 | pretrain | step=653, loss=0.0011
I | 06-14 12:06:53 | pretrain | step=654, loss=0.0011
I | 06-14 12:06:53 | pretrain | step=655, loss=0.0011
I | 06-14 12:06:53 | pretrain | step=656, loss=0.0011
I | 06-14 12:06:53 | pretrain | step=657, loss=0.0011
I | 06-14 12:06:53 | pretrain | step=658, loss=0.0011
I | 06-14 12:06:53 | pretrain | step=659, loss=0.0011
I | 06-14 12:06:53 | pretrain | step=660, loss=0.0011
I | 06-14 12:06:53 | pretrain | step=661, loss=0.0011
I | 06-14 12:06:53 | pretrain | step=662, loss=0.0011
I | 06-14 12:06:54 | pretrain | step=663, loss=0.0011
I | 06-14 12:06:54 | pretrain | step=664, loss=0.0011
I | 06-14 12:06:54 | pretrain | step=665, loss=0.0011
I | 06-14 12:06:54 | pretrain | step=666, loss=0.0011
I | 06-14 12:06:54 | pretrain | step=667, loss=0.0011
I | 06-14 12:06:54 | pretrain | step=668, loss=0.0011
I | 06-14 12:06:54 | pretrain | step=669, loss=0.0011
I | 06-14 12:06:54 | pretrain | step=670, loss=0.0011
I | 06-14 12:06:54 | pretrain | step=671, loss=0.0011
I | 06-14 12:06:54 | pretrain | step=672, loss=0.0011
I | 06-14 12:06:54 | pretrain | step=673, loss=0.0011
I | 06-14 12:06:54 | pretrain | step=674, loss=0.0011
I | 06-14 12:06:54 | pretrain | step=675, loss=0.0011
I | 06-14 12:06:54 | pretrain | step=676, loss=0.0011
I | 06-14 12:06:54 | pretrain | step=677, loss=0.0011
I | 06-14 12:06:54 | pretrain | step=678, loss=0.0011
I | 06-14 12:06:55 | pretrain | step=679, loss=0.0011
I | 06-14 12:06:55 | pretrain | step=680, loss=0.0011
I | 06-14 12:06:55 | pretrain | step=681, loss=0.0011
I | 06-14 12:06:55 | pretrain | step=682, loss=0.0011
I | 06-14 12:06:55 | pretrain | step=683, loss=0.0011
I | 06-14 12:06:55 | pretrain | step=684, loss=0.0011
I | 06-14 12:06:55 | pretrain | step=685, loss=0.0011
I | 06-14 12:06:55 | pretrain | step=686, loss=0.0011
I | 06-14 12:06:55 | pretrain | step=687, loss=0.0011
I | 06-14 12:06:55 | pretrain | step=688, loss=0.0011
I | 06-14 12:06:55 | pretrain | step=689, loss=0.0011
I | 06-14 12:06:55 | pretrain | step=690, loss=0.0011
I | 06-14 12:06:55 | pretrain | step=691, loss=0.0011
I | 06-14 12:06:55 | pretrain | step=692, loss=0.0011
I | 06-14 12:06:55 | pretrain | step=693, loss=0.0011
I | 06-14 12:06:55 | pretrain | step=694, loss=0.0011
I | 06-14 12:06:55 | pretrain | step=695, loss=0.0011
I | 06-14 12:06:56 | pretrain | step=696, loss=0.0011
I | 06-14 12:06:56 | pretrain | step=697, loss=0.0011
I | 06-14 12:06:56 | pretrain | step=698, loss=0.0011
I | 06-14 12:06:56 | pretrain | step=699, loss=0.0011
I | 06-14 12:06:56 | pretrain | step=700, loss=0.0011
I | 06-14 12:06:56 | pretrain | step=701, loss=0.0011
I | 06-14 12:06:56 | pretrain | step=702, loss=0.0011
I | 06-14 12:06:56 | pretrain | step=703, loss=0.0011
I | 06-14 12:06:56 | pretrain | step=704, loss=0.0011
I | 06-14 12:06:56 | pretrain | step=705, loss=0.0011
I | 06-14 12:06:56 | pretrain | step=706, loss=0.0011
I | 06-14 12:06:56 | pretrain | step=707, loss=0.0011
I | 06-14 12:06:56 | pretrain | step=708, loss=0.0011
I | 06-14 12:06:56 | pretrain | step=709, loss=0.0011
I | 06-14 12:06:56 | pretrain | step=710, loss=0.0011
I | 06-14 12:06:56 | pretrain | step=711, loss=0.0011
I | 06-14 12:06:57 | pretrain | step=712, loss=0.0011
I | 06-14 12:06:57 | pretrain | step=713, loss=0.0011
I | 06-14 12:06:57 | pretrain | step=714, loss=0.0011
I | 06-14 12:06:57 | pretrain | step=715, loss=0.0011
I | 06-14 12:06:57 | pretrain | step=716, loss=0.0011
I | 06-14 12:06:57 | pretrain | step=717, loss=0.0011
I | 06-14 12:06:57 | pretrain | step=718, loss=0.0011
I | 06-14 12:06:57 | pretrain | step=719, loss=0.0011
I | 06-14 12:06:57 | pretrain | step=720, loss=0.0011
I | 06-14 12:06:57 | pretrain | step=721, loss=0.0011
I | 06-14 12:06:57 | pretrain | step=722, loss=0.0011
I | 06-14 12:06:57 | pretrain | step=723, loss=0.0011
I | 06-14 12:06:57 | pretrain | step=724, loss=0.0011
I | 06-14 12:06:57 | pretrain | step=725, loss=0.0011
I | 06-14 12:06:57 | pretrain | step=726, loss=0.0011
I | 06-14 12:06:57 | pretrain | step=727, loss=0.0011
I | 06-14 12:06:58 | pretrain | step=728, loss=0.0011
I | 06-14 12:06:58 | pretrain | step=729, loss=0.0011
I | 06-14 12:06:58 | pretrain | step=730, loss=0.0011
I | 06-14 12:06:58 | pretrain | step=731, loss=0.0011
I | 06-14 12:06:58 | pretrain | step=732, loss=0.0011
I | 06-14 12:06:58 | pretrain | step=733, loss=0.0011
I | 06-14 12:06:58 | pretrain | step=734, loss=0.0011
I | 06-14 12:06:58 | pretrain | step=735, loss=0.0011
I | 06-14 12:06:58 | pretrain | step=736, loss=0.0011
I | 06-14 12:06:58 | pretrain | step=737, loss=0.0011
I | 06-14 12:06:58 | pretrain | step=738, loss=0.0011
I | 06-14 12:06:58 | pretrain | step=739, loss=0.0011
I | 06-14 12:06:58 | pretrain | step=740, loss=0.0011
I | 06-14 12:06:58 | pretrain | step=741, loss=0.0011
I | 06-14 12:06:58 | pretrain | step=742, loss=0.0011
I | 06-14 12:06:58 | pretrain | step=743, loss=0.0011
I | 06-14 12:06:58 | pretrain | step=744, loss=0.0011
I | 06-14 12:06:59 | pretrain | step=745, loss=0.0011
I | 06-14 12:06:59 | pretrain | step=746, loss=0.0011
I | 06-14 12:06:59 | pretrain | step=747, loss=0.0011
I | 06-14 12:06:59 | pretrain | step=748, loss=0.0011
I | 06-14 12:06:59 | pretrain | step=749, loss=0.0011
I | 06-14 12:06:59 | pretrain | step=750, loss=0.0011
I | 06-14 12:06:59 | pretrain | step=751, loss=0.0011
I | 06-14 12:06:59 | pretrain | step=752, loss=0.0011
I | 06-14 12:06:59 | pretrain | step=753, loss=0.0011
I | 06-14 12:06:59 | pretrain | step=754, loss=0.0011
I | 06-14 12:06:59 | pretrain | step=755, loss=0.0011
I | 06-14 12:06:59 | pretrain | step=756, loss=0.0011
I | 06-14 12:06:59 | pretrain | step=757, loss=0.0011
I | 06-14 12:06:59 | pretrain | step=758, loss=0.0011
I | 06-14 12:06:59 | pretrain | step=759, loss=0.0011
I | 06-14 12:06:59 | pretrain | step=760, loss=0.0011
I | 06-14 12:07:00 | pretrain | step=761, loss=0.0011
I | 06-14 12:07:00 | pretrain | step=762, loss=0.0011
I | 06-14 12:07:00 | pretrain | step=763, loss=0.0011
I | 06-14 12:07:00 | pretrain | step=764, loss=0.0011
I | 06-14 12:07:00 | pretrain | step=765, loss=0.0011
I | 06-14 12:07:00 | pretrain | step=766, loss=0.0011
I | 06-14 12:07:00 | pretrain | step=767, loss=0.0011
I | 06-14 12:07:00 | pretrain | step=768, loss=0.0011
I | 06-14 12:07:00 | pretrain | step=769, loss=0.0011
I | 06-14 12:07:00 | pretrain | step=770, loss=0.0011
I | 06-14 12:07:00 | pretrain | step=771, loss=0.0011
I | 06-14 12:07:00 | pretrain | step=772, loss=0.0011
I | 06-14 12:07:00 | pretrain | step=773, loss=0.0011
I | 06-14 12:07:00 | pretrain | step=774, loss=0.0011
I | 06-14 12:07:00 | pretrain | step=775, loss=0.0011
I | 06-14 12:07:00 | pretrain | step=776, loss=0.0011
I | 06-14 12:07:00 | pretrain | step=777, loss=0.0011
I | 06-14 12:07:01 | pretrain | step=778, loss=0.0011
I | 06-14 12:07:01 | pretrain | step=779, loss=0.0011
I | 06-14 12:07:01 | pretrain | step=780, loss=0.0011
I | 06-14 12:07:01 | pretrain | step=781, loss=0.0011
I | 06-14 12:07:01 | pretrain | step=782, loss=0.0011
I | 06-14 12:07:01 | pretrain | step=783, loss=0.0011
I | 06-14 12:07:01 | pretrain | step=784, loss=0.0011
I | 06-14 12:07:01 | pretrain | step=785, loss=0.0011
I | 06-14 12:07:01 | pretrain | step=786, loss=0.0011
I | 06-14 12:07:01 | pretrain | step=787, loss=0.0011
I | 06-14 12:07:01 | pretrain | step=788, loss=0.0011
I | 06-14 12:07:01 | pretrain | step=789, loss=0.0011
I | 06-14 12:07:01 | pretrain | step=790, loss=0.0011
I | 06-14 12:07:01 | pretrain | step=791, loss=0.0011
I | 06-14 12:07:01 | pretrain | step=792, loss=0.0011
I | 06-14 12:07:01 | pretrain | step=793, loss=0.0011
I | 06-14 12:07:02 | pretrain | step=794, loss=0.0011
I | 06-14 12:07:02 | pretrain | step=795, loss=0.0011
I | 06-14 12:07:02 | pretrain | step=796, loss=0.0011
I | 06-14 12:07:02 | pretrain | step=797, loss=0.0011
I | 06-14 12:07:02 | pretrain | step=798, loss=0.0011
I | 06-14 12:07:02 | pretrain | step=799, loss=0.0011
I | 06-14 12:07:02 | pretrain | step=800, loss=0.0011
I | 06-14 12:07:02 | pretrain | step=801, loss=0.0011
I | 06-14 12:07:02 | pretrain | step=802, loss=0.0011
I | 06-14 12:07:02 | pretrain | step=803, loss=0.0011
I | 06-14 12:07:02 | pretrain | step=804, loss=0.0011
I | 06-14 12:07:02 | pretrain | step=805, loss=0.0011
I | 06-14 12:07:02 | pretrain | step=806, loss=0.0011
I | 06-14 12:07:02 | pretrain | step=807, loss=0.0011
I | 06-14 12:07:02 | pretrain | step=808, loss=0.0011
I | 06-14 12:07:02 | pretrain | step=809, loss=0.0011
I | 06-14 12:07:02 | pretrain | step=810, loss=0.0011
I | 06-14 12:07:03 | pretrain | step=811, loss=0.0011
I | 06-14 12:07:03 | pretrain | step=812, loss=0.0011
I | 06-14 12:07:03 | pretrain | step=813, loss=0.0011
I | 06-14 12:07:03 | pretrain | step=814, loss=0.0011
I | 06-14 12:07:03 | pretrain | step=815, loss=0.0011
I | 06-14 12:07:03 | pretrain | step=816, loss=0.0011
I | 06-14 12:07:03 | pretrain | step=817, loss=0.0011
I | 06-14 12:07:03 | pretrain | step=818, loss=0.0011
I | 06-14 12:07:03 | pretrain | step=819, loss=0.0011
I | 06-14 12:07:03 | pretrain | step=820, loss=0.0011
I | 06-14 12:07:03 | pretrain | step=821, loss=0.0011
I | 06-14 12:07:03 | pretrain | step=822, loss=0.0011
I | 06-14 12:07:03 | pretrain | step=823, loss=0.0011
I | 06-14 12:07:03 | pretrain | step=824, loss=0.0011
I | 06-14 12:07:03 | pretrain | step=825, loss=0.0011
I | 06-14 12:07:03 | pretrain | step=826, loss=0.0011
I | 06-14 12:07:03 | pretrain | step=827, loss=0.0011
I | 06-14 12:07:04 | pretrain | step=828, loss=0.0011
I | 06-14 12:07:04 | pretrain | step=829, loss=0.0011
I | 06-14 12:07:04 | pretrain | step=830, loss=0.0011
I | 06-14 12:07:04 | pretrain | step=831, loss=0.0011
I | 06-14 12:07:04 | pretrain | step=832, loss=0.0011
I | 06-14 12:07:04 | pretrain | step=833, loss=0.0011
I | 06-14 12:07:04 | pretrain | step=834, loss=0.0011
I | 06-14 12:07:04 | pretrain | step=835, loss=0.0011
I | 06-14 12:07:04 | pretrain | step=836, loss=0.0011
I | 06-14 12:07:04 | pretrain | step=837, loss=0.0011
I | 06-14 12:07:04 | pretrain | step=838, loss=0.0011
I | 06-14 12:07:04 | pretrain | step=839, loss=0.0011
I | 06-14 12:07:04 | pretrain | step=840, loss=0.0011
I | 06-14 12:07:04 | pretrain | step=841, loss=0.0011
I | 06-14 12:07:04 | pretrain | step=842, loss=0.0010
I | 06-14 12:07:04 | pretrain | step=843, loss=0.0011
I | 06-14 12:07:05 | pretrain | step=844, loss=0.0011
I | 06-14 12:07:05 | pretrain | step=845, loss=0.0011
I | 06-14 12:07:05 | pretrain | step=846, loss=0.0011
I | 06-14 12:07:05 | pretrain | step=847, loss=0.0011
I | 06-14 12:07:05 | pretrain | step=848, loss=0.0011
I | 06-14 12:07:05 | pretrain | step=849, loss=0.0011
I | 06-14 12:07:05 | pretrain | step=850, loss=0.0010
I | 06-14 12:07:05 | pretrain | step=851, loss=0.0011
I | 06-14 12:07:05 | pretrain | step=852, loss=0.0011
I | 06-14 12:07:05 | pretrain | step=853, loss=0.0011
I | 06-14 12:07:05 | pretrain | step=854, loss=0.0010
I | 06-14 12:07:05 | pretrain | step=855, loss=0.0011
I | 06-14 12:07:05 | pretrain | step=856, loss=0.0011
I | 06-14 12:07:05 | pretrain | step=857, loss=0.0011
I | 06-14 12:07:05 | pretrain | step=858, loss=0.0010
I | 06-14 12:07:05 | pretrain | step=859, loss=0.0011
I | 06-14 12:07:05 | pretrain | step=860, loss=0.0011
I | 06-14 12:07:06 | pretrain | step=861, loss=0.0011
I | 06-14 12:07:06 | pretrain | step=862, loss=0.0011
I | 06-14 12:07:06 | pretrain | step=863, loss=0.0011
I | 06-14 12:07:06 | pretrain | step=864, loss=0.0011
I | 06-14 12:07:06 | pretrain | step=865, loss=0.0011
I | 06-14 12:07:06 | pretrain | step=866, loss=0.0010
I | 06-14 12:07:06 | pretrain | step=867, loss=0.0010
I | 06-14 12:07:06 | pretrain | step=868, loss=0.0011
I | 06-14 12:07:06 | pretrain | step=869, loss=0.0010
I | 06-14 12:07:06 | pretrain | step=870, loss=0.0011
I | 06-14 12:07:06 | pretrain | step=871, loss=0.0011
I | 06-14 12:07:06 | pretrain | step=872, loss=0.0011
I | 06-14 12:07:06 | pretrain | step=873, loss=0.0011
I | 06-14 12:07:06 | pretrain | step=874, loss=0.0011
I | 06-14 12:07:06 | pretrain | step=875, loss=0.0011
I | 06-14 12:07:06 | pretrain | step=876, loss=0.0011
I | 06-14 12:07:07 | pretrain | step=877, loss=0.0011
I | 06-14 12:07:07 | pretrain | step=878, loss=0.0011
I | 06-14 12:07:07 | pretrain | step=879, loss=0.0010
I | 06-14 12:07:07 | pretrain | step=880, loss=0.0010
I | 06-14 12:07:07 | pretrain | step=881, loss=0.0010
I | 06-14 12:07:07 | pretrain | step=882, loss=0.0010
I | 06-14 12:07:07 | pretrain | step=883, loss=0.0011
I | 06-14 12:07:07 | pretrain | step=884, loss=0.0011
I | 06-14 12:07:07 | pretrain | step=885, loss=0.0011
I | 06-14 12:07:07 | pretrain | step=886, loss=0.0010
I | 06-14 12:07:07 | pretrain | step=887, loss=0.0010
I | 06-14 12:07:07 | pretrain | step=888, loss=0.0010
I | 06-14 12:07:07 | pretrain | step=889, loss=0.0010
I | 06-14 12:07:07 | pretrain | step=890, loss=0.0010
I | 06-14 12:07:07 | pretrain | step=891, loss=0.0010
I | 06-14 12:07:07 | pretrain | step=892, loss=0.0010
I | 06-14 12:07:07 | pretrain | step=893, loss=0.0010
I | 06-14 12:07:08 | pretrain | step=894, loss=0.0010
I | 06-14 12:07:08 | pretrain | step=895, loss=0.0010
I | 06-14 12:07:08 | pretrain | step=896, loss=0.0011
I | 06-14 12:07:08 | pretrain | step=897, loss=0.0011
I | 06-14 12:07:08 | pretrain | step=898, loss=0.0011
I | 06-14 12:07:08 | pretrain | step=899, loss=0.0010
I | 06-14 12:07:08 | pretrain | step=900, loss=0.0010
I | 06-14 12:07:08 | pretrain | step=901, loss=0.0010
I | 06-14 12:07:08 | pretrain | step=902, loss=0.0010
I | 06-14 12:07:08 | pretrain | step=903, loss=0.0010
I | 06-14 12:07:08 | pretrain | step=904, loss=0.0010
I | 06-14 12:07:08 | pretrain | step=905, loss=0.0011
I | 06-14 12:07:08 | pretrain | step=906, loss=0.0010
I | 06-14 12:07:08 | pretrain | step=907, loss=0.0010
I | 06-14 12:07:08 | pretrain | step=908, loss=0.0010
I | 06-14 12:07:08 | pretrain | step=909, loss=0.0010
I | 06-14 12:07:09 | pretrain | step=910, loss=0.0010
I | 06-14 12:07:09 | pretrain | step=911, loss=0.0010
I | 06-14 12:07:09 | pretrain | step=912, loss=0.0010
I | 06-14 12:07:09 | pretrain | step=913, loss=0.0010
I | 06-14 12:07:09 | pretrain | step=914, loss=0.0010
I | 06-14 12:07:09 | pretrain | step=915, loss=0.0010
I | 06-14 12:07:09 | pretrain | step=916, loss=0.0010
I | 06-14 12:07:09 | pretrain | step=917, loss=0.0010
I | 06-14 12:07:09 | pretrain | step=918, loss=0.0010
I | 06-14 12:07:09 | pretrain | step=919, loss=0.0011
I | 06-14 12:07:09 | pretrain | step=920, loss=0.0010
I | 06-14 12:07:09 | pretrain | step=921, loss=0.0010
I | 06-14 12:07:09 | pretrain | step=922, loss=0.0010
I | 06-14 12:07:09 | pretrain | step=923, loss=0.0010
I | 06-14 12:07:09 | pretrain | step=924, loss=0.0010
I | 06-14 12:07:09 | pretrain | step=925, loss=0.0010
I | 06-14 12:07:09 | pretrain | step=926, loss=0.0010
I | 06-14 12:07:10 | pretrain | step=927, loss=0.0010
I | 06-14 12:07:10 | pretrain | step=928, loss=0.0010
I | 06-14 12:07:10 | pretrain | step=929, loss=0.0010
I | 06-14 12:07:10 | pretrain | step=930, loss=0.0010
I | 06-14 12:07:10 | pretrain | step=931, loss=0.0010
I | 06-14 12:07:10 | pretrain | step=932, loss=0.0010
I | 06-14 12:07:10 | pretrain | step=933, loss=0.0010
I | 06-14 12:07:10 | pretrain | step=934, loss=0.0010
I | 06-14 12:07:10 | pretrain | step=935, loss=0.0010
I | 06-14 12:07:10 | pretrain | step=936, loss=0.0010
I | 06-14 12:07:10 | pretrain | step=937, loss=0.0010
I | 06-14 12:07:10 | pretrain | step=938, loss=0.0010
I | 06-14 12:07:10 | pretrain | step=939, loss=0.0010
I | 06-14 12:07:10 | pretrain | step=940, loss=0.0010
I | 06-14 12:07:10 | pretrain | step=941, loss=0.0010
I | 06-14 12:07:10 | pretrain | step=942, loss=0.0010
I | 06-14 12:07:11 | pretrain | step=943, loss=0.0010
I | 06-14 12:07:11 | pretrain | step=944, loss=0.0010
I | 06-14 12:07:11 | pretrain | step=945, loss=0.0010
I | 06-14 12:07:11 | pretrain | step=946, loss=0.0010
I | 06-14 12:07:11 | pretrain | step=947, loss=0.0010
I | 06-14 12:07:11 | pretrain | step=948, loss=0.0010
I | 06-14 12:07:11 | pretrain | step=949, loss=0.0010
I | 06-14 12:07:11 | pretrain | step=950, loss=0.0010
I | 06-14 12:07:11 | pretrain | step=951, loss=0.0010
I | 06-14 12:07:11 | pretrain | step=952, loss=0.0010
I | 06-14 12:07:11 | pretrain | step=953, loss=0.0010
I | 06-14 12:07:11 | pretrain | step=954, loss=0.0010
I | 06-14 12:07:11 | pretrain | step=955, loss=0.0010
I | 06-14 12:07:11 | pretrain | step=956, loss=0.0010
I | 06-14 12:07:11 | pretrain | step=957, loss=0.0010
I | 06-14 12:07:11 | pretrain | step=958, loss=0.0010
I | 06-14 12:07:11 | pretrain | step=959, loss=0.0010
I | 06-14 12:07:12 | pretrain | step=960, loss=0.0010
I | 06-14 12:07:12 | pretrain | step=961, loss=0.0010
I | 06-14 12:07:12 | pretrain | step=962, loss=0.0010
I | 06-14 12:07:12 | pretrain | step=963, loss=0.0010
I | 06-14 12:07:12 | pretrain | step=964, loss=0.0010
I | 06-14 12:07:12 | pretrain | step=965, loss=0.0010
I | 06-14 12:07:12 | pretrain | step=966, loss=0.0010
I | 06-14 12:07:12 | pretrain | step=967, loss=0.0010
I | 06-14 12:07:12 | pretrain | step=968, loss=0.0010
I | 06-14 12:07:12 | pretrain | step=969, loss=0.0010
I | 06-14 12:07:12 | pretrain | step=970, loss=0.0010
I | 06-14 12:07:12 | pretrain | step=971, loss=0.0010
I | 06-14 12:07:12 | pretrain | step=972, loss=0.0010
I | 06-14 12:07:12 | pretrain | step=973, loss=0.0010
I | 06-14 12:07:12 | pretrain | step=974, loss=0.0010
I | 06-14 12:07:12 | pretrain | step=975, loss=0.0010
I | 06-14 12:07:13 | pretrain | step=976, loss=0.0010
I | 06-14 12:07:13 | pretrain | step=977, loss=0.0010
I | 06-14 12:07:13 | pretrain | step=978, loss=0.0010
I | 06-14 12:07:13 | pretrain | step=979, loss=0.0010
I | 06-14 12:07:13 | pretrain | step=980, loss=0.0010
I | 06-14 12:07:13 | pretrain | step=981, loss=0.0010
I | 06-14 12:07:13 | pretrain | step=982, loss=0.0010
I | 06-14 12:07:13 | pretrain | step=983, loss=0.0010
I | 06-14 12:07:13 | pretrain | step=984, loss=0.0010
I | 06-14 12:07:13 | pretrain | step=985, loss=0.0011
I | 06-14 12:07:13 | pretrain | step=986, loss=0.0011
I | 06-14 12:07:13 | pretrain | step=987, loss=0.0011
I | 06-14 12:07:13 | pretrain | step=988, loss=0.0011
I | 06-14 12:07:13 | pretrain | step=989, loss=0.0010
I | 06-14 12:07:13 | pretrain | step=990, loss=0.0010
I | 06-14 12:07:13 | pretrain | step=991, loss=0.0010
I | 06-14 12:07:13 | pretrain | step=992, loss=0.0010
I | 06-14 12:07:14 | pretrain | step=993, loss=0.0010
I | 06-14 12:07:14 | pretrain | step=994, loss=0.0010
I | 06-14 12:07:14 | pretrain | step=995, loss=0.0010
I | 06-14 12:07:14 | pretrain | step=996, loss=0.0010
I | 06-14 12:07:14 | pretrain | step=997, loss=0.0010
I | 06-14 12:07:14 | pretrain | step=998, loss=0.0010
I | 06-14 12:07:14 | pretrain | step=999, loss=0.0010
I | 06-14 12:07:14 |checkpoint| Saving checkpoint /rds/user/jc2405/hpc-work/JaQMC/jaqmc/runs/sc_h_chain_3.78_spin_6_6/pretrain_ckpt_000999.npz
I | 06-14 12:07:15 | pretrain | Done 1000 pretrain steps.
I | 06-14 12:07:15 | pretrain | Time per step: 0.060s
I | 06-14 12:07:16 |  jaqmc   | Setting Ewald alpha to 0.66137564
I | 06-14 12:07:20 |   absl   | ==================================================
I | 06-14 12:07:20 |   absl   | Graph parameter registrations:
I | 06-14 12:07:20 |   absl   | {'params': {'backbone_layer': {'Dense_0': {'bias': 'Auto[tag_variant=repeated_dense(0)|match_type=repeated[1]_flax_dense_with_bias]',
I | 06-14 12:07:20 |   absl   |                                            'kernel': 'Auto[tag_variant=repeated_dense(0)|match_type=repeated[1]_flax_dense_with_bias]'},
I | 06-14 12:07:20 |   absl   |                                'Dense_1': {'bias': 'Auto[tag_variant=repeated_dense(1)|match_type=repeated[2]_flax_dense_with_bias]',
I | 06-14 12:07:20 |   absl   |                                            'kernel': 'Auto[tag_variant=repeated_dense(1)|match_type=repeated[2]_flax_dense_with_bias]'},
I | 06-14 12:07:20 |   absl   |                                'Dense_2': {'bias': 'Auto[tag_variant=repeated_dense(2)|match_type=repeated[1]_flax_dense_with_bias]',
I | 06-14 12:07:20 |   absl   |                                            'kernel': 'Auto[tag_variant=repeated_dense(2)|match_type=repeated[1]_flax_dense_with_bias]'},
I | 06-14 12:07:20 |   absl   |                                'Dense_3': {'bias': 'Auto[tag_variant=repeated_dense(3)|match_type=repeated[2]_flax_dense_with_bias]',
I | 06-14 12:07:20 |   absl   |                                            'kernel': 'Auto[tag_variant=repeated_dense(3)|match_type=repeated[2]_flax_dense_with_bias]'},
I | 06-14 12:07:20 |   absl   |                                'Dense_4': {'bias': 'Auto[tag_variant=repeated_dense(4)|match_type=repeated[1]_flax_dense_with_bias]',
I | 06-14 12:07:20 |   absl   |                                            'kernel': 'Auto[tag_variant=repeated_dense(4)|match_type=repeated[1]_flax_dense_with_bias]'},
I | 06-14 12:07:20 |   absl   |                                'Dense_5': {'bias': 'Auto[tag_variant=repeated_dense(5)|match_type=repeated[2]_flax_dense_with_bias]',
I | 06-14 12:07:20 |   absl   |                                            'kernel': 'Auto[tag_variant=repeated_dense(5)|match_type=repeated[2]_flax_dense_with_bias]'},
I | 06-14 12:07:20 |   absl   |                                'Dense_6': {'bias': 'Auto[tag_variant=repeated_dense(6)|match_type=repeated[1]_flax_dense_with_bias]',
I | 06-14 12:07:20 |   absl   |                                            'kernel': 'Auto[tag_variant=repeated_dense(6)|match_type=repeated[1]_flax_dense_with_bias]'}},
I | 06-14 12:07:20 |   absl   |             'envelope_layer': {'_env_down': {'pi': 'Auto[tag_variant=scale_and_shift(3)|match_type=scale_only_broadcast_1]',
I | 06-14 12:07:20 |   absl   |                                              'sigma': 'Auto[tag_variant=scale_and_shift(2)|match_type=scale_only_broadcast_1]'},
I | 06-14 12:07:20 |   absl   |                                '_env_up': {'pi': 'Auto[tag_variant=scale_and_shift(1)|match_type=scale_only_broadcast_1]',
I | 06-14 12:07:20 |   absl   |                                            'sigma': 'Auto[tag_variant=scale_and_shift(0)|match_type=scale_only_broadcast_1]'}},
I | 06-14 12:07:20 |   absl   |             'imag_orbital_layer': {'SplitChannelDense_0': {'DenseGeneral_0': {'kernel': 'Auto[tag_variant=repeated_dense(9)|match_type=repeated[1]_flax_dense_no_bias]'},
I | 06-14 12:07:20 |   absl   |                                                            'DenseGeneral_1': {'kernel': 'Auto[tag_variant=repeated_dense(10)|match_type=repeated[1]_flax_dense_no_bias]'}}},
I | 06-14 12:07:20 |   absl   |             'real_orbital_layer': {'SplitChannelDense_0': {'DenseGeneral_0': {'kernel': 'Auto[tag_variant=repeated_dense(7)|match_type=repeated[1]_flax_dense_no_bias]'},
I | 06-14 12:07:20 |   absl   |                                                            'DenseGeneral_1': {'kernel': 'Auto[tag_variant=repeated_dense(8)|match_type=repeated[1]_flax_dense_no_bias]'}}}}}
I | 06-14 12:07:20 |   absl   | ==================================================
I | 06-14 12:07:20 |   absl   | Graph registered losses:
I | 06-14 12:07:20 |   absl   | NormalMeanNegativeLogProbLoss(mean=Var(id=23386571237184):complex64[1024,1], variance=Literal(0.5), weight=Literal(1.0), normalize_log_prob=Literal(True))
I | 06-14 12:07:20 |   absl   | ==================================================
I | 06-14 12:07:20 |   absl   | BlockDiagonalCurvature blocks:
I | 06-14 12:07:20 |   absl   | RepeatedDenseBlock(parameter_specs=['ab -> (a)(b)', 'a -> ()(a)'], parameters_concat_axis=0), tag name: Auto[tag_variant=repeated_dense(0)|match_type=repeated[1]_flax_dense_with_bias], params shapes: ((32, 256), (256,))
I | 06-14 12:07:20 |   absl   | RepeatedDenseBlock(parameter_specs=['ab -> (a)(b)', 'a -> ()(a)'], parameters_concat_axis=0), tag name: Auto[tag_variant=repeated_dense(1)|match_type=repeated[2]_flax_dense_with_bias], params shapes: ((4, 32), (32,))
I | 06-14 12:07:20 |   absl   | RepeatedDenseBlock(parameter_specs=['ab -> (a)(b)', 'a -> ()(a)'], parameters_concat_axis=0), tag name: Auto[tag_variant=repeated_dense(2)|match_type=repeated[1]_flax_dense_with_bias], params shapes: ((832, 256), (256,))
I | 06-14 12:07:20 |   absl   | RepeatedDenseBlock(parameter_specs=['ab -> (a)(b)', 'a -> ()(a)'], parameters_concat_axis=0), tag name: Auto[tag_variant=repeated_dense(3)|match_type=repeated[2]_flax_dense_with_bias], params shapes: ((32, 32), (32,))
I | 06-14 12:07:20 |   absl   | RepeatedDenseBlock(parameter_specs=['ab -> (a)(b)', 'a -> ()(a)'], parameters_concat_axis=0), tag name: Auto[tag_variant=repeated_dense(4)|match_type=repeated[1]_flax_dense_with_bias], params shapes: ((832, 256), (256,))
I | 06-14 12:07:20 |   absl   | RepeatedDenseBlock(parameter_specs=['ab -> (a)(b)', 'a -> ()(a)'], parameters_concat_axis=0), tag name: Auto[tag_variant=repeated_dense(5)|match_type=repeated[2]_flax_dense_with_bias], params shapes: ((32, 32), (32,))
I | 06-14 12:07:20 |   absl   | RepeatedDenseBlock(parameter_specs=['ab -> (a)(b)', 'a -> ()(a)'], parameters_concat_axis=0), tag name: Auto[tag_variant=repeated_dense(6)|match_type=repeated[1]_flax_dense_with_bias], params shapes: ((832, 256), (256,))
I | 06-14 12:07:20 |   absl   | ScaleAndShiftDiagonal, tag name: Auto[tag_variant=scale_and_shift(3)|match_type=scale_only_broadcast_1], params shapes: ((12, 2, 16),)
I | 06-14 12:07:20 |   absl   | ScaleAndShiftDiagonal, tag name: Auto[tag_variant=scale_and_shift(2)|match_type=scale_only_broadcast_1], params shapes: ((12, 2, 16),)
I | 06-14 12:07:20 |   absl   | ScaleAndShiftDiagonal, tag name: Auto[tag_variant=scale_and_shift(1)|match_type=scale_only_broadcast_1], params shapes: ((12, 2, 16),)
I | 06-14 12:07:20 |   absl   | ScaleAndShiftDiagonal, tag name: Auto[tag_variant=scale_and_shift(0)|match_type=scale_only_broadcast_1], params shapes: ((12, 2, 16),)
I | 06-14 12:07:20 |   absl   | RepeatedDenseBlock(parameter_specs=['abc -> (a)(bc)'], parameters_concat_axis=0), tag name: Auto[tag_variant=repeated_dense(9)|match_type=repeated[1]_flax_dense_no_bias], params shapes: ((256, 16, 12),)
I | 06-14 12:07:20 |   absl   | RepeatedDenseBlock(parameter_specs=['abc -> (a)(bc)'], parameters_concat_axis=0), tag name: Auto[tag_variant=repeated_dense(10)|match_type=repeated[1]_flax_dense_no_bias], params shapes: ((256, 16, 12),)
I | 06-14 12:07:20 |   absl   | RepeatedDenseBlock(parameter_specs=['abc -> (a)(bc)'], parameters_concat_axis=0), tag name: Auto[tag_variant=repeated_dense(7)|match_type=repeated[1]_flax_dense_no_bias], params shapes: ((256, 16, 12),)
I | 06-14 12:07:20 |   absl   | RepeatedDenseBlock(parameter_specs=['abc -> (a)(bc)'], parameters_concat_axis=0), tag name: Auto[tag_variant=repeated_dense(8)|match_type=repeated[1]_flax_dense_no_bias], params shapes: ((256, 16, 12),)
I | 06-14 12:07:20 |   absl   | ==================================================
I | 06-14 12:07:21 |  train   | Start 10000 train steps.
W | 06-14 12:07:21 |  train   | Disabling check_vma (incompatible with KFAC).
I | 06-14 12:07:21 |  jaqmc   | Start burn in 100 steps.
I | 06-14 12:07:28 |  jaqmc   | Burn in 100 steps complete.
WARNING:[folx]() - rem not in registry. The following call might be slow as we will compute the full hessian.
WARNING:[folx]() - rem not in registry. The following call might be slow as we will compute the full hessian.
WARNING:[folx]() - round not in registry. The following call might be slow as we will compute the full hessian.
WARNING:[folx]() - rem not in registry. The following call might be slow as we will compute the full hessian.
WARNING:[folx]() - rem not in registry. The following call might be slow as we will compute the full hessian.
WARNING:[folx]() - round not in registry. The following call might be slow as we will compute the full hessian.
E0614 12:07:38.858374 2487872 cuda_timer.cc:87] Delay kernel timed out: measured time has sub-optimal accuracy. There may be a missing warmup execution, please investigate in Nsight Systems.
I | 06-14 12:09:12 |  train   | step=0, pmove=0.50, energy=-25.8916+0.0480j
I | 06-14 12:09:13 |  train   | step=1, pmove=0.50, energy=-25.8427-0.0175j
I | 06-14 12:09:14 |  train   | step=2, pmove=0.50, energy=-25.7719-0.1078j
I | 06-14 12:09:14 |  train   | step=3, pmove=0.50, energy=-26.2195-0.0393j
I | 06-14 12:09:15 |  train   | step=4, pmove=0.50, energy=-26.4169-0.0495j
I | 06-14 12:09:16 |  train   | step=5, pmove=0.50, energy=-26.4948-0.1749j
I | 06-14 12:09:16 |  train   | step=6, pmove=0.50, energy=-26.7345+0.0056j
I | 06-14 12:09:17 |  train   | step=7, pmove=0.50, energy=-26.7600-0.0304j
I | 06-14 12:09:17 |  train   | step=8, pmove=0.50, energy=-26.8018-0.1055j
I | 06-14 12:09:18 |  train   | step=9, pmove=0.50, energy=-26.9172+0.0152j
I | 06-14 12:09:19 |  train   | step=10, pmove=0.51, energy=-26.9487-0.0153j
I | 06-14 12:09:19 |  train   | step=11, pmove=0.50, energy=-27.2424-0.0559j
I | 06-14 12:09:20 |  train   | step=12, pmove=0.50, energy=-27.5466-0.0276j
I | 06-14 12:09:21 |  train   | step=13, pmove=0.50, energy=-27.4938-0.0453j
I | 06-14 12:09:21 |  train   | step=14, pmove=0.50, energy=-27.6018-0.0610j
I | 06-14 12:09:22 |  train   | step=15, pmove=0.50, energy=-27.6789+0.0442j
I | 06-14 12:09:23 |  train   | step=16, pmove=0.50, energy=-28.0497+0.0802j
I | 06-14 12:09:23 |  train   | step=17, pmove=0.50, energy=-27.8955-0.0079j
I | 06-14 12:09:24 |  train   | step=18, pmove=0.51, energy=-28.2771+0.0412j
I | 06-14 12:09:24 |  train   | step=19, pmove=0.51, energy=-28.5798-0.0503j
I | 06-14 12:09:25 |  train   | step=20, pmove=0.50, energy=-28.3708-0.0872j
I | 06-14 12:09:26 |  train   | step=21, pmove=0.50, energy=-28.5985-0.0726j
I | 06-14 12:09:26 |  train   | step=22, pmove=0.50, energy=-28.5461-0.0062j
I | 06-14 12:09:27 |  train   | step=23, pmove=0.50, energy=-28.7848+0.0144j
I | 06-14 12:09:28 |  train   | step=24, pmove=0.50, energy=-29.3315-0.0784j
I | 06-14 12:09:28 |  train   | step=25, pmove=0.51, energy=-29.3158+0.0412j
I | 06-14 12:09:29 |  train   | step=26, pmove=0.50, energy=-29.3723+0.0079j
I | 06-14 12:09:30 |  train   | step=27, pmove=0.51, energy=-29.9989-0.0473j
I | 06-14 12:09:30 |  train   | step=28, pmove=0.51, energy=-29.8724-0.0590j
I | 06-14 12:09:31 |  train   | step=29, pmove=0.51, energy=-30.1210-0.0797j
I | 06-14 12:09:31 |  train   | step=30, pmove=0.50, energy=-30.0196+0.0103j
I | 06-14 12:09:32 |  train   | step=31, pmove=0.50, energy=-30.7564-0.0464j
I | 06-14 12:09:33 |  train   | step=32, pmove=0.51, energy=-30.8674+0.0249j
I | 06-14 12:09:33 |  train   | step=33, pmove=0.51, energy=-31.1882+0.0779j
I | 06-14 12:09:34 |  train   | step=34, pmove=0.50, energy=-31.5061+0.0470j
I | 06-14 12:09:35 |  train   | step=35, pmove=0.50, energy=-31.5749+0.0481j
I | 06-14 12:09:35 |  train   | step=36, pmove=0.50, energy=-31.9006+0.0415j
I | 06-14 12:09:36 |  train   | step=37, pmove=0.50, energy=-31.8266-0.0043j
I | 06-14 12:09:37 |  train   | step=38, pmove=0.50, energy=-32.2817-0.0067j
I | 06-14 12:09:37 |  train   | step=39, pmove=0.51, energy=-32.3673-0.0487j
I | 06-14 12:09:38 |  train   | step=40, pmove=0.50, energy=-33.0305+0.0019j
I | 06-14 12:09:38 |  train   | step=41, pmove=0.50, energy=-33.1192-0.0281j
I | 06-14 12:09:39 |  train   | step=42, pmove=0.50, energy=-33.8980+0.0189j
I | 06-14 12:09:40 |  train   | step=43, pmove=0.50, energy=-34.2595-0.0033j
I | 06-14 12:09:40 |  train   | step=44, pmove=0.50, energy=-34.3439+0.0610j
I | 06-14 12:09:41 |  train   | step=45, pmove=0.50, energy=-34.4726-0.0088j
I | 06-14 12:09:42 |  train   | step=46, pmove=0.50, energy=-34.8252-0.0482j
I | 06-14 12:09:42 |  train   | step=47, pmove=0.50, energy=-35.1599-0.0142j
I | 06-14 12:09:43 |  train   | step=48, pmove=0.50, energy=-35.4376+0.0163j
I | 06-14 12:09:43 |  train   | step=49, pmove=0.50, energy=-36.1288-0.0055j
I | 06-14 12:09:44 |  train   | step=50, pmove=0.50, energy=-36.2641-0.0292j
I | 06-14 12:09:45 |  train   | step=51, pmove=0.50, energy=-36.4436-0.0284j
I | 06-14 12:09:45 |  train   | step=52, pmove=0.50, energy=-36.8829-0.0088j
I | 06-14 12:09:46 |  train   | step=53, pmove=0.50, energy=-37.0591+0.0086j
I | 06-14 12:09:47 |  train   | step=54, pmove=0.49, energy=-37.2954-0.0048j
I | 06-14 12:09:47 |  train   | step=55, pmove=0.50, energy=-37.8410+0.0453j
I | 06-14 12:09:48 |  train   | step=56, pmove=0.50, energy=-38.1663-0.0356j
I | 06-14 12:09:49 |  train   | step=57, pmove=0.51, energy=-38.5775+0.0401j
I | 06-14 12:09:49 |  train   | step=58, pmove=0.50, energy=-38.7644+0.0025j
I | 06-14 12:09:50 |  train   | step=59, pmove=0.50, energy=-39.0258+0.0112j
I | 06-14 12:09:50 |  train   | step=60, pmove=0.50, energy=-39.4417-0.0247j
I | 06-14 12:09:51 |  train   | step=61, pmove=0.50, energy=-39.2049+0.0305j
I | 06-14 12:09:52 |  train   | step=62, pmove=0.50, energy=-39.6824+0.0321j
I | 06-14 12:09:52 |  train   | step=63, pmove=0.50, energy=-39.4731-0.0598j
I | 06-14 12:09:53 |  train   | step=64, pmove=0.50, energy=-40.3224+0.0186j
I | 06-14 12:09:54 |  train   | step=65, pmove=0.50, energy=-40.5273-0.0288j
I | 06-14 12:09:54 |  train   | step=66, pmove=0.50, energy=-40.6302+0.0465j
I | 06-14 12:09:55 |  train   | step=67, pmove=0.50, energy=-40.8634+0.0063j
I | 06-14 12:09:56 |  train   | step=68, pmove=0.50, energy=-41.1280+0.0209j
I | 06-14 12:09:56 |  train   | step=69, pmove=0.50, energy=-41.1365+0.0353j
I | 06-14 12:09:57 |  train   | step=70, pmove=0.50, energy=-41.3198+0.0408j
I | 06-14 12:09:57 |  train   | step=71, pmove=0.50, energy=-41.6620+0.0544j
I | 06-14 12:09:58 |  train   | step=72, pmove=0.50, energy=-41.5717-0.0100j
I | 06-14 12:09:59 |  train   | step=73, pmove=0.50, energy=-41.6883+0.0452j
I | 06-14 12:09:59 |  train   | step=74, pmove=0.49, energy=-41.8880+0.0625j
I | 06-14 12:10:00 |  train   | step=75, pmove=0.49, energy=-42.2018+0.0517j
I | 06-14 12:10:01 |  train   | step=76, pmove=0.50, energy=-42.4048+0.0488j
I | 06-14 12:10:01 |  train   | step=77, pmove=0.50, energy=-42.5069+0.0307j
I | 06-14 12:10:02 |  train   | step=78, pmove=0.50, energy=-42.5837+0.0048j
I | 06-14 12:10:03 |  train   | step=79, pmove=0.50, energy=-42.7606+0.0190j
I | 06-14 12:10:03 |  train   | step=80, pmove=0.50, energy=-42.8758+0.0562j
I | 06-14 12:10:04 |  train   | step=81, pmove=0.49, energy=-42.9579-0.0434j
I | 06-14 12:10:04 |  train   | step=82, pmove=0.49, energy=-43.1364+0.0492j
I | 06-14 12:10:05 |  train   | step=83, pmove=0.49, energy=-43.2147+0.0046j
I | 06-14 12:10:06 |  train   | step=84, pmove=0.49, energy=-43.3772+0.0002j
I | 06-14 12:10:06 |  train   | step=85, pmove=0.48, energy=-43.4460-0.0110j
I | 06-14 12:10:07 |  train   | step=86, pmove=0.49, energy=-43.5139+0.0733j
I | 06-14 12:10:08 |  train   | step=87, pmove=0.49, energy=-43.3534+0.0121j
I | 06-14 12:10:08 |  train   | step=88, pmove=0.49, energy=-43.8258+0.0059j
I | 06-14 12:10:09 |  train   | step=89, pmove=0.49, energy=-43.7655+0.0313j
I | 06-14 12:10:10 |  train   | step=90, pmove=0.49, energy=-43.7391-0.0620j
I | 06-14 12:10:10 |  train   | step=91, pmove=0.49, energy=-43.9513-0.0612j
I | 06-14 12:10:11 |  train   | step=92, pmove=0.49, energy=-43.7505-0.0548j
I | 06-14 12:10:11 |  train   | step=93, pmove=0.49, energy=-43.7660-0.0218j
I | 06-14 12:10:12 |  train   | step=94, pmove=0.49, energy=-43.9868+0.0178j
I | 06-14 12:10:13 |  train   | step=95, pmove=0.48, energy=-44.0636-0.0533j
I | 06-14 12:10:13 |  train   | step=96, pmove=0.48, energy=-44.1589+0.0129j
I | 06-14 12:10:14 |  train   | step=97, pmove=0.48, energy=-44.4306+0.0330j
I | 06-14 12:10:15 |  train   | step=98, pmove=0.48, energy=-44.3297-0.0261j
I | 06-14 12:10:15 |  train   | step=99, pmove=0.48, energy=-44.4646-0.0240j
I | 06-14 12:10:16 |  train   | step=100, pmove=0.52, energy=-44.3724-0.1337j
I | 06-14 12:10:17 |  train   | step=101, pmove=0.52, energy=-44.7168+0.0168j
I | 06-14 12:10:17 |  train   | step=102, pmove=0.51, energy=-44.7975-0.0089j
I | 06-14 12:10:18 |  train   | step=103, pmove=0.51, energy=-44.6261-0.0288j
I | 06-14 12:10:18 |  train   | step=104, pmove=0.52, energy=-44.6638-0.0285j
I | 06-14 12:10:19 |  train   | step=105, pmove=0.52, energy=-44.8198-0.0298j
I | 06-14 12:10:20 |  train   | step=106, pmove=0.51, energy=-45.0107+0.0189j
I | 06-14 12:10:20 |  train   | step=107, pmove=0.51, energy=-45.1310+0.0125j
I | 06-14 12:10:21 |  train   | step=108, pmove=0.51, energy=-44.9440+0.0114j
I | 06-14 12:10:22 |  train   | step=109, pmove=0.51, energy=-44.9609+0.0161j
I | 06-14 12:10:22 |  train   | step=110, pmove=0.51, energy=-45.1321-0.0342j
I | 06-14 12:10:23 |  train   | step=111, pmove=0.51, energy=-45.3715+0.0009j
I | 06-14 12:10:24 |  train   | step=112, pmove=0.51, energy=-45.1459-0.0135j
I | 06-14 12:10:24 |  train   | step=113, pmove=0.51, energy=-45.2054-0.0636j
I | 06-14 12:10:25 |  train   | step=114, pmove=0.51, energy=-45.3530-0.0290j
I | 06-14 12:10:25 |  train   | step=115, pmove=0.51, energy=-45.3750-0.0187j
I | 06-14 12:10:26 |  train   | step=116, pmove=0.51, energy=-45.4162+0.0679j
I | 06-14 12:10:27 |  train   | step=117, pmove=0.51, energy=-45.6181-0.0147j
I | 06-14 12:10:27 |  train   | step=118, pmove=0.51, energy=-45.3734-0.0005j
I | 06-14 12:10:28 |  train   | step=119, pmove=0.51, energy=-45.6079+0.0414j
I | 06-14 12:10:29 |  train   | step=120, pmove=0.51, energy=-45.5908-0.0053j
I | 06-14 12:10:29 |  train   | step=121, pmove=0.51, energy=-45.6408-0.0431j
I | 06-14 12:10:30 |  train   | step=122, pmove=0.51, energy=-45.3844-0.0191j
I | 06-14 12:10:31 |  train   | step=123, pmove=0.51, energy=-45.6796-0.0056j
I | 06-14 12:10:31 |  train   | step=124, pmove=0.51, energy=-45.6826+0.0379j
I | 06-14 12:10:32 |  train   | step=125, pmove=0.51, energy=-45.7818+0.0151j
I | 06-14 12:10:32 |  train   | step=126, pmove=0.51, energy=-45.7346-0.0343j
I | 06-14 12:10:33 |  train   | step=127, pmove=0.51, energy=-45.8153-0.0063j
I | 06-14 12:10:34 |  train   | step=128, pmove=0.50, energy=-45.9052-0.0543j
I | 06-14 12:10:34 |  train   | step=129, pmove=0.51, energy=-45.9975-0.0198j
I | 06-14 12:10:35 |  train   | step=130, pmove=0.51, energy=-45.9887+0.0322j
I | 06-14 12:10:36 |  train   | step=131, pmove=0.51, energy=-46.1404+0.0085j
I | 06-14 12:10:36 |  train   | step=132, pmove=0.51, energy=-46.0971+0.0137j
I | 06-14 12:10:37 |  train   | step=133, pmove=0.50, energy=-46.2334+0.0288j
I | 06-14 12:10:38 |  train   | step=134, pmove=0.51, energy=-46.1581-0.0370j
I | 06-14 12:10:38 |  train   | step=135, pmove=0.51, energy=-46.2084+0.0313j
I | 06-14 12:10:39 |  train   | step=136, pmove=0.50, energy=-46.1273-0.0059j
I | 06-14 12:10:39 |  train   | step=137, pmove=0.50, energy=-46.1039+0.0054j
I | 06-14 12:10:40 |  train   | step=138, pmove=0.50, energy=-46.1212-0.0198j
I | 06-14 12:10:41 |  train   | step=139, pmove=0.50, energy=-46.2183+0.0133j
I | 06-14 12:10:41 |  train   | step=140, pmove=0.51, energy=-46.2535+0.0020j
I | 06-14 12:10:42 |  train   | step=141, pmove=0.50, energy=-46.2854-0.0160j
I | 06-14 12:10:43 |  train   | step=142, pmove=0.50, energy=-46.2609-0.0334j
I | 06-14 12:10:43 |  train   | step=143, pmove=0.50, energy=-46.2004+0.0430j
I | 06-14 12:10:44 |  train   | step=144, pmove=0.51, energy=-46.3331+0.0165j
I | 06-14 12:10:45 |  train   | step=145, pmove=0.50, energy=-46.4072+0.0117j
I | 06-14 12:10:45 |  train   | step=146, pmove=0.50, energy=-46.3617-0.0234j
I | 06-14 12:10:46 |  train   | step=147, pmove=0.50, energy=-46.3070-0.0045j
I | 06-14 12:10:46 |  train   | step=148, pmove=0.50, energy=-46.4119-0.0026j
I | 06-14 12:10:47 |  train   | step=149, pmove=0.50, energy=-46.4674-0.0098j
I | 06-14 12:10:48 |  train   | step=150, pmove=0.50, energy=-46.4806-0.0160j
I | 06-14 12:10:48 |  train   | step=151, pmove=0.50, energy=-46.4123-0.0202j
I | 06-14 12:10:49 |  train   | step=152, pmove=0.50, energy=-46.5336+0.0243j
I | 06-14 12:10:50 |  train   | step=153, pmove=0.50, energy=-46.5712-0.0109j
I | 06-14 12:10:50 |  train   | step=154, pmove=0.50, energy=-46.5198-0.0047j
I | 06-14 12:10:51 |  train   | step=155, pmove=0.50, energy=-46.4925-0.0262j
I | 06-14 12:10:51 |  train   | step=156, pmove=0.51, energy=-46.5337-0.0085j
I | 06-14 12:10:52 |  train   | step=157, pmove=0.51, energy=-46.5710-0.0089j
I | 06-14 12:10:53 |  train   | step=158, pmove=0.50, energy=-46.6045+0.0121j
I | 06-14 12:10:53 |  train   | step=159, pmove=0.50, energy=-46.6261-0.0148j
I | 06-14 12:10:54 |  train   | step=160, pmove=0.50, energy=-46.6125+0.0180j
I | 06-14 12:10:55 |  train   | step=161, pmove=0.49, energy=-46.5823+0.0186j
I | 06-14 12:10:55 |  train   | step=162, pmove=0.50, energy=-46.6427+0.0284j
I | 06-14 12:10:56 |  train   | step=163, pmove=0.50, energy=-46.6367+0.0003j
I | 06-14 12:10:57 |  train   | step=164, pmove=0.49, energy=-46.6264-0.0097j
I | 06-14 12:10:57 |  train   | step=165, pmove=0.50, energy=-46.6316+0.0118j
I | 06-14 12:10:58 |  train   | step=166, pmove=0.50, energy=-46.6670+0.0188j
I | 06-14 12:10:58 |  train   | step=167, pmove=0.50, energy=-46.7028+0.0175j
I | 06-14 12:10:59 |  train   | step=168, pmove=0.50, energy=-46.7070-0.0141j
I | 06-14 12:11:00 |  train   | step=169, pmove=0.50, energy=-46.7953+0.0159j
I | 06-14 12:11:00 |  train   | step=170, pmove=0.50, energy=-46.6785-0.0009j
I | 06-14 12:11:01 |  train   | step=171, pmove=0.50, energy=-46.6769-0.0347j
I | 06-14 12:11:02 |  train   | step=172, pmove=0.50, energy=-46.6654-0.0173j
I | 06-14 12:11:02 |  train   | step=173, pmove=0.50, energy=-46.7087-0.0030j
I | 06-14 12:11:03 |  train   | step=174, pmove=0.50, energy=-46.7445+0.0180j
I | 06-14 12:11:04 |  train   | step=175, pmove=0.50, energy=-46.6737-0.0096j
I | 06-14 12:11:04 |  train   | step=176, pmove=0.50, energy=-46.6940-0.0100j
I | 06-14 12:11:05 |  train   | step=177, pmove=0.49, energy=-46.6868-0.0021j
I | 06-14 12:11:05 |  train   | step=178, pmove=0.50, energy=-46.7412+0.0000j
I | 06-14 12:11:06 |  train   | step=179, pmove=0.50, energy=-46.7538+0.0229j
I | 06-14 12:11:07 |  train   | step=180, pmove=0.50, energy=-46.7625-0.0186j
I | 06-14 12:11:07 |  train   | step=181, pmove=0.49, energy=-46.8453+0.0026j
I | 06-14 12:11:08 |  train   | step=182, pmove=0.50, energy=-46.7484+0.0158j
I | 06-14 12:11:09 |  train   | step=183, pmove=0.50, energy=-46.7695-0.0107j
I | 06-14 12:11:09 |  train   | step=184, pmove=0.50, energy=-46.7594-0.0215j
I | 06-14 12:11:10 |  train   | step=185, pmove=0.50, energy=-46.8582-0.0091j
I | 06-14 12:11:11 |  train   | step=186, pmove=0.50, energy=-46.7842-0.0103j
I | 06-14 12:11:11 |  train   | step=187, pmove=0.50, energy=-46.8388+0.0121j
I | 06-14 12:11:12 |  train   | step=188, pmove=0.50, energy=-46.7088-0.0634j
I | 06-14 12:11:12 |  train   | step=189, pmove=0.50, energy=-46.7092+0.0056j
I | 06-14 12:11:13 |  train   | step=190, pmove=0.50, energy=-46.7766+0.0020j
I | 06-14 12:11:14 |  train   | step=191, pmove=0.50, energy=-46.8807-0.0133j
I | 06-14 12:11:14 |  train   | step=192, pmove=0.50, energy=-46.8562+0.0021j
I | 06-14 12:11:15 |  train   | step=193, pmove=0.50, energy=-46.7604+0.0192j
I | 06-14 12:11:16 |  train   | step=194, pmove=0.50, energy=-46.8063-0.0177j
I | 06-14 12:11:16 |  train   | step=195, pmove=0.50, energy=-46.8554-0.0343j
I | 06-14 12:11:17 |  train   | step=196, pmove=0.50, energy=-46.9069-0.0178j
I | 06-14 12:11:18 |  train   | step=197, pmove=0.50, energy=-46.7900-0.0118j
I | 06-14 12:11:18 |  train   | step=198, pmove=0.50, energy=-46.7788+0.0068j
I | 06-14 12:11:19 |  train   | step=199, pmove=0.50, energy=-46.8893+0.0004j
I | 06-14 12:11:19 |  train   | step=200, pmove=0.49, energy=-46.8012-0.0041j
I | 06-14 12:11:20 |  train   | step=201, pmove=0.50, energy=-46.8842+0.0215j
I | 06-14 12:11:21 |  train   | step=202, pmove=0.49, energy=-46.7590+0.0082j
I | 06-14 12:11:21 |  train   | step=203, pmove=0.50, energy=-46.8543+0.0060j
I | 06-14 12:11:22 |  train   | step=204, pmove=0.50, energy=-46.7983+0.0201j
I | 06-14 12:11:23 |  train   | step=205, pmove=0.50, energy=-46.9099-0.0045j
I | 06-14 12:11:23 |  train   | step=206, pmove=0.50, energy=-46.9339+0.0051j
I | 06-14 12:11:24 |  train   | step=207, pmove=0.50, energy=-46.8863+0.0007j
I | 06-14 12:11:25 |  train   | step=208, pmove=0.50, energy=-46.8771+0.0036j
I | 06-14 12:11:25 |  train   | step=209, pmove=0.50, energy=-46.9255+0.0085j
I | 06-14 12:11:26 |  train   | step=210, pmove=0.49, energy=-46.9344-0.0090j
I | 06-14 12:11:26 |  train   | step=211, pmove=0.50, energy=-46.9274+0.0189j
I | 06-14 12:11:27 |  train   | step=212, pmove=0.49, energy=-46.8393-0.0080j
I | 06-14 12:11:28 |  train   | step=213, pmove=0.50, energy=-46.9033+0.0303j
I | 06-14 12:11:28 |  train   | step=214, pmove=0.50, energy=-46.9066-0.0099j
I | 06-14 12:11:29 |  train   | step=215, pmove=0.50, energy=-46.8767+0.0064j
I | 06-14 12:11:30 |  train   | step=216, pmove=0.49, energy=-46.8863-0.0291j
I | 06-14 12:11:30 |  train   | step=217, pmove=0.50, energy=-46.9203-0.0098j
I | 06-14 12:11:31 |  train   | step=218, pmove=0.50, energy=-46.8907+0.0053j
I | 06-14 12:11:32 |  train   | step=219, pmove=0.50, energy=-46.8282-0.0167j
I | 06-14 12:11:32 |  train   | step=220, pmove=0.50, energy=-46.9005+0.0070j
I | 06-14 12:11:33 |  train   | step=221, pmove=0.50, energy=-46.9648+0.0117j
I | 06-14 12:11:33 |  train   | step=222, pmove=0.49, energy=-46.9413+0.0160j
I | 06-14 12:11:34 |  train   | step=223, pmove=0.50, energy=-46.8657+0.0003j
I | 06-14 12:11:35 |  train   | step=224, pmove=0.50, energy=-46.9924-0.0138j
I | 06-14 12:11:35 |  train   | step=225, pmove=0.50, energy=-46.9699-0.0061j
I | 06-14 12:11:36 |  train   | step=226, pmove=0.50, energy=-46.9670-0.0013j
I | 06-14 12:11:37 |  train   | step=227, pmove=0.50, energy=-46.9048-0.0336j
I | 06-14 12:11:37 |  train   | step=228, pmove=0.49, energy=-46.8783+0.0062j
I | 06-14 12:11:38 |  train   | step=229, pmove=0.50, energy=-46.9110-0.0098j
I | 06-14 12:11:39 |  train   | step=230, pmove=0.50, energy=-46.9818+0.0039j
I | 06-14 12:11:39 |  train   | step=231, pmove=0.50, energy=-46.8969-0.0080j
I | 06-14 12:11:40 |  train   | step=232, pmove=0.50, energy=-46.9203-0.0048j
I | 06-14 12:11:40 |  train   | step=233, pmove=0.50, energy=-47.0436-0.0212j
I | 06-14 12:11:41 |  train   | step=234, pmove=0.50, energy=-46.9602+0.0133j
I | 06-14 12:11:42 |  train   | step=235, pmove=0.50, energy=-46.9904-0.0149j
I | 06-14 12:11:42 |  train   | step=236, pmove=0.50, energy=-46.9691+0.0054j
I | 06-14 12:11:43 |  train   | step=237, pmove=0.50, energy=-46.9195-0.0040j
I | 06-14 12:11:44 |  train   | step=238, pmove=0.49, energy=-46.9035-0.0029j
I | 06-14 12:11:44 |  train   | step=239, pmove=0.50, energy=-46.9519-0.0028j
I | 06-14 12:11:45 |  train   | step=240, pmove=0.50, energy=-46.9560+0.0152j
I | 06-14 12:11:46 |  train   | step=241, pmove=0.50, energy=-46.9251+0.0138j
I | 06-14 12:11:46 |  train   | step=242, pmove=0.50, energy=-46.8880+0.0238j
I | 06-14 12:11:47 |  train   | step=243, pmove=0.50, energy=-46.9423-0.0061j
I | 06-14 12:11:47 |  train   | step=244, pmove=0.49, energy=-46.9289-0.0014j
I | 06-14 12:11:48 |  train   | step=245, pmove=0.50, energy=-46.9616-0.0011j
I | 06-14 12:11:49 |  train   | step=246, pmove=0.50, energy=-47.0069+0.0287j
I | 06-14 12:11:49 |  train   | step=247, pmove=0.50, energy=-46.9552+0.0107j
I | 06-14 12:11:50 |  train   | step=248, pmove=0.50, energy=-46.9361-0.0074j
I | 06-14 12:11:51 |  train   | step=249, pmove=0.51, energy=-47.0065-0.0139j
I | 06-14 12:11:51 |  train   | step=250, pmove=0.50, energy=-46.9423-0.0009j
I | 06-14 12:11:52 |  train   | step=251, pmove=0.49, energy=-46.9677-0.0040j
I | 06-14 12:11:53 |  train   | step=252, pmove=0.50, energy=-46.9282-0.0031j
I | 06-14 12:11:53 |  train   | step=253, pmove=0.50, energy=-46.9906-0.0020j
I | 06-14 12:11:54 |  train   | step=254, pmove=0.50, energy=-46.9992+0.0019j
I | 06-14 12:11:54 |  train   | step=255, pmove=0.50, energy=-46.9862+0.0078j
I | 06-14 12:11:55 |  train   | step=256, pmove=0.50, energy=-46.9707+0.0060j
I | 06-14 12:11:56 |  train   | step=257, pmove=0.49, energy=-47.0074-0.0189j
I | 06-14 12:11:56 |  train   | step=258, pmove=0.50, energy=-47.0177+0.0105j
I | 06-14 12:11:57 |  train   | step=259, pmove=0.50, energy=-46.9491+0.0116j
I | 06-14 12:11:58 |  train   | step=260, pmove=0.50, energy=-46.9526+0.0023j
I | 06-14 12:11:58 |  train   | step=261, pmove=0.50, energy=-46.9862+0.0056j
I | 06-14 12:11:59 |  train   | step=262, pmove=0.50, energy=-47.0282+0.0113j
I | 06-14 12:12:00 |  train   | step=263, pmove=0.49, energy=-46.9656-0.0206j
I | 06-14 12:12:00 |  train   | step=264, pmove=0.50, energy=-46.9834-0.0178j
I | 06-14 12:12:01 |  train   | step=265, pmove=0.49, energy=-47.0246-0.0048j
I | 06-14 12:12:01 |  train   | step=266, pmove=0.50, energy=-47.0205-0.0069j
I | 06-14 12:12:02 |  train   | step=267, pmove=0.50, energy=-46.9982+0.0166j
I | 06-14 12:12:03 |  train   | step=268, pmove=0.49, energy=-47.0037+0.0070j
I | 06-14 12:12:03 |  train   | step=269, pmove=0.49, energy=-46.9735+0.0106j
I | 06-14 12:12:04 |  train   | step=270, pmove=0.49, energy=-47.0266+0.0059j
I | 06-14 12:12:05 |  train   | step=271, pmove=0.49, energy=-46.9900+0.0180j
I | 06-14 12:12:05 |  train   | step=272, pmove=0.50, energy=-46.9620+0.0026j
I | 06-14 12:12:06 |  train   | step=273, pmove=0.49, energy=-46.9980+0.0070j
I | 06-14 12:12:07 |  train   | step=274, pmove=0.50, energy=-46.9885+0.0106j
I | 06-14 12:12:07 |  train   | step=275, pmove=0.50, energy=-46.9772+0.0091j
I | 06-14 12:12:08 |  train   | step=276, pmove=0.50, energy=-46.9722+0.0149j
I | 06-14 12:12:08 |  train   | step=277, pmove=0.50, energy=-47.0062-0.0097j
I | 06-14 12:12:09 |  train   | step=278, pmove=0.50, energy=-46.9686-0.0029j
I | 06-14 12:12:10 |  train   | step=279, pmove=0.49, energy=-47.0369-0.0087j
I | 06-14 12:12:10 |  train   | step=280, pmove=0.50, energy=-46.9686-0.0028j
I | 06-14 12:12:11 |  train   | step=281, pmove=0.50, energy=-46.9165-0.0162j
I | 06-14 12:12:12 |  train   | step=282, pmove=0.50, energy=-47.0524+0.0167j
I | 06-14 12:12:12 |  train   | step=283, pmove=0.50, energy=-46.9816-0.0088j
I | 06-14 12:12:13 |  train   | step=284, pmove=0.50, energy=-46.9717-0.0018j
I | 06-14 12:12:13 |  train   | step=285, pmove=0.49, energy=-46.9841+0.0015j
I | 06-14 12:12:14 |  train   | step=286, pmove=0.50, energy=-47.0839-0.0077j
I | 06-14 12:12:15 |  train   | step=287, pmove=0.49, energy=-46.9656-0.0018j
I | 06-14 12:12:15 |  train   | step=288, pmove=0.50, energy=-47.0202+0.0087j
I | 06-14 12:12:16 |  train   | step=289, pmove=0.49, energy=-47.0603-0.0075j
I | 06-14 12:12:17 |  train   | step=290, pmove=0.50, energy=-46.9760+0.0214j
I | 06-14 12:12:17 |  train   | step=291, pmove=0.49, energy=-47.0245+0.0189j
I | 06-14 12:12:18 |  train   | step=292, pmove=0.50, energy=-47.0189-0.0057j
I | 06-14 12:12:19 |  train   | step=293, pmove=0.50, energy=-47.0356+0.0091j
I | 06-14 12:12:19 |  train   | step=294, pmove=0.50, energy=-46.9911-0.0099j
I | 06-14 12:12:20 |  train   | step=295, pmove=0.50, energy=-46.9622+0.0149j
I | 06-14 12:12:20 |  train   | step=296, pmove=0.50, energy=-46.9821-0.0293j
I | 06-14 12:12:21 |  train   | step=297, pmove=0.49, energy=-47.0695-0.0192j
I | 06-14 12:12:22 |  train   | step=298, pmove=0.49, energy=-46.9976+0.0065j
I | 06-14 12:12:22 |  train   | step=299, pmove=0.50, energy=-47.0384+0.0025j
I | 06-14 12:12:23 |  train   | step=300, pmove=0.54, energy=-47.0238+0.0002j
I | 06-14 12:12:24 |  train   | step=301, pmove=0.53, energy=-47.0305+0.0006j
I | 06-14 12:12:24 |  train   | step=302, pmove=0.54, energy=-47.0109+0.0018j
I | 06-14 12:12:25 |  train   | step=303, pmove=0.54, energy=-47.0796+0.0019j
I | 06-14 12:12:26 |  train   | step=304, pmove=0.54, energy=-47.0508-0.0093j
I | 06-14 12:12:26 |  train   | step=305, pmove=0.53, energy=-47.0922+0.0121j
I | 06-14 12:12:27 |  train   | step=306, pmove=0.53, energy=-47.0112+0.0130j
I | 06-14 12:12:27 |  train   | step=307, pmove=0.53, energy=-47.0739+0.0210j
I | 06-14 12:12:28 |  train   | step=308, pmove=0.53, energy=-47.0248-0.0167j
I | 06-14 12:12:29 |  train   | step=309, pmove=0.53, energy=-47.0776-0.0129j
I | 06-14 12:12:29 |  train   | step=310, pmove=0.54, energy=-47.0019+0.0059j
I | 06-14 12:12:30 |  train   | step=311, pmove=0.54, energy=-46.9875+0.0194j
I | 06-14 12:12:31 |  train   | step=312, pmove=0.54, energy=-46.9958+0.0056j
I | 06-14 12:12:31 |  train   | step=313, pmove=0.53, energy=-47.0260+0.0062j
I | 06-14 12:12:32 |  train   | step=314, pmove=0.53, energy=-47.0084-0.0011j
I | 06-14 12:12:33 |  train   | step=315, pmove=0.54, energy=-47.0494+0.0104j
I | 06-14 12:12:33 |  train   | step=316, pmove=0.53, energy=-47.0220+0.0209j
I | 06-14 12:12:34 |  train   | step=317, pmove=0.53, energy=-46.9788-0.0293j
I | 06-14 12:12:34 |  train   | step=318, pmove=0.54, energy=-47.0165+0.0168j
I | 06-14 12:12:35 |  train   | step=319, pmove=0.53, energy=-47.0717+0.0097j
I | 06-14 12:12:36 |  train   | step=320, pmove=0.54, energy=-47.0314+0.0042j
I | 06-14 12:12:36 |  train   | step=321, pmove=0.54, energy=-47.0303+0.0148j
I | 06-14 12:12:37 |  train   | step=322, pmove=0.54, energy=-47.0188-0.0017j
I | 06-14 12:12:38 |  train   | step=323, pmove=0.53, energy=-47.0172+0.0139j
I | 06-14 12:12:38 |  train   | step=324, pmove=0.54, energy=-47.0195-0.0217j
I | 06-14 12:12:39 |  train   | step=325, pmove=0.54, energy=-47.0705+0.0029j
I | 06-14 12:12:40 |  train   | step=326, pmove=0.53, energy=-47.0221-0.0185j
I | 06-14 12:12:40 |  train   | step=327, pmove=0.53, energy=-47.0287-0.0047j
I | 06-14 12:12:41 |  train   | step=328, pmove=0.53, energy=-46.9857+0.0089j
I | 06-14 12:12:41 |  train   | step=329, pmove=0.53, energy=-47.0546+0.0120j
I | 06-14 12:12:42 |  train   | step=330, pmove=0.54, energy=-47.0190+0.0035j
I | 06-14 12:12:43 |  train   | step=331, pmove=0.53, energy=-47.0164+0.0310j
I | 06-14 12:12:43 |  train   | step=332, pmove=0.54, energy=-47.0381+0.0036j
I | 06-14 12:12:44 |  train   | step=333, pmove=0.53, energy=-47.0749+0.0033j
I | 06-14 12:12:45 |  train   | step=334, pmove=0.53, energy=-47.0328+0.0057j
I | 06-14 12:12:45 |  train   | step=335, pmove=0.53, energy=-47.0694+0.0187j
I | 06-14 12:12:46 |  train   | step=336, pmove=0.54, energy=-47.0644+0.0150j
I | 06-14 12:12:47 |  train   | step=337, pmove=0.53, energy=-47.0283+0.0071j
I | 06-14 12:12:47 |  train   | step=338, pmove=0.54, energy=-47.0550+0.0101j
I | 06-14 12:12:48 |  train   | step=339, pmove=0.53, energy=-47.0742-0.0120j
I | 06-14 12:12:48 |  train   | step=340, pmove=0.54, energy=-47.0593+0.0188j
I | 06-14 12:12:49 |  train   | step=341, pmove=0.53, energy=-47.0038-0.0204j
I | 06-14 12:12:50 |  train   | step=342, pmove=0.54, energy=-47.0092-0.0023j
I | 06-14 12:12:50 |  train   | step=343, pmove=0.53, energy=-47.0061+0.0137j
I | 06-14 12:12:51 |  train   | step=344, pmove=0.54, energy=-47.0380+0.0016j
I | 06-14 12:12:52 |  train   | step=345, pmove=0.53, energy=-47.0792-0.0118j
I | 06-14 12:12:52 |  train   | step=346, pmove=0.53, energy=-47.0340-0.0014j
I | 06-14 12:12:53 |  train   | step=347, pmove=0.53, energy=-47.0444-0.0035j
I | 06-14 12:12:54 |  train   | step=348, pmove=0.54, energy=-47.0949-0.0177j
I | 06-14 12:12:54 |  train   | step=349, pmove=0.53, energy=-47.0537+0.0026j
I | 06-14 12:12:55 |  train   | step=350, pmove=0.53, energy=-47.0762-0.0090j
I | 06-14 12:12:55 |  train   | step=351, pmove=0.53, energy=-47.0881+0.0004j
I | 06-14 12:12:56 |  train   | step=352, pmove=0.53, energy=-47.1044+0.0049j
I | 06-14 12:12:57 |  train   | step=353, pmove=0.53, energy=-47.0362+0.0081j
I | 06-14 12:12:57 |  train   | step=354, pmove=0.54, energy=-47.0959-0.0076j
I | 06-14 12:12:58 |  train   | step=355, pmove=0.54, energy=-47.0541-0.0193j
I | 06-14 12:12:59 |  train   | step=356, pmove=0.54, energy=-47.0402-0.0045j
I | 06-14 12:12:59 |  train   | step=357, pmove=0.53, energy=-47.0529-0.0123j
I | 06-14 12:13:00 |  train   | step=358, pmove=0.54, energy=-47.0597-0.0295j
I | 06-14 12:13:01 |  train   | step=359, pmove=0.53, energy=-47.0544-0.0154j
I | 06-14 12:13:01 |  train   | step=360, pmove=0.54, energy=-46.9990-0.0215j
I | 06-14 12:13:02 |  train   | step=361, pmove=0.53, energy=-47.0780-0.0038j
I | 06-14 12:13:02 |  train   | step=362, pmove=0.54, energy=-47.0337-0.0143j
I | 06-14 12:13:03 |  train   | step=363, pmove=0.54, energy=-47.0301+0.0025j
I | 06-14 12:13:04 |  train   | step=364, pmove=0.54, energy=-47.0672-0.0090j
I | 06-14 12:13:04 |  train   | step=365, pmove=0.53, energy=-47.1192+0.0130j
I | 06-14 12:13:05 |  train   | step=366, pmove=0.53, energy=-47.1107-0.0063j
I | 06-14 12:13:06 |  train   | step=367, pmove=0.53, energy=-47.1038-0.0112j
I | 06-14 12:13:06 |  train   | step=368, pmove=0.53, energy=-47.0882+0.0089j
I | 06-14 12:13:07 |  train   | step=369, pmove=0.53, energy=-47.0669-0.0013j
I | 06-14 12:13:08 |  train   | step=370, pmove=0.54, energy=-47.0145+0.0097j
I | 06-14 12:13:08 |  train   | step=371, pmove=0.53, energy=-47.0603-0.0107j
I | 06-14 12:13:09 |  train   | step=372, pmove=0.54, energy=-47.0913+0.0151j
I | 06-14 12:13:09 |  train   | step=373, pmove=0.54, energy=-47.0901-0.0025j
I | 06-14 12:13:10 |  train   | step=374, pmove=0.53, energy=-47.0467+0.0045j
I | 06-14 12:13:11 |  train   | step=375, pmove=0.53, energy=-47.0654+0.0137j
I | 06-14 12:13:11 |  train   | step=376, pmove=0.54, energy=-47.0426+0.0050j
I | 06-14 12:13:12 |  train   | step=377, pmove=0.53, energy=-47.0568+0.0077j
I | 06-14 12:13:13 |  train   | step=378, pmove=0.54, energy=-47.0267+0.0031j
I | 06-14 12:13:13 |  train   | step=379, pmove=0.53, energy=-47.0689-0.0121j
I | 06-14 12:13:14 |  train   | step=380, pmove=0.54, energy=-47.0212-0.0018j
I | 06-14 12:13:15 |  train   | step=381, pmove=0.53, energy=-47.0626-0.0214j
I | 06-14 12:13:15 |  train   | step=382, pmove=0.54, energy=-47.0693-0.0121j
I | 06-14 12:13:16 |  train   | step=383, pmove=0.53, energy=-47.0855+0.0053j
I | 06-14 12:13:16 |  train   | step=384, pmove=0.54, energy=-47.0785-0.0006j
I | 06-14 12:13:17 |  train   | step=385, pmove=0.53, energy=-47.0517+0.0001j
I | 06-14 12:13:18 |  train   | step=386, pmove=0.54, energy=-47.0629+0.0001j
I | 06-14 12:13:18 |  train   | step=387, pmove=0.53, energy=-47.0469-0.0063j
I | 06-14 12:13:19 |  train   | step=388, pmove=0.53, energy=-47.0263+0.0165j
I | 06-14 12:13:20 |  train   | step=389, pmove=0.54, energy=-47.1306+0.0040j
I | 06-14 12:13:20 |  train   | step=390, pmove=0.54, energy=-47.0450+0.0148j
I | 06-14 12:13:21 |  train   | step=391, pmove=0.53, energy=-47.0592-0.0103j
I | 06-14 12:13:21 |  train   | step=392, pmove=0.53, energy=-47.0498+0.0074j
I | 06-14 12:13:22 |  train   | step=393, pmove=0.54, energy=-47.0401+0.0018j
I | 06-14 12:13:23 |  train   | step=394, pmove=0.53, energy=-47.0728-0.0079j
I | 06-14 12:13:23 |  train   | step=395, pmove=0.53, energy=-47.1001-0.0146j
I | 06-14 12:13:24 |  train   | step=396, pmove=0.54, energy=-47.0393-0.0128j
I | 06-14 12:13:25 |  train   | step=397, pmove=0.53, energy=-47.0493-0.0031j
I | 06-14 12:13:25 |  train   | step=398, pmove=0.54, energy=-47.0611+0.0178j
I | 06-14 12:13:26 |  train   | step=399, pmove=0.53, energy=-47.0775-0.0147j
I | 06-14 12:13:27 |  train   | step=400, pmove=0.53, energy=-47.0465+0.0004j
I | 06-14 12:13:27 |  train   | step=401, pmove=0.53, energy=-47.0975+0.0065j
I | 06-14 12:13:28 |  train   | step=402, pmove=0.54, energy=-47.0880+0.0113j
I | 06-14 12:13:28 |  train   | step=403, pmove=0.53, energy=-47.0774-0.0154j
I | 06-14 12:13:29 |  train   | step=404, pmove=0.54, energy=-47.0860+0.0014j
I | 06-14 12:13:30 |  train   | step=405, pmove=0.53, energy=-47.0331-0.0008j
I | 06-14 12:13:30 |  train   | step=406, pmove=0.54, energy=-47.0650-0.0180j
I | 06-14 12:13:31 |  train   | step=407, pmove=0.53, energy=-47.0669-0.0044j
I | 06-14 12:13:32 |  train   | step=408, pmove=0.53, energy=-47.1080-0.0158j
I | 06-14 12:13:32 |  train   | step=409, pmove=0.53, energy=-47.0864-0.0175j
I | 06-14 12:13:33 |  train   | step=410, pmove=0.54, energy=-47.0452+0.0088j
I | 06-14 12:13:34 |  train   | step=411, pmove=0.53, energy=-47.0830+0.0081j
I | 06-14 12:13:34 |  train   | step=412, pmove=0.54, energy=-47.0931+0.0055j
I | 06-14 12:13:35 |  train   | step=413, pmove=0.54, energy=-47.1033-0.0042j
I | 06-14 12:13:35 |  train   | step=414, pmove=0.53, energy=-47.0499+0.0046j
I | 06-14 12:13:36 |  train   | step=415, pmove=0.53, energy=-47.0717+0.0020j
I | 06-14 12:13:37 |  train   | step=416, pmove=0.54, energy=-47.0686+0.0329j
I | 06-14 12:13:37 |  train   | step=417, pmove=0.53, energy=-47.0489-0.0041j
I | 06-14 12:13:38 |  train   | step=418, pmove=0.53, energy=-47.0362+0.0018j
I | 06-14 12:13:39 |  train   | step=419, pmove=0.53, energy=-47.0848+0.0118j
I | 06-14 12:13:39 |  train   | step=420, pmove=0.54, energy=-47.0471-0.0052j
I | 06-14 12:13:40 |  train   | step=421, pmove=0.53, energy=-47.0681+0.0034j
I | 06-14 12:13:41 |  train   | step=422, pmove=0.54, energy=-47.0961-0.0212j
I | 06-14 12:13:41 |  train   | step=423, pmove=0.53, energy=-47.0816-0.0053j
I | 06-14 12:13:42 |  train   | step=424, pmove=0.54, energy=-47.0812+0.0022j
I | 06-14 12:13:42 |  train   | step=425, pmove=0.53, energy=-47.1134+0.0101j
I | 06-14 12:13:43 |  train   | step=426, pmove=0.53, energy=-47.1279+0.0033j
I | 06-14 12:13:44 |  train   | step=427, pmove=0.54, energy=-47.0711+0.0160j
I | 06-14 12:13:44 |  train   | step=428, pmove=0.53, energy=-47.0774+0.0094j
I | 06-14 12:13:45 |  train   | step=429, pmove=0.53, energy=-47.1049-0.0108j
I | 06-14 12:13:46 |  train   | step=430, pmove=0.54, energy=-47.0518+0.0099j
I | 06-14 12:13:46 |  train   | step=431, pmove=0.54, energy=-47.0924+0.0006j
I | 06-14 12:13:47 |  train   | step=432, pmove=0.54, energy=-47.1329-0.0006j
I | 06-14 12:13:48 |  train   | step=433, pmove=0.53, energy=-47.0816-0.0027j
I | 06-14 12:13:48 |  train   | step=434, pmove=0.54, energy=-47.0718+0.0024j
I | 06-14 12:13:49 |  train   | step=435, pmove=0.53, energy=-47.0683-0.0033j
I | 06-14 12:13:49 |  train   | step=436, pmove=0.54, energy=-47.0903+0.0052j
I | 06-14 12:13:50 |  train   | step=437, pmove=0.53, energy=-47.0668+0.0013j
I | 06-14 12:13:51 |  train   | step=438, pmove=0.54, energy=-47.0902+0.0009j
I | 06-14 12:13:51 |  train   | step=439, pmove=0.54, energy=-47.1204-0.0034j
I | 06-14 12:13:52 |  train   | step=440, pmove=0.54, energy=-47.0575+0.0221j
I | 06-14 12:13:53 |  train   | step=441, pmove=0.53, energy=-47.0751-0.0039j
I | 06-14 12:13:53 |  train   | step=442, pmove=0.53, energy=-47.1122+0.0007j
I | 06-14 12:13:54 |  train   | step=443, pmove=0.54, energy=-47.1326+0.0090j
I | 06-14 12:13:55 |  train   | step=444, pmove=0.54, energy=-47.1538+0.0091j
I | 06-14 12:13:55 |  train   | step=445, pmove=0.53, energy=-47.0657+0.0070j
I | 06-14 12:13:56 |  train   | step=446, pmove=0.53, energy=-47.0652-0.0051j
I | 06-14 12:13:56 |  train   | step=447, pmove=0.53, energy=-47.0741+0.0045j
I | 06-14 12:13:57 |  train   | step=448, pmove=0.54, energy=-47.0911-0.0034j
I | 06-14 12:13:58 |  train   | step=449, pmove=0.53, energy=-47.1181+0.0014j
I | 06-14 12:13:58 |  train   | step=450, pmove=0.54, energy=-47.0794+0.0016j
I | 06-14 12:13:59 |  train   | step=451, pmove=0.54, energy=-47.0687+0.0076j
I | 06-14 12:14:00 |  train   | step=452, pmove=0.54, energy=-47.0492-0.0118j
I | 06-14 12:14:00 |  train   | step=453, pmove=0.53, energy=-47.1149+0.0084j
I | 06-14 12:14:01 |  train   | step=454, pmove=0.54, energy=-47.0872+0.0158j
I | 06-14 12:14:02 |  train   | step=455, pmove=0.53, energy=-47.0996+0.0056j
I | 06-14 12:14:02 |  train   | step=456, pmove=0.54, energy=-47.1109-0.0047j
I | 06-14 12:14:03 |  train   | step=457, pmove=0.53, energy=-47.1152+0.0055j
I | 06-14 12:14:03 |  train   | step=458, pmove=0.54, energy=-47.0553+0.0031j
I | 06-14 12:14:04 |  train   | step=459, pmove=0.53, energy=-47.0849+0.0126j
I | 06-14 12:14:05 |  train   | step=460, pmove=0.53, energy=-47.0670+0.0044j
I | 06-14 12:14:05 |  train   | step=461, pmove=0.53, energy=-47.0525+0.0027j
I | 06-14 12:14:06 |  train   | step=462, pmove=0.53, energy=-47.0879+0.0072j
I | 06-14 12:14:07 |  train   | step=463, pmove=0.54, energy=-47.0757+0.0087j
I | 06-14 12:14:07 |  train   | step=464, pmove=0.54, energy=-47.1187+0.0041j
I | 06-14 12:14:08 |  train   | step=465, pmove=0.53, energy=-47.0706+0.0124j
I | 06-14 12:14:09 |  train   | step=466, pmove=0.53, energy=-47.0853-0.0077j
I | 06-14 12:14:09 |  train   | step=467, pmove=0.54, energy=-47.1031-0.0084j
I | 06-14 12:14:10 |  train   | step=468, pmove=0.53, energy=-47.1058+0.0075j
I | 06-14 12:14:10 |  train   | step=469, pmove=0.54, energy=-47.1274+0.0066j
I | 06-14 12:14:11 |  train   | step=470, pmove=0.53, energy=-47.0563+0.0055j
I | 06-14 12:14:12 |  train   | step=471, pmove=0.54, energy=-47.0804+0.0060j
I | 06-14 12:14:12 |  train   | step=472, pmove=0.53, energy=-47.1129-0.0073j
I | 06-14 12:14:13 |  train   | step=473, pmove=0.54, energy=-47.0188+0.0113j
I | 06-14 12:14:14 |  train   | step=474, pmove=0.54, energy=-47.0674+0.0101j
I | 06-14 12:14:14 |  train   | step=475, pmove=0.54, energy=-47.0943-0.0006j
I | 06-14 12:14:15 |  train   | step=476, pmove=0.54, energy=-47.0589-0.0069j
I | 06-14 12:14:16 |  train   | step=477, pmove=0.54, energy=-47.1201-0.0117j
I | 06-14 12:14:16 |  train   | step=478, pmove=0.53, energy=-47.0734-0.0042j
I | 06-14 12:14:17 |  train   | step=479, pmove=0.53, energy=-47.1031+0.0085j
I | 06-14 12:14:17 |  train   | step=480, pmove=0.53, energy=-47.0916-0.0028j
I | 06-14 12:14:18 |  train   | step=481, pmove=0.53, energy=-47.0753-0.0057j
I | 06-14 12:14:19 |  train   | step=482, pmove=0.54, energy=-47.0612+0.0054j
I | 06-14 12:14:19 |  train   | step=483, pmove=0.54, energy=-47.0965+0.0016j
I | 06-14 12:14:20 |  train   | step=484, pmove=0.54, energy=-47.1087+0.0025j
I | 06-14 12:14:21 |  train   | step=485, pmove=0.54, energy=-47.1239+0.0043j
I | 06-14 12:14:21 |  train   | step=486, pmove=0.53, energy=-47.0834+0.0142j
I | 06-14 12:14:22 |  train   | step=487, pmove=0.54, energy=-47.0958+0.0087j
I | 06-14 12:14:23 |  train   | step=488, pmove=0.53, energy=-47.0898+0.0047j
I | 06-14 12:14:23 |  train   | step=489, pmove=0.53, energy=-47.0445+0.0107j
I | 06-14 12:14:24 |  train   | step=490, pmove=0.53, energy=-47.1015+0.0063j
I | 06-14 12:14:24 |  train   | step=491, pmove=0.54, energy=-47.0951+0.0107j
I | 06-14 12:14:25 |  train   | step=492, pmove=0.53, energy=-47.1378+0.0001j
I | 06-14 12:14:26 |  train   | step=493, pmove=0.54, energy=-47.0546+0.0165j
I | 06-14 12:14:26 |  train   | step=494, pmove=0.53, energy=-47.0622-0.0061j
I | 06-14 12:14:27 |  train   | step=495, pmove=0.54, energy=-47.1009-0.0039j
I | 06-14 12:14:28 |  train   | step=496, pmove=0.54, energy=-47.0589+0.0018j
I | 06-14 12:14:28 |  train   | step=497, pmove=0.53, energy=-47.0403-0.0025j
I | 06-14 12:14:29 |  train   | step=498, pmove=0.53, energy=-47.1158-0.0012j
I | 06-14 12:14:29 |  train   | step=499, pmove=0.53, energy=-47.0319-0.0000j
I | 06-14 12:14:30 |  train   | step=500, pmove=0.53, energy=-47.1096+0.0042j
I | 06-14 12:14:31 |  train   | step=501, pmove=0.53, energy=-47.1386+0.0000j
I | 06-14 12:14:31 |  train   | step=502, pmove=0.53, energy=-47.0831+0.0037j
I | 06-14 12:14:32 |  train   | step=503, pmove=0.53, energy=-47.1043+0.0038j
I | 06-14 12:14:33 |  train   | step=504, pmove=0.53, energy=-47.0920+0.0090j
I | 06-14 12:14:33 |  train   | step=505, pmove=0.53, energy=-47.0518+0.0023j
I | 06-14 12:14:34 |  train   | step=506, pmove=0.53, energy=-47.1191+0.0135j
I | 06-14 12:14:35 |  train   | step=507, pmove=0.54, energy=-47.0506+0.0005j
I | 06-14 12:14:35 |  train   | step=508, pmove=0.53, energy=-47.1077-0.0099j
I | 06-14 12:14:36 |  train   | step=509, pmove=0.54, energy=-47.0806-0.0138j
I | 06-14 12:14:36 |  train   | step=510, pmove=0.53, energy=-47.0794+0.0000j
I | 06-14 12:14:37 |  train   | step=511, pmove=0.53, energy=-47.1027-0.0116j
I | 06-14 12:14:38 |  train   | step=512, pmove=0.53, energy=-47.0665-0.0015j
I | 06-14 12:14:38 |  train   | step=513, pmove=0.53, energy=-47.0886-0.0070j
I | 06-14 12:14:39 |  train   | step=514, pmove=0.54, energy=-47.0622-0.0029j
I | 06-14 12:14:40 |  train   | step=515, pmove=0.53, energy=-47.0784+0.0026j
I | 06-14 12:14:40 |  train   | step=516, pmove=0.53, energy=-47.0908+0.0019j
I | 06-14 12:14:41 |  train   | step=517, pmove=0.53, energy=-47.1236-0.0050j
I | 06-14 12:14:42 |  train   | step=518, pmove=0.53, energy=-47.1108-0.0072j
I | 06-14 12:14:42 |  train   | step=519, pmove=0.53, energy=-47.1203-0.0050j
I | 06-14 12:14:43 |  train   | step=520, pmove=0.53, energy=-47.1024-0.0023j
I | 06-14 12:14:43 |  train   | step=521, pmove=0.53, energy=-47.0614+0.0153j
I | 06-14 12:14:44 |  train   | step=522, pmove=0.53, energy=-47.0288+0.0017j
I | 06-14 12:14:45 |  train   | step=523, pmove=0.54, energy=-47.1300+0.0007j
I | 06-14 12:14:45 |  train   | step=524, pmove=0.53, energy=-47.1153+0.0201j
I | 06-14 12:14:46 |  train   | step=525, pmove=0.54, energy=-47.0716-0.0059j
I | 06-14 12:14:47 |  train   | step=526, pmove=0.53, energy=-47.0917+0.0104j
I | 06-14 12:14:47 |  train   | step=527, pmove=0.53, energy=-47.0932+0.0043j
I | 06-14 12:14:48 |  train   | step=528, pmove=0.53, energy=-47.0986+0.0170j
I | 06-14 12:14:49 |  train   | step=529, pmove=0.53, energy=-47.0562+0.0051j
I | 06-14 12:14:49 |  train   | step=530, pmove=0.53, energy=-47.1716-0.0027j
I | 06-14 12:14:50 |  train   | step=531, pmove=0.54, energy=-47.1027-0.0068j
I | 06-14 12:14:50 |  train   | step=532, pmove=0.53, energy=-47.0983-0.0016j
I | 06-14 12:14:51 |  train   | step=533, pmove=0.53, energy=-47.0955-0.0017j
I | 06-14 12:14:52 |  train   | step=534, pmove=0.53, energy=-47.0993+0.0031j
I | 06-14 12:14:52 |  train   | step=535, pmove=0.53, energy=-47.0716-0.0147j
I | 06-14 12:14:53 |  train   | step=536, pmove=0.53, energy=-47.1096+0.0006j
I | 06-14 12:14:54 |  train   | step=537, pmove=0.54, energy=-47.1061+0.0071j
I | 06-14 12:14:54 |  train   | step=538, pmove=0.53, energy=-47.1085+0.0008j
I | 06-14 12:14:55 |  train   | step=539, pmove=0.53, energy=-47.1103+0.0093j
I | 06-14 12:14:56 |  train   | step=540, pmove=0.53, energy=-47.0912+0.0058j
I | 06-14 12:14:56 |  train   | step=541, pmove=0.54, energy=-47.0932+0.0006j
I | 06-14 12:14:57 |  train   | step=542, pmove=0.53, energy=-47.1383+0.0052j
I | 06-14 12:14:57 |  train   | step=543, pmove=0.53, energy=-47.0592+0.0107j
I | 06-14 12:14:58 |  train   | step=544, pmove=0.53, energy=-47.1235+0.0214j
I | 06-14 12:14:59 |  train   | step=545, pmove=0.53, energy=-47.0993+0.0039j
I | 06-14 12:14:59 |  train   | step=546, pmove=0.53, energy=-47.1837+0.0115j
I | 06-14 12:15:00 |  train   | step=547, pmove=0.53, energy=-47.1063+0.0009j
I | 06-14 12:15:01 |  train   | step=548, pmove=0.54, energy=-47.0683-0.0012j
I | 06-14 12:15:01 |  train   | step=549, pmove=0.53, energy=-47.1252+0.0033j
I | 06-14 12:15:02 |  train   | step=550, pmove=0.53, energy=-47.0987+0.0034j
I | 06-14 12:15:03 |  train   | step=551, pmove=0.53, energy=-47.1111+0.0012j
I | 06-14 12:15:03 |  train   | step=552, pmove=0.53, energy=-47.1345-0.0053j
I | 06-14 12:15:04 |  train   | step=553, pmove=0.53, energy=-47.0750+0.0044j
I | 06-14 12:15:04 |  train   | step=554, pmove=0.54, energy=-47.1512-0.0358j
I | 06-14 12:15:05 |  train   | step=555, pmove=0.54, energy=-47.0906-0.0202j
I | 06-14 12:15:06 |  train   | step=556, pmove=0.54, energy=-47.0698+0.0023j
I | 06-14 12:15:06 |  train   | step=557, pmove=0.53, energy=-47.1082-0.0013j
I | 06-14 12:15:07 |  train   | step=558, pmove=0.53, energy=-47.1454+0.0101j
I | 06-14 12:15:08 |  train   | step=559, pmove=0.54, energy=-47.0810+0.0103j
I | 06-14 12:15:08 |  train   | step=560, pmove=0.53, energy=-47.1032+0.0058j
I | 06-14 12:15:09 |  train   | step=561, pmove=0.53, energy=-47.1079+0.0121j
I | 06-14 12:15:10 |  train   | step=562, pmove=0.53, energy=-47.1310-0.0007j
I | 06-14 12:15:10 |  train   | step=563, pmove=0.53, energy=-47.1207-0.0022j
I | 06-14 12:15:11 |  train   | step=564, pmove=0.53, energy=-47.1324-0.0027j
I | 06-14 12:15:11 |  train   | step=565, pmove=0.53, energy=-47.1475-0.0039j
I | 06-14 12:15:12 |  train   | step=566, pmove=0.54, energy=-47.1022+0.0004j
I | 06-14 12:15:13 |  train   | step=567, pmove=0.53, energy=-47.1298+0.0018j
I | 06-14 12:15:13 |  train   | step=568, pmove=0.53, energy=-47.1077-0.0185j
I | 06-14 12:15:14 |  train   | step=569, pmove=0.53, energy=-47.0926+0.0028j
I | 06-14 12:15:15 |  train   | step=570, pmove=0.53, energy=-47.0912-0.0087j
I | 06-14 12:15:15 |  train   | step=571, pmove=0.54, energy=-47.1245+0.0246j
I | 06-14 12:15:16 |  train   | step=572, pmove=0.54, energy=-47.0574-0.0251j
I | 06-14 12:15:17 |  train   | step=573, pmove=0.53, energy=-47.1110+0.0044j
I | 06-14 12:15:17 |  train   | step=574, pmove=0.54, energy=-47.1237+0.0108j
I | 06-14 12:15:18 |  train   | step=575, pmove=0.53, energy=-47.0597+0.0033j
I | 06-14 12:15:18 |  train   | step=576, pmove=0.53, energy=-47.1552-0.0035j
I | 06-14 12:15:19 |  train   | step=577, pmove=0.53, energy=-47.1314+0.0225j
I | 06-14 12:15:20 |  train   | step=578, pmove=0.53, energy=-47.0831-0.0004j
I | 06-14 12:15:20 |  train   | step=579, pmove=0.54, energy=-47.1299+0.0030j
I | 06-14 12:15:21 |  train   | step=580, pmove=0.53, energy=-47.1409-0.0024j
I | 06-14 12:15:22 |  train   | step=581, pmove=0.53, energy=-47.1280+0.0032j
I | 06-14 12:15:22 |  train   | step=582, pmove=0.54, energy=-47.1110+0.0048j
I | 06-14 12:15:23 |  train   | step=583, pmove=0.53, energy=-47.1406+0.0044j
I | 06-14 12:15:24 |  train   | step=584, pmove=0.53, energy=-47.0293-0.0052j
I | 06-14 12:15:24 |  train   | step=585, pmove=0.53, energy=-47.1466+0.0148j
I | 06-14 12:15:25 |  train   | step=586, pmove=0.53, energy=-47.1053+0.0010j
I | 06-14 12:15:25 |  train   | step=587, pmove=0.53, energy=-47.0944-0.0173j
I | 06-14 12:15:26 |  train   | step=588, pmove=0.54, energy=-47.0913-0.0109j
I | 06-14 12:15:27 |  train   | step=589, pmove=0.53, energy=-47.0763+0.0022j
I | 06-14 12:15:27 |  train   | step=590, pmove=0.53, energy=-47.0761-0.0097j
I | 06-14 12:15:28 |  train   | step=591, pmove=0.53, energy=-47.1069+0.0021j
I | 06-14 12:15:29 |  train   | step=592, pmove=0.53, energy=-47.1253+0.0035j
I | 06-14 12:15:29 |  train   | step=593, pmove=0.53, energy=-47.1300+0.0152j
I | 06-14 12:15:30 |  train   | step=594, pmove=0.53, energy=-47.0989+0.0138j
I | 06-14 12:15:31 |  train   | step=595, pmove=0.54, energy=-47.1539+0.0040j
I | 06-14 12:15:31 |  train   | step=596, pmove=0.53, energy=-47.1191-0.0043j
I | 06-14 12:15:32 |  train   | step=597, pmove=0.54, energy=-47.1328-0.0041j
I | 06-14 12:15:32 |  train   | step=598, pmove=0.53, energy=-47.0785+0.0032j
I | 06-14 12:15:33 |  train   | step=599, pmove=0.54, energy=-47.1259-0.0101j
I | 06-14 12:15:34 |  train   | step=600, pmove=0.54, energy=-47.1114-0.0060j
I | 06-14 12:15:34 |  train   | step=601, pmove=0.53, energy=-47.1342+0.0113j
I | 06-14 12:15:35 |  train   | step=602, pmove=0.54, energy=-47.1325+0.0018j
I | 06-14 12:15:36 |  train   | step=603, pmove=0.53, energy=-47.1089+0.0067j
I | 06-14 12:15:36 |  train   | step=604, pmove=0.53, energy=-47.1386+0.0004j
I | 06-14 12:15:37 |  train   | step=605, pmove=0.53, energy=-47.0864-0.0007j
I | 06-14 12:15:37 |  train   | step=606, pmove=0.53, energy=-47.1339-0.0017j
I | 06-14 12:15:38 |  train   | step=607, pmove=0.53, energy=-47.1381+0.0033j
I | 06-14 12:15:39 |  train   | step=608, pmove=0.53, energy=-47.1458-0.0031j
I | 06-14 12:15:39 |  train   | step=609, pmove=0.53, energy=-47.1405+0.0051j
I | 06-14 12:15:40 |  train   | step=610, pmove=0.53, energy=-47.0954+0.0046j
I | 06-14 12:15:41 |  train   | step=611, pmove=0.53, energy=-47.1780+0.0839j
I | 06-14 12:15:41 |  train   | step=612, pmove=0.53, energy=-47.1315-0.0111j
I | 06-14 12:15:42 |  train   | step=613, pmove=0.53, energy=-47.1099-0.0035j
I | 06-14 12:15:43 |  train   | step=614, pmove=0.53, energy=-47.0854+0.0027j
I | 06-14 12:15:43 |  train   | step=615, pmove=0.53, energy=-47.1143-0.0109j
I | 06-14 12:15:44 |  train   | step=616, pmove=0.53, energy=-47.0857+0.0051j
I | 06-14 12:15:44 |  train   | step=617, pmove=0.53, energy=-47.1526-0.0058j
I | 06-14 12:15:45 |  train   | step=618, pmove=0.53, energy=-47.1083-0.0083j
I | 06-14 12:15:46 |  train   | step=619, pmove=0.53, energy=-47.1199-0.0059j
I | 06-14 12:15:46 |  train   | step=620, pmove=0.53, energy=-47.1551-0.0080j
I | 06-14 12:15:47 |  train   | step=621, pmove=0.53, energy=-47.1540+0.0007j
I | 06-14 12:15:48 |  train   | step=622, pmove=0.54, energy=-47.1387-0.0003j
I | 06-14 12:15:48 |  train   | step=623, pmove=0.53, energy=-47.1280+0.0087j
I | 06-14 12:15:49 |  train   | step=624, pmove=0.54, energy=-47.1025+0.0178j
I | 06-14 12:15:50 |  train   | step=625, pmove=0.53, energy=-47.1134+0.0062j
I | 06-14 12:15:50 |  train   | step=626, pmove=0.54, energy=-47.1649+0.0034j
I | 06-14 12:15:51 |  train   | step=627, pmove=0.53, energy=-47.1202+0.0013j
I | 06-14 12:15:51 |  train   | step=628, pmove=0.54, energy=-47.0869+0.0021j
I | 06-14 12:15:52 |  train   | step=629, pmove=0.53, energy=-47.1435-0.0043j
I | 06-14 12:15:53 |  train   | step=630, pmove=0.53, energy=-47.0630-0.0082j
I | 06-14 12:15:53 |  train   | step=631, pmove=0.54, energy=-47.1088-0.0121j
I | 06-14 12:15:54 |  train   | step=632, pmove=0.53, energy=-47.1225+0.0048j
I | 06-14 12:15:55 |  train   | step=633, pmove=0.53, energy=-47.1103-0.0015j
I | 06-14 12:15:55 |  train   | step=634, pmove=0.54, energy=-47.1436+0.0009j
I | 06-14 12:15:56 |  train   | step=635, pmove=0.53, energy=-47.1061+0.0010j
I | 06-14 12:15:57 |  train   | step=636, pmove=0.53, energy=-47.1107+0.0034j
I | 06-14 12:15:57 |  train   | step=637, pmove=0.53, energy=-47.1901-0.0056j
I | 06-14 12:15:58 |  train   | step=638, pmove=0.53, energy=-47.1138+0.0034j
I | 06-14 12:15:58 |  train   | step=639, pmove=0.54, energy=-47.1428-0.0048j
I | 06-14 12:15:59 |  train   | step=640, pmove=0.54, energy=-47.1360+0.0027j
I | 06-14 12:16:00 |  train   | step=641, pmove=0.53, energy=-47.1264+0.0009j
I | 06-14 12:16:00 |  train   | step=642, pmove=0.53, energy=-47.1771+0.0098j
I | 06-14 12:16:01 |  train   | step=643, pmove=0.53, energy=-47.1128+0.0084j
I | 06-14 12:16:02 |  train   | step=644, pmove=0.53, energy=-47.0897+0.0078j
I | 06-14 12:16:02 |  train   | step=645, pmove=0.53, energy=-47.1458+0.0032j
I | 06-14 12:16:03 |  train   | step=646, pmove=0.53, energy=-47.1085+0.0134j
I | 06-14 12:16:04 |  train   | step=647, pmove=0.53, energy=-47.0968-0.0042j
I | 06-14 12:16:04 |  train   | step=648, pmove=0.53, energy=-47.1638-0.0011j
I | 06-14 12:16:05 |  train   | step=649, pmove=0.53, energy=-47.0368-0.0110j
I | 06-14 12:16:05 |  train   | step=650, pmove=0.53, energy=-47.1697-0.0070j
I | 06-14 12:16:06 |  train   | step=651, pmove=0.53, energy=-47.0934-0.0058j
I | 06-14 12:16:07 |  train   | step=652, pmove=0.53, energy=-47.1088-0.0021j
I | 06-14 12:16:07 |  train   | step=653, pmove=0.54, energy=-47.1049+0.0026j
I | 06-14 12:16:08 |  train   | step=654, pmove=0.54, energy=-47.1468+0.0126j
I | 06-14 12:16:09 |  train   | step=655, pmove=0.53, energy=-47.1516-0.0157j
I | 06-14 12:16:09 |  train   | step=656, pmove=0.53, energy=-47.0653-0.0177j
I | 06-14 12:16:10 |  train   | step=657, pmove=0.53, energy=-47.1218+0.0018j
I | 06-14 12:16:11 |  train   | step=658, pmove=0.53, energy=-47.1510-0.0043j
I | 06-14 12:16:11 |  train   | step=659, pmove=0.54, energy=-47.1592+0.0058j
I | 06-14 12:16:12 |  train   | step=660, pmove=0.54, energy=-47.1034+0.0049j
I | 06-14 12:16:12 |  train   | step=661, pmove=0.53, energy=-47.1290+0.0062j
I | 06-14 12:16:13 |  train   | step=662, pmove=0.53, energy=-47.0742-0.0021j
I | 06-14 12:16:14 |  train   | step=663, pmove=0.53, energy=-47.1803-0.0034j
I | 06-14 12:16:14 |  train   | step=664, pmove=0.53, energy=-47.0946-0.0063j
I | 06-14 12:16:15 |  train   | step=665, pmove=0.53, energy=-47.1189+0.0053j
I | 06-14 12:16:16 |  train   | step=666, pmove=0.53, energy=-47.1407-0.0038j
I | 06-14 12:16:16 |  train   | step=667, pmove=0.54, energy=-47.1532-0.0014j
I | 06-14 12:16:17 |  train   | step=668, pmove=0.53, energy=-47.1706+0.0020j
I | 06-14 12:16:18 |  train   | step=669, pmove=0.53, energy=-47.1208+0.0006j
I | 06-14 12:16:18 |  train   | step=670, pmove=0.53, energy=-47.1331-0.0072j
I | 06-14 12:16:19 |  train   | step=671, pmove=0.53, energy=-47.1582-0.0069j
I | 06-14 12:16:19 |  train   | step=672, pmove=0.54, energy=-47.0910+0.0019j
I | 06-14 12:16:20 |  train   | step=673, pmove=0.53, energy=-47.1283+0.0103j
I | 06-14 12:16:21 |  train   | step=674, pmove=0.53, energy=-47.1367+0.0015j
I | 06-14 12:16:21 |  train   | step=675, pmove=0.53, energy=-47.1467-0.0064j
I | 06-14 12:16:22 |  train   | step=676, pmove=0.54, energy=-47.1049-0.0027j
I | 06-14 12:16:23 |  train   | step=677, pmove=0.53, energy=-47.0846-0.0017j
I | 06-14 12:16:23 |  train   | step=678, pmove=0.54, energy=-47.1334+0.0052j
I | 06-14 12:16:24 |  train   | step=679, pmove=0.53, energy=-47.1457+0.0010j
I | 06-14 12:16:25 |  train   | step=680, pmove=0.54, energy=-47.1131+0.0047j
I | 06-14 12:16:25 |  train   | step=681, pmove=0.53, energy=-47.0984-0.0056j
I | 06-14 12:16:26 |  train   | step=682, pmove=0.54, energy=-47.1491+0.0051j
I | 06-14 12:16:26 |  train   | step=683, pmove=0.53, energy=-47.1277+0.0099j
I | 06-14 12:16:27 |  train   | step=684, pmove=0.53, energy=-47.1388-0.0015j
I | 06-14 12:16:28 |  train   | step=685, pmove=0.53, energy=-47.1427+0.0021j
I | 06-14 12:16:28 |  train   | step=686, pmove=0.53, energy=-47.0917-0.0029j
I | 06-14 12:16:29 |  train   | step=687, pmove=0.53, energy=-47.0991-0.0047j
I | 06-14 12:16:30 |  train   | step=688, pmove=0.53, energy=-47.1406+0.0050j
I | 06-14 12:16:30 |  train   | step=689, pmove=0.53, energy=-47.1061-0.0112j
I | 06-14 12:16:31 |  train   | step=690, pmove=0.53, energy=-47.1173+0.0008j
I | 06-14 12:16:32 |  train   | step=691, pmove=0.53, energy=-47.1685-0.0127j
I | 06-14 12:16:32 |  train   | step=692, pmove=0.53, energy=-47.1185-0.0066j
I | 06-14 12:16:33 |  train   | step=693, pmove=0.53, energy=-47.1131+0.0081j
I | 06-14 12:16:33 |  train   | step=694, pmove=0.53, energy=-47.0747-0.0117j
I | 06-14 12:16:34 |  train   | step=695, pmove=0.53, energy=-47.1503+0.0009j
I | 06-14 12:16:35 |  train   | step=696, pmove=0.53, energy=-47.1293+0.0094j
I | 06-14 12:16:35 |  train   | step=697, pmove=0.53, energy=-47.1063-0.0026j
I | 06-14 12:16:36 |  train   | step=698, pmove=0.53, energy=-47.1127-0.0043j
I | 06-14 12:16:37 |  train   | step=699, pmove=0.53, energy=-47.1595-0.0006j
I | 06-14 12:16:37 |  train   | step=700, pmove=0.53, energy=-47.1668-0.0042j
I | 06-14 12:16:38 |  train   | step=701, pmove=0.53, energy=-47.1375+0.0182j
I | 06-14 12:16:38 |  train   | step=702, pmove=0.54, energy=-47.2020+0.0008j
I | 06-14 12:16:39 |  train   | step=703, pmove=0.54, energy=-47.0782-0.0114j
I | 06-14 12:16:40 |  train   | step=704, pmove=0.53, energy=-47.1112-0.0059j
I | 06-14 12:16:40 |  train   | step=705, pmove=0.53, energy=-47.1321+0.0020j
I | 06-14 12:16:41 |  train   | step=706, pmove=0.54, energy=-47.1310-0.0084j
I | 06-14 12:16:42 |  train   | step=707, pmove=0.53, energy=-47.1157+0.0003j
I | 06-14 12:16:42 |  train   | step=708, pmove=0.53, energy=-47.1020-0.0025j
I | 06-14 12:16:43 |  train   | step=709, pmove=0.53, energy=-47.1823-0.0218j
I | 06-14 12:16:44 |  train   | step=710, pmove=0.53, energy=-47.0832-0.0064j
I | 06-14 12:16:44 |  train   | step=711, pmove=0.53, energy=-47.1116+0.0018j
I | 06-14 12:16:45 |  train   | step=712, pmove=0.53, energy=-47.1383+0.0097j
I | 06-14 12:16:45 |  train   | step=713, pmove=0.53, energy=-47.0894+0.0014j
I | 06-14 12:16:46 |  train   | step=714, pmove=0.53, energy=-47.1356+0.0045j
I | 06-14 12:16:47 |  train   | step=715, pmove=0.53, energy=-47.1596-0.0114j
I | 06-14 12:16:47 |  train   | step=716, pmove=0.54, energy=-47.1183-0.0038j
I | 06-14 12:16:48 |  train   | step=717, pmove=0.53, energy=-47.1474+0.0010j
I | 06-14 12:16:49 |  train   | step=718, pmove=0.53, energy=-47.1524-0.0059j
I | 06-14 12:16:49 |  train   | step=719, pmove=0.53, energy=-47.1200+0.0144j
I | 06-14 12:16:50 |  train   | step=720, pmove=0.53, energy=-47.1521+0.0014j
I | 06-14 12:16:51 |  train   | step=721, pmove=0.53, energy=-47.1402-0.0047j
I | 06-14 12:16:51 |  train   | step=722, pmove=0.54, energy=-47.0522-0.0117j
I | 06-14 12:16:52 |  train   | step=723, pmove=0.53, energy=-47.0884-0.0038j
I | 06-14 12:16:52 |  train   | step=724, pmove=0.54, energy=-47.1672-0.0026j
I | 06-14 12:16:53 |  train   | step=725, pmove=0.53, energy=-47.1891+0.0018j
I | 06-14 12:16:54 |  train   | step=726, pmove=0.54, energy=-47.1454-0.0012j
I | 06-14 12:16:54 |  train   | step=727, pmove=0.54, energy=-47.1357+0.0183j
I | 06-14 12:16:55 |  train   | step=728, pmove=0.54, energy=-47.1037+0.0013j
I | 06-14 12:16:56 |  train   | step=729, pmove=0.53, energy=-47.0633+0.0008j
I | 06-14 12:16:56 |  train   | step=730, pmove=0.53, energy=-47.1061-0.0087j
I | 06-14 12:16:57 |  train   | step=731, pmove=0.53, energy=-47.1763-0.0122j
I | 06-14 12:16:58 |  train   | step=732, pmove=0.54, energy=-47.1267-0.0018j
I | 06-14 12:16:58 |  train   | step=733, pmove=0.53, energy=-47.1348+0.0022j
I | 06-14 12:16:59 |  train   | step=734, pmove=0.53, energy=-47.1256+0.0177j
I | 06-14 12:16:59 |  train   | step=735, pmove=0.53, energy=-47.1539-0.0223j
I | 06-14 12:17:00 |  train   | step=736, pmove=0.54, energy=-47.0793-0.0005j
I | 06-14 12:17:01 |  train   | step=737, pmove=0.53, energy=-47.1533-0.0090j
I | 06-14 12:17:01 |  train   | step=738, pmove=0.54, energy=-47.1193+0.0037j
I | 06-14 12:17:02 |  train   | step=739, pmove=0.53, energy=-47.0961-0.0006j
I | 06-14 12:17:03 |  train   | step=740, pmove=0.53, energy=-47.0727-0.0000j
I | 06-14 12:17:03 |  train   | step=741, pmove=0.53, energy=-47.1125-0.0050j
I | 06-14 12:17:04 |  train   | step=742, pmove=0.53, energy=-47.1607+0.0020j
I | 06-14 12:17:05 |  train   | step=743, pmove=0.53, energy=-47.1063+0.0098j
I | 06-14 12:17:05 |  train   | step=744, pmove=0.53, energy=-47.1433+0.0049j
I | 06-14 12:17:06 |  train   | step=745, pmove=0.53, energy=-47.1002+0.0034j
I | 06-14 12:17:06 |  train   | step=746, pmove=0.53, energy=-47.1249+0.0087j
I | 06-14 12:17:07 |  train   | step=747, pmove=0.53, energy=-47.0858-0.0057j
I | 06-14 12:17:08 |  train   | step=748, pmove=0.53, energy=-47.0966-0.0093j
I | 06-14 12:17:08 |  train   | step=749, pmove=0.53, energy=-47.1643-0.0067j
I | 06-14 12:17:09 |  train   | step=750, pmove=0.53, energy=-47.1305+0.0179j
I | 06-14 12:17:10 |  train   | step=751, pmove=0.54, energy=-47.1150+0.0043j
I | 06-14 12:17:10 |  train   | step=752, pmove=0.53, energy=-47.1390+0.0054j
I | 06-14 12:17:11 |  train   | step=753, pmove=0.53, energy=-47.1491-0.0148j
I | 06-14 12:17:12 |  train   | step=754, pmove=0.53, energy=-47.0792-0.0022j
I | 06-14 12:17:12 |  train   | step=755, pmove=0.53, energy=-47.1363-0.0066j
I | 06-14 12:17:13 |  train   | step=756, pmove=0.53, energy=-47.1720+0.0067j
I | 06-14 12:17:13 |  train   | step=757, pmove=0.54, energy=-47.0842-0.0036j
I | 06-14 12:17:14 |  train   | step=758, pmove=0.53, energy=-47.1133-0.0084j
I | 06-14 12:17:15 |  train   | step=759, pmove=0.53, energy=-47.1296-0.0007j
I | 06-14 12:17:15 |  train   | step=760, pmove=0.53, energy=-47.1262+0.0011j
I | 06-14 12:17:16 |  train   | step=761, pmove=0.53, energy=-47.1044+0.0012j
I | 06-14 12:17:17 |  train   | step=762, pmove=0.53, energy=-47.1971-0.0202j
I | 06-14 12:17:17 |  train   | step=763, pmove=0.53, energy=-47.1969+0.0105j
I | 06-14 12:17:18 |  train   | step=764, pmove=0.53, energy=-47.1374+0.0052j
I | 06-14 12:17:19 |  train   | step=765, pmove=0.53, energy=-47.1370-0.0152j
I | 06-14 12:17:19 |  train   | step=766, pmove=0.53, energy=-47.1309-0.0018j
I | 06-14 12:17:20 |  train   | step=767, pmove=0.53, energy=-47.1489-0.0046j
I | 06-14 12:17:20 |  train   | step=768, pmove=0.53, energy=-47.1691-0.0046j
I | 06-14 12:17:21 |  train   | step=769, pmove=0.54, energy=-47.1506+0.0057j
I | 06-14 12:17:22 |  train   | step=770, pmove=0.53, energy=-47.1704-0.0018j
I | 06-14 12:17:22 |  train   | step=771, pmove=0.53, energy=-47.0881+0.0014j
I | 06-14 12:17:23 |  train   | step=772, pmove=0.53, energy=-47.1390+0.0080j
I | 06-14 12:17:24 |  train   | step=773, pmove=0.53, energy=-47.1391+0.0064j
I | 06-14 12:17:24 |  train   | step=774, pmove=0.53, energy=-47.1303+0.0066j
I | 06-14 12:17:25 |  train   | step=775, pmove=0.53, energy=-47.1057+0.0003j
I | 06-14 12:17:26 |  train   | step=776, pmove=0.53, energy=-47.1234-0.0029j
I | 06-14 12:17:26 |  train   | step=777, pmove=0.53, energy=-47.1562-0.0146j
I | 06-14 12:17:27 |  train   | step=778, pmove=0.53, energy=-47.1264+0.0064j
I | 06-14 12:17:27 |  train   | step=779, pmove=0.53, energy=-47.1264+0.0055j
I | 06-14 12:17:28 |  train   | step=780, pmove=0.53, energy=-47.1507+0.0018j
I | 06-14 12:17:29 |  train   | step=781, pmove=0.53, energy=-47.1313+0.0030j
I | 06-14 12:17:29 |  train   | step=782, pmove=0.53, energy=-47.1163+0.0076j
I | 06-14 12:17:30 |  train   | step=783, pmove=0.53, energy=-47.1227-0.0028j
I | 06-14 12:17:31 |  train   | step=784, pmove=0.53, energy=-47.1382+0.0067j
I | 06-14 12:17:31 |  train   | step=785, pmove=0.53, energy=-47.1384-0.0071j
I | 06-14 12:17:32 |  train   | step=786, pmove=0.53, energy=-47.1369+0.0023j
I | 06-14 12:17:32 |  train   | step=787, pmove=0.53, energy=-47.1298-0.0129j
I | 06-14 12:17:33 |  train   | step=788, pmove=0.53, energy=-47.1783-0.0004j
I | 06-14 12:17:34 |  train   | step=789, pmove=0.53, energy=-47.1520-0.0016j
I | 06-14 12:17:34 |  train   | step=790, pmove=0.53, energy=-47.1133+0.0007j
I | 06-14 12:17:35 |  train   | step=791, pmove=0.53, energy=-47.1832-0.0044j
I | 06-14 12:17:36 |  train   | step=792, pmove=0.53, energy=-47.1697-0.0036j
I | 06-14 12:17:36 |  train   | step=793, pmove=0.53, energy=-47.1621+0.0042j
I | 06-14 12:17:37 |  train   | step=794, pmove=0.53, energy=-47.0944+0.0089j
I | 06-14 12:17:38 |  train   | step=795, pmove=0.53, energy=-47.1559+0.0049j
I | 06-14 12:17:38 |  train   | step=796, pmove=0.53, energy=-47.1048+0.0065j
I | 06-14 12:17:39 |  train   | step=797, pmove=0.54, energy=-47.1202-0.0051j
I | 06-14 12:17:39 |  train   | step=798, pmove=0.53, energy=-47.1656-0.0051j
I | 06-14 12:17:40 |  train   | step=799, pmove=0.53, energy=-47.1655+0.0014j
I | 06-14 12:17:41 |  train   | step=800, pmove=0.53, energy=-47.1077+0.0102j
I | 06-14 12:17:41 |  train   | step=801, pmove=0.53, energy=-47.1303+0.0028j
I | 06-14 12:17:42 |  train   | step=802, pmove=0.53, energy=-47.1605-0.0026j
I | 06-14 12:17:43 |  train   | step=803, pmove=0.53, energy=-47.1554+0.0034j
I | 06-14 12:17:43 |  train   | step=804, pmove=0.53, energy=-47.1590-0.0017j
I | 06-14 12:17:44 |  train   | step=805, pmove=0.53, energy=-47.1532+0.0094j
I | 06-14 12:17:45 |  train   | step=806, pmove=0.53, energy=-47.1128+0.0023j
I | 06-14 12:17:45 |  train   | step=807, pmove=0.53, energy=-47.1177-0.0010j
I | 06-14 12:17:46 |  train   | step=808, pmove=0.53, energy=-47.1129+0.0057j
I | 06-14 12:17:46 |  train   | step=809, pmove=0.53, energy=-47.1517-0.0076j
I | 06-14 12:17:47 |  train   | step=810, pmove=0.53, energy=-47.1431-0.0010j
I | 06-14 12:17:48 |  train   | step=811, pmove=0.53, energy=-47.1202+0.0000j
I | 06-14 12:17:48 |  train   | step=812, pmove=0.53, energy=-47.1178+0.0023j
I | 06-14 12:17:49 |  train   | step=813, pmove=0.53, energy=-47.1799+0.0057j
I | 06-14 12:17:50 |  train   | step=814, pmove=0.53, energy=-47.1474-0.0301j
I | 06-14 12:17:50 |  train   | step=815, pmove=0.53, energy=-47.1302+0.0081j
I | 06-14 12:17:51 |  train   | step=816, pmove=0.53, energy=-47.1417+0.0034j
I | 06-14 12:17:52 |  train   | step=817, pmove=0.53, energy=-47.1472+0.0014j
I | 06-14 12:17:52 |  train   | step=818, pmove=0.53, energy=-47.1729+0.0100j
I | 06-14 12:17:53 |  train   | step=819, pmove=0.53, energy=-47.1237+0.0016j
I | 06-14 12:17:53 |  train   | step=820, pmove=0.54, energy=-47.1617-0.0045j
I | 06-14 12:17:54 |  train   | step=821, pmove=0.53, energy=-47.1328+0.0041j
I | 06-14 12:17:55 |  train   | step=822, pmove=0.53, energy=-47.1441+0.0003j
I | 06-14 12:17:55 |  train   | step=823, pmove=0.53, energy=-47.1830+0.0001j
I | 06-14 12:17:56 |  train   | step=824, pmove=0.54, energy=-47.1456-0.0021j
I | 06-14 12:17:57 |  train   | step=825, pmove=0.53, energy=-47.1524+0.0044j
I | 06-14 12:17:57 |  train   | step=826, pmove=0.53, energy=-47.1815-0.0010j
I | 06-14 12:17:58 |  train   | step=827, pmove=0.53, energy=-47.1097-0.0141j
I | 06-14 12:17:59 |  train   | step=828, pmove=0.53, energy=-47.1423+0.0006j
I | 06-14 12:17:59 |  train   | step=829, pmove=0.54, energy=-47.1436+0.0025j
I | 06-14 12:18:00 |  train   | step=830, pmove=0.54, energy=-47.1477-0.0015j
I | 06-14 12:18:00 |  train   | step=831, pmove=0.53, energy=-47.0963-0.0074j
I | 06-14 12:18:01 |  train   | step=832, pmove=0.53, energy=-47.1592-0.0072j
I | 06-14 12:18:02 |  train   | step=833, pmove=0.53, energy=-47.0615-0.0172j
I | 06-14 12:18:02 |  train   | step=834, pmove=0.54, energy=-47.0988+0.0024j
I | 06-14 12:18:03 |  train   | step=835, pmove=0.53, energy=-47.1537+0.0054j
I | 06-14 12:18:04 |  train   | step=836, pmove=0.53, energy=-47.1467-0.0092j
I | 06-14 12:18:04 |  train   | step=837, pmove=0.53, energy=-47.0773+0.0063j
I | 06-14 12:18:05 |  train   | step=838, pmove=0.53, energy=-47.1011-0.0012j
I | 06-14 12:18:06 |  train   | step=839, pmove=0.53, energy=-47.0949+0.0118j
I | 06-14 12:18:06 |  train   | step=840, pmove=0.53, energy=-47.1271-0.0084j
I | 06-14 12:18:07 |  train   | step=841, pmove=0.54, energy=-47.1775+0.0162j
I | 06-14 12:18:07 |  train   | step=842, pmove=0.53, energy=-47.1251-0.0013j
I | 06-14 12:18:08 |  train   | step=843, pmove=0.53, energy=-47.1090-0.0135j
I | 06-14 12:18:09 |  train   | step=844, pmove=0.53, energy=-47.1367+0.0115j
I | 06-14 12:18:09 |  train   | step=845, pmove=0.53, energy=-47.1132+0.0004j
I | 06-14 12:18:10 |  train   | step=846, pmove=0.53, energy=-47.1626-0.0046j
I | 06-14 12:18:11 |  train   | step=847, pmove=0.54, energy=-47.1295+0.0113j
I | 06-14 12:18:11 |  train   | step=848, pmove=0.53, energy=-47.1841-0.0037j
I | 06-14 12:18:12 |  train   | step=849, pmove=0.53, energy=-47.1533-0.0021j
I | 06-14 12:18:13 |  train   | step=850, pmove=0.53, energy=-47.1919-0.0108j
I | 06-14 12:18:13 |  train   | step=851, pmove=0.53, energy=-47.1852-0.0067j
I | 06-14 12:18:14 |  train   | step=852, pmove=0.53, energy=-47.1658-0.0019j
I | 06-14 12:18:14 |  train   | step=853, pmove=0.53, energy=-47.1577+0.0001j
I | 06-14 12:18:15 |  train   | step=854, pmove=0.53, energy=-47.1449-0.0002j
I | 06-14 12:18:16 |  train   | step=855, pmove=0.53, energy=-47.1321+0.0109j
I | 06-14 12:18:16 |  train   | step=856, pmove=0.53, energy=-47.1523-0.0047j
I | 06-14 12:18:17 |  train   | step=857, pmove=0.53, energy=-47.1695-0.0003j
I | 06-14 12:18:18 |  train   | step=858, pmove=0.53, energy=-47.1621-0.0078j
I | 06-14 12:18:18 |  train   | step=859, pmove=0.53, energy=-47.1728-0.0012j
I | 06-14 12:18:19 |  train   | step=860, pmove=0.53, energy=-47.1712+0.0020j
I | 06-14 12:18:20 |  train   | step=861, pmove=0.53, energy=-47.1408+0.0033j
I | 06-14 12:18:20 |  train   | step=862, pmove=0.53, energy=-47.1124+0.0020j
I | 06-14 12:18:21 |  train   | step=863, pmove=0.53, energy=-47.1641-0.0022j
I | 06-14 12:18:21 |  train   | step=864, pmove=0.53, energy=-47.1844-0.0105j
I | 06-14 12:18:22 |  train   | step=865, pmove=0.53, energy=-47.1827-0.0030j
I | 06-14 12:18:23 |  train   | step=866, pmove=0.53, energy=-47.1477+0.0047j
I | 06-14 12:18:23 |  train   | step=867, pmove=0.53, energy=-47.1073-0.0024j
I | 06-14 12:18:24 |  train   | step=868, pmove=0.53, energy=-47.1482+0.0067j
I | 06-14 12:18:25 |  train   | step=869, pmove=0.54, energy=-47.1722-0.0043j
I | 06-14 12:18:25 |  train   | step=870, pmove=0.53, energy=-47.1614-0.0061j
I | 06-14 12:18:26 |  train   | step=871, pmove=0.53, energy=-47.1527-0.0129j
I | 06-14 12:18:26 |  train   | step=872, pmove=0.53, energy=-47.1594-0.0025j
I | 06-14 12:18:27 |  train   | step=873, pmove=0.53, energy=-47.1626-0.0066j
I | 06-14 12:18:28 |  train   | step=874, pmove=0.53, energy=-47.2003-0.0044j
I | 06-14 12:18:28 |  train   | step=875, pmove=0.53, energy=-47.1520-0.0044j
I | 06-14 12:18:29 |  train   | step=876, pmove=0.53, energy=-47.1025+0.0017j
I | 06-14 12:18:30 |  train   | step=877, pmove=0.53, energy=-47.1605-0.0051j
I | 06-14 12:18:30 |  train   | step=878, pmove=0.53, energy=-47.1206+0.0018j
I | 06-14 12:18:31 |  train   | step=879, pmove=0.54, energy=-47.1283+0.0031j
I | 06-14 12:18:32 |  train   | step=880, pmove=0.53, energy=-47.1593-0.0020j
I | 06-14 12:18:32 |  train   | step=881, pmove=0.53, energy=-47.0315+0.0440j
I | 06-14 12:18:33 |  train   | step=882, pmove=0.53, energy=-47.1733+0.0232j
I | 06-14 12:18:33 |  train   | step=883, pmove=0.54, energy=-47.1357+0.0052j
I | 06-14 12:18:34 |  train   | step=884, pmove=0.53, energy=-47.1463-0.0043j
I | 06-14 12:18:35 |  train   | step=885, pmove=0.53, energy=-47.0733-0.0074j
I | 06-14 12:18:35 |  train   | step=886, pmove=0.53, energy=-47.1810-0.0042j
I | 06-14 12:18:36 |  train   | step=887, pmove=0.53, energy=-47.0945-0.0058j
I | 06-14 12:18:37 |  train   | step=888, pmove=0.53, energy=-47.1173+0.0072j
I | 06-14 12:18:37 |  train   | step=889, pmove=0.53, energy=-47.1613-0.0089j
I | 06-14 12:18:38 |  train   | step=890, pmove=0.53, energy=-47.1542-0.0010j
I | 06-14 12:18:39 |  train   | step=891, pmove=0.53, energy=-47.1415+0.0072j
I | 06-14 12:18:39 |  train   | step=892, pmove=0.53, energy=-47.1172+0.0004j
I | 06-14 12:18:40 |  train   | step=893, pmove=0.53, energy=-47.1422+0.0067j
I | 06-14 12:18:40 |  train   | step=894, pmove=0.53, energy=-47.1482+0.0101j
I | 06-14 12:18:41 |  train   | step=895, pmove=0.53, energy=-47.1014+0.0076j
I | 06-14 12:18:42 |  train   | step=896, pmove=0.53, energy=-47.1770-0.0062j
I | 06-14 12:18:42 |  train   | step=897, pmove=0.54, energy=-47.1340-0.0053j
I | 06-14 12:18:43 |  train   | step=898, pmove=0.53, energy=-47.1767-0.0012j
I | 06-14 12:18:44 |  train   | step=899, pmove=0.53, energy=-47.1299+0.0029j
I | 06-14 12:18:44 |  train   | step=900, pmove=0.53, energy=-47.1266+0.0033j
I | 06-14 12:18:45 |  train   | step=901, pmove=0.53, energy=-47.0915-0.0008j
I | 06-14 12:18:46 |  train   | step=902, pmove=0.52, energy=-47.1651-0.0040j
I | 06-14 12:18:46 |  train   | step=903, pmove=0.54, energy=-47.1847-0.0169j
I | 06-14 12:18:47 |  train   | step=904, pmove=0.53, energy=-47.1643-0.0065j
I | 06-14 12:18:47 |  train   | step=905, pmove=0.53, energy=-47.1293-0.0041j
I | 06-14 12:18:48 |  train   | step=906, pmove=0.53, energy=-47.1435+0.0082j
I | 06-14 12:18:49 |  train   | step=907, pmove=0.53, energy=-47.0978-0.0010j
I | 06-14 12:18:49 |  train   | step=908, pmove=0.53, energy=-47.1850+0.0001j
I | 06-14 12:18:50 |  train   | step=909, pmove=0.54, energy=-47.1538+0.0050j
I | 06-14 12:18:51 |  train   | step=910, pmove=0.53, energy=-47.1562+0.0029j
I | 06-14 12:18:51 |  train   | step=911, pmove=0.53, energy=-47.1709-0.0026j
I | 06-14 12:18:52 |  train   | step=912, pmove=0.53, energy=-47.1922+0.0010j
I | 06-14 12:18:53 |  train   | step=913, pmove=0.53, energy=-47.1471-0.0035j
I | 06-14 12:18:53 |  train   | step=914, pmove=0.53, energy=-47.1984-0.0032j
I | 06-14 12:18:54 |  train   | step=915, pmove=0.53, energy=-47.1258+0.0018j
I | 06-14 12:18:54 |  train   | step=916, pmove=0.53, energy=-47.1678-0.0020j
I | 06-14 12:18:55 |  train   | step=917, pmove=0.53, energy=-47.1691+0.0001j
I | 06-14 12:18:56 |  train   | step=918, pmove=0.53, energy=-47.1561-0.0005j
I | 06-14 12:18:56 |  train   | step=919, pmove=0.53, energy=-47.1781-0.0078j
I | 06-14 12:18:57 |  train   | step=920, pmove=0.53, energy=-47.1600+0.0046j
I | 06-14 12:18:58 |  train   | step=921, pmove=0.53, energy=-47.1649+0.0134j
I | 06-14 12:18:58 |  train   | step=922, pmove=0.54, energy=-47.1630+0.0010j
I | 06-14 12:18:59 |  train   | step=923, pmove=0.53, energy=-47.1698-0.0087j
I | 06-14 12:19:00 |  train   | step=924, pmove=0.53, energy=-47.1723+0.0035j
I | 06-14 12:19:00 |  train   | step=925, pmove=0.53, energy=-47.1231-0.0093j
I | 06-14 12:19:01 |  train   | step=926, pmove=0.53, energy=-47.1499-0.0084j
I | 06-14 12:19:01 |  train   | step=927, pmove=0.53, energy=-47.1343+0.0016j
I | 06-14 12:19:02 |  train   | step=928, pmove=0.53, energy=-47.1689-0.0083j
I | 06-14 12:19:03 |  train   | step=929, pmove=0.53, energy=-47.1503+0.0058j
I | 06-14 12:19:03 |  train   | step=930, pmove=0.53, energy=-47.1610+0.0044j
I | 06-14 12:19:04 |  train   | step=931, pmove=0.53, energy=-47.1448+0.0070j
I | 06-14 12:19:05 |  train   | step=932, pmove=0.53, energy=-47.1751-0.0134j
I | 06-14 12:19:05 |  train   | step=933, pmove=0.53, energy=-47.1420-0.0052j
I | 06-14 12:19:06 |  train   | step=934, pmove=0.53, energy=-47.1330+0.0037j
I | 06-14 12:19:07 |  train   | step=935, pmove=0.53, energy=-47.1738+0.0006j
I | 06-14 12:19:07 |  train   | step=936, pmove=0.53, energy=-47.1553-0.0103j
I | 06-14 12:19:08 |  train   | step=937, pmove=0.53, energy=-47.1482+0.0063j
I | 06-14 12:19:08 |  train   | step=938, pmove=0.53, energy=-47.1789+0.0028j
I | 06-14 12:19:09 |  train   | step=939, pmove=0.53, energy=-47.1479-0.0012j
I | 06-14 12:19:10 |  train   | step=940, pmove=0.53, energy=-47.1491-0.0046j
I | 06-14 12:19:10 |  train   | step=941, pmove=0.53, energy=-47.2044-0.0015j
I | 06-14 12:19:11 |  train   | step=942, pmove=0.53, energy=-47.1481+0.0135j
I | 06-14 12:19:12 |  train   | step=943, pmove=0.53, energy=-47.1857-0.0022j
I | 06-14 12:19:12 |  train   | step=944, pmove=0.53, energy=-47.1959+0.0024j
I | 06-14 12:19:13 |  train   | step=945, pmove=0.53, energy=-47.1332-0.0038j
I | 06-14 12:19:14 |  train   | step=946, pmove=0.53, energy=-47.1371+0.0026j
I | 06-14 12:19:14 |  train   | step=947, pmove=0.53, energy=-47.0866-0.0025j
I | 06-14 12:19:15 |  train   | step=948, pmove=0.53, energy=-47.1687-0.0058j
I | 06-14 12:19:15 |  train   | step=949, pmove=0.53, energy=-47.1589-0.0063j
I | 06-14 12:19:16 |  train   | step=950, pmove=0.53, energy=-47.2028+0.0073j
I | 06-14 12:19:17 |  train   | step=951, pmove=0.53, energy=-47.1502+0.0048j
I | 06-14 12:19:17 |  train   | step=952, pmove=0.53, energy=-47.1969+0.0085j
I | 06-14 12:19:18 |  train   | step=953, pmove=0.53, energy=-47.1873+0.0038j
I | 06-14 12:19:19 |  train   | step=954, pmove=0.53, energy=-47.1812-0.0032j
I | 06-14 12:19:19 |  train   | step=955, pmove=0.53, energy=-47.1993+0.0021j
I | 06-14 12:19:20 |  train   | step=956, pmove=0.53, energy=-47.1409+0.0024j
I | 06-14 12:19:20 |  train   | step=957, pmove=0.53, energy=-47.1602+0.0027j
I | 06-14 12:19:21 |  train   | step=958, pmove=0.53, energy=-47.0752+0.0042j
I | 06-14 12:19:22 |  train   | step=959, pmove=0.53, energy=-47.1531+0.0006j
I | 06-14 12:19:22 |  train   | step=960, pmove=0.53, energy=-47.1887+0.0005j
I | 06-14 12:19:23 |  train   | step=961, pmove=0.53, energy=-47.2256-0.0041j
I | 06-14 12:19:24 |  train   | step=962, pmove=0.53, energy=-47.1615+0.0135j
I | 06-14 12:19:24 |  train   | step=963, pmove=0.53, energy=-47.1291-0.0125j
I | 06-14 12:19:25 |  train   | step=964, pmove=0.53, energy=-47.1882-0.0045j
I | 06-14 12:19:26 |  train   | step=965, pmove=0.54, energy=-47.1982+0.0041j
I | 06-14 12:19:26 |  train   | step=966, pmove=0.53, energy=-47.1376-0.0123j
I | 06-14 12:19:27 |  train   | step=967, pmove=0.53, energy=-47.2015+0.0009j
I | 06-14 12:19:27 |  train   | step=968, pmove=0.53, energy=-47.1598-0.0053j
I | 06-14 12:19:28 |  train   | step=969, pmove=0.53, energy=-47.1420-0.0087j
I | 06-14 12:19:29 |  train   | step=970, pmove=0.53, energy=-47.1602+0.0042j
I | 06-14 12:19:29 |  train   | step=971, pmove=0.53, energy=-47.1458+0.0065j
I | 06-14 12:19:30 |  train   | step=972, pmove=0.53, energy=-47.1744+0.0057j
I | 06-14 12:19:31 |  train   | step=973, pmove=0.53, energy=-47.1425+0.0038j
I | 06-14 12:19:31 |  train   | step=974, pmove=0.53, energy=-47.1682+0.0048j
I | 06-14 12:19:32 |  train   | step=975, pmove=0.53, energy=-47.1738+0.0029j
I | 06-14 12:19:33 |  train   | step=976, pmove=0.52, energy=-47.1544-0.0083j
I | 06-14 12:19:33 |  train   | step=977, pmove=0.53, energy=-47.1336+0.0035j
I | 06-14 12:19:34 |  train   | step=978, pmove=0.53, energy=-47.1303-0.0034j
I | 06-14 12:19:34 |  train   | step=979, pmove=0.53, energy=-47.1435-0.0051j
I | 06-14 12:19:35 |  train   | step=980, pmove=0.53, energy=-47.1541-0.0063j
I | 06-14 12:19:36 |  train   | step=981, pmove=0.53, energy=-47.1651-0.0017j
I | 06-14 12:19:36 |  train   | step=982, pmove=0.53, energy=-47.1471-0.0002j
I | 06-14 12:19:37 |  train   | step=983, pmove=0.53, energy=-47.1945-0.0000j
I | 06-14 12:19:38 |  train   | step=984, pmove=0.53, energy=-47.1400-0.0003j
I | 06-14 12:19:38 |  train   | step=985, pmove=0.53, energy=-47.1505-0.0007j
I | 06-14 12:19:39 |  train   | step=986, pmove=0.53, energy=-47.1225+0.0001j
I | 06-14 12:19:40 |  train   | step=987, pmove=0.53, energy=-47.1281+0.0138j
I | 06-14 12:19:40 |  train   | step=988, pmove=0.53, energy=-47.1863+0.0011j
I | 06-14 12:19:41 |  train   | step=989, pmove=0.53, energy=-47.1031+0.0136j
I | 06-14 12:19:41 |  train   | step=990, pmove=0.53, energy=-47.2029+0.0005j
I | 06-14 12:19:42 |  train   | step=991, pmove=0.53, energy=-47.1483+0.0092j
I | 06-14 12:19:43 |  train   | step=992, pmove=0.53, energy=-47.0884+0.1744j
I | 06-14 12:19:43 |  train   | step=993, pmove=0.53, energy=-47.1534+0.0192j
I | 06-14 12:19:44 |  train   | step=994, pmove=0.53, energy=-47.1660+0.0051j
I | 06-14 12:19:45 |  train   | step=995, pmove=0.53, energy=-47.1231+0.0037j
I | 06-14 12:19:45 |  train   | step=996, pmove=0.53, energy=-47.1596+0.0125j
I | 06-14 12:19:46 |  train   | step=997, pmove=0.53, energy=-47.1691+0.0036j
I | 06-14 12:19:47 |  train   | step=998, pmove=0.53, energy=-47.1956-0.0015j
I | 06-14 12:19:47 |  train   | step=999, pmove=0.53, energy=-47.1427-0.0121j
I | 06-14 12:19:47 |checkpoint| Saving checkpoint /rds/user/jc2405/hpc-work/JaQMC/jaqmc/runs/sc_h_chain_3.78_spin_6_6/train_ckpt_000999.npz
I | 06-14 12:19:49 |  train   | step=1000, pmove=0.53, energy=-47.1596-0.0033j
I | 06-14 12:19:49 |  train   | step=1001, pmove=0.53, energy=-47.1603+0.0002j
I | 06-14 12:19:50 |  train   | step=1002, pmove=0.53, energy=-47.0969+0.0013j
I | 06-14 12:19:50 |  train   | step=1003, pmove=0.53, energy=-47.1209-0.0074j
I | 06-14 12:19:51 |  train   | step=1004, pmove=0.52, energy=-47.1344+0.0035j
I | 06-14 12:19:52 |  train   | step=1005, pmove=0.53, energy=-47.1318-0.0026j
I | 06-14 12:19:52 |  train   | step=1006, pmove=0.53, energy=-47.1616+0.0079j
I | 06-14 12:19:53 |  train   | step=1007, pmove=0.53, energy=-47.1265+0.0135j
I | 06-14 12:19:54 |  train   | step=1008, pmove=0.53, energy=-47.1514+0.0081j
I | 06-14 12:19:54 |  train   | step=1009, pmove=0.53, energy=-47.1770+0.0213j
I | 06-14 12:19:55 |  train   | step=1010, pmove=0.53, energy=-47.1589-0.0029j
I | 06-14 12:19:55 |  train   | step=1011, pmove=0.54, energy=-47.1999+0.0110j
I | 06-14 12:19:56 |  train   | step=1012, pmove=0.53, energy=-47.1401+0.0011j
I | 06-14 12:19:57 |  train   | step=1013, pmove=0.53, energy=-47.1761-0.0048j
I | 06-14 12:19:57 |  train   | step=1014, pmove=0.53, energy=-47.2018+0.0079j
I | 06-14 12:19:58 |  train   | step=1015, pmove=0.53, energy=-47.1285-0.0053j
I | 06-14 12:19:59 |  train   | step=1016, pmove=0.53, energy=-47.1624-0.0036j
I | 06-14 12:19:59 |  train   | step=1017, pmove=0.54, energy=-47.1624-0.0012j
I | 06-14 12:20:00 |  train   | step=1018, pmove=0.53, energy=-47.1419-0.0100j
I | 06-14 12:20:01 |  train   | step=1019, pmove=0.54, energy=-47.1320-0.0670j
I | 06-14 12:20:01 |  train   | step=1020, pmove=0.53, energy=-47.1352+0.0019j
I | 06-14 12:20:02 |  train   | step=1021, pmove=0.53, energy=-47.1452+0.0024j
I | 06-14 12:20:02 |  train   | step=1022, pmove=0.53, energy=-47.1452+0.0042j
I | 06-14 12:20:03 |  train   | step=1023, pmove=0.53, energy=-47.1671-0.0023j
I | 06-14 12:20:04 |  train   | step=1024, pmove=0.53, energy=-47.1476+0.0014j
I | 06-14 12:20:04 |  train   | step=1025, pmove=0.53, energy=-47.1845-0.0174j
I | 06-14 12:20:05 |  train   | step=1026, pmove=0.53, energy=-47.1213+0.0026j
I | 06-14 12:20:06 |  train   | step=1027, pmove=0.53, energy=-47.1172+0.0082j
I | 06-14 12:20:06 |  train   | step=1028, pmove=0.53, energy=-47.1714-0.0033j
I | 06-14 12:20:07 |  train   | step=1029, pmove=0.53, energy=-47.1676+0.0063j
I | 06-14 12:20:08 |  train   | step=1030, pmove=0.53, energy=-47.1417-0.0057j
I | 06-14 12:20:08 |  train   | step=1031, pmove=0.53, energy=-47.1837+0.0088j
I | 06-14 12:20:09 |  train   | step=1032, pmove=0.53, energy=-47.1514-0.0031j
I | 06-14 12:20:09 |  train   | step=1033, pmove=0.53, energy=-47.1834+0.0006j
I | 06-14 12:20:10 |  train   | step=1034, pmove=0.52, energy=-47.1287-0.0033j
I | 06-14 12:20:11 |  train   | step=1035, pmove=0.53, energy=-47.1377+0.0034j
I | 06-14 12:20:11 |  train   | step=1036, pmove=0.53, energy=-47.1059-0.0024j
I | 06-14 12:20:12 |  train   | step=1037, pmove=0.53, energy=-47.1420+0.0039j
I | 06-14 12:20:13 |  train   | step=1038, pmove=0.53, energy=-47.1300+0.0026j
I | 06-14 12:20:13 |  train   | step=1039, pmove=0.53, energy=-47.1434-0.0084j
I | 06-14 12:20:14 |  train   | step=1040, pmove=0.53, energy=-46.9992-0.1246j
I | 06-14 12:20:15 |  train   | step=1041, pmove=0.53, energy=-47.1477-0.0011j
I | 06-14 12:20:15 |  train   | step=1042, pmove=0.53, energy=-47.1781-0.0026j
I | 06-14 12:20:16 |  train   | step=1043, pmove=0.53, energy=-47.1814-0.0096j
I | 06-14 12:20:16 |  train   | step=1044, pmove=0.53, energy=-47.1692+0.0009j
I | 06-14 12:20:17 |  train   | step=1045, pmove=0.53, energy=-47.1787+0.0114j
I | 06-14 12:20:18 |  train   | step=1046, pmove=0.53, energy=-47.1733+0.0048j
I | 06-14 12:20:18 |  train   | step=1047, pmove=0.53, energy=-47.1308+0.0030j
I | 06-14 12:20:19 |  train   | step=1048, pmove=0.53, energy=-47.1748+0.0052j
I | 06-14 12:20:20 |  train   | step=1049, pmove=0.53, energy=-47.1751+0.0061j
I | 06-14 12:20:20 |  train   | step=1050, pmove=0.53, energy=-47.1523+0.0007j
I | 06-14 12:20:21 |  train   | step=1051, pmove=0.53, energy=-47.1450+0.0036j
I | 06-14 12:20:22 |  train   | step=1052, pmove=0.53, energy=-47.1902+0.0015j
I | 06-14 12:20:22 |  train   | step=1053, pmove=0.53, energy=-47.2030-0.0027j
I | 06-14 12:20:23 |  train   | step=1054, pmove=0.53, energy=-47.1677-0.0079j
I | 06-14 12:20:23 |  train   | step=1055, pmove=0.53, energy=-47.1201-0.0068j
I | 06-14 12:20:24 |  train   | step=1056, pmove=0.53, energy=-47.1901+0.0003j
I | 06-14 12:20:25 |  train   | step=1057, pmove=0.53, energy=-47.1779+0.0052j
I | 06-14 12:20:25 |  train   | step=1058, pmove=0.53, energy=-47.1263+0.0069j
I | 06-14 12:20:26 |  train   | step=1059, pmove=0.53, energy=-47.1308+0.0010j
I | 06-14 12:20:27 |  train   | step=1060, pmove=0.53, energy=-47.1273-0.0027j
I | 06-14 12:20:27 |  train   | step=1061, pmove=0.54, energy=-47.1181-0.0041j
I | 06-14 12:20:28 |  train   | step=1062, pmove=0.53, energy=-47.1537+0.0030j
I | 06-14 12:20:29 |  train   | step=1063, pmove=0.53, energy=-47.1538-0.0053j
I | 06-14 12:20:29 |  train   | step=1064, pmove=0.53, energy=-47.1758+0.0199j
I | 06-14 12:20:30 |  train   | step=1065, pmove=0.53, energy=-47.1729+0.0115j
I | 06-14 12:20:30 |  train   | step=1066, pmove=0.53, energy=-47.1424+0.0005j
I | 06-14 12:20:31 |  train   | step=1067, pmove=0.53, energy=-47.1782-0.0051j
I | 06-14 12:20:32 |  train   | step=1068, pmove=0.53, energy=-47.1588-0.0005j
I | 06-14 12:20:32 |  train   | step=1069, pmove=0.53, energy=-47.1867+0.0023j
I | 06-14 12:20:33 |  train   | step=1070, pmove=0.53, energy=-47.2031-0.0099j
I | 06-14 12:20:34 |  train   | step=1071, pmove=0.53, energy=-47.1375-0.0111j
I | 06-14 12:20:34 |  train   | step=1072, pmove=0.53, energy=-47.1572-0.0000j
I | 06-14 12:20:35 |  train   | step=1073, pmove=0.53, energy=-47.1292+0.0035j
I | 06-14 12:20:36 |  train   | step=1074, pmove=0.53, energy=-47.2113-0.0049j
I | 06-14 12:20:36 |  train   | step=1075, pmove=0.53, energy=-47.1275+0.0061j
I | 06-14 12:20:37 |  train   | step=1076, pmove=0.53, energy=-47.1713-0.0027j
I | 06-14 12:20:37 |  train   | step=1077, pmove=0.53, energy=-47.1084+0.0072j
I | 06-14 12:20:38 |  train   | step=1078, pmove=0.53, energy=-47.1751+0.0053j
I | 06-14 12:20:39 |  train   | step=1079, pmove=0.53, energy=-47.1608+0.0062j
I | 06-14 12:20:39 |  train   | step=1080, pmove=0.53, energy=-47.1240+0.0035j
I | 06-14 12:20:40 |  train   | step=1081, pmove=0.53, energy=-47.1673+0.0093j
I | 06-14 12:20:41 |  train   | step=1082, pmove=0.53, energy=-47.1646-0.0093j
I | 06-14 12:20:41 |  train   | step=1083, pmove=0.53, energy=-47.1818+0.0031j
I | 06-14 12:20:42 |  train   | step=1084, pmove=0.53, energy=-47.1601-0.0073j
I | 06-14 12:20:43 |  train   | step=1085, pmove=0.53, energy=-47.1234-0.0023j
I | 06-14 12:20:43 |  train   | step=1086, pmove=0.53, energy=-47.1613-0.0045j
I | 06-14 12:20:44 |  train   | step=1087, pmove=0.52, energy=-47.1821+0.0065j
I | 06-14 12:20:44 |  train   | step=1088, pmove=0.53, energy=-47.1435+0.0011j
I | 06-14 12:20:45 |  train   | step=1089, pmove=0.53, energy=-47.1333-0.0084j
I | 06-14 12:20:46 |  train   | step=1090, pmove=0.53, energy=-47.1545-0.0086j
I | 06-14 12:20:46 |  train   | step=1091, pmove=0.53, energy=-47.1838+0.0153j
I | 06-14 12:20:47 |  train   | step=1092, pmove=0.53, energy=-47.1441-0.0022j
I | 06-14 12:20:48 |  train   | step=1093, pmove=0.53, energy=-47.1964-0.0050j
I | 06-14 12:20:48 |  train   | step=1094, pmove=0.53, energy=-47.1822+0.0002j
I | 06-14 12:20:49 |  train   | step=1095, pmove=0.53, energy=-47.1742-0.0060j
I | 06-14 12:20:49 |  train   | step=1096, pmove=0.53, energy=-47.1502-0.0019j
I | 06-14 12:20:50 |  train   | step=1097, pmove=0.53, energy=-47.1593+0.0021j
I | 06-14 12:20:51 |  train   | step=1098, pmove=0.53, energy=-47.1743-0.0001j
I | 06-14 12:20:51 |  train   | step=1099, pmove=0.53, energy=-47.1866+0.0028j
I | 06-14 12:20:52 |  train   | step=1100, pmove=0.53, energy=-47.1502+0.0058j
I | 06-14 12:20:53 |  train   | step=1101, pmove=0.53, energy=-47.1858-0.0013j
I | 06-14 12:20:53 |  train   | step=1102, pmove=0.54, energy=-47.1834+0.0095j
I | 06-14 12:20:54 |  train   | step=1103, pmove=0.53, energy=-47.1973+0.0117j
I | 06-14 12:20:55 |  train   | step=1104, pmove=0.53, energy=-47.1413-0.0289j
I | 06-14 12:20:55 |  train   | step=1105, pmove=0.53, energy=-47.1893+0.0123j
I | 06-14 12:20:56 |  train   | step=1106, pmove=0.53, energy=-47.1131+0.0035j
I | 06-14 12:20:56 |  train   | step=1107, pmove=0.53, energy=-47.1589-0.0083j
I | 06-14 12:20:57 |  train   | step=1108, pmove=0.53, energy=-47.1404-0.0009j
I | 06-14 12:20:58 |  train   | step=1109, pmove=0.53, energy=-47.1463+0.0060j
I | 06-14 12:20:58 |  train   | step=1110, pmove=0.53, energy=-47.1534-0.0044j
I | 06-14 12:20:59 |  train   | step=1111, pmove=0.53, energy=-47.1632-0.0069j
I | 06-14 12:21:00 |  train   | step=1112, pmove=0.53, energy=-47.1217+0.0014j
I | 06-14 12:21:00 |  train   | step=1113, pmove=0.53, energy=-47.1884-0.0052j
I | 06-14 12:21:01 |  train   | step=1114, pmove=0.53, energy=-47.1828-0.0015j
I | 06-14 12:21:02 |  train   | step=1115, pmove=0.53, energy=-47.1843+0.0033j
I | 06-14 12:21:02 |  train   | step=1116, pmove=0.53, energy=-47.1625-0.0008j
I | 06-14 12:21:03 |  train   | step=1117, pmove=0.53, energy=-47.1610-0.0128j
I | 06-14 12:21:03 |  train   | step=1118, pmove=0.53, energy=-47.1367-0.0032j
I | 06-14 12:21:04 |  train   | step=1119, pmove=0.53, energy=-47.2348-0.0143j
I | 06-14 12:21:05 |  train   | step=1120, pmove=0.53, energy=-47.1537-0.0013j
I | 06-14 12:21:05 |  train   | step=1121, pmove=0.53, energy=-47.1816+0.0014j
I | 06-14 12:21:06 |  train   | step=1122, pmove=0.53, energy=-47.1809+0.0020j
I | 06-14 12:21:07 |  train   | step=1123, pmove=0.53, energy=-47.1861+0.0026j
I | 06-14 12:21:07 |  train   | step=1124, pmove=0.53, energy=-47.1356+0.0042j
I | 06-14 12:21:08 |  train   | step=1125, pmove=0.53, energy=-47.1369+0.0352j
I | 06-14 12:21:09 |  train   | step=1126, pmove=0.53, energy=-47.1490-0.0051j
I | 06-14 12:21:09 |  train   | step=1127, pmove=0.53, energy=-47.1422-0.0081j
I | 06-14 12:21:10 |  train   | step=1128, pmove=0.53, energy=-47.1337-0.0036j
I | 06-14 12:21:10 |  train   | step=1129, pmove=0.53, energy=-47.1563+0.0155j
I | 06-14 12:21:11 |  train   | step=1130, pmove=0.53, energy=-47.1354+0.0009j
I | 06-14 12:21:12 |  train   | step=1131, pmove=0.52, energy=-47.1514-0.0046j
I | 06-14 12:21:12 |  train   | step=1132, pmove=0.53, energy=-47.1538+0.0198j
I | 06-14 12:21:13 |  train   | step=1133, pmove=0.53, energy=-47.2050-0.0262j
I | 06-14 12:21:14 |  train   | step=1134, pmove=0.53, energy=-47.1555-0.0010j
I | 06-14 12:21:14 |  train   | step=1135, pmove=0.53, energy=-47.1928+0.0036j
I | 06-14 12:21:15 |  train   | step=1136, pmove=0.53, energy=-47.1348+0.0008j
I | 06-14 12:21:16 |  train   | step=1137, pmove=0.53, energy=-47.1433+0.0051j
I | 06-14 12:21:16 |  train   | step=1138, pmove=0.53, energy=-47.2115-0.0022j
I | 06-14 12:21:17 |  train   | step=1139, pmove=0.53, energy=-47.1688-0.0040j
I | 06-14 12:21:17 |  train   | step=1140, pmove=0.53, energy=-47.1683-0.0031j
I | 06-14 12:21:18 |  train   | step=1141, pmove=0.53, energy=-47.1622+0.0033j
I | 06-14 12:21:19 |  train   | step=1142, pmove=0.53, energy=-47.1849+0.0052j
I | 06-14 12:21:19 |  train   | step=1143, pmove=0.53, energy=-47.2021-0.0040j
I | 06-14 12:21:20 |  train   | step=1144, pmove=0.53, energy=-47.2006+0.0051j
I | 06-14 12:21:21 |  train   | step=1145, pmove=0.53, energy=-47.1208+0.0030j
I | 06-14 12:21:21 |  train   | step=1146, pmove=0.53, energy=-47.1525+0.0020j
I | 06-14 12:21:22 |  train   | step=1147, pmove=0.53, energy=-47.1199-0.0036j
I | 06-14 12:21:23 |  train   | step=1148, pmove=0.53, energy=-47.1283-0.0066j
I | 06-14 12:21:23 |  train   | step=1149, pmove=0.53, energy=-47.1534+0.0081j
I | 06-14 12:21:24 |  train   | step=1150, pmove=0.53, energy=-47.1525-0.0092j
I | 06-14 12:21:24 |  train   | step=1151, pmove=0.53, energy=-47.1774-0.0093j
I | 06-14 12:21:25 |  train   | step=1152, pmove=0.53, energy=-47.1809-0.0004j
I | 06-14 12:21:26 |  train   | step=1153, pmove=0.53, energy=-47.1745+0.0043j
I | 06-14 12:21:26 |  train   | step=1154, pmove=0.53, energy=-47.1515-0.0045j
I | 06-14 12:21:27 |  train   | step=1155, pmove=0.53, energy=-47.1950+0.0036j
I | 06-14 12:21:28 |  train   | step=1156, pmove=0.53, energy=-47.2007+0.0016j
I | 06-14 12:21:28 |  train   | step=1157, pmove=0.53, energy=-47.2117+0.0022j
I | 06-14 12:21:29 |  train   | step=1158, pmove=0.53, energy=-47.1935-0.0041j
I | 06-14 12:21:30 |  train   | step=1159, pmove=0.53, energy=-47.1611+0.0006j
I | 06-14 12:21:30 |  train   | step=1160, pmove=0.53, energy=-47.1532+0.0042j
I | 06-14 12:21:31 |  train   | step=1161, pmove=0.53, energy=-47.1379+0.0009j
I | 06-14 12:21:31 |  train   | step=1162, pmove=0.53, energy=-47.1571-0.0048j
I | 06-14 12:21:32 |  train   | step=1163, pmove=0.53, energy=-47.1827-0.0038j
I | 06-14 12:21:33 |  train   | step=1164, pmove=0.53, energy=-47.1653-0.0015j
I | 06-14 12:21:33 |  train   | step=1165, pmove=0.53, energy=-47.1666-0.0057j
I | 06-14 12:21:34 |  train   | step=1166, pmove=0.53, energy=-47.1495-0.0063j
I | 06-14 12:21:35 |  train   | step=1167, pmove=0.53, energy=-47.1075-0.0018j
I | 06-14 12:21:35 |  train   | step=1168, pmove=0.53, energy=-47.1914-0.0023j
I | 06-14 12:21:36 |  train   | step=1169, pmove=0.53, energy=-47.1582-0.0184j
I | 06-14 12:21:37 |  train   | step=1170, pmove=0.53, energy=-47.1429-0.0048j
I | 06-14 12:21:37 |  train   | step=1171, pmove=0.53, energy=-47.1288+0.0097j
I | 06-14 12:21:38 |  train   | step=1172, pmove=0.53, energy=-47.1564-0.0102j
I | 06-14 12:21:38 |  train   | step=1173, pmove=0.53, energy=-47.1904+0.0058j
I | 06-14 12:21:39 |  train   | step=1174, pmove=0.53, energy=-47.2167-0.0089j
I | 06-14 12:21:40 |  train   | step=1175, pmove=0.53, energy=-47.1473+0.0002j
I | 06-14 12:21:40 |  train   | step=1176, pmove=0.53, energy=-47.1854-0.0339j
I | 06-14 12:21:41 |  train   | step=1177, pmove=0.53, energy=-47.1339-0.0096j
I | 06-14 12:21:42 |  train   | step=1178, pmove=0.53, energy=-47.1336+0.0064j
I | 06-14 12:21:42 |  train   | step=1179, pmove=0.53, energy=-47.1795-0.0057j
I | 06-14 12:21:43 |  train   | step=1180, pmove=0.53, energy=-47.2276-0.0013j
I | 06-14 12:21:43 |  train   | step=1181, pmove=0.53, energy=-47.2077+0.0026j
I | 06-14 12:21:44 |  train   | step=1182, pmove=0.53, energy=-47.1557-0.0028j
I | 06-14 12:21:45 |  train   | step=1183, pmove=0.53, energy=-47.1733+0.0009j
I | 06-14 12:21:45 |  train   | step=1184, pmove=0.54, energy=-47.1387+0.0096j
I | 06-14 12:21:46 |  train   | step=1185, pmove=0.53, energy=-47.2012-0.0020j
I | 06-14 12:21:47 |  train   | step=1186, pmove=0.53, energy=-47.1703+0.0047j
I | 06-14 12:21:47 |  train   | step=1187, pmove=0.53, energy=-47.1718+0.0036j
I | 06-14 12:21:48 |  train   | step=1188, pmove=0.54, energy=-47.1853+0.0033j
I | 06-14 12:21:49 |  train   | step=1189, pmove=0.53, energy=-47.1706+0.0002j
I | 06-14 12:21:49 |  train   | step=1190, pmove=0.53, energy=-47.1713+0.0028j
I | 06-14 12:21:50 |  train   | step=1191, pmove=0.53, energy=-47.1797-0.0030j
I | 06-14 12:21:50 |  train   | step=1192, pmove=0.53, energy=-47.1677-0.0040j
I | 06-14 12:21:51 |  train   | step=1193, pmove=0.53, energy=-47.1274-0.0053j
I | 06-14 12:21:52 |  train   | step=1194, pmove=0.53, energy=-47.1231+0.0051j
I | 06-14 12:21:52 |  train   | step=1195, pmove=0.53, energy=-47.1750-0.0019j
I | 06-14 12:21:53 |  train   | step=1196, pmove=0.53, energy=-47.1696+0.0048j
I | 06-14 12:21:54 |  train   | step=1197, pmove=0.53, energy=-47.1774+0.0043j
I | 06-14 12:21:54 |  train   | step=1198, pmove=0.53, energy=-47.1235+0.0079j
I | 06-14 12:21:55 |  train   | step=1199, pmove=0.53, energy=-47.1593-0.0051j
I | 06-14 12:21:56 |  train   | step=1200, pmove=0.53, energy=-47.1676+0.0012j
I | 06-14 12:21:56 |  train   | step=1201, pmove=0.53, energy=-47.1810+0.0009j
I | 06-14 12:21:57 |  train   | step=1202, pmove=0.53, energy=-47.1510+0.0062j
I | 06-14 12:21:57 |  train   | step=1203, pmove=0.53, energy=-47.1606+0.0179j
I | 06-14 12:21:58 |  train   | step=1204, pmove=0.53, energy=-47.1759+0.0000j
I | 06-14 12:21:59 |  train   | step=1205, pmove=0.53, energy=-47.1627+0.0029j
I | 06-14 12:21:59 |  train   | step=1206, pmove=0.53, energy=-47.1656+0.0010j
I | 06-14 12:22:00 |  train   | step=1207, pmove=0.53, energy=-47.1521+0.0031j
I | 06-14 12:22:01 |  train   | step=1208, pmove=0.53, energy=-47.1755-0.0005j
I | 06-14 12:22:01 |  train   | step=1209, pmove=0.53, energy=-47.1431+0.0033j
I | 06-14 12:22:02 |  train   | step=1210, pmove=0.53, energy=-47.1405+0.0054j
I | 06-14 12:22:03 |  train   | step=1211, pmove=0.53, energy=-47.1727+0.0014j
I | 06-14 12:22:03 |  train   | step=1212, pmove=0.53, energy=-47.1198+0.0005j
I | 06-14 12:22:04 |  train   | step=1213, pmove=0.53, energy=-47.1453-0.0067j
I | 06-14 12:22:04 |  train   | step=1214, pmove=0.53, energy=-47.2015+0.0009j
I | 06-14 12:22:05 |  train   | step=1215, pmove=0.53, energy=-47.1569+0.0093j
I | 06-14 12:22:06 |  train   | step=1216, pmove=0.53, energy=-47.1762+0.0046j
I | 06-14 12:22:06 |  train   | step=1217, pmove=0.53, energy=-47.1825+0.0003j
I | 06-14 12:22:07 |  train   | step=1218, pmove=0.53, energy=-47.1966+0.0015j
I | 06-14 12:22:08 |  train   | step=1219, pmove=0.53, energy=-47.1435+0.0117j
I | 06-14 12:22:08 |  train   | step=1220, pmove=0.53, energy=-47.1886+0.0032j
I | 06-14 12:22:09 |  train   | step=1221, pmove=0.53, energy=-47.1403+0.0074j
I | 06-14 12:22:10 |  train   | step=1222, pmove=0.53, energy=-47.1602+0.0063j
I | 06-14 12:22:10 |  train   | step=1223, pmove=0.53, energy=-47.1718-0.0005j
I | 06-14 12:22:11 |  train   | step=1224, pmove=0.53, energy=-47.1756-0.0030j
I | 06-14 12:22:11 |  train   | step=1225, pmove=0.53, energy=-47.1506+0.0044j
I | 06-14 12:22:12 |  train   | step=1226, pmove=0.53, energy=-47.1528+0.0024j
I | 06-14 12:22:13 |  train   | step=1227, pmove=0.53, energy=-47.1440+0.0088j
I | 06-14 12:22:13 |  train   | step=1228, pmove=0.53, energy=-47.1848+0.0077j
I | 06-14 12:22:14 |  train   | step=1229, pmove=0.53, energy=-47.1985+0.0065j
I | 06-14 12:22:15 |  train   | step=1230, pmove=0.53, energy=-47.1741+0.0008j
I | 06-14 12:22:15 |  train   | step=1231, pmove=0.53, energy=-47.1733+0.0014j
I | 06-14 12:22:16 |  train   | step=1232, pmove=0.53, energy=-47.1341-0.0027j
I | 06-14 12:22:17 |  train   | step=1233, pmove=0.53, energy=-47.1162-0.0048j
I | 06-14 12:22:17 |  train   | step=1234, pmove=0.53, energy=-47.1883+0.0023j
I | 06-14 12:22:18 |  train   | step=1235, pmove=0.53, energy=-47.1631-0.0006j
I | 06-14 12:22:18 |  train   | step=1236, pmove=0.53, energy=-47.1897+0.0027j
I | 06-14 12:22:19 |  train   | step=1237, pmove=0.53, energy=-47.2133+0.0075j
I | 06-14 12:22:20 |  train   | step=1238, pmove=0.53, energy=-47.1084+0.0023j
I | 06-14 12:22:20 |  train   | step=1239, pmove=0.53, energy=-47.1683+0.0005j
I | 06-14 12:22:21 |  train   | step=1240, pmove=0.53, energy=-47.1911-0.0035j
I | 06-14 12:22:22 |  train   | step=1241, pmove=0.53, energy=-47.1540+0.0041j
I | 06-14 12:22:22 |  train   | step=1242, pmove=0.53, energy=-47.1177+0.0013j
I | 06-14 12:22:23 |  train   | step=1243, pmove=0.53, energy=-47.1622+0.0049j
I | 06-14 12:22:24 |  train   | step=1244, pmove=0.53, energy=-47.1416+0.0047j
I | 06-14 12:22:24 |  train   | step=1245, pmove=0.53, energy=-47.1767-0.0042j
I | 06-14 12:22:25 |  train   | step=1246, pmove=0.53, energy=-47.1881-0.0074j
I | 06-14 12:22:25 |  train   | step=1247, pmove=0.53, energy=-47.1596-0.0050j
I | 06-14 12:22:26 |  train   | step=1248, pmove=0.53, energy=-47.1660-0.0070j
I | 06-14 12:22:27 |  train   | step=1249, pmove=0.53, energy=-47.2173+0.0316j
I | 06-14 12:22:27 |  train   | step=1250, pmove=0.53, energy=-47.1719+0.0019j
I | 06-14 12:22:28 |  train   | step=1251, pmove=0.53, energy=-47.2063+0.0017j
I | 06-14 12:22:29 |  train   | step=1252, pmove=0.53, energy=-47.1790-0.0028j
I | 06-14 12:22:29 |  train   | step=1253, pmove=0.53, energy=-47.1626-0.0065j
I | 06-14 12:22:30 |  train   | step=1254, pmove=0.53, energy=-47.1564-0.0000j
I | 06-14 12:22:31 |  train   | step=1255, pmove=0.52, energy=-47.1216+0.0035j
I | 06-14 12:22:31 |  train   | step=1256, pmove=0.53, energy=-47.1890-0.0041j
I | 06-14 12:22:32 |  train   | step=1257, pmove=0.53, energy=-47.1976-0.0023j
I | 06-14 12:22:32 |  train   | step=1258, pmove=0.53, energy=-47.1855+0.0061j
I | 06-14 12:22:33 |  train   | step=1259, pmove=0.53, energy=-47.1723-0.0009j
I | 06-14 12:22:34 |  train   | step=1260, pmove=0.53, energy=-47.1965-0.0035j
I | 06-14 12:22:34 |  train   | step=1261, pmove=0.53, energy=-47.1831+0.0284j
I | 06-14 12:22:35 |  train   | step=1262, pmove=0.53, energy=-47.1769-0.0018j
I | 06-14 12:22:36 |  train   | step=1263, pmove=0.53, energy=-47.1805-0.0064j
I | 06-14 12:22:36 |  train   | step=1264, pmove=0.53, energy=-47.1643-0.0032j
I | 06-14 12:22:37 |  train   | step=1265, pmove=0.53, energy=-47.1667-0.0001j
I | 06-14 12:22:37 |  train   | step=1266, pmove=0.54, energy=-47.1624+0.0077j
I | 06-14 12:22:38 |  train   | step=1267, pmove=0.53, energy=-47.1994+0.0029j
I | 06-14 12:22:39 |  train   | step=1268, pmove=0.53, energy=-47.1469+0.0055j
I | 06-14 12:22:39 |  train   | step=1269, pmove=0.53, energy=-47.1319+0.0067j
I | 06-14 12:22:40 |  train   | step=1270, pmove=0.53, energy=-47.1896+0.0037j
I | 06-14 12:22:41 |  train   | step=1271, pmove=0.52, energy=-47.1868-0.0036j
I | 06-14 12:22:41 |  train   | step=1272, pmove=0.53, energy=-47.1799-0.0016j
I | 06-14 12:22:42 |  train   | step=1273, pmove=0.53, energy=-47.1787+0.0082j
I | 06-14 12:22:43 |  train   | step=1274, pmove=0.53, energy=-47.1141-0.0016j
I | 06-14 12:22:43 |  train   | step=1275, pmove=0.53, energy=-47.1319+0.0003j
I | 06-14 12:22:44 |  train   | step=1276, pmove=0.53, energy=-47.1673+0.0022j
I | 06-14 12:22:44 |  train   | step=1277, pmove=0.53, energy=-47.1836+0.0074j
I | 06-14 12:22:45 |  train   | step=1278, pmove=0.53, energy=-47.1370+0.0082j
I | 06-14 12:22:46 |  train   | step=1279, pmove=0.53, energy=-47.1337-0.0005j
I | 06-14 12:22:46 |  train   | step=1280, pmove=0.53, energy=-47.1921-0.0008j
I | 06-14 12:22:47 |  train   | step=1281, pmove=0.53, energy=-47.2027-0.0030j
I | 06-14 12:22:48 |  train   | step=1282, pmove=0.53, energy=-47.1816-0.0016j
I | 06-14 12:22:48 |  train   | step=1283, pmove=0.53, energy=-47.1675-0.0071j
I | 06-14 12:22:49 |  train   | step=1284, pmove=0.53, energy=-47.1360+0.0020j
I | 06-14 12:22:50 |  train   | step=1285, pmove=0.53, energy=-47.1689+0.0037j
I | 06-14 12:22:50 |  train   | step=1286, pmove=0.53, energy=-47.1674+0.0098j
I | 06-14 12:22:51 |  train   | step=1287, pmove=0.53, energy=-47.1075-0.0000j
I | 06-14 12:22:51 |  train   | step=1288, pmove=0.53, energy=-47.1924-0.0038j
I | 06-14 12:22:52 |  train   | step=1289, pmove=0.52, energy=-47.1750+0.0140j
I | 06-14 12:22:53 |  train   | step=1290, pmove=0.53, energy=-47.1895+0.0017j
I | 06-14 12:22:53 |  train   | step=1291, pmove=0.53, energy=-47.1817+0.0050j
I | 06-14 12:22:54 |  train   | step=1292, pmove=0.53, energy=-47.1964-0.0007j
I | 06-14 12:22:55 |  train   | step=1293, pmove=0.53, energy=-47.1744+0.0007j
I | 06-14 12:22:55 |  train   | step=1294, pmove=0.53, energy=-47.1624-0.0025j
I | 06-14 12:22:56 |  train   | step=1295, pmove=0.53, energy=-47.1478-0.0017j
I | 06-14 12:22:57 |  train   | step=1296, pmove=0.53, energy=-47.1937+0.0065j
I | 06-14 12:22:57 |  train   | step=1297, pmove=0.53, energy=-47.1835+0.0011j
I | 06-14 12:22:58 |  train   | step=1298, pmove=0.54, energy=-47.1968+0.0059j
I | 06-14 12:22:58 |  train   | step=1299, pmove=0.53, energy=-47.1931+0.0016j
I | 06-14 12:22:59 |  train   | step=1300, pmove=0.53, energy=-47.2080+0.0093j
I | 06-14 12:23:00 |  train   | step=1301, pmove=0.53, energy=-47.1532+0.0044j
I | 06-14 12:23:00 |  train   | step=1302, pmove=0.53, energy=-47.1554-0.0018j
I | 06-14 12:23:01 |  train   | step=1303, pmove=0.53, energy=-47.1635+0.0057j
I | 06-14 12:23:02 |  train   | step=1304, pmove=0.53, energy=-47.2222-0.0092j
I | 06-14 12:23:02 |  train   | step=1305, pmove=0.53, energy=-47.1539+0.0032j
I | 06-14 12:23:03 |  train   | step=1306, pmove=0.53, energy=-47.1799-0.0031j
I | 06-14 12:23:04 |  train   | step=1307, pmove=0.53, energy=-47.1582-0.0006j
I | 06-14 12:23:04 |  train   | step=1308, pmove=0.53, energy=-47.1594+0.0020j
I | 06-14 12:23:05 |  train   | step=1309, pmove=0.53, energy=-47.1939+0.0030j
I | 06-14 12:23:05 |  train   | step=1310, pmove=0.53, energy=-47.1481+0.0038j
I | 06-14 12:23:06 |  train   | step=1311, pmove=0.53, energy=-47.1735-0.0052j
I | 06-14 12:23:07 |  train   | step=1312, pmove=0.53, energy=-47.1199-0.0009j
I | 06-14 12:23:07 |  train   | step=1313, pmove=0.53, energy=-47.1831-0.0155j
I | 06-14 12:23:08 |  train   | step=1314, pmove=0.53, energy=-47.1962+0.0086j
I | 06-14 12:23:09 |  train   | step=1315, pmove=0.53, energy=-47.1359+0.0053j
I | 06-14 12:23:09 |  train   | step=1316, pmove=0.53, energy=-47.1966-0.0055j
I | 06-14 12:23:10 |  train   | step=1317, pmove=0.53, energy=-47.1745-0.0005j
I | 06-14 12:23:11 |  train   | step=1318, pmove=0.53, energy=-47.1757-0.0011j
I | 06-14 12:23:11 |  train   | step=1319, pmove=0.53, energy=-47.1435+0.0008j
I | 06-14 12:23:12 |  train   | step=1320, pmove=0.54, energy=-47.1717+0.0049j
I | 06-14 12:23:12 |  train   | step=1321, pmove=0.53, energy=-47.1675-0.0025j
I | 06-14 12:23:13 |  train   | step=1322, pmove=0.53, energy=-47.1716+0.0037j
I | 06-14 12:23:14 |  train   | step=1323, pmove=0.53, energy=-47.2102+0.0007j
I | 06-14 12:23:14 |  train   | step=1324, pmove=0.53, energy=-47.1741-0.0001j
I | 06-14 12:23:15 |  train   | step=1325, pmove=0.53, energy=-47.1549-0.0023j
I | 06-14 12:23:16 |  train   | step=1326, pmove=0.53, energy=-47.1630+0.0014j
I | 06-14 12:23:16 |  train   | step=1327, pmove=0.52, energy=-47.1856-0.0010j
I | 06-14 12:23:17 |  train   | step=1328, pmove=0.53, energy=-47.1405-0.0044j
I | 06-14 12:23:18 |  train   | step=1329, pmove=0.53, energy=-47.1585+0.0041j
I | 06-14 12:23:18 |  train   | step=1330, pmove=0.53, energy=-47.1408-0.0053j
I | 06-14 12:23:19 |  train   | step=1331, pmove=0.53, energy=-47.1712-0.0038j
I | 06-14 12:23:19 |  train   | step=1332, pmove=0.53, energy=-47.1611-0.0073j
I | 06-14 12:23:20 |  train   | step=1333, pmove=0.53, energy=-47.1567-0.0021j
I | 06-14 12:23:21 |  train   | step=1334, pmove=0.53, energy=-47.1566+0.0070j
I | 06-14 12:23:21 |  train   | step=1335, pmove=0.53, energy=-47.1699-0.0003j
I | 06-14 12:23:22 |  train   | step=1336, pmove=0.53, energy=-47.1764+0.0053j
I | 06-14 12:23:23 |  train   | step=1337, pmove=0.52, energy=-47.1838-0.0036j
I | 06-14 12:23:23 |  train   | step=1338, pmove=0.53, energy=-47.1876+0.0030j
I | 06-14 12:23:24 |  train   | step=1339, pmove=0.53, energy=-47.1728+0.0046j
I | 06-14 12:23:25 |  train   | step=1340, pmove=0.52, energy=-47.1777-0.0062j
I | 06-14 12:23:25 |  train   | step=1341, pmove=0.54, energy=-47.1835+0.0030j
I | 06-14 12:23:26 |  train   | step=1342, pmove=0.53, energy=-47.2039+0.0031j
I | 06-14 12:23:26 |  train   | step=1343, pmove=0.53, energy=-47.1951+0.0106j
I | 06-14 12:23:27 |  train   | step=1344, pmove=0.53, energy=-47.1970+0.0033j
I | 06-14 12:23:28 |  train   | step=1345, pmove=0.53, energy=-47.1630-0.0099j
I | 06-14 12:23:28 |  train   | step=1346, pmove=0.53, energy=-47.1972-0.0014j
I | 06-14 12:23:29 |  train   | step=1347, pmove=0.52, energy=-47.1759+0.0030j
I | 06-14 12:23:30 |  train   | step=1348, pmove=0.53, energy=-47.1729+0.0009j
I | 06-14 12:23:30 |  train   | step=1349, pmove=0.53, energy=-47.1977+0.0060j
I | 06-14 12:23:31 |  train   | step=1350, pmove=0.53, energy=-47.1454+0.0026j
I | 06-14 12:23:31 |  train   | step=1351, pmove=0.53, energy=-47.1748+0.0051j
I | 06-14 12:23:32 |  train   | step=1352, pmove=0.53, energy=-47.2529-0.0134j
I | 06-14 12:23:33 |  train   | step=1353, pmove=0.53, energy=-47.1608-0.0074j
I | 06-14 12:23:33 |  train   | step=1354, pmove=0.53, energy=-47.1439+0.0019j
I | 06-14 12:23:34 |  train   | step=1355, pmove=0.53, energy=-47.1765-0.0038j
I | 06-14 12:23:35 |  train   | step=1356, pmove=0.53, energy=-47.1167+0.0001j
I | 06-14 12:23:35 |  train   | step=1357, pmove=0.54, energy=-47.1946+0.0064j
I | 06-14 12:23:36 |  train   | step=1358, pmove=0.54, energy=-47.1548+0.0012j
I | 06-14 12:23:37 |  train   | step=1359, pmove=0.53, energy=-47.1911-0.0068j
I | 06-14 12:23:37 |  train   | step=1360, pmove=0.53, energy=-47.2315+0.0231j
I | 06-14 12:23:38 |  train   | step=1361, pmove=0.53, energy=-47.1781-0.0025j
I | 06-14 12:23:38 |  train   | step=1362, pmove=0.53, energy=-47.1787-0.0011j
I | 06-14 12:23:39 |  train   | step=1363, pmove=0.53, energy=-47.1608-0.0020j
I | 06-14 12:23:40 |  train   | step=1364, pmove=0.54, energy=-47.1956+0.0005j
I | 06-14 12:23:40 |  train   | step=1365, pmove=0.53, energy=-47.1765-0.0020j
I | 06-14 12:23:41 |  train   | step=1366, pmove=0.54, energy=-47.1621-0.0070j
I | 06-14 12:23:42 |  train   | step=1367, pmove=0.53, energy=-47.2341+0.0078j
I | 06-14 12:23:42 |  train   | step=1368, pmove=0.53, energy=-47.1990-0.0011j
I | 06-14 12:23:43 |  train   | step=1369, pmove=0.53, energy=-47.1925+0.0066j
I | 06-14 12:23:44 |  train   | step=1370, pmove=0.53, energy=-47.1686+0.0060j
I | 06-14 12:23:44 |  train   | step=1371, pmove=0.53, energy=-47.1351-0.0009j
I | 06-14 12:23:45 |  train   | step=1372, pmove=0.53, energy=-47.1927+0.0040j
I | 06-14 12:23:45 |  train   | step=1373, pmove=0.53, energy=-47.2147-0.0083j
I | 06-14 12:23:46 |  train   | step=1374, pmove=0.53, energy=-47.1823+0.0013j
I | 06-14 12:23:47 |  train   | step=1375, pmove=0.53, energy=-47.1793-0.0037j
I | 06-14 12:23:47 |  train   | step=1376, pmove=0.53, energy=-47.1186+0.0018j
I | 06-14 12:23:48 |  train   | step=1377, pmove=0.53, energy=-47.2416-0.0096j
I | 06-14 12:23:49 |  train   | step=1378, pmove=0.53, energy=-47.1709-0.0030j
I | 06-14 12:23:49 |  train   | step=1379, pmove=0.53, energy=-47.2234-0.0015j
I | 06-14 12:23:50 |  train   | step=1380, pmove=0.53, energy=-47.1928-0.0048j
I | 06-14 12:23:51 |  train   | step=1381, pmove=0.53, energy=-47.2006+0.0016j
I | 06-14 12:23:51 |  train   | step=1382, pmove=0.53, energy=-47.1773+0.0024j
I | 06-14 12:23:52 |  train   | step=1383, pmove=0.53, energy=-47.1652-0.0019j
I | 06-14 12:23:52 |  train   | step=1384, pmove=0.53, energy=-47.1897+0.0001j
I | 06-14 12:23:53 |  train   | step=1385, pmove=0.52, energy=-47.1985+0.0040j
I | 06-14 12:23:54 |  train   | step=1386, pmove=0.53, energy=-47.1087+0.0009j
I | 06-14 12:23:54 |  train   | step=1387, pmove=0.53, energy=-47.1956+0.0069j
I | 06-14 12:23:55 |  train   | step=1388, pmove=0.53, energy=-47.1880-0.0041j
I | 06-14 12:23:56 |  train   | step=1389, pmove=0.52, energy=-47.1812-0.0007j
I | 06-14 12:23:56 |  train   | step=1390, pmove=0.53, energy=-47.1901-0.0001j
I | 06-14 12:23:57 |  train   | step=1391, pmove=0.53, energy=-47.1931+0.0068j
I | 06-14 12:23:58 |  train   | step=1392, pmove=0.52, energy=-47.1588-0.0125j
I | 06-14 12:23:58 |  train   | step=1393, pmove=0.53, energy=-47.1782+0.0006j
I | 06-14 12:23:59 |  train   | step=1394, pmove=0.53, energy=-47.2112-0.0034j
I | 06-14 12:23:59 |  train   | step=1395, pmove=0.53, energy=-47.1851+0.0131j
I | 06-14 12:24:00 |  train   | step=1396, pmove=0.53, energy=-47.2084+0.0106j
I | 06-14 12:24:01 |  train   | step=1397, pmove=0.53, energy=-47.1728-0.0010j
I | 06-14 12:24:01 |  train   | step=1398, pmove=0.53, energy=-47.2462-0.0042j
I | 06-14 12:24:02 |  train   | step=1399, pmove=0.53, energy=-47.2188-0.0065j
I | 06-14 12:24:03 |  train   | step=1400, pmove=0.53, energy=-47.1971-0.0026j
I | 06-14 12:24:03 |  train   | step=1401, pmove=0.53, energy=-47.1679+0.0020j
I | 06-14 12:24:04 |  train   | step=1402, pmove=0.53, energy=-47.2025+0.0050j
I | 06-14 12:24:05 |  train   | step=1403, pmove=0.53, energy=-47.1327-0.0031j
I | 06-14 12:24:05 |  train   | step=1404, pmove=0.53, energy=-47.1740+0.0001j
I | 06-14 12:24:06 |  train   | step=1405, pmove=0.53, energy=-47.1732+0.0022j
I | 06-14 12:24:06 |  train   | step=1406, pmove=0.53, energy=-47.1839-0.0008j
I | 06-14 12:24:07 |  train   | step=1407, pmove=0.53, energy=-47.1472+0.0001j
I | 06-14 12:24:08 |  train   | step=1408, pmove=0.53, energy=-47.1995-0.0106j
I | 06-14 12:24:08 |  train   | step=1409, pmove=0.53, energy=-47.1808-0.0023j
I | 06-14 12:24:09 |  train   | step=1410, pmove=0.53, energy=-47.1826-0.0026j
I | 06-14 12:24:10 |  train   | step=1411, pmove=0.53, energy=-47.1765-0.0077j
I | 06-14 12:24:10 |  train   | step=1412, pmove=0.53, energy=-47.1760+0.0022j
I | 06-14 12:24:11 |  train   | step=1413, pmove=0.53, energy=-47.1917-0.0092j
I | 06-14 12:24:12 |  train   | step=1414, pmove=0.53, energy=-47.1853-0.0047j
I | 06-14 12:24:12 |  train   | step=1415, pmove=0.53, energy=-47.1733+0.0008j
I | 06-14 12:24:13 |  train   | step=1416, pmove=0.53, energy=-47.1944+0.0053j
I | 06-14 12:24:13 |  train   | step=1417, pmove=0.53, energy=-47.1875+0.0062j
I | 06-14 12:24:14 |  train   | step=1418, pmove=0.53, energy=-47.1624+0.0057j
I | 06-14 12:24:15 |  train   | step=1419, pmove=0.53, energy=-47.1859-0.0043j
I | 06-14 12:24:15 |  train   | step=1420, pmove=0.53, energy=-47.1722+0.0009j
I | 06-14 12:24:16 |  train   | step=1421, pmove=0.53, energy=-47.1055+0.0099j
I | 06-14 12:24:17 |  train   | step=1422, pmove=0.53, energy=-47.1241-0.0107j
I | 06-14 12:24:17 |  train   | step=1423, pmove=0.53, energy=-47.1713-0.0025j
I | 06-14 12:24:18 |  train   | step=1424, pmove=0.53, energy=-47.1673-0.0042j
I | 06-14 12:24:19 |  train   | step=1425, pmove=0.53, energy=-47.1863-0.0047j
I | 06-14 12:24:19 |  train   | step=1426, pmove=0.53, energy=-47.1538+0.0039j
I | 06-14 12:24:20 |  train   | step=1427, pmove=0.53, energy=-47.1858-0.0042j
I | 06-14 12:24:20 |  train   | step=1428, pmove=0.53, energy=-47.1445-0.0006j
I | 06-14 12:24:21 |  train   | step=1429, pmove=0.53, energy=-47.1994+0.0038j
I | 06-14 12:24:22 |  train   | step=1430, pmove=0.53, energy=-47.1967-0.0065j
I | 06-14 12:24:22 |  train   | step=1431, pmove=0.52, energy=-47.2287+0.0090j
I | 06-14 12:24:23 |  train   | step=1432, pmove=0.53, energy=-47.1531+0.0036j
I | 06-14 12:24:24 |  train   | step=1433, pmove=0.53, energy=-47.1565+0.0066j
I | 06-14 12:24:24 |  train   | step=1434, pmove=0.53, energy=-47.1674+0.0026j
I | 06-14 12:24:25 |  train   | step=1435, pmove=0.53, energy=-47.1901-0.0014j
I | 06-14 12:24:25 |  train   | step=1436, pmove=0.53, energy=-47.1857-0.0377j
I | 06-14 12:24:26 |  train   | step=1437, pmove=0.53, energy=-47.1771+0.0090j
I | 06-14 12:24:27 |  train   | step=1438, pmove=0.53, energy=-47.2132-0.0057j
I | 06-14 12:24:27 |  train   | step=1439, pmove=0.53, energy=-47.0996-0.0056j
I | 06-14 12:24:28 |  train   | step=1440, pmove=0.53, energy=-47.1766-0.0102j
I | 06-14 12:24:29 |  train   | step=1441, pmove=0.52, energy=-47.1248+0.0022j
I | 06-14 12:24:29 |  train   | step=1442, pmove=0.53, energy=-47.1261-0.0137j
I | 06-14 12:24:30 |  train   | step=1443, pmove=0.53, energy=-47.1396-0.0054j
I | 06-14 12:24:31 |  train   | step=1444, pmove=0.53, energy=-47.1580+0.0057j
I | 06-14 12:24:31 |  train   | step=1445, pmove=0.52, energy=-47.1760-0.0023j
I | 06-14 12:24:32 |  train   | step=1446, pmove=0.53, energy=-47.2307-0.0469j
I | 06-14 12:24:32 |  train   | step=1447, pmove=0.53, energy=-47.2173-0.0032j
I | 06-14 12:24:33 |  train   | step=1448, pmove=0.53, energy=-47.1724+0.0064j
I | 06-14 12:24:34 |  train   | step=1449, pmove=0.53, energy=-47.1729-0.0001j
I | 06-14 12:24:34 |  train   | step=1450, pmove=0.53, energy=-47.1742-0.0057j
I | 06-14 12:24:35 |  train   | step=1451, pmove=0.53, energy=-47.1687-0.0051j
I | 06-14 12:24:36 |  train   | step=1452, pmove=0.53, energy=-47.1930-0.0106j
I | 06-14 12:24:36 |  train   | step=1453, pmove=0.53, energy=-47.1883+0.0022j
I | 06-14 12:24:37 |  train   | step=1454, pmove=0.53, energy=-47.1843-0.0039j
I | 06-14 12:24:38 |  train   | step=1455, pmove=0.53, energy=-47.2241+0.0178j
I | 06-14 12:24:38 |  train   | step=1456, pmove=0.53, energy=-47.1616-0.0036j
I | 06-14 12:24:39 |  train   | step=1457, pmove=0.53, energy=-47.1848-0.0054j
I | 06-14 12:24:39 |  train   | step=1458, pmove=0.53, energy=-47.1888+0.0030j
I | 06-14 12:24:40 |  train   | step=1459, pmove=0.53, energy=-47.2075+0.0056j
I | 06-14 12:24:41 |  train   | step=1460, pmove=0.53, energy=-47.1687+0.0021j
I | 06-14 12:24:41 |  train   | step=1461, pmove=0.53, energy=-47.1941+0.0044j
I | 06-14 12:24:42 |  train   | step=1462, pmove=0.53, energy=-47.1646+0.0027j
I | 06-14 12:24:43 |  train   | step=1463, pmove=0.53, energy=-47.1590+0.0080j
I | 06-14 12:24:43 |  train   | step=1464, pmove=0.53, energy=-47.1684+0.0061j
I | 06-14 12:24:44 |  train   | step=1465, pmove=0.53, energy=-47.1877+0.0006j
I | 06-14 12:24:45 |  train   | step=1466, pmove=0.53, energy=-47.1795+0.0036j
I | 06-14 12:24:45 |  train   | step=1467, pmove=0.53, energy=-47.1715+0.0044j
I | 06-14 12:24:46 |  train   | step=1468, pmove=0.53, energy=-47.2391-0.0033j
I | 06-14 12:24:46 |  train   | step=1469, pmove=0.53, energy=-47.1901+0.0064j
I | 06-14 12:24:47 |  train   | step=1470, pmove=0.53, energy=-47.1905+0.0011j
I | 06-14 12:24:48 |  train   | step=1471, pmove=0.53, energy=-47.1704-0.0049j
I | 06-14 12:24:48 |  train   | step=1472, pmove=0.53, energy=-47.1902+0.0018j
I | 06-14 12:24:49 |  train   | step=1473, pmove=0.52, energy=-47.2087+0.0070j
I | 06-14 12:24:50 |  train   | step=1474, pmove=0.52, energy=-47.1991+0.0057j
I | 06-14 12:24:50 |  train   | step=1475, pmove=0.53, energy=-47.1662+0.0014j
I | 06-14 12:24:51 |  train   | step=1476, pmove=0.53, energy=-47.2243-0.0017j
I | 06-14 12:24:52 |  train   | step=1477, pmove=0.53, energy=-47.2183+0.0016j
I | 06-14 12:24:52 |  train   | step=1478, pmove=0.53, energy=-47.1758-0.0041j
I | 06-14 12:24:53 |  train   | step=1479, pmove=0.53, energy=-47.1843+0.0001j
I | 06-14 12:24:53 |  train   | step=1480, pmove=0.53, energy=-47.2022-0.0001j
I | 06-14 12:24:54 |  train   | step=1481, pmove=0.53, energy=-47.1518-0.0047j
I | 06-14 12:24:55 |  train   | step=1482, pmove=0.53, energy=-47.1104+0.0021j
I | 06-14 12:24:55 |  train   | step=1483, pmove=0.53, energy=-47.1791+0.0062j
I | 06-14 12:24:56 |  train   | step=1484, pmove=0.53, energy=-47.1494+0.0012j
I | 06-14 12:24:57 |  train   | step=1485, pmove=0.53, energy=-47.2144-0.0024j
I | 06-14 12:24:57 |  train   | step=1486, pmove=0.53, energy=-47.1732-0.0033j
I | 06-14 12:24:58 |  train   | step=1487, pmove=0.53, energy=-47.1871+0.0011j
I | 06-14 12:24:59 |  train   | step=1488, pmove=0.53, energy=-47.1598+0.0048j
I | 06-14 12:24:59 |  train   | step=1489, pmove=0.53, energy=-47.1906+0.0063j
I | 06-14 12:25:00 |  train   | step=1490, pmove=0.53, energy=-47.1617+0.0034j
I | 06-14 12:25:00 |  train   | step=1491, pmove=0.53, energy=-47.1713+0.0009j
I | 06-14 12:25:01 |  train   | step=1492, pmove=0.54, energy=-47.1812+0.0015j
I | 06-14 12:25:02 |  train   | step=1493, pmove=0.53, energy=-47.1898-0.0006j
I | 06-14 12:25:02 |  train   | step=1494, pmove=0.53, energy=-47.1843+0.0010j
I | 06-14 12:25:03 |  train   | step=1495, pmove=0.53, energy=-47.1955+0.0027j
I | 06-14 12:25:04 |  train   | step=1496, pmove=0.53, energy=-47.1170+0.0035j
I | 06-14 12:25:04 |  train   | step=1497, pmove=0.53, energy=-47.1866+0.0037j
I | 06-14 12:25:05 |  train   | step=1498, pmove=0.53, energy=-47.1754-0.0100j
I | 06-14 12:25:06 |  train   | step=1499, pmove=0.53, energy=-47.1982-0.0026j
I | 06-14 12:25:06 |  train   | step=1500, pmove=0.53, energy=-47.1387+0.0067j
I | 06-14 12:25:07 |  train   | step=1501, pmove=0.53, energy=-47.1684-0.0023j
I | 06-14 12:25:07 |  train   | step=1502, pmove=0.53, energy=-47.1629-0.0019j
I | 06-14 12:25:08 |  train   | step=1503, pmove=0.53, energy=-47.2071-0.0064j
I | 06-14 12:25:09 |  train   | step=1504, pmove=0.54, energy=-47.1720+0.0015j
I | 06-14 12:25:09 |  train   | step=1505, pmove=0.53, energy=-47.1751+0.0036j
I | 06-14 12:25:10 |  train   | step=1506, pmove=0.53, energy=-47.1583-0.0002j
I | 06-14 12:25:11 |  train   | step=1507, pmove=0.53, energy=-47.1682+0.0047j
I | 06-14 12:25:11 |  train   | step=1508, pmove=0.53, energy=-47.1945+0.0383j
I | 06-14 12:25:12 |  train   | step=1509, pmove=0.53, energy=-47.1495-0.0030j
I | 06-14 12:25:12 |  train   | step=1510, pmove=0.53, energy=-47.1971-0.0080j
I | 06-14 12:25:13 |  train   | step=1511, pmove=0.52, energy=-47.2103-0.0059j
I | 06-14 12:25:14 |  train   | step=1512, pmove=0.53, energy=-47.1812+0.0001j
I | 06-14 12:25:14 |  train   | step=1513, pmove=0.53, energy=-47.2057-0.0034j
I | 06-14 12:25:15 |  train   | step=1514, pmove=0.53, energy=-47.1890-0.0017j
I | 06-14 12:25:16 |  train   | step=1515, pmove=0.53, energy=-47.1997-0.0075j
I | 06-14 12:25:16 |  train   | step=1516, pmove=0.53, energy=-47.2072-0.0033j
I | 06-14 12:25:17 |  train   | step=1517, pmove=0.53, energy=-47.1948+0.0086j
I | 06-14 12:25:18 |  train   | step=1518, pmove=0.53, energy=-47.1498+0.0017j
I | 06-14 12:25:18 |  train   | step=1519, pmove=0.53, energy=-47.1707-0.0170j
I | 06-14 12:25:19 |  train   | step=1520, pmove=0.53, energy=-47.1867-0.0032j
I | 06-14 12:25:19 |  train   | step=1521, pmove=0.53, energy=-47.1848-0.0042j
I | 06-14 12:25:20 |  train   | step=1522, pmove=0.53, energy=-47.1588+0.0119j
I | 06-14 12:25:21 |  train   | step=1523, pmove=0.53, energy=-47.1887+0.0004j
I | 06-14 12:25:21 |  train   | step=1524, pmove=0.53, energy=-47.1828+0.0118j
I | 06-14 12:25:22 |  train   | step=1525, pmove=0.53, energy=-47.2038+0.0046j
I | 06-14 12:25:23 |  train   | step=1526, pmove=0.53, energy=-47.1856+0.0103j
I | 06-14 12:25:23 |  train   | step=1527, pmove=0.52, energy=-47.1491+0.0060j
I | 06-14 12:25:24 |  train   | step=1528, pmove=0.53, energy=-47.2236+0.0011j
I | 06-14 12:25:25 |  train   | step=1529, pmove=0.53, energy=-47.2001-0.0019j
I | 06-14 12:25:25 |  train   | step=1530, pmove=0.53, energy=-47.1888+0.0021j
I | 06-14 12:25:26 |  train   | step=1531, pmove=0.53, energy=-47.1354+0.0109j
I | 06-14 12:25:26 |  train   | step=1532, pmove=0.53, energy=-47.2140-0.0039j
I | 06-14 12:25:27 |  train   | step=1533, pmove=0.53, energy=-47.1748+0.0064j
I | 06-14 12:25:28 |  train   | step=1534, pmove=0.53, energy=-47.1821+0.0017j
I | 06-14 12:25:28 |  train   | step=1535, pmove=0.53, energy=-47.1832-0.0011j
I | 06-14 12:25:29 |  train   | step=1536, pmove=0.53, energy=-47.1891-0.0005j
I | 06-14 12:25:30 |  train   | step=1537, pmove=0.53, energy=-47.1907-0.0076j
I | 06-14 12:25:30 |  train   | step=1538, pmove=0.53, energy=-47.1638+0.0212j
I | 06-14 12:25:31 |  train   | step=1539, pmove=0.53, energy=-47.1702+0.0013j
I | 06-14 12:25:32 |  train   | step=1540, pmove=0.53, energy=-47.1640+0.0015j
I | 06-14 12:25:32 |  train   | step=1541, pmove=0.53, energy=-47.1568-0.0025j
I | 06-14 12:25:33 |  train   | step=1542, pmove=0.53, energy=-47.1208-0.0005j
I | 06-14 12:25:33 |  train   | step=1543, pmove=0.52, energy=-47.1568-0.0029j
I | 06-14 12:25:34 |  train   | step=1544, pmove=0.53, energy=-47.1856-0.0028j
I | 06-14 12:25:35 |  train   | step=1545, pmove=0.53, energy=-47.1656+0.0002j
I | 06-14 12:25:35 |  train   | step=1546, pmove=0.53, energy=-47.2348-0.0030j
I | 06-14 12:25:36 |  train   | step=1547, pmove=0.53, energy=-47.1673-0.0088j
I | 06-14 12:25:37 |  train   | step=1548, pmove=0.53, energy=-47.2034-0.0029j
I | 06-14 12:25:37 |  train   | step=1549, pmove=0.52, energy=-47.1815-0.0019j
I | 06-14 12:25:38 |  train   | step=1550, pmove=0.53, energy=-47.2001+0.0003j
I | 06-14 12:25:39 |  train   | step=1551, pmove=0.53, energy=-47.1659+0.0013j
I | 06-14 12:25:39 |  train   | step=1552, pmove=0.53, energy=-47.2005+0.0038j
I | 06-14 12:25:40 |  train   | step=1553, pmove=0.53, energy=-47.1990+0.0020j
I | 06-14 12:25:40 |  train   | step=1554, pmove=0.53, energy=-47.1803+0.0071j
I | 06-14 12:25:41 |  train   | step=1555, pmove=0.53, energy=-47.1646-0.0013j
I | 06-14 12:25:42 |  train   | step=1556, pmove=0.53, energy=-47.1237+0.0038j
I | 06-14 12:25:42 |  train   | step=1557, pmove=0.53, energy=-47.1798-0.0102j
I | 06-14 12:25:43 |  train   | step=1558, pmove=0.53, energy=-47.1864-0.0025j
I | 06-14 12:25:44 |  train   | step=1559, pmove=0.53, energy=-47.1727+0.0007j
I | 06-14 12:25:44 |  train   | step=1560, pmove=0.53, energy=-47.1649-0.0008j
I | 06-14 12:25:45 |  train   | step=1561, pmove=0.53, energy=-47.2188+0.0025j
I | 06-14 12:25:46 |  train   | step=1562, pmove=0.53, energy=-47.1590-0.0054j
I | 06-14 12:25:46 |  train   | step=1563, pmove=0.52, energy=-47.2031-0.0026j
I | 06-14 12:25:47 |  train   | step=1564, pmove=0.53, energy=-47.1954+0.0017j
I | 06-14 12:25:47 |  train   | step=1565, pmove=0.53, energy=-47.2129-0.0019j
I | 06-14 12:25:48 |  train   | step=1566, pmove=0.53, energy=-47.1591-0.0010j
I | 06-14 12:25:49 |  train   | step=1567, pmove=0.53, energy=-47.1581+0.0030j
I | 06-14 12:25:49 |  train   | step=1568, pmove=0.53, energy=-47.1432+0.0012j
I | 06-14 12:25:50 |  train   | step=1569, pmove=0.53, energy=-47.1640+0.0006j
I | 06-14 12:25:51 |  train   | step=1570, pmove=0.53, energy=-47.1587-0.0076j
I | 06-14 12:25:51 |  train   | step=1571, pmove=0.53, energy=-47.2154+0.0039j
I | 06-14 12:25:52 |  train   | step=1572, pmove=0.53, energy=-47.1994-0.0019j
I | 06-14 12:25:53 |  train   | step=1573, pmove=0.53, energy=-47.2184+0.0015j
I | 06-14 12:25:53 |  train   | step=1574, pmove=0.53, energy=-47.1806-0.0076j
I | 06-14 12:25:54 |  train   | step=1575, pmove=0.53, energy=-47.1467+0.0084j
I | 06-14 12:25:54 |  train   | step=1576, pmove=0.53, energy=-47.1916+0.0059j
I | 06-14 12:25:55 |  train   | step=1577, pmove=0.53, energy=-47.2053-0.0029j
I | 06-14 12:25:56 |  train   | step=1578, pmove=0.53, energy=-47.1997-0.0059j
I | 06-14 12:25:56 |  train   | step=1579, pmove=0.53, energy=-47.1605+0.0037j
I | 06-14 12:25:57 |  train   | step=1580, pmove=0.53, energy=-47.1543+0.0056j
I | 06-14 12:25:58 |  train   | step=1581, pmove=0.53, energy=-47.1646-0.0006j
I | 06-14 12:25:58 |  train   | step=1582, pmove=0.53, energy=-47.1861-0.0043j
I | 06-14 12:25:59 |  train   | step=1583, pmove=0.53, energy=-47.1674+0.0086j
I | 06-14 12:26:00 |  train   | step=1584, pmove=0.53, energy=-47.1735-0.0031j
I | 06-14 12:26:00 |  train   | step=1585, pmove=0.53, energy=-47.1964+0.0031j
I | 06-14 12:26:01 |  train   | step=1586, pmove=0.53, energy=-47.1665+0.0070j
I | 06-14 12:26:01 |  train   | step=1587, pmove=0.53, energy=-47.1652+0.0054j
I | 06-14 12:26:02 |  train   | step=1588, pmove=0.53, energy=-47.1914-0.0038j
I | 06-14 12:26:03 |  train   | step=1589, pmove=0.53, energy=-47.1863+0.0000j
I | 06-14 12:26:03 |  train   | step=1590, pmove=0.54, energy=-47.1545+0.0093j
I | 06-14 12:26:04 |  train   | step=1591, pmove=0.53, energy=-47.1698-0.0014j
I | 06-14 12:26:05 |  train   | step=1592, pmove=0.53, energy=-47.1893-0.0000j
I | 06-14 12:26:05 |  train   | step=1593, pmove=0.53, energy=-47.2033-0.0058j
I | 06-14 12:26:06 |  train   | step=1594, pmove=0.54, energy=-47.1909+0.0012j
I | 06-14 12:26:06 |  train   | step=1595, pmove=0.53, energy=-47.2010-0.0016j
I | 06-14 12:26:07 |  train   | step=1596, pmove=0.53, energy=-47.2340+0.0002j
I | 06-14 12:26:08 |  train   | step=1597, pmove=0.53, energy=-47.1439+0.0034j
I | 06-14 12:26:08 |  train   | step=1598, pmove=0.53, energy=-47.1500-0.0014j
I | 06-14 12:26:09 |  train   | step=1599, pmove=0.53, energy=-47.1997-0.0106j
I | 06-14 12:26:10 |  train   | step=1600, pmove=0.53, energy=-47.1789+0.0077j
I | 06-14 12:26:10 |  train   | step=1601, pmove=0.53, energy=-47.1929+0.0180j
I | 06-14 12:26:11 |  train   | step=1602, pmove=0.53, energy=-47.2056-0.0103j
I | 06-14 12:26:12 |  train   | step=1603, pmove=0.53, energy=-47.2282+0.0013j
I | 06-14 12:26:12 |  train   | step=1604, pmove=0.53, energy=-47.2148-0.0043j
I | 06-14 12:26:13 |  train   | step=1605, pmove=0.53, energy=-47.2662-0.0706j
I | 06-14 12:26:13 |  train   | step=1606, pmove=0.53, energy=-47.1213-0.0006j
I | 06-14 12:26:14 |  train   | step=1607, pmove=0.53, energy=-47.1943+0.0012j
I | 06-14 12:26:15 |  train   | step=1608, pmove=0.53, energy=-47.1804-0.0028j
I | 06-14 12:26:15 |  train   | step=1609, pmove=0.53, energy=-47.1679-0.0010j
I | 06-14 12:26:16 |  train   | step=1610, pmove=0.53, energy=-47.1595+0.0099j
I | 06-14 12:26:17 |  train   | step=1611, pmove=0.52, energy=-47.1989+0.0384j
I | 06-14 12:26:17 |  train   | step=1612, pmove=0.53, energy=-47.1526+0.0113j
I | 06-14 12:26:18 |  train   | step=1613, pmove=0.53, energy=-47.1711-0.0043j
I | 06-14 12:26:19 |  train   | step=1614, pmove=0.53, energy=-47.1530-0.0009j
I | 06-14 12:26:19 |  train   | step=1615, pmove=0.53, energy=-47.1822-0.0019j
I | 06-14 12:26:20 |  train   | step=1616, pmove=0.53, energy=-47.1854-0.0020j
I | 06-14 12:26:20 |  train   | step=1617, pmove=0.53, energy=-47.1622-0.0103j
I | 06-14 12:26:21 |  train   | step=1618, pmove=0.53, energy=-47.1900+0.0047j
I | 06-14 12:26:22 |  train   | step=1619, pmove=0.53, energy=-47.1698-0.0030j
I | 06-14 12:26:22 |  train   | step=1620, pmove=0.53, energy=-47.1938-0.0019j
I | 06-14 12:26:23 |  train   | step=1621, pmove=0.53, energy=-47.1891+0.0052j
I | 06-14 12:26:24 |  train   | step=1622, pmove=0.53, energy=-47.1597-0.0006j
I | 06-14 12:26:24 |  train   | step=1623, pmove=0.53, energy=-47.1594-0.0053j
I | 06-14 12:26:25 |  train   | step=1624, pmove=0.53, energy=-47.2025-0.0091j
I | 06-14 12:26:26 |  train   | step=1625, pmove=0.53, energy=-47.1510+0.0076j
I | 06-14 12:26:26 |  train   | step=1626, pmove=0.53, energy=-47.1988+0.0007j
I | 06-14 12:26:27 |  train   | step=1627, pmove=0.53, energy=-47.1669-0.0001j
I | 06-14 12:26:27 |  train   | step=1628, pmove=0.53, energy=-47.1499+0.0051j
I | 06-14 12:26:28 |  train   | step=1629, pmove=0.53, energy=-47.1954-0.0013j
I | 06-14 12:26:29 |  train   | step=1630, pmove=0.53, energy=-47.1662-0.0096j
I | 06-14 12:26:29 |  train   | step=1631, pmove=0.53, energy=-47.2116+0.0079j
I | 06-14 12:26:30 |  train   | step=1632, pmove=0.53, energy=-47.2656-0.0179j
I | 06-14 12:26:31 |  train   | step=1633, pmove=0.53, energy=-47.1808-0.0026j
I | 06-14 12:26:31 |  train   | step=1634, pmove=0.53, energy=-47.1988+0.0001j
I | 06-14 12:26:32 |  train   | step=1635, pmove=0.53, energy=-47.2108-0.0037j
I | 06-14 12:26:33 |  train   | step=1636, pmove=0.53, energy=-47.2300+0.0039j
I | 06-14 12:26:33 |  train   | step=1637, pmove=0.53, energy=-47.1986+0.0010j
I | 06-14 12:26:34 |  train   | step=1638, pmove=0.53, energy=-47.2126-0.0070j
I | 06-14 12:26:34 |  train   | step=1639, pmove=0.53, energy=-47.1909-0.0085j
I | 06-14 12:26:35 |  train   | step=1640, pmove=0.53, energy=-47.2214-0.0092j
I | 06-14 12:26:36 |  train   | step=1641, pmove=0.53, energy=-47.1660+0.0052j
I | 06-14 12:26:36 |  train   | step=1642, pmove=0.53, energy=-47.1946-0.0087j
I | 06-14 12:26:37 |  train   | step=1643, pmove=0.53, energy=-47.1951-0.0142j
I | 06-14 12:26:38 |  train   | step=1644, pmove=0.53, energy=-47.1693+0.0075j
I | 06-14 12:26:38 |  train   | step=1645, pmove=0.53, energy=-47.1777-0.0018j
I | 06-14 12:26:39 |  train   | step=1646, pmove=0.53, energy=-47.1742+0.0018j
I | 06-14 12:26:40 |  train   | step=1647, pmove=0.53, energy=-47.1884+0.0001j
I | 06-14 12:26:40 |  train   | step=1648, pmove=0.53, energy=-47.1943+0.0008j
I | 06-14 12:26:41 |  train   | step=1649, pmove=0.53, energy=-47.2002+0.0001j
I | 06-14 12:26:41 |  train   | step=1650, pmove=0.53, energy=-47.1616-0.0009j
I | 06-14 12:26:42 |  train   | step=1651, pmove=0.53, energy=-47.2037-0.0026j
I | 06-14 12:26:43 |  train   | step=1652, pmove=0.53, energy=-47.1634-0.0009j
I | 06-14 12:26:43 |  train   | step=1653, pmove=0.53, energy=-47.2030-0.0007j
I | 06-14 12:26:44 |  train   | step=1654, pmove=0.53, energy=-47.2494-0.0033j
I | 06-14 12:26:45 |  train   | step=1655, pmove=0.53, energy=-47.1372-0.0034j
I | 06-14 12:26:45 |  train   | step=1656, pmove=0.53, energy=-47.1819+0.0018j
I | 06-14 12:26:46 |  train   | step=1657, pmove=0.53, energy=-47.1434+0.0002j
I | 06-14 12:26:47 |  train   | step=1658, pmove=0.53, energy=-47.1594-0.0041j
I | 06-14 12:26:47 |  train   | step=1659, pmove=0.53, energy=-47.1827+0.0245j
I | 06-14 12:26:48 |  train   | step=1660, pmove=0.53, energy=-47.1977-0.0036j
I | 06-14 12:26:48 |  train   | step=1661, pmove=0.53, energy=-47.2236-0.0064j
I | 06-14 12:26:49 |  train   | step=1662, pmove=0.53, energy=-47.1914+0.0044j
I | 06-14 12:26:50 |  train   | step=1663, pmove=0.53, energy=-47.1867+0.0015j
I | 06-14 12:26:50 |  train   | step=1664, pmove=0.53, energy=-47.2233+0.0091j
I | 06-14 12:26:51 |  train   | step=1665, pmove=0.53, energy=-47.1774+0.0065j
I | 06-14 12:26:52 |  train   | step=1666, pmove=0.53, energy=-47.1860-0.0084j
I | 06-14 12:26:52 |  train   | step=1667, pmove=0.53, energy=-47.1495-0.0026j
I | 06-14 12:26:53 |  train   | step=1668, pmove=0.53, energy=-47.1845-0.0042j
I | 06-14 12:26:53 |  train   | step=1669, pmove=0.53, energy=-47.1930-0.0116j
I | 06-14 12:26:54 |  train   | step=1670, pmove=0.53, energy=-47.2241+0.0065j
I | 06-14 12:26:55 |  train   | step=1671, pmove=0.53, energy=-47.1903-0.0001j
I | 06-14 12:26:55 |  train   | step=1672, pmove=0.53, energy=-47.2030-0.0009j
I | 06-14 12:26:56 |  train   | step=1673, pmove=0.53, energy=-47.1759-0.0013j
I | 06-14 12:26:57 |  train   | step=1674, pmove=0.53, energy=-47.1864-0.0071j
I | 06-14 12:26:57 |  train   | step=1675, pmove=0.54, energy=-47.1890-0.0005j
I | 06-14 12:26:58 |  train   | step=1676, pmove=0.53, energy=-47.1978-0.0095j
I | 06-14 12:26:59 |  train   | step=1677, pmove=0.53, energy=-47.1790-0.0008j
I | 06-14 12:26:59 |  train   | step=1678, pmove=0.53, energy=-47.1597-0.0032j
I | 06-14 12:27:00 |  train   | step=1679, pmove=0.53, energy=-47.1644+0.0013j
I | 06-14 12:27:00 |  train   | step=1680, pmove=0.53, energy=-47.1211+0.0003j
I | 06-14 12:27:01 |  train   | step=1681, pmove=0.53, energy=-47.1657-0.0041j
I | 06-14 12:27:02 |  train   | step=1682, pmove=0.52, energy=-47.2004-0.0057j
I | 06-14 12:27:02 |  train   | step=1683, pmove=0.53, energy=-47.2033-0.0029j
I | 06-14 12:27:03 |  train   | step=1684, pmove=0.53, energy=-47.2218+0.0031j
I | 06-14 12:27:04 |  train   | step=1685, pmove=0.53, energy=-47.1728-0.0012j
I | 06-14 12:27:04 |  train   | step=1686, pmove=0.53, energy=-47.1747-0.0057j
I | 06-14 12:27:05 |  train   | step=1687, pmove=0.53, energy=-47.1875-0.0017j
I | 06-14 12:27:06 |  train   | step=1688, pmove=0.53, energy=-47.1654+0.0043j
I | 06-14 12:27:06 |  train   | step=1689, pmove=0.53, energy=-47.2167+0.0026j
I | 06-14 12:27:07 |  train   | step=1690, pmove=0.53, energy=-47.1622+0.0048j
I | 06-14 12:27:07 |  train   | step=1691, pmove=0.53, energy=-47.2083-0.0003j
I | 06-14 12:27:08 |  train   | step=1692, pmove=0.53, energy=-47.2034+0.0001j
I | 06-14 12:27:09 |  train   | step=1693, pmove=0.53, energy=-47.1788+0.0024j
I | 06-14 12:27:09 |  train   | step=1694, pmove=0.53, energy=-47.1624-0.0062j
I | 06-14 12:27:10 |  train   | step=1695, pmove=0.53, energy=-47.1915-0.0048j
I | 06-14 12:27:11 |  train   | step=1696, pmove=0.53, energy=-47.1798+0.0128j
I | 06-14 12:27:11 |  train   | step=1697, pmove=0.53, energy=-47.1463-0.0018j
I | 06-14 12:27:12 |  train   | step=1698, pmove=0.52, energy=-47.1249+0.0125j
I | 06-14 12:27:13 |  train   | step=1699, pmove=0.53, energy=-47.1865+0.0016j
I | 06-14 12:27:13 |  train   | step=1700, pmove=0.53, energy=-47.1619+0.0090j
I | 06-14 12:27:14 |  train   | step=1701, pmove=0.53, energy=-47.1911-0.0035j
I | 06-14 12:27:14 |  train   | step=1702, pmove=0.53, energy=-47.2099+0.0070j
I | 06-14 12:27:15 |  train   | step=1703, pmove=0.53, energy=-47.1640-0.0011j
I | 06-14 12:27:16 |  train   | step=1704, pmove=0.53, energy=-47.2317+0.0119j
I | 06-14 12:27:16 |  train   | step=1705, pmove=0.53, energy=-47.1831+0.0015j
I | 06-14 12:27:17 |  train   | step=1706, pmove=0.53, energy=-47.2052-0.0041j
I | 06-14 12:27:18 |  train   | step=1707, pmove=0.53, energy=-47.1742-0.0037j
I | 06-14 12:27:18 |  train   | step=1708, pmove=0.53, energy=-47.1986-0.0112j
I | 06-14 12:27:19 |  train   | step=1709, pmove=0.53, energy=-47.1636+0.0043j
I | 06-14 12:27:20 |  train   | step=1710, pmove=0.53, energy=-47.1162-0.0003j
I | 06-14 12:27:20 |  train   | step=1711, pmove=0.54, energy=-47.2214-0.0068j
I | 06-14 12:27:21 |  train   | step=1712, pmove=0.52, energy=-47.2160-0.0066j
I | 06-14 12:27:21 |  train   | step=1713, pmove=0.53, energy=-47.2119-0.0102j
I | 06-14 12:27:22 |  train   | step=1714, pmove=0.53, energy=-47.2041+0.0002j
I | 06-14 12:27:23 |  train   | step=1715, pmove=0.53, energy=-47.1544+0.0028j
I | 06-14 12:27:23 |  train   | step=1716, pmove=0.53, energy=-47.2290+0.0010j
I | 06-14 12:27:24 |  train   | step=1717, pmove=0.53, energy=-47.2083-0.0010j
I | 06-14 12:27:25 |  train   | step=1718, pmove=0.53, energy=-47.1925+0.0009j
I | 06-14 12:27:25 |  train   | step=1719, pmove=0.53, energy=-47.1970+0.0035j
I | 06-14 12:27:26 |  train   | step=1720, pmove=0.53, energy=-47.1845+0.0032j
I | 06-14 12:27:27 |  train   | step=1721, pmove=0.53, energy=-47.1710-0.0062j
I | 06-14 12:27:27 |  train   | step=1722, pmove=0.53, energy=-47.1603-0.0024j
I | 06-14 12:27:28 |  train   | step=1723, pmove=0.53, energy=-47.1812+0.0002j
I | 06-14 12:27:28 |  train   | step=1724, pmove=0.52, energy=-47.1646-0.0006j
I | 06-14 12:27:29 |  train   | step=1725, pmove=0.53, energy=-47.1762+0.0059j
I | 06-14 12:27:30 |  train   | step=1726, pmove=0.53, energy=-47.2129+0.0028j
I | 06-14 12:27:30 |  train   | step=1727, pmove=0.53, energy=-47.1827+0.0002j
I | 06-14 12:27:31 |  train   | step=1728, pmove=0.53, energy=-47.2106+0.0039j
I | 06-14 12:27:32 |  train   | step=1729, pmove=0.52, energy=-47.1788-0.0027j
I | 06-14 12:27:32 |  train   | step=1730, pmove=0.52, energy=-47.1753+0.0022j
I | 06-14 12:27:33 |  train   | step=1731, pmove=0.52, energy=-47.1682+0.0003j
I | 06-14 12:27:34 |  train   | step=1732, pmove=0.53, energy=-47.1823-0.0042j
I | 06-14 12:27:34 |  train   | step=1733, pmove=0.53, energy=-47.2081+0.0055j
I | 06-14 12:27:35 |  train   | step=1734, pmove=0.52, energy=-47.2146-0.0054j
I | 06-14 12:27:35 |  train   | step=1735, pmove=0.53, energy=-47.1931-0.0025j
I | 06-14 12:27:36 |  train   | step=1736, pmove=0.53, energy=-47.2003-0.0047j
I | 06-14 12:27:37 |  train   | step=1737, pmove=0.53, energy=-47.1560-0.0074j
I | 06-14 12:27:37 |  train   | step=1738, pmove=0.53, energy=-47.1858+0.0053j
I | 06-14 12:27:38 |  train   | step=1739, pmove=0.53, energy=-47.1900+0.0041j
I | 06-14 12:27:39 |  train   | step=1740, pmove=0.53, energy=-47.1874+0.0013j
I | 06-14 12:27:39 |  train   | step=1741, pmove=0.53, energy=-47.1773+0.0006j
I | 06-14 12:27:40 |  train   | step=1742, pmove=0.53, energy=-47.2245+0.0085j
I | 06-14 12:27:40 |  train   | step=1743, pmove=0.53, energy=-47.1954-0.0212j
I | 06-14 12:27:41 |  train   | step=1744, pmove=0.53, energy=-47.1749-0.0013j
I | 06-14 12:27:42 |  train   | step=1745, pmove=0.53, energy=-47.1878+0.0011j
I | 06-14 12:27:42 |  train   | step=1746, pmove=0.53, energy=-47.2245-0.0089j
I | 06-14 12:27:43 |  train   | step=1747, pmove=0.53, energy=-47.1718+0.0072j
I | 06-14 12:27:44 |  train   | step=1748, pmove=0.52, energy=-47.2214+0.0003j
I | 06-14 12:27:44 |  train   | step=1749, pmove=0.53, energy=-47.1889+0.0052j
I | 06-14 12:27:45 |  train   | step=1750, pmove=0.53, energy=-47.1554+0.0084j
I | 06-14 12:27:46 |  train   | step=1751, pmove=0.53, energy=-47.1930+0.0041j
I | 06-14 12:27:46 |  train   | step=1752, pmove=0.53, energy=-47.2194-0.0002j
I | 06-14 12:27:47 |  train   | step=1753, pmove=0.53, energy=-47.1598+0.0082j
I | 06-14 12:27:47 |  train   | step=1754, pmove=0.53, energy=-47.1873+0.0044j
I | 06-14 12:27:48 |  train   | step=1755, pmove=0.53, energy=-47.1608+0.0040j
I | 06-14 12:27:49 |  train   | step=1756, pmove=0.53, energy=-47.1782-0.0060j
I | 06-14 12:27:49 |  train   | step=1757, pmove=0.53, energy=-47.1964+0.0009j
I | 06-14 12:27:50 |  train   | step=1758, pmove=0.53, energy=-47.2234+0.0016j
I | 06-14 12:27:51 |  train   | step=1759, pmove=0.53, energy=-47.1925+0.0011j
I | 06-14 12:27:51 |  train   | step=1760, pmove=0.53, energy=-47.1801-0.0001j
I | 06-14 12:27:52 |  train   | step=1761, pmove=0.53, energy=-47.1574+0.0050j
I | 06-14 12:27:53 |  train   | step=1762, pmove=0.53, energy=-47.1909+0.0047j
I | 06-14 12:27:53 |  train   | step=1763, pmove=0.53, energy=-47.1937+0.0044j
I | 06-14 12:27:54 |  train   | step=1764, pmove=0.53, energy=-47.1963-0.0030j
I | 06-14 12:27:54 |  train   | step=1765, pmove=0.53, energy=-47.1937+0.0001j
I | 06-14 12:27:55 |  train   | step=1766, pmove=0.53, energy=-47.2013-0.0060j
I | 06-14 12:27:56 |  train   | step=1767, pmove=0.53, energy=-47.1753+0.0067j
I | 06-14 12:27:56 |  train   | step=1768, pmove=0.53, energy=-47.1646+0.0060j
I | 06-14 12:27:57 |  train   | step=1769, pmove=0.53, energy=-47.1836+0.0014j
I | 06-14 12:27:58 |  train   | step=1770, pmove=0.53, energy=-47.2260-0.0538j
I | 06-14 12:27:58 |  train   | step=1771, pmove=0.53, energy=-47.1745-0.0035j
I | 06-14 12:27:59 |  train   | step=1772, pmove=0.53, energy=-47.1902-0.0014j
I | 06-14 12:28:00 |  train   | step=1773, pmove=0.53, energy=-47.1927-0.0046j
I | 06-14 12:28:00 |  train   | step=1774, pmove=0.53, energy=-47.2081+0.0007j
I | 06-14 12:28:01 |  train   | step=1775, pmove=0.53, energy=-47.2416+0.0056j
I | 06-14 12:28:01 |  train   | step=1776, pmove=0.53, energy=-47.1607-0.0017j
I | 06-14 12:28:02 |  train   | step=1777, pmove=0.54, energy=-47.2160+0.0017j
I | 06-14 12:28:03 |  train   | step=1778, pmove=0.52, energy=-47.2120-0.0034j
I | 06-14 12:28:03 |  train   | step=1779, pmove=0.53, energy=-47.1909-0.0043j
I | 06-14 12:28:04 |  train   | step=1780, pmove=0.53, energy=-47.2056-0.0026j
I | 06-14 12:28:05 |  train   | step=1781, pmove=0.53, energy=-47.1998-0.0022j
I | 06-14 12:28:05 |  train   | step=1782, pmove=0.53, energy=-47.1844-0.0043j
I | 06-14 12:28:06 |  train   | step=1783, pmove=0.53, energy=-47.1722-0.0016j
I | 06-14 12:28:07 |  train   | step=1784, pmove=0.53, energy=-47.2102-0.0087j
I | 06-14 12:28:07 |  train   | step=1785, pmove=0.53, energy=-47.2218-0.0034j
I | 06-14 12:28:08 |  train   | step=1786, pmove=0.53, energy=-47.1453+0.0015j
I | 06-14 12:28:08 |  train   | step=1787, pmove=0.53, energy=-47.2167-0.0049j
I | 06-14 12:28:09 |  train   | step=1788, pmove=0.53, energy=-47.1638+0.0017j
I | 06-14 12:28:10 |  train   | step=1789, pmove=0.53, energy=-47.1827-0.0032j
I | 06-14 12:28:10 |  train   | step=1790, pmove=0.52, energy=-47.2211+0.0005j
I | 06-14 12:28:11 |  train   | step=1791, pmove=0.53, energy=-47.2030+0.0023j
I | 06-14 12:28:12 |  train   | step=1792, pmove=0.52, energy=-47.1823+0.0041j
I | 06-14 12:28:12 |  train   | step=1793, pmove=0.53, energy=-47.2074+0.0058j
I | 06-14 12:28:13 |  train   | step=1794, pmove=0.53, energy=-47.1905+0.0071j
I | 06-14 12:28:14 |  train   | step=1795, pmove=0.53, energy=-47.2396+0.0066j
I | 06-14 12:28:14 |  train   | step=1796, pmove=0.53, energy=-47.1915-0.0023j
I | 06-14 12:28:15 |  train   | step=1797, pmove=0.53, energy=-47.1655+0.0006j
I | 06-14 12:28:15 |  train   | step=1798, pmove=0.53, energy=-47.1920-0.0029j
I | 06-14 12:28:16 |  train   | step=1799, pmove=0.53, energy=-47.2156-0.0004j
I | 06-14 12:28:17 |  train   | step=1800, pmove=0.53, energy=-47.2281+0.0106j
I | 06-14 12:28:17 |  train   | step=1801, pmove=0.53, energy=-47.1740-0.0019j
I | 06-14 12:28:18 |  train   | step=1802, pmove=0.53, energy=-47.2136+0.0068j
I | 06-14 12:28:19 |  train   | step=1803, pmove=0.53, energy=-47.2344-0.0046j
I | 06-14 12:28:19 |  train   | step=1804, pmove=0.53, energy=-47.2132+0.0013j
I | 06-14 12:28:20 |  train   | step=1805, pmove=0.53, energy=-47.1825-0.0059j
I | 06-14 12:28:20 |  train   | step=1806, pmove=0.53, energy=-47.2136-0.0065j
I | 06-14 12:28:21 |  train   | step=1807, pmove=0.53, energy=-47.1808-0.0084j
I | 06-14 12:28:22 |  train   | step=1808, pmove=0.53, energy=-47.1728-0.0057j
I | 06-14 12:28:22 |  train   | step=1809, pmove=0.53, energy=-47.1813-0.0005j
I | 06-14 12:28:23 |  train   | step=1810, pmove=0.53, energy=-47.1962+0.0007j
I | 06-14 12:28:24 |  train   | step=1811, pmove=0.53, energy=-47.1674-0.0015j
I | 06-14 12:28:24 |  train   | step=1812, pmove=0.53, energy=-47.2098+0.0052j
I | 06-14 12:28:25 |  train   | step=1813, pmove=0.53, energy=-47.1789-0.0028j
I | 06-14 12:28:26 |  train   | step=1814, pmove=0.53, energy=-47.1752-0.0028j
I | 06-14 12:28:26 |  train   | step=1815, pmove=0.53, energy=-47.1499-0.0034j
I | 06-14 12:28:27 |  train   | step=1816, pmove=0.53, energy=-47.2010+0.0008j
I | 06-14 12:28:27 |  train   | step=1817, pmove=0.53, energy=-47.1947-0.0080j
I | 06-14 12:28:28 |  train   | step=1818, pmove=0.53, energy=-47.1842+0.0024j
I | 06-14 12:28:29 |  train   | step=1819, pmove=0.53, energy=-47.1970-0.0007j
I | 06-14 12:28:29 |  train   | step=1820, pmove=0.53, energy=-47.1296-0.0028j
I | 06-14 12:28:30 |  train   | step=1821, pmove=0.53, energy=-47.1707+0.0009j
I | 06-14 12:28:31 |  train   | step=1822, pmove=0.53, energy=-47.1658-0.0012j
I | 06-14 12:28:31 |  train   | step=1823, pmove=0.53, energy=-47.1567-0.0007j
I | 06-14 12:28:32 |  train   | step=1824, pmove=0.53, energy=-47.1892+0.0059j
I | 06-14 12:28:33 |  train   | step=1825, pmove=0.53, energy=-47.2006+0.0001j
I | 06-14 12:28:33 |  train   | step=1826, pmove=0.53, energy=-47.1513-0.0003j
I | 06-14 12:28:34 |  train   | step=1827, pmove=0.53, energy=-47.1892+0.0005j
I | 06-14 12:28:34 |  train   | step=1828, pmove=0.53, energy=-47.1996-0.0009j
I | 06-14 12:28:35 |  train   | step=1829, pmove=0.54, energy=-47.1579+0.0015j
I | 06-14 12:28:36 |  train   | step=1830, pmove=0.53, energy=-47.1672+0.0010j
I | 06-14 12:28:36 |  train   | step=1831, pmove=0.53, energy=-47.1704-0.0071j
I | 06-14 12:28:37 |  train   | step=1832, pmove=0.53, energy=-47.1996-0.0009j
I | 06-14 12:28:38 |  train   | step=1833, pmove=0.53, energy=-47.1132+0.0139j
I | 06-14 12:28:38 |  train   | step=1834, pmove=0.53, energy=-47.1274+0.0051j
I | 06-14 12:28:39 |  train   | step=1835, pmove=0.53, energy=-47.1432-0.0020j
I | 06-14 12:28:40 |  train   | step=1836, pmove=0.53, energy=-47.1877+0.0036j
I | 06-14 12:28:40 |  train   | step=1837, pmove=0.53, energy=-47.2028+0.0064j
I | 06-14 12:28:41 |  train   | step=1838, pmove=0.53, energy=-47.2101-0.0051j
I | 06-14 12:28:41 |  train   | step=1839, pmove=0.52, energy=-47.1867+0.0048j
I | 06-14 12:28:42 |  train   | step=1840, pmove=0.53, energy=-47.1773+0.0060j
I | 06-14 12:28:43 |  train   | step=1841, pmove=0.53, energy=-47.1635-0.0020j
I | 06-14 12:28:43 |  train   | step=1842, pmove=0.53, energy=-47.2266-0.0015j
I | 06-14 12:28:44 |  train   | step=1843, pmove=0.53, energy=-47.1812+0.0001j
I | 06-14 12:28:45 |  train   | step=1844, pmove=0.53, energy=-47.1978-0.0011j
I | 06-14 12:28:45 |  train   | step=1845, pmove=0.53, energy=-47.2006-0.0013j
I | 06-14 12:28:46 |  train   | step=1846, pmove=0.52, energy=-47.2260+0.0000j
I | 06-14 12:28:47 |  train   | step=1847, pmove=0.53, energy=-47.1646+0.0022j
I | 06-14 12:28:47 |  train   | step=1848, pmove=0.53, energy=-47.2113-0.0084j
I | 06-14 12:28:48 |  train   | step=1849, pmove=0.53, energy=-47.1752-0.0031j
I | 06-14 12:28:48 |  train   | step=1850, pmove=0.52, energy=-47.2350+0.0030j
I | 06-14 12:28:49 |  train   | step=1851, pmove=0.53, energy=-47.1726+0.0064j
I | 06-14 12:28:50 |  train   | step=1852, pmove=0.52, energy=-47.1991-0.0001j
I | 06-14 12:28:50 |  train   | step=1853, pmove=0.53, energy=-47.1592+0.0108j
I | 06-14 12:28:51 |  train   | step=1854, pmove=0.53, energy=-47.1727-0.0032j
I | 06-14 12:28:52 |  train   | step=1855, pmove=0.53, energy=-47.2055+0.0002j
I | 06-14 12:28:52 |  train   | step=1856, pmove=0.53, energy=-47.1852-0.0066j
I | 06-14 12:28:53 |  train   | step=1857, pmove=0.52, energy=-47.1151+0.0027j
I | 06-14 12:28:53 |  train   | step=1858, pmove=0.53, energy=-47.1887+0.0051j
I | 06-14 12:28:54 |  train   | step=1859, pmove=0.53, energy=-47.1868-0.0018j
I | 06-14 12:28:55 |  train   | step=1860, pmove=0.53, energy=-47.2058+0.0024j
I | 06-14 12:28:55 |  train   | step=1861, pmove=0.53, energy=-47.2138+0.0005j
I | 06-14 12:28:56 |  train   | step=1862, pmove=0.53, energy=-47.1473+0.0004j
I | 06-14 12:28:57 |  train   | step=1863, pmove=0.53, energy=-47.1817+0.0001j
I | 06-14 12:28:57 |  train   | step=1864, pmove=0.53, energy=-47.2020+0.0009j
I | 06-14 12:28:58 |  train   | step=1865, pmove=0.53, energy=-47.1840-0.0038j
I | 06-14 12:28:59 |  train   | step=1866, pmove=0.53, energy=-47.1720-0.0055j
I | 06-14 12:28:59 |  train   | step=1867, pmove=0.53, energy=-47.2167-0.0024j
I | 06-14 12:29:00 |  train   | step=1868, pmove=0.53, energy=-47.2258-0.0003j
I | 06-14 12:29:00 |  train   | step=1869, pmove=0.53, energy=-47.1990+0.0068j
I | 06-14 12:29:01 |  train   | step=1870, pmove=0.52, energy=-47.1939-0.0054j
I | 06-14 12:29:02 |  train   | step=1871, pmove=0.53, energy=-47.1997+0.0053j
I | 06-14 12:29:02 |  train   | step=1872, pmove=0.53, energy=-47.1961+0.0025j
I | 06-14 12:29:03 |  train   | step=1873, pmove=0.53, energy=-47.1801+0.0014j
I | 06-14 12:29:04 |  train   | step=1874, pmove=0.53, energy=-47.1684+0.0082j
I | 06-14 12:29:04 |  train   | step=1875, pmove=0.53, energy=-47.2342+0.0034j
I | 06-14 12:29:05 |  train   | step=1876, pmove=0.53, energy=-47.1882+0.0070j
I | 06-14 12:29:06 |  train   | step=1877, pmove=0.53, energy=-47.1998+0.0041j
I | 06-14 12:29:06 |  train   | step=1878, pmove=0.53, energy=-47.1693+0.0009j
I | 06-14 12:29:07 |  train   | step=1879, pmove=0.53, energy=-47.1770+0.0011j
I | 06-14 12:29:07 |  train   | step=1880, pmove=0.53, energy=-47.1768+0.0064j
I | 06-14 12:29:08 |  train   | step=1881, pmove=0.53, energy=-47.1567+0.0007j
I | 06-14 12:29:09 |  train   | step=1882, pmove=0.53, energy=-47.2176-0.0081j
I | 06-14 12:29:09 |  train   | step=1883, pmove=0.53, energy=-47.2022-0.0019j
I | 06-14 12:29:10 |  train   | step=1884, pmove=0.53, energy=-47.2220+0.0049j
I | 06-14 12:29:11 |  train   | step=1885, pmove=0.53, energy=-47.2021+0.0001j
I | 06-14 12:29:11 |  train   | step=1886, pmove=0.53, energy=-47.1781-0.0039j
I | 06-14 12:29:12 |  train   | step=1887, pmove=0.53, energy=-47.1716+0.0055j
I | 06-14 12:29:13 |  train   | step=1888, pmove=0.53, energy=-47.1866+0.0019j
I | 06-14 12:29:13 |  train   | step=1889, pmove=0.53, energy=-47.2551-0.0038j
I | 06-14 12:29:14 |  train   | step=1890, pmove=0.53, energy=-47.1792-0.0026j
I | 06-14 12:29:14 |  train   | step=1891, pmove=0.53, energy=-47.1868-0.0050j
I | 06-14 12:29:15 |  train   | step=1892, pmove=0.53, energy=-47.2097-0.0043j
I | 06-14 12:29:16 |  train   | step=1893, pmove=0.53, energy=-47.1529-0.0033j
I | 06-14 12:29:16 |  train   | step=1894, pmove=0.53, energy=-47.1544-0.0025j
I | 06-14 12:29:17 |  train   | step=1895, pmove=0.52, energy=-47.1914-0.0019j
I | 06-14 12:29:18 |  train   | step=1896, pmove=0.53, energy=-47.1856+0.0018j
I | 06-14 12:29:18 |  train   | step=1897, pmove=0.53, energy=-47.2174+0.0006j
I | 06-14 12:29:19 |  train   | step=1898, pmove=0.53, energy=-47.2055+0.0015j
I | 06-14 12:29:20 |  train   | step=1899, pmove=0.53, energy=-47.1750-0.0035j
I | 06-14 12:29:20 |  train   | step=1900, pmove=0.53, energy=-47.1727+0.0001j
I | 06-14 12:29:21 |  train   | step=1901, pmove=0.53, energy=-47.2031+0.0022j
I | 06-14 12:29:21 |  train   | step=1902, pmove=0.53, energy=-47.1852-0.0006j
I | 06-14 12:29:22 |  train   | step=1903, pmove=0.53, energy=-47.2156-0.0093j
I | 06-14 12:29:23 |  train   | step=1904, pmove=0.53, energy=-47.2203-0.0059j
I | 06-14 12:29:23 |  train   | step=1905, pmove=0.53, energy=-47.2078+0.0028j
I | 06-14 12:29:24 |  train   | step=1906, pmove=0.53, energy=-47.1993-0.0077j
I | 06-14 12:29:25 |  train   | step=1907, pmove=0.53, energy=-47.2086+0.0050j
I | 06-14 12:29:25 |  train   | step=1908, pmove=0.52, energy=-47.1946-0.0051j
I | 06-14 12:29:26 |  train   | step=1909, pmove=0.53, energy=-47.1936-0.0003j
I | 06-14 12:29:27 |  train   | step=1910, pmove=0.53, energy=-47.2032-0.0063j
I | 06-14 12:29:27 |  train   | step=1911, pmove=0.53, energy=-47.1888+0.0008j
I | 06-14 12:29:28 |  train   | step=1912, pmove=0.53, energy=-47.2224-0.0002j
I | 06-14 12:29:28 |  train   | step=1913, pmove=0.53, energy=-47.2273+0.0038j
I | 06-14 12:29:29 |  train   | step=1914, pmove=0.52, energy=-47.2141+0.0007j
I | 06-14 12:29:30 |  train   | step=1915, pmove=0.53, energy=-47.1971+0.0196j
I | 06-14 12:29:30 |  train   | step=1916, pmove=0.52, energy=-47.1656+0.0060j
I | 06-14 12:29:31 |  train   | step=1917, pmove=0.53, energy=-47.2141+0.0164j
I | 06-14 12:29:32 |  train   | step=1918, pmove=0.53, energy=-47.1637-0.0010j
I | 06-14 12:29:32 |  train   | step=1919, pmove=0.53, energy=-47.2171+0.0056j
I | 06-14 12:29:33 |  train   | step=1920, pmove=0.53, energy=-47.1544-0.0021j
I | 06-14 12:29:33 |  train   | step=1921, pmove=0.53, energy=-47.1850-0.0034j
I | 06-14 12:29:34 |  train   | step=1922, pmove=0.53, energy=-47.2000-0.0011j
I | 06-14 12:29:35 |  train   | step=1923, pmove=0.53, energy=-47.2043+0.0006j
I | 06-14 12:29:35 |  train   | step=1924, pmove=0.53, energy=-47.2074-0.0006j
I | 06-14 12:29:36 |  train   | step=1925, pmove=0.53, energy=-47.1986+0.0001j
I | 06-14 12:29:37 |  train   | step=1926, pmove=0.53, energy=-47.1526-0.0012j
I | 06-14 12:29:37 |  train   | step=1927, pmove=0.53, energy=-47.2002-0.0022j
I | 06-14 12:29:38 |  train   | step=1928, pmove=0.52, energy=-47.2256-0.0006j
I | 06-14 12:29:39 |  train   | step=1929, pmove=0.53, energy=-47.1475-0.0053j
I | 06-14 12:29:39 |  train   | step=1930, pmove=0.53, energy=-47.2166+0.0028j
I | 06-14 12:29:40 |  train   | step=1931, pmove=0.53, energy=-47.1760-0.0033j
I | 06-14 12:29:40 |  train   | step=1932, pmove=0.53, energy=-47.2087+0.0000j
I | 06-14 12:29:41 |  train   | step=1933, pmove=0.53, energy=-47.1894+0.0014j
I | 06-14 12:29:42 |  train   | step=1934, pmove=0.52, energy=-47.1853-0.0001j
I | 06-14 12:29:42 |  train   | step=1935, pmove=0.53, energy=-47.2021-0.0019j
I | 06-14 12:29:43 |  train   | step=1936, pmove=0.53, energy=-47.1714+0.0112j
I | 06-14 12:29:44 |  train   | step=1937, pmove=0.53, energy=-47.2108+0.0003j
I | 06-14 12:29:44 |  train   | step=1938, pmove=0.53, energy=-47.2091+0.0060j
I | 06-14 12:29:45 |  train   | step=1939, pmove=0.53, energy=-47.2292-0.0064j
I | 06-14 12:29:46 |  train   | step=1940, pmove=0.53, energy=-47.2098-0.0001j
I | 06-14 12:29:46 |  train   | step=1941, pmove=0.53, energy=-47.1983+0.0031j
I | 06-14 12:29:47 |  train   | step=1942, pmove=0.53, energy=-47.1849+0.0008j
I | 06-14 12:29:47 |  train   | step=1943, pmove=0.53, energy=-47.2289-0.0008j
I | 06-14 12:29:48 |  train   | step=1944, pmove=0.53, energy=-47.1942+0.0026j
I | 06-14 12:29:49 |  train   | step=1945, pmove=0.53, energy=-47.1939+0.0025j
I | 06-14 12:29:49 |  train   | step=1946, pmove=0.53, energy=-47.1773-0.0038j
I | 06-14 12:29:50 |  train   | step=1947, pmove=0.53, energy=-47.1898+0.0082j
I | 06-14 12:29:51 |  train   | step=1948, pmove=0.53, energy=-47.1930+0.0050j
I | 06-14 12:29:51 |  train   | step=1949, pmove=0.53, energy=-47.1787-0.0042j
I | 06-14 12:29:52 |  train   | step=1950, pmove=0.53, energy=-47.2436-0.0095j
I | 06-14 12:29:53 |  train   | step=1951, pmove=0.52, energy=-47.1844-0.0062j
I | 06-14 12:29:53 |  train   | step=1952, pmove=0.52, energy=-47.1890+0.0080j
I | 06-14 12:29:54 |  train   | step=1953, pmove=0.53, energy=-47.1783-0.0007j
I | 06-14 12:29:54 |  train   | step=1954, pmove=0.53, energy=-47.1723-0.0079j
I | 06-14 12:29:55 |  train   | step=1955, pmove=0.53, energy=-47.1861+0.0012j
I | 06-14 12:29:56 |  train   | step=1956, pmove=0.53, energy=-47.2121-0.0001j
I | 06-14 12:29:56 |  train   | step=1957, pmove=0.53, energy=-47.1948-0.0093j
I | 06-14 12:29:57 |  train   | step=1958, pmove=0.53, energy=-47.1523-0.0006j
I | 06-14 12:29:58 |  train   | step=1959, pmove=0.53, energy=-47.1787+0.0045j
I | 06-14 12:29:58 |  train   | step=1960, pmove=0.53, energy=-47.2202-0.0040j
I | 06-14 12:29:59 |  train   | step=1961, pmove=0.53, energy=-47.1956+0.0027j
I | 06-14 12:30:00 |  train   | step=1962, pmove=0.52, energy=-47.1995+0.0052j
I | 06-14 12:30:00 |  train   | step=1963, pmove=0.53, energy=-47.1719+0.0000j
I | 06-14 12:30:01 |  train   | step=1964, pmove=0.53, energy=-47.1679+0.0039j
I | 06-14 12:30:01 |  train   | step=1965, pmove=0.53, energy=-47.2098-0.0028j
I | 06-14 12:30:02 |  train   | step=1966, pmove=0.53, energy=-47.2450+0.0026j
I | 06-14 12:30:03 |  train   | step=1967, pmove=0.53, energy=-47.1941+0.0007j
I | 06-14 12:30:03 |  train   | step=1968, pmove=0.53, energy=-47.1823-0.0036j
I | 06-14 12:30:04 |  train   | step=1969, pmove=0.53, energy=-47.1815+0.0031j
I | 06-14 12:30:05 |  train   | step=1970, pmove=0.53, energy=-47.1848-0.0009j
I | 06-14 12:30:05 |  train   | step=1971, pmove=0.53, energy=-47.1730+0.0021j
I | 06-14 12:30:06 |  train   | step=1972, pmove=0.53, energy=-47.2079-0.0111j
I | 06-14 12:30:06 |  train   | step=1973, pmove=0.53, energy=-47.1755+0.0029j
I | 06-14 12:30:07 |  train   | step=1974, pmove=0.53, energy=-47.1885-0.0019j
I | 06-14 12:30:08 |  train   | step=1975, pmove=0.53, energy=-47.1910-0.0013j
I | 06-14 12:30:08 |  train   | step=1976, pmove=0.52, energy=-47.2027+0.0011j
I | 06-14 12:30:09 |  train   | step=1977, pmove=0.53, energy=-47.2112-0.0035j
I | 06-14 12:30:10 |  train   | step=1978, pmove=0.53, energy=-47.2213+0.0056j
I | 06-14 12:30:10 |  train   | step=1979, pmove=0.53, energy=-47.1941-0.0006j
I | 06-14 12:30:11 |  train   | step=1980, pmove=0.53, energy=-47.2169+0.0026j
I | 06-14 12:30:12 |  train   | step=1981, pmove=0.53, energy=-47.1993-0.0044j
I | 06-14 12:30:12 |  train   | step=1982, pmove=0.53, energy=-47.2041-0.0047j
I | 06-14 12:30:13 |  train   | step=1983, pmove=0.53, energy=-47.1943+0.0023j
I | 06-14 12:30:13 |  train   | step=1984, pmove=0.53, energy=-47.1745+0.0053j
I | 06-14 12:30:14 |  train   | step=1985, pmove=0.53, energy=-47.2021-0.0036j
I | 06-14 12:30:15 |  train   | step=1986, pmove=0.53, energy=-47.2086+0.0094j
I | 06-14 12:30:15 |  train   | step=1987, pmove=0.54, energy=-47.2233-0.0004j
I | 06-14 12:30:16 |  train   | step=1988, pmove=0.52, energy=-47.2072+0.0079j
I | 06-14 12:30:17 |  train   | step=1989, pmove=0.53, energy=-47.1718-0.0038j
I | 06-14 12:30:17 |  train   | step=1990, pmove=0.53, energy=-47.2065-0.0015j
I | 06-14 12:30:18 |  train   | step=1991, pmove=0.53, energy=-47.1984-0.0054j
I | 06-14 12:30:19 |  train   | step=1992, pmove=0.53, energy=-47.1874+0.0015j
I | 06-14 12:30:19 |  train   | step=1993, pmove=0.53, energy=-47.2009-0.0030j
I | 06-14 12:30:20 |  train   | step=1994, pmove=0.53, energy=-47.1400-0.0022j
I | 06-14 12:30:20 |  train   | step=1995, pmove=0.53, energy=-47.1574+0.0006j
I | 06-14 12:30:21 |  train   | step=1996, pmove=0.53, energy=-47.2057+0.0042j
I | 06-14 12:30:22 |  train   | step=1997, pmove=0.53, energy=-47.1796-0.0045j
I | 06-14 12:30:22 |  train   | step=1998, pmove=0.53, energy=-47.1842-0.0066j
I | 06-14 12:30:23 |  train   | step=1999, pmove=0.53, energy=-47.1726-0.0037j
I | 06-14 12:30:23 |checkpoint| Saving checkpoint /rds/user/jc2405/hpc-work/JaQMC/jaqmc/runs/sc_h_chain_3.78_spin_6_6/train_ckpt_001999.npz
I | 06-14 12:30:24 |  train   | step=2000, pmove=0.53, energy=-47.1962+0.0036j
I | 06-14 12:30:25 |  train   | step=2001, pmove=0.53, energy=-47.1956-0.0027j
I | 06-14 12:30:26 |  train   | step=2002, pmove=0.53, energy=-47.2306+0.0022j
I | 06-14 12:30:26 |  train   | step=2003, pmove=0.52, energy=-47.2123-0.0012j
I | 06-14 12:30:27 |  train   | step=2004, pmove=0.53, energy=-47.2175-0.0038j
I | 06-14 12:30:28 |  train   | step=2005, pmove=0.53, energy=-47.1871-0.0026j
I | 06-14 12:30:28 |  train   | step=2006, pmove=0.53, energy=-47.2325+0.0050j
I | 06-14 12:30:29 |  train   | step=2007, pmove=0.53, energy=-47.2292+0.0043j
I | 06-14 12:30:29 |  train   | step=2008, pmove=0.53, energy=-47.1924-0.0029j
I | 06-14 12:30:30 |  train   | step=2009, pmove=0.52, energy=-47.1607-0.0013j
I | 06-14 12:30:31 |  train   | step=2010, pmove=0.53, energy=-47.2189+0.0038j
I | 06-14 12:30:31 |  train   | step=2011, pmove=0.53, energy=-47.2248+0.0046j
I | 06-14 12:30:32 |  train   | step=2012, pmove=0.53, energy=-47.1942-0.0020j
I | 06-14 12:30:33 |  train   | step=2013, pmove=0.53, energy=-47.2008-0.0033j
I | 06-14 12:30:33 |  train   | step=2014, pmove=0.53, energy=-47.1984+0.0016j
I | 06-14 12:30:34 |  train   | step=2015, pmove=0.53, energy=-47.1848+0.0096j
I | 06-14 12:30:34 |  train   | step=2016, pmove=0.52, energy=-47.1779-0.0022j
I | 06-14 12:30:35 |  train   | step=2017, pmove=0.53, energy=-47.1690+0.0030j
I | 06-14 12:30:36 |  train   | step=2018, pmove=0.53, energy=-47.1164-0.0015j
I | 06-14 12:30:36 |  train   | step=2019, pmove=0.53, energy=-47.1705+0.0027j
I | 06-14 12:30:37 |  train   | step=2020, pmove=0.53, energy=-47.1986+0.0072j
I | 06-14 12:30:38 |  train   | step=2021, pmove=0.53, energy=-47.1666-0.0037j
I | 06-14 12:30:38 |  train   | step=2022, pmove=0.52, energy=-47.2194-0.0156j
I | 06-14 12:30:39 |  train   | step=2023, pmove=0.53, energy=-47.1775-0.0027j
I | 06-14 12:30:40 |  train   | step=2024, pmove=0.53, energy=-47.1979+0.0017j
I | 06-14 12:30:40 |  train   | step=2025, pmove=0.53, energy=-47.1765+0.0022j
I | 06-14 12:30:41 |  train   | step=2026, pmove=0.53, energy=-47.2017-0.0012j
I | 06-14 12:30:41 |  train   | step=2027, pmove=0.53, energy=-47.2076-0.0000j
I | 06-14 12:30:42 |  train   | step=2028, pmove=0.53, energy=-47.2096-0.0058j
I | 06-14 12:30:43 |  train   | step=2029, pmove=0.53, energy=-47.1981+0.0002j
I | 06-14 12:30:43 |  train   | step=2030, pmove=0.53, energy=-47.1754+0.0026j
I | 06-14 12:30:44 |  train   | step=2031, pmove=0.53, energy=-47.1976+0.0042j
I | 06-14 12:30:45 |  train   | step=2032, pmove=0.53, energy=-47.1817+0.0009j
I | 06-14 12:30:45 |  train   | step=2033, pmove=0.53, energy=-47.1981-0.0042j
I | 06-14 12:30:46 |  train   | step=2034, pmove=0.53, energy=-47.1752-0.0004j
I | 06-14 12:30:47 |  train   | step=2035, pmove=0.53, energy=-47.2151-0.0046j
I | 06-14 12:30:47 |  train   | step=2036, pmove=0.53, energy=-47.1814-0.0003j
I | 06-14 12:30:48 |  train   | step=2037, pmove=0.53, energy=-47.1560-0.0017j
I | 06-14 12:30:48 |  train   | step=2038, pmove=0.53, energy=-47.2229-0.0030j
I | 06-14 12:30:49 |  train   | step=2039, pmove=0.53, energy=-47.1503+0.0071j
I | 06-14 12:30:50 |  train   | step=2040, pmove=0.53, energy=-47.2060-0.0099j
I | 06-14 12:30:50 |  train   | step=2041, pmove=0.53, energy=-47.2067+0.0006j
I | 06-14 12:30:51 |  train   | step=2042, pmove=0.53, energy=-47.1929+0.0007j
I | 06-14 12:30:52 |  train   | step=2043, pmove=0.53, energy=-47.1991-0.0032j
I | 06-14 12:30:52 |  train   | step=2044, pmove=0.53, energy=-47.1924-0.0027j
I | 06-14 12:30:53 |  train   | step=2045, pmove=0.53, energy=-47.2543-0.0071j
I | 06-14 12:30:54 |  train   | step=2046, pmove=0.53, energy=-47.2073+0.0026j
I | 06-14 12:30:54 |  train   | step=2047, pmove=0.53, energy=-47.2024-0.0043j
I | 06-14 12:30:55 |  train   | step=2048, pmove=0.53, energy=-47.1990-0.0021j
I | 06-14 12:30:55 |  train   | step=2049, pmove=0.53, energy=-47.2156-0.0000j
I | 06-14 12:30:56 |  train   | step=2050, pmove=0.53, energy=-47.2036-0.0022j
I | 06-14 12:30:57 |  train   | step=2051, pmove=0.53, energy=-47.1913+0.0022j
I | 06-14 12:30:57 |  train   | step=2052, pmove=0.53, energy=-47.1725-0.0078j
I | 06-14 12:30:58 |  train   | step=2053, pmove=0.53, energy=-47.1691+0.0016j
I | 06-14 12:30:59 |  train   | step=2054, pmove=0.52, energy=-47.2135-0.0010j
I | 06-14 12:30:59 |  train   | step=2055, pmove=0.53, energy=-47.2043-0.0015j
I | 06-14 12:31:00 |  train   | step=2056, pmove=0.53, energy=-47.1985-0.0025j
I | 06-14 12:31:01 |  train   | step=2057, pmove=0.53, energy=-47.2110+0.0054j
I | 06-14 12:31:01 |  train   | step=2058, pmove=0.53, energy=-47.1940-0.0053j
I | 06-14 12:31:02 |  train   | step=2059, pmove=0.53, energy=-47.2210-0.0032j
I | 06-14 12:31:02 |  train   | step=2060, pmove=0.53, energy=-47.2161-0.0034j
I | 06-14 12:31:03 |  train   | step=2061, pmove=0.53, energy=-47.1939-0.0101j
I | 06-14 12:31:04 |  train   | step=2062, pmove=0.53, energy=-47.1607-0.0044j
I | 06-14 12:31:04 |  train   | step=2063, pmove=0.53, energy=-47.1908-0.0029j
I | 06-14 12:31:05 |  train   | step=2064, pmove=0.53, energy=-47.2332+0.0023j
I | 06-14 12:31:06 |  train   | step=2065, pmove=0.53, energy=-47.1959-0.0025j
I | 06-14 12:31:06 |  train   | step=2066, pmove=0.53, energy=-47.2024+0.0001j
I | 06-14 12:31:07 |  train   | step=2067, pmove=0.53, energy=-47.2241+0.0035j
I | 06-14 12:31:07 |  train   | step=2068, pmove=0.53, energy=-47.1999+0.0045j
I | 06-14 12:31:08 |  train   | step=2069, pmove=0.53, energy=-47.1932-0.0089j
I | 06-14 12:31:09 |  train   | step=2070, pmove=0.53, energy=-47.2013+0.0015j
I | 06-14 12:31:09 |  train   | step=2071, pmove=0.53, energy=-47.1861-0.0021j
I | 06-14 12:31:10 |  train   | step=2072, pmove=0.53, energy=-47.2127+0.0037j
I | 06-14 12:31:11 |  train   | step=2073, pmove=0.53, energy=-47.2034-0.0001j
I | 06-14 12:31:11 |  train   | step=2074, pmove=0.53, energy=-47.1950+0.0017j
I | 06-14 12:31:12 |  train   | step=2075, pmove=0.52, energy=-47.1591-0.0047j
I | 06-14 12:31:13 |  train   | step=2076, pmove=0.53, energy=-47.1994+0.0013j
I | 06-14 12:31:13 |  train   | step=2077, pmove=0.53, energy=-47.2329-0.0025j
I | 06-14 12:31:14 |  train   | step=2078, pmove=0.52, energy=-47.1903-0.0047j
I | 06-14 12:31:14 |  train   | step=2079, pmove=0.52, energy=-47.1846-0.0032j
I | 06-14 12:31:15 |  train   | step=2080, pmove=0.53, energy=-47.1870-0.0039j
I | 06-14 12:31:16 |  train   | step=2081, pmove=0.53, energy=-47.1975+0.0047j
I | 06-14 12:31:16 |  train   | step=2082, pmove=0.53, energy=-47.1942-0.0044j
I | 06-14 12:31:17 |  train   | step=2083, pmove=0.53, energy=-47.0972-0.0684j
I | 06-14 12:31:18 |  train   | step=2084, pmove=0.52, energy=-47.1524-0.0039j
I | 06-14 12:31:18 |  train   | step=2085, pmove=0.53, energy=-47.2157-0.0016j
I | 06-14 12:31:19 |  train   | step=2086, pmove=0.53, energy=-47.1796+0.0063j
I | 06-14 12:31:20 |  train   | step=2087, pmove=0.53, energy=-47.1958-0.0012j
I | 06-14 12:31:20 |  train   | step=2088, pmove=0.53, energy=-47.1919+0.0035j
I | 06-14 12:31:21 |  train   | step=2089, pmove=0.53, energy=-47.1542-0.0022j
I | 06-14 12:31:21 |  train   | step=2090, pmove=0.53, energy=-47.1963+0.0024j
I | 06-14 12:31:22 |  train   | step=2091, pmove=0.53, energy=-47.2130-0.0033j
I | 06-14 12:31:23 |  train   | step=2092, pmove=0.53, energy=-47.1969+0.0026j
I | 06-14 12:31:23 |  train   | step=2093, pmove=0.53, energy=-47.1997-0.0047j
I | 06-14 12:31:24 |  train   | step=2094, pmove=0.52, energy=-47.2124-0.0013j
I | 06-14 12:31:25 |  train   | step=2095, pmove=0.53, energy=-47.2040+0.0010j
I | 06-14 12:31:25 |  train   | step=2096, pmove=0.53, energy=-47.2049-0.0034j
I | 06-14 12:31:26 |  train   | step=2097, pmove=0.52, energy=-47.2117+0.0043j
I | 06-14 12:31:27 |  train   | step=2098, pmove=0.53, energy=-47.1687+0.0053j
I | 06-14 12:31:27 |  train   | step=2099, pmove=0.53, energy=-47.2386-0.0042j
I | 06-14 12:31:28 |  train   | step=2100, pmove=0.53, energy=-47.1645+0.0003j
I | 06-14 12:31:28 |  train   | step=2101, pmove=0.53, energy=-47.1841-0.0138j
I | 06-14 12:31:29 |  train   | step=2102, pmove=0.53, energy=-47.2045+0.0006j
I | 06-14 12:31:30 |  train   | step=2103, pmove=0.53, energy=-47.2296+0.0053j
I | 06-14 12:31:30 |  train   | step=2104, pmove=0.53, energy=-47.2171+0.0005j
I | 06-14 12:31:31 |  train   | step=2105, pmove=0.53, energy=-47.2021-0.0052j
I | 06-14 12:31:32 |  train   | step=2106, pmove=0.53, energy=-47.1934-0.0029j
I | 06-14 12:31:32 |  train   | step=2107, pmove=0.52, energy=-47.2103+0.0013j
I | 06-14 12:31:33 |  train   | step=2108, pmove=0.53, energy=-47.2232-0.0035j
I | 06-14 12:31:34 |  train   | step=2109, pmove=0.53, energy=-47.2185-0.0083j
I | 06-14 12:31:34 |  train   | step=2110, pmove=0.53, energy=-47.1988+0.0024j
I | 06-14 12:31:35 |  train   | step=2111, pmove=0.52, energy=-47.2208-0.0000j
I | 06-14 12:31:35 |  train   | step=2112, pmove=0.53, energy=-47.1758-0.0021j
I | 06-14 12:31:36 |  train   | step=2113, pmove=0.53, energy=-47.2194-0.0126j
I | 06-14 12:31:37 |  train   | step=2114, pmove=0.53, energy=-47.2005+0.0064j
I | 06-14 12:31:37 |  train   | step=2115, pmove=0.53, energy=-47.1893+0.0034j
I | 06-14 12:31:38 |  train   | step=2116, pmove=0.53, energy=-47.2279-0.0039j
I | 06-14 12:31:39 |  train   | step=2117, pmove=0.53, energy=-47.2234+0.0069j
I | 06-14 12:31:39 |  train   | step=2118, pmove=0.53, energy=-47.2106+0.0076j
I | 06-14 12:31:40 |  train   | step=2119, pmove=0.53, energy=-47.1822+0.0101j
I | 06-14 12:31:41 |  train   | step=2120, pmove=0.53, energy=-47.2008+0.0021j
I | 06-14 12:31:41 |  train   | step=2121, pmove=0.52, energy=-47.2029+0.0026j
I | 06-14 12:31:42 |  train   | step=2122, pmove=0.52, energy=-47.1981+0.0019j
I | 06-14 12:31:42 |  train   | step=2123, pmove=0.53, energy=-47.2075-0.0041j
I | 06-14 12:31:43 |  train   | step=2124, pmove=0.53, energy=-47.2192+0.0063j
I | 06-14 12:31:44 |  train   | step=2125, pmove=0.52, energy=-47.2601-0.0132j
I | 06-14 12:31:44 |  train   | step=2126, pmove=0.53, energy=-47.1983-0.0037j
I | 06-14 12:31:45 |  train   | step=2127, pmove=0.53, energy=-47.1867+0.0053j
I | 06-14 12:31:46 |  train   | step=2128, pmove=0.53, energy=-47.1953-0.0048j
I | 06-14 12:31:46 |  train   | step=2129, pmove=0.53, energy=-47.2274+0.0065j
I | 06-14 12:31:47 |  train   | step=2130, pmove=0.53, energy=-47.2105-0.0025j
I | 06-14 12:31:47 |  train   | step=2131, pmove=0.53, energy=-47.1858-0.0039j
I | 06-14 12:31:48 |  train   | step=2132, pmove=0.53, energy=-47.2062-0.0110j
I | 06-14 12:31:49 |  train   | step=2133, pmove=0.52, energy=-47.2044-0.0097j
I | 06-14 12:31:49 |  train   | step=2134, pmove=0.53, energy=-47.2217-0.0084j
I | 06-14 12:31:50 |  train   | step=2135, pmove=0.53, energy=-47.2016+0.0017j
I | 06-14 12:31:51 |  train   | step=2136, pmove=0.53, energy=-47.1868-0.0029j
I | 06-14 12:31:51 |  train   | step=2137, pmove=0.53, energy=-47.2152-0.0056j
I | 06-14 12:31:52 |  train   | step=2138, pmove=0.53, energy=-47.2115-0.0043j
I | 06-14 12:31:53 |  train   | step=2139, pmove=0.53, energy=-47.1963+0.0052j
I | 06-14 12:31:53 |  train   | step=2140, pmove=0.53, energy=-47.2506-0.0041j
I | 06-14 12:31:54 |  train   | step=2141, pmove=0.53, energy=-47.1725-0.0024j
I | 06-14 12:31:54 |  train   | step=2142, pmove=0.53, energy=-47.1733-0.0036j
I | 06-14 12:31:55 |  train   | step=2143, pmove=0.52, energy=-47.2060+0.0003j
I | 06-14 12:31:56 |  train   | step=2144, pmove=0.53, energy=-47.2072-0.0013j
I | 06-14 12:31:56 |  train   | step=2145, pmove=0.53, energy=-47.2028-0.0024j
I | 06-14 12:31:57 |  train   | step=2146, pmove=0.53, energy=-47.2066-0.0028j
I | 06-14 12:31:58 |  train   | step=2147, pmove=0.52, energy=-47.2526+0.0085j
I | 06-14 12:31:58 |  train   | step=2148, pmove=0.53, energy=-47.2142-0.0029j
I | 06-14 12:31:59 |  train   | step=2149, pmove=0.53, energy=-47.1819-0.0017j
I | 06-14 12:32:00 |  train   | step=2150, pmove=0.53, energy=-47.2200+0.0017j
I | 06-14 12:32:00 |  train   | step=2151, pmove=0.52, energy=-47.1244-0.0149j
I | 06-14 12:32:01 |  train   | step=2152, pmove=0.53, energy=-47.1810+0.0048j
I | 06-14 12:32:01 |  train   | step=2153, pmove=0.52, energy=-47.2051+0.0023j
I | 06-14 12:32:02 |  train   | step=2154, pmove=0.53, energy=-47.1147-0.0001j
I | 06-14 12:32:03 |  train   | step=2155, pmove=0.53, energy=-47.1786+0.0038j
I | 06-14 12:32:03 |  train   | step=2156, pmove=0.53, energy=-47.1488+0.0105j
I | 06-14 12:32:04 |  train   | step=2157, pmove=0.53, energy=-47.1813+0.0002j
I | 06-14 12:32:05 |  train   | step=2158, pmove=0.53, energy=-47.2110-0.0017j
I | 06-14 12:32:05 |  train   | step=2159, pmove=0.53, energy=-47.2147+0.0064j
I | 06-14 12:32:06 |  train   | step=2160, pmove=0.53, energy=-47.2062-0.0117j
I | 06-14 12:32:07 |  train   | step=2161, pmove=0.53, energy=-47.1892+0.0045j
I | 06-14 12:32:07 |  train   | step=2162, pmove=0.53, energy=-47.2237+0.0048j
I | 06-14 12:32:08 |  train   | step=2163, pmove=0.53, energy=-47.2254-0.0052j
I | 06-14 12:32:08 |  train   | step=2164, pmove=0.52, energy=-47.2208-0.0020j
I | 06-14 12:32:09 |  train   | step=2165, pmove=0.53, energy=-47.1939+0.0015j
I | 06-14 12:32:10 |  train   | step=2166, pmove=0.53, energy=-47.1924+0.0010j
I | 06-14 12:32:10 |  train   | step=2167, pmove=0.53, energy=-47.1431-0.0054j
I | 06-14 12:32:11 |  train   | step=2168, pmove=0.53, energy=-47.1845-0.0002j
I | 06-14 12:32:12 |  train   | step=2169, pmove=0.53, energy=-47.2166+0.0018j
I | 06-14 12:32:12 |  train   | step=2170, pmove=0.53, energy=-47.1864+0.0002j
I | 06-14 12:32:13 |  train   | step=2171, pmove=0.53, energy=-47.2073+0.0035j
I | 06-14 12:32:14 |  train   | step=2172, pmove=0.53, energy=-47.1924+0.0036j
I | 06-14 12:32:14 |  train   | step=2173, pmove=0.52, energy=-47.1920+0.0022j
I | 06-14 12:32:15 |  train   | step=2174, pmove=0.53, energy=-47.2302+0.0030j
I | 06-14 12:32:15 |  train   | step=2175, pmove=0.53, energy=-47.2004+0.0049j
I | 06-14 12:32:16 |  train   | step=2176, pmove=0.53, energy=-47.2197+0.0042j
I | 06-14 12:32:17 |  train   | step=2177, pmove=0.53, energy=-47.2027+0.0027j
I | 06-14 12:32:17 |  train   | step=2178, pmove=0.53, energy=-47.1999+0.0029j
I | 06-14 12:32:18 |  train   | step=2179, pmove=0.53, energy=-47.2366-0.0021j
I | 06-14 12:32:19 |  train   | step=2180, pmove=0.53, energy=-47.2216+0.0011j
I | 06-14 12:32:19 |  train   | step=2181, pmove=0.53, energy=-47.2138+0.0002j
I | 06-14 12:32:20 |  train   | step=2182, pmove=0.53, energy=-47.1880+0.0049j
I | 06-14 12:32:21 |  train   | step=2183, pmove=0.53, energy=-47.1957-0.0059j
I | 06-14 12:32:21 |  train   | step=2184, pmove=0.53, energy=-47.2330-0.0092j
I | 06-14 12:32:22 |  train   | step=2185, pmove=0.53, energy=-47.2052+0.0099j
I | 06-14 12:32:22 |  train   | step=2186, pmove=0.53, energy=-47.2315+0.0067j
I | 06-14 12:32:23 |  train   | step=2187, pmove=0.53, energy=-47.1838+0.0028j
I | 06-14 12:32:24 |  train   | step=2188, pmove=0.53, energy=-47.1918+0.0007j
I | 06-14 12:32:24 |  train   | step=2189, pmove=0.53, energy=-47.1575+0.0023j
I | 06-14 12:32:25 |  train   | step=2190, pmove=0.53, energy=-47.1543-0.0064j
I | 06-14 12:32:26 |  train   | step=2191, pmove=0.52, energy=-47.1703-0.0028j
I | 06-14 12:32:26 |  train   | step=2192, pmove=0.53, energy=-47.2222+0.0015j
I | 06-14 12:32:27 |  train   | step=2193, pmove=0.52, energy=-47.1966-0.0008j
I | 06-14 12:32:27 |  train   | step=2194, pmove=0.53, energy=-47.1917+0.0050j
I | 06-14 12:32:28 |  train   | step=2195, pmove=0.53, energy=-47.2266+0.0017j
I | 06-14 12:32:29 |  train   | step=2196, pmove=0.53, energy=-47.1799+0.0067j
I | 06-14 12:32:29 |  train   | step=2197, pmove=0.53, energy=-47.2263-0.0029j
I | 06-14 12:32:30 |  train   | step=2198, pmove=0.53, energy=-47.1394-0.0000j
I | 06-14 12:32:31 |  train   | step=2199, pmove=0.52, energy=-47.1710-0.0017j
I | 06-14 12:32:31 |  train   | step=2200, pmove=0.53, energy=-47.1684-0.0065j
I | 06-14 12:32:32 |  train   | step=2201, pmove=0.52, energy=-47.1882+0.0002j
I | 06-14 12:32:33 |  train   | step=2202, pmove=0.53, energy=-47.1734-0.0048j
I | 06-14 12:32:33 |  train   | step=2203, pmove=0.53, energy=-47.1693-0.0026j
I | 06-14 12:32:34 |  train   | step=2204, pmove=0.53, energy=-47.1876-0.0284j
I | 06-14 12:32:34 |  train   | step=2205, pmove=0.52, energy=-47.1784-0.0021j
I | 06-14 12:32:35 |  train   | step=2206, pmove=0.53, energy=-47.2177-0.0028j
I | 06-14 12:32:36 |  train   | step=2207, pmove=0.52, energy=-47.1980-0.0048j
I | 06-14 12:32:36 |  train   | step=2208, pmove=0.53, energy=-47.2298-0.0006j
I | 06-14 12:32:37 |  train   | step=2209, pmove=0.52, energy=-47.2182+0.0017j
I | 06-14 12:32:38 |  train   | step=2210, pmove=0.53, energy=-47.2256-0.0295j
I | 06-14 12:32:38 |  train   | step=2211, pmove=0.53, energy=-47.1955+0.0010j
I | 06-14 12:32:39 |  train   | step=2212, pmove=0.53, energy=-47.2101+0.0005j
I | 06-14 12:32:40 |  train   | step=2213, pmove=0.53, energy=-47.2188+0.0001j
I | 06-14 12:32:40 |  train   | step=2214, pmove=0.53, energy=-47.2169-0.0055j
I | 06-14 12:32:41 |  train   | step=2215, pmove=0.53, energy=-47.1929-0.0042j
I | 06-14 12:32:41 |  train   | step=2216, pmove=0.53, energy=-47.1816-0.0011j
I | 06-14 12:32:42 |  train   | step=2217, pmove=0.52, energy=-47.2116-0.0067j
I | 06-14 12:32:43 |  train   | step=2218, pmove=0.53, energy=-47.2042+0.0046j
I | 06-14 12:32:43 |  train   | step=2219, pmove=0.53, energy=-47.1813-0.0032j
I | 06-14 12:32:44 |  train   | step=2220, pmove=0.53, energy=-47.1746+0.0009j
I | 06-14 12:32:45 |  train   | step=2221, pmove=0.53, energy=-47.1968-0.0013j
I | 06-14 12:32:45 |  train   | step=2222, pmove=0.53, energy=-47.2211-0.0032j
I | 06-14 12:32:46 |  train   | step=2223, pmove=0.53, energy=-47.2109+0.0078j
I | 06-14 12:32:47 |  train   | step=2224, pmove=0.53, energy=-47.2098-0.0001j
I | 06-14 12:32:47 |  train   | step=2225, pmove=0.53, energy=-47.1908-0.0009j
I | 06-14 12:32:48 |  train   | step=2226, pmove=0.53, energy=-47.1687+0.0085j
I | 06-14 12:32:48 |  train   | step=2227, pmove=0.52, energy=-47.1629-0.0022j
I | 06-14 12:32:49 |  train   | step=2228, pmove=0.53, energy=-47.1825+0.0033j
I | 06-14 12:32:50 |  train   | step=2229, pmove=0.53, energy=-47.1788-0.0046j
I | 06-14 12:32:50 |  train   | step=2230, pmove=0.53, energy=-47.1719+0.0024j
I | 06-14 12:32:51 |  train   | step=2231, pmove=0.52, energy=-47.1712-0.0012j
I | 06-14 12:32:52 |  train   | step=2232, pmove=0.53, energy=-47.1747-0.0018j
I | 06-14 12:32:52 |  train   | step=2233, pmove=0.53, energy=-47.2274-0.0062j
I | 06-14 12:32:53 |  train   | step=2234, pmove=0.53, energy=-47.1402-0.0027j
I | 06-14 12:32:54 |  train   | step=2235, pmove=0.53, energy=-47.2320+0.0028j
I | 06-14 12:32:54 |  train   | step=2236, pmove=0.53, energy=-47.1896-0.0042j
I | 06-14 12:32:55 |  train   | step=2237, pmove=0.53, energy=-47.2088-0.0064j
I | 06-14 12:32:55 |  train   | step=2238, pmove=0.53, energy=-47.1713+0.0170j
I | 06-14 12:32:56 |  train   | step=2239, pmove=0.53, energy=-47.2030-0.0087j
I | 06-14 12:32:57 |  train   | step=2240, pmove=0.53, energy=-47.1838-0.0014j
I | 06-14 12:32:57 |  train   | step=2241, pmove=0.53, energy=-47.1926+0.0014j
I | 06-14 12:32:58 |  train   | step=2242, pmove=0.53, energy=-47.1984+0.0032j
I | 06-14 12:32:59 |  train   | step=2243, pmove=0.53, energy=-47.1930-0.0042j
I | 06-14 12:32:59 |  train   | step=2244, pmove=0.53, energy=-47.2171-0.0005j
I | 06-14 12:33:00 |  train   | step=2245, pmove=0.53, energy=-47.2367+0.0033j
I | 06-14 12:33:00 |  train   | step=2246, pmove=0.53, energy=-47.1983-0.0015j
I | 06-14 12:33:01 |  train   | step=2247, pmove=0.53, energy=-47.1609+0.0072j
I | 06-14 12:33:02 |  train   | step=2248, pmove=0.53, energy=-47.1910+0.0002j
I | 06-14 12:33:02 |  train   | step=2249, pmove=0.53, energy=-47.2196-0.0018j
I | 06-14 12:33:03 |  train   | step=2250, pmove=0.53, energy=-47.2013+0.0008j
I | 06-14 12:33:04 |  train   | step=2251, pmove=0.53, energy=-47.2159+0.0008j
I | 06-14 12:33:04 |  train   | step=2252, pmove=0.52, energy=-47.1778-0.0001j
I | 06-14 12:33:05 |  train   | step=2253, pmove=0.52, energy=-47.2127+0.0037j
I | 06-14 12:33:06 |  train   | step=2254, pmove=0.53, energy=-47.2046+0.0037j
I | 06-14 12:33:06 |  train   | step=2255, pmove=0.53, energy=-47.2170+0.0046j
I | 06-14 12:33:07 |  train   | step=2256, pmove=0.53, energy=-47.2097-0.0008j
I | 06-14 12:33:07 |  train   | step=2257, pmove=0.53, energy=-47.2059+0.0026j
I | 06-14 12:33:08 |  train   | step=2258, pmove=0.52, energy=-47.2030-0.0077j
I | 06-14 12:33:09 |  train   | step=2259, pmove=0.53, energy=-47.1790-0.0042j
I | 06-14 12:33:09 |  train   | step=2260, pmove=0.53, energy=-47.2157-0.0009j
I | 06-14 12:33:10 |  train   | step=2261, pmove=0.53, energy=-47.2091-0.0029j
I | 06-14 12:33:11 |  train   | step=2262, pmove=0.52, energy=-47.1944-0.0017j
I | 06-14 12:33:11 |  train   | step=2263, pmove=0.53, energy=-47.2056-0.0053j
I | 06-14 12:33:12 |  train   | step=2264, pmove=0.53, energy=-47.2164+0.0018j
I | 06-14 12:33:13 |  train   | step=2265, pmove=0.53, energy=-47.1955-0.0011j
I | 06-14 12:33:13 |  train   | step=2266, pmove=0.53, energy=-47.1766+0.0048j
I | 06-14 12:33:14 |  train   | step=2267, pmove=0.52, energy=-47.2190-0.0032j
I | 06-14 12:33:14 |  train   | step=2268, pmove=0.53, energy=-47.2044-0.0034j
I | 06-14 12:33:15 |  train   | step=2269, pmove=0.53, energy=-47.2070-0.0031j
I | 06-14 12:33:16 |  train   | step=2270, pmove=0.53, energy=-47.2216-0.0038j
I | 06-14 12:33:16 |  train   | step=2271, pmove=0.53, energy=-47.1928+0.0013j
I | 06-14 12:33:17 |  train   | step=2272, pmove=0.53, energy=-47.1864+0.0035j
I | 06-14 12:33:18 |  train   | step=2273, pmove=0.53, energy=-47.2134+0.0017j
I | 06-14 12:33:18 |  train   | step=2274, pmove=0.53, energy=-47.2028-0.0039j
I | 06-14 12:33:19 |  train   | step=2275, pmove=0.52, energy=-47.1857-0.0048j
I | 06-14 12:33:20 |  train   | step=2276, pmove=0.53, energy=-47.2372-0.0027j
I | 06-14 12:33:20 |  train   | step=2277, pmove=0.53, energy=-47.1902-0.0035j
I | 06-14 12:33:21 |  train   | step=2278, pmove=0.53, energy=-47.2396-0.0036j
I | 06-14 12:33:21 |  train   | step=2279, pmove=0.53, energy=-47.1932-0.0008j
I | 06-14 12:33:22 |  train   | step=2280, pmove=0.53, energy=-47.1966-0.0014j
I | 06-14 12:33:23 |  train   | step=2281, pmove=0.53, energy=-47.2122+0.0046j
I | 06-14 12:33:23 |  train   | step=2282, pmove=0.53, energy=-47.1615-0.0027j
I | 06-14 12:33:24 |  train   | step=2283, pmove=0.53, energy=-47.2284-0.0108j
I | 06-14 12:33:25 |  train   | step=2284, pmove=0.53, energy=-47.2176-0.0034j
I | 06-14 12:33:25 |  train   | step=2285, pmove=0.53, energy=-47.1931+0.0013j
I | 06-14 12:33:26 |  train   | step=2286, pmove=0.53, energy=-47.1813-0.0013j
I | 06-14 12:33:27 |  train   | step=2287, pmove=0.53, energy=-47.1798-0.0000j
I | 06-14 12:33:27 |  train   | step=2288, pmove=0.53, energy=-47.2069+0.0032j
I | 06-14 12:33:28 |  train   | step=2289, pmove=0.52, energy=-47.2071+0.0005j
I | 06-14 12:33:28 |  train   | step=2290, pmove=0.53, energy=-47.2186-0.0001j
I | 06-14 12:33:29 |  train   | step=2291, pmove=0.53, energy=-47.1938+0.0059j
I | 06-14 12:33:30 |  train   | step=2292, pmove=0.52, energy=-47.2365+0.0042j
I | 06-14 12:33:30 |  train   | step=2293, pmove=0.53, energy=-47.2077-0.0018j
I | 06-14 12:33:31 |  train   | step=2294, pmove=0.53, energy=-47.1525+0.0020j
I | 06-14 12:33:32 |  train   | step=2295, pmove=0.53, energy=-47.2003+0.0077j
I | 06-14 12:33:32 |  train   | step=2296, pmove=0.52, energy=-47.1977+0.0013j
I | 06-14 12:33:33 |  train   | step=2297, pmove=0.53, energy=-47.1966+0.0030j
I | 06-14 12:33:34 |  train   | step=2298, pmove=0.53, energy=-47.2142+0.0041j
I | 06-14 12:33:34 |  train   | step=2299, pmove=0.53, energy=-47.1961-0.0017j
I | 06-14 12:33:35 |  train   | step=2300, pmove=0.53, energy=-47.2082-0.0100j
I | 06-14 12:33:35 |  train   | step=2301, pmove=0.53, energy=-47.1886+0.0012j
I | 06-14 12:33:36 |  train   | step=2302, pmove=0.53, energy=-47.1224-0.0025j
I | 06-14 12:33:37 |  train   | step=2303, pmove=0.53, energy=-47.2069-0.0035j
I | 06-14 12:33:37 |  train   | step=2304, pmove=0.53, energy=-47.1925+0.0023j
I | 06-14 12:33:38 |  train   | step=2305, pmove=0.53, energy=-47.1690+0.0213j
I | 06-14 12:33:39 |  train   | step=2306, pmove=0.52, energy=-47.2067-0.0004j
I | 06-14 12:33:39 |  train   | step=2307, pmove=0.53, energy=-47.2067-0.0031j
I | 06-14 12:33:40 |  train   | step=2308, pmove=0.53, energy=-47.1736+0.0008j
I | 06-14 12:33:40 |  train   | step=2309, pmove=0.53, energy=-47.2095-0.0023j
I | 06-14 12:33:41 |  train   | step=2310, pmove=0.53, energy=-47.1954-0.0007j
I | 06-14 12:33:42 |  train   | step=2311, pmove=0.53, energy=-47.2014-0.0016j
I | 06-14 12:33:42 |  train   | step=2312, pmove=0.53, energy=-47.1903-0.0011j
I | 06-14 12:33:43 |  train   | step=2313, pmove=0.52, energy=-47.2036+0.0000j
I | 06-14 12:33:44 |  train   | step=2314, pmove=0.53, energy=-47.1876-0.0004j
I | 06-14 12:33:44 |  train   | step=2315, pmove=0.53, energy=-47.1966-0.0030j
I | 06-14 12:33:45 |  train   | step=2316, pmove=0.53, energy=-47.2065-0.0010j
I | 06-14 12:33:46 |  train   | step=2317, pmove=0.53, energy=-47.2106+0.0001j
I | 06-14 12:33:46 |  train   | step=2318, pmove=0.53, energy=-47.1989+0.0004j
I | 06-14 12:33:47 |  train   | step=2319, pmove=0.53, energy=-47.1941+0.0018j
I | 06-14 12:33:47 |  train   | step=2320, pmove=0.53, energy=-47.1959+0.0016j
I | 06-14 12:33:48 |  train   | step=2321, pmove=0.52, energy=-47.2226+0.0071j
I | 06-14 12:33:49 |  train   | step=2322, pmove=0.53, energy=-47.2021-0.0035j
I | 06-14 12:33:49 |  train   | step=2323, pmove=0.53, energy=-47.2198+0.0037j
I | 06-14 12:33:50 |  train   | step=2324, pmove=0.53, energy=-47.1971+0.0046j
I | 06-14 12:33:51 |  train   | step=2325, pmove=0.53, energy=-47.2268-0.0026j
I | 06-14 12:33:51 |  train   | step=2326, pmove=0.53, energy=-47.1948+0.0095j
I | 06-14 12:33:52 |  train   | step=2327, pmove=0.53, energy=-47.2014+0.0055j
I | 06-14 12:33:53 |  train   | step=2328, pmove=0.52, energy=-47.1906+0.0002j
I | 06-14 12:33:53 |  train   | step=2329, pmove=0.53, energy=-47.1897-0.0027j
I | 06-14 12:33:54 |  train   | step=2330, pmove=0.53, energy=-47.2132-0.0058j
I | 06-14 12:33:54 |  train   | step=2331, pmove=0.52, energy=-47.2094+0.0029j
I | 06-14 12:33:55 |  train   | step=2332, pmove=0.53, energy=-47.2022-0.0022j
I | 06-14 12:33:56 |  train   | step=2333, pmove=0.53, energy=-47.2126+0.0003j
I | 06-14 12:33:56 |  train   | step=2334, pmove=0.53, energy=-47.2031+0.0034j
I | 06-14 12:33:57 |  train   | step=2335, pmove=0.53, energy=-47.1876+0.0091j
I | 06-14 12:33:58 |  train   | step=2336, pmove=0.53, energy=-47.1726+0.0062j
I | 06-14 12:33:58 |  train   | step=2337, pmove=0.53, energy=-47.1981+0.0030j
I | 06-14 12:33:59 |  train   | step=2338, pmove=0.53, energy=-47.1785+0.0001j
I | 06-14 12:34:00 |  train   | step=2339, pmove=0.53, energy=-47.1769-0.0072j
I | 06-14 12:34:00 |  train   | step=2340, pmove=0.52, energy=-47.2039-0.0079j
I | 06-14 12:34:01 |  train   | step=2341, pmove=0.53, energy=-47.2382+0.0005j
I | 06-14 12:34:01 |  train   | step=2342, pmove=0.53, energy=-47.2395+0.0000j
I | 06-14 12:34:02 |  train   | step=2343, pmove=0.53, energy=-47.2079-0.0077j
I | 06-14 12:34:03 |  train   | step=2344, pmove=0.53, energy=-47.2027-0.0113j
I | 06-14 12:34:03 |  train   | step=2345, pmove=0.52, energy=-47.2072-0.0021j
I | 06-14 12:34:04 |  train   | step=2346, pmove=0.53, energy=-47.1768+0.0049j
I | 06-14 12:34:05 |  train   | step=2347, pmove=0.53, energy=-47.1634+0.0178j
I | 06-14 12:34:05 |  train   | step=2348, pmove=0.53, energy=-47.1946+0.0022j
I | 06-14 12:34:06 |  train   | step=2349, pmove=0.53, energy=-47.2147-0.0041j
I | 06-14 12:34:07 |  train   | step=2350, pmove=0.53, energy=-47.2026+0.0011j
I | 06-14 12:34:07 |  train   | step=2351, pmove=0.52, energy=-47.1905+0.0070j
I | 06-14 12:34:08 |  train   | step=2352, pmove=0.53, energy=-47.1911-0.0003j
I | 06-14 12:34:08 |  train   | step=2353, pmove=0.53, energy=-47.1490-0.0062j
I | 06-14 12:34:09 |  train   | step=2354, pmove=0.53, energy=-47.2008-0.0028j
I | 06-14 12:34:10 |  train   | step=2355, pmove=0.53, energy=-47.1975-0.0062j
I | 06-14 12:34:10 |  train   | step=2356, pmove=0.53, energy=-47.1675-0.0021j
I | 06-14 12:34:11 |  train   | step=2357, pmove=0.53, energy=-47.2097+0.0077j
I | 06-14 12:34:12 |  train   | step=2358, pmove=0.53, energy=-47.2046+0.0021j
I | 06-14 12:34:12 |  train   | step=2359, pmove=0.53, energy=-47.2267-0.0049j
I | 06-14 12:34:13 |  train   | step=2360, pmove=0.53, energy=-47.1868-0.0012j
I | 06-14 12:34:14 |  train   | step=2361, pmove=0.53, energy=-47.2073-0.0000j
I | 06-14 12:34:14 |  train   | step=2362, pmove=0.53, energy=-47.2049+0.0040j
I | 06-14 12:34:15 |  train   | step=2363, pmove=0.53, energy=-47.2196+0.0086j
I | 06-14 12:34:15 |  train   | step=2364, pmove=0.53, energy=-47.2168+0.0049j
I | 06-14 12:34:16 |  train   | step=2365, pmove=0.52, energy=-47.2046-0.0013j
I | 06-14 12:34:17 |  train   | step=2366, pmove=0.53, energy=-47.1929+0.0019j
I | 06-14 12:34:17 |  train   | step=2367, pmove=0.53, energy=-47.2162+0.0018j
I | 06-14 12:34:18 |  train   | step=2368, pmove=0.52, energy=-47.2616-0.0071j
I | 06-14 12:34:19 |  train   | step=2369, pmove=0.52, energy=-47.1750-0.0318j
I | 06-14 12:34:19 |  train   | step=2370, pmove=0.52, energy=-47.2099-0.0081j
I | 06-14 12:34:20 |  train   | step=2371, pmove=0.53, energy=-47.1601-0.0051j
I | 06-14 12:34:20 |  train   | step=2372, pmove=0.53, energy=-47.1781+0.0046j
I | 06-14 12:34:21 |  train   | step=2373, pmove=0.53, energy=-47.1860-0.0038j
I | 06-14 12:34:22 |  train   | step=2374, pmove=0.53, energy=-47.1797-0.0024j
I | 06-14 12:34:22 |  train   | step=2375, pmove=0.53, energy=-47.1964+0.0075j
I | 06-14 12:34:23 |  train   | step=2376, pmove=0.53, energy=-47.2042+0.0011j
I | 06-14 12:34:24 |  train   | step=2377, pmove=0.53, energy=-47.1927+0.0038j
I | 06-14 12:34:24 |  train   | step=2378, pmove=0.53, energy=-47.2342-0.0029j
I | 06-14 12:34:25 |  train   | step=2379, pmove=0.53, energy=-47.2364-0.0007j
I | 06-14 12:34:26 |  train   | step=2380, pmove=0.53, energy=-47.2035-0.0007j
I | 06-14 12:34:26 |  train   | step=2381, pmove=0.53, energy=-47.1997+0.0010j
I | 06-14 12:34:27 |  train   | step=2382, pmove=0.53, energy=-47.2037+0.0008j
I | 06-14 12:34:27 |  train   | step=2383, pmove=0.53, energy=-47.2197+0.0010j
I | 06-14 12:34:28 |  train   | step=2384, pmove=0.53, energy=-47.2266-0.0007j
I | 06-14 12:34:29 |  train   | step=2385, pmove=0.53, energy=-47.1758+0.0022j
I | 06-14 12:34:29 |  train   | step=2386, pmove=0.53, energy=-47.2152+0.0064j
I | 06-14 12:34:30 |  train   | step=2387, pmove=0.53, energy=-47.1984+0.0004j
I | 06-14 12:34:31 |  train   | step=2388, pmove=0.53, energy=-47.1554-0.0099j
I | 06-14 12:34:31 |  train   | step=2389, pmove=0.52, energy=-47.2280+0.0003j
I | 06-14 12:34:32 |  train   | step=2390, pmove=0.53, energy=-47.2258-0.0007j
I | 06-14 12:34:33 |  train   | step=2391, pmove=0.53, energy=-47.1803-0.0013j
I | 06-14 12:34:33 |  train   | step=2392, pmove=0.53, energy=-47.2176+0.0045j
I | 06-14 12:34:34 |  train   | step=2393, pmove=0.52, energy=-47.2256-0.0013j
I | 06-14 12:34:34 |  train   | step=2394, pmove=0.53, energy=-47.2273-0.0025j
I | 06-14 12:34:35 |  train   | step=2395, pmove=0.53, energy=-47.2587+0.0053j
I | 06-14 12:34:36 |  train   | step=2396, pmove=0.53, energy=-47.2127+0.0035j
I | 06-14 12:34:36 |  train   | step=2397, pmove=0.53, energy=-47.2031-0.0025j
I | 06-14 12:34:37 |  train   | step=2398, pmove=0.53, energy=-47.2101-0.0021j
I | 06-14 12:34:38 |  train   | step=2399, pmove=0.53, energy=-47.2133-0.0016j
I | 06-14 12:34:38 |  train   | step=2400, pmove=0.53, energy=-47.2161-0.0024j
I | 06-14 12:34:39 |  train   | step=2401, pmove=0.52, energy=-47.1966+0.0017j
I | 06-14 12:34:40 |  train   | step=2402, pmove=0.53, energy=-47.2375+0.0031j
I | 06-14 12:34:40 |  train   | step=2403, pmove=0.52, energy=-47.1990+0.0003j
I | 06-14 12:34:41 |  train   | step=2404, pmove=0.53, energy=-47.1875+0.0008j
I | 06-14 12:34:41 |  train   | step=2405, pmove=0.53, energy=-47.2085+0.0013j
I | 06-14 12:34:42 |  train   | step=2406, pmove=0.52, energy=-47.1989-0.0013j
I | 06-14 12:34:43 |  train   | step=2407, pmove=0.53, energy=-47.2118-0.0052j
I | 06-14 12:34:43 |  train   | step=2408, pmove=0.53, energy=-47.1901-0.0013j
I | 06-14 12:34:44 |  train   | step=2409, pmove=0.52, energy=-47.2026-0.0019j
I | 06-14 12:34:45 |  train   | step=2410, pmove=0.53, energy=-47.2056+0.0001j
I | 06-14 12:34:45 |  train   | step=2411, pmove=0.53, energy=-47.1951-0.0060j
I | 06-14 12:34:46 |  train   | step=2412, pmove=0.53, energy=-47.2415-0.0077j
I | 06-14 12:34:47 |  train   | step=2413, pmove=0.52, energy=-47.2348-0.0070j
I | 06-14 12:34:47 |  train   | step=2414, pmove=0.53, energy=-47.1870+0.0026j
I | 06-14 12:34:48 |  train   | step=2415, pmove=0.53, energy=-47.1928+0.0017j
I | 06-14 12:34:48 |  train   | step=2416, pmove=0.53, energy=-47.1812-0.0019j
I | 06-14 12:34:49 |  train   | step=2417, pmove=0.53, energy=-47.2003+0.0056j
I | 06-14 12:34:50 |  train   | step=2418, pmove=0.53, energy=-47.2175-0.0011j
I | 06-14 12:34:50 |  train   | step=2419, pmove=0.53, energy=-47.2079+0.0001j
I | 06-14 12:34:51 |  train   | step=2420, pmove=0.52, energy=-47.1746+0.0007j
I | 06-14 12:34:52 |  train   | step=2421, pmove=0.53, energy=-47.2215+0.0014j
I | 06-14 12:34:52 |  train   | step=2422, pmove=0.53, energy=-47.1908-0.0075j
I | 06-14 12:34:53 |  train   | step=2423, pmove=0.53, energy=-47.1781-0.0086j
I | 06-14 12:34:54 |  train   | step=2424, pmove=0.53, energy=-47.1997-0.0046j
I | 06-14 12:34:54 |  train   | step=2425, pmove=0.53, energy=-47.1867-0.0003j
I | 06-14 12:34:55 |  train   | step=2426, pmove=0.53, energy=-47.2057+0.0019j
I | 06-14 12:34:55 |  train   | step=2427, pmove=0.53, energy=-47.1570-0.0055j
I | 06-14 12:34:56 |  train   | step=2428, pmove=0.53, energy=-47.2425+0.0025j
I | 06-14 12:34:57 |  train   | step=2429, pmove=0.53, energy=-47.2092-0.0027j
I | 06-14 12:34:57 |  train   | step=2430, pmove=0.53, energy=-47.1961+0.0015j
I | 06-14 12:34:58 |  train   | step=2431, pmove=0.53, energy=-47.1941+0.0018j
I | 06-14 12:34:59 |  train   | step=2432, pmove=0.53, energy=-47.2005-0.0016j
I | 06-14 12:34:59 |  train   | step=2433, pmove=0.53, energy=-47.2359+0.0047j
I | 06-14 12:35:00 |  train   | step=2434, pmove=0.53, energy=-47.2092+0.0005j
I | 06-14 12:35:00 |  train   | step=2435, pmove=0.53, energy=-47.2080+0.0075j
I | 06-14 12:35:01 |  train   | step=2436, pmove=0.53, energy=-47.1625-0.0011j
I | 06-14 12:35:02 |  train   | step=2437, pmove=0.53, energy=-47.2112+0.0007j
I | 06-14 12:35:02 |  train   | step=2438, pmove=0.53, energy=-47.2060-0.0006j
I | 06-14 12:35:03 |  train   | step=2439, pmove=0.53, energy=-47.1933-0.0006j
I | 06-14 12:35:04 |  train   | step=2440, pmove=0.53, energy=-47.2020-0.0005j
I | 06-14 12:35:04 |  train   | step=2441, pmove=0.53, energy=-47.2129-0.0037j
I | 06-14 12:35:05 |  train   | step=2442, pmove=0.53, energy=-47.1834+0.0053j
I | 06-14 12:35:06 |  train   | step=2443, pmove=0.52, energy=-47.1762+0.0014j
I | 06-14 12:35:06 |  train   | step=2444, pmove=0.53, energy=-47.2091+0.0008j
I | 06-14 12:35:07 |  train   | step=2445, pmove=0.53, energy=-47.2232+0.0005j
I | 06-14 12:35:07 |  train   | step=2446, pmove=0.53, energy=-47.2473+0.0112j
I | 06-14 12:35:08 |  train   | step=2447, pmove=0.52, energy=-47.1980-0.0019j
I | 06-14 12:35:09 |  train   | step=2448, pmove=0.53, energy=-47.2071-0.0067j
I | 06-14 12:35:09 |  train   | step=2449, pmove=0.52, energy=-47.1924-0.0056j
I | 06-14 12:35:10 |  train   | step=2450, pmove=0.53, energy=-47.2017-0.0035j
I | 06-14 12:35:11 |  train   | step=2451, pmove=0.53, energy=-47.2326+0.0012j
I | 06-14 12:35:11 |  train   | step=2452, pmove=0.53, energy=-47.1745+0.0042j
I | 06-14 12:35:12 |  train   | step=2453, pmove=0.53, energy=-47.2046-0.0107j
I | 06-14 12:35:13 |  train   | step=2454, pmove=0.53, energy=-47.2169+0.0004j
I | 06-14 12:35:13 |  train   | step=2455, pmove=0.53, energy=-47.1926-0.0005j
I | 06-14 12:35:14 |  train   | step=2456, pmove=0.53, energy=-47.2168-0.0053j
I | 06-14 12:35:14 |  train   | step=2457, pmove=0.53, energy=-47.2266+0.0003j
I | 06-14 12:35:15 |  train   | step=2458, pmove=0.53, energy=-47.2143+0.0021j
I | 06-14 12:35:16 |  train   | step=2459, pmove=0.53, energy=-47.1409+0.0043j
I | 06-14 12:35:16 |  train   | step=2460, pmove=0.53, energy=-47.1615+0.0006j
I | 06-14 12:35:17 |  train   | step=2461, pmove=0.53, energy=-47.2227+0.0037j
I | 06-14 12:35:18 |  train   | step=2462, pmove=0.53, energy=-47.2012-0.0096j
I | 06-14 12:35:18 |  train   | step=2463, pmove=0.53, energy=-47.1875+0.0100j
I | 06-14 12:35:19 |  train   | step=2464, pmove=0.53, energy=-47.1878-0.0039j
I | 06-14 12:35:20 |  train   | step=2465, pmove=0.53, energy=-47.2064-0.0003j
I | 06-14 12:35:20 |  train   | step=2466, pmove=0.53, energy=-47.2099+0.0055j
I | 06-14 12:35:21 |  train   | step=2467, pmove=0.52, energy=-47.2148-0.0239j
I | 06-14 12:35:21 |  train   | step=2468, pmove=0.53, energy=-47.1992+0.0024j
I | 06-14 12:35:22 |  train   | step=2469, pmove=0.53, energy=-47.2206-0.0030j
I | 06-14 12:35:23 |  train   | step=2470, pmove=0.52, energy=-47.1965-0.0105j
I | 06-14 12:35:23 |  train   | step=2471, pmove=0.53, energy=-47.2342-0.0027j
I | 06-14 12:35:24 |  train   | step=2472, pmove=0.53, energy=-47.2168-0.0011j
I | 06-14 12:35:25 |  train   | step=2473, pmove=0.53, energy=-47.2223-0.0090j
I | 06-14 12:35:25 |  train   | step=2474, pmove=0.53, energy=-47.1784+0.0030j
I | 06-14 12:35:26 |  train   | step=2475, pmove=0.53, energy=-47.1805+0.0014j
I | 06-14 12:35:27 |  train   | step=2476, pmove=0.53, energy=-47.2274-0.0002j
I | 06-14 12:35:27 |  train   | step=2477, pmove=0.53, energy=-47.2005-0.0038j
I | 06-14 12:35:28 |  train   | step=2478, pmove=0.53, energy=-47.1792+0.0000j
I | 06-14 12:35:28 |  train   | step=2479, pmove=0.53, energy=-47.1788-0.0028j
I | 06-14 12:35:29 |  train   | step=2480, pmove=0.53, energy=-47.2184+0.0006j
I | 06-14 12:35:30 |  train   | step=2481, pmove=0.53, energy=-47.2137+0.0028j
I | 06-14 12:35:30 |  train   | step=2482, pmove=0.53, energy=-47.2037+0.0023j
I | 06-14 12:35:31 |  train   | step=2483, pmove=0.53, energy=-47.2038-0.0024j
I | 06-14 12:35:32 |  train   | step=2484, pmove=0.53, energy=-47.1897-0.0020j
I | 06-14 12:35:32 |  train   | step=2485, pmove=0.52, energy=-47.2222-0.0018j
I | 06-14 12:35:33 |  train   | step=2486, pmove=0.53, energy=-47.2025-0.0021j
I | 06-14 12:35:33 |  train   | step=2487, pmove=0.53, energy=-47.2128+0.0038j
I | 06-14 12:35:34 |  train   | step=2488, pmove=0.52, energy=-47.1903+0.0010j
I | 06-14 12:35:35 |  train   | step=2489, pmove=0.53, energy=-47.1855+0.0016j
I | 06-14 12:35:35 |  train   | step=2490, pmove=0.53, energy=-47.2219-0.0065j
I | 06-14 12:35:36 |  train   | step=2491, pmove=0.53, energy=-47.2053+0.0001j
I | 06-14 12:35:37 |  train   | step=2492, pmove=0.53, energy=-47.1954-0.0026j
I | 06-14 12:35:37 |  train   | step=2493, pmove=0.53, energy=-47.2120-0.0023j
I | 06-14 12:35:38 |  train   | step=2494, pmove=0.52, energy=-47.1775+0.0013j
I | 06-14 12:35:39 |  train   | step=2495, pmove=0.52, energy=-47.2229-0.0011j
I | 06-14 12:35:39 |  train   | step=2496, pmove=0.53, energy=-47.2034-0.0074j
I | 06-14 12:35:40 |  train   | step=2497, pmove=0.53, energy=-47.2231+0.0056j
I | 06-14 12:35:40 |  train   | step=2498, pmove=0.53, energy=-47.1865-0.0013j
I | 06-14 12:35:41 |  train   | step=2499, pmove=0.53, energy=-47.1716-0.0031j
I | 06-14 12:35:42 |  train   | step=2500, pmove=0.53, energy=-47.1847-0.0001j
I | 06-14 12:35:42 |  train   | step=2501, pmove=0.53, energy=-47.2042+0.0002j
I | 06-14 12:35:43 |  train   | step=2502, pmove=0.53, energy=-47.1617-0.0017j
I | 06-14 12:35:44 |  train   | step=2503, pmove=0.52, energy=-47.1978+0.0061j
I | 06-14 12:35:44 |  train   | step=2504, pmove=0.53, energy=-47.1958+0.0098j
I | 06-14 12:35:45 |  train   | step=2505, pmove=0.53, energy=-47.2090-0.0026j
I | 06-14 12:35:46 |  train   | step=2506, pmove=0.53, energy=-47.1733-0.0025j
I | 06-14 12:35:46 |  train   | step=2507, pmove=0.52, energy=-47.2079-0.0065j
I | 06-14 12:35:47 |  train   | step=2508, pmove=0.53, energy=-47.2410+0.0039j
I | 06-14 12:35:47 |  train   | step=2509, pmove=0.52, energy=-47.2173+0.0009j
I | 06-14 12:35:48 |  train   | step=2510, pmove=0.53, energy=-47.1823-0.0013j
I | 06-14 12:35:49 |  train   | step=2511, pmove=0.52, energy=-47.1861-0.0020j
I | 06-14 12:35:49 |  train   | step=2512, pmove=0.53, energy=-47.2326-0.0008j
I | 06-14 12:35:50 |  train   | step=2513, pmove=0.53, energy=-47.1760-0.0011j
I | 06-14 12:35:51 |  train   | step=2514, pmove=0.53, energy=-47.1882-0.0035j
I | 06-14 12:35:51 |  train   | step=2515, pmove=0.53, energy=-47.2310+0.0036j
I | 06-14 12:35:52 |  train   | step=2516, pmove=0.53, energy=-47.2063+0.0032j
I | 06-14 12:35:53 |  train   | step=2517, pmove=0.53, energy=-47.2120+0.0002j
I | 06-14 12:35:53 |  train   | step=2518, pmove=0.53, energy=-47.1933-0.0019j
I | 06-14 12:35:54 |  train   | step=2519, pmove=0.52, energy=-47.1795+0.0035j
I | 06-14 12:35:54 |  train   | step=2520, pmove=0.54, energy=-47.1883-0.0015j
I | 06-14 12:35:55 |  train   | step=2521, pmove=0.53, energy=-47.1763+0.0017j
I | 06-14 12:35:56 |  train   | step=2522, pmove=0.53, energy=-47.2139-0.0009j
I | 06-14 12:35:56 |  train   | step=2523, pmove=0.53, energy=-47.2299+0.0009j
I | 06-14 12:35:57 |  train   | step=2524, pmove=0.52, energy=-47.2188-0.0061j
I | 06-14 12:35:58 |  train   | step=2525, pmove=0.53, energy=-47.2037-0.0023j
I | 06-14 12:35:58 |  train   | step=2526, pmove=0.53, energy=-47.2272+0.0053j
I | 06-14 12:35:59 |  train   | step=2527, pmove=0.53, energy=-47.1984-0.0064j
I | 06-14 12:36:00 |  train   | step=2528, pmove=0.53, energy=-47.2255+0.0009j
I | 06-14 12:36:00 |  train   | step=2529, pmove=0.53, energy=-47.2118-0.0015j
I | 06-14 12:36:01 |  train   | step=2530, pmove=0.53, energy=-47.1736+0.0011j
I | 06-14 12:36:01 |  train   | step=2531, pmove=0.53, energy=-47.2325-0.0015j
I | 06-14 12:36:02 |  train   | step=2532, pmove=0.53, energy=-47.1810+0.0021j
I | 06-14 12:36:03 |  train   | step=2533, pmove=0.53, energy=-47.1596-0.0023j
I | 06-14 12:36:03 |  train   | step=2534, pmove=0.53, energy=-47.2027+0.0001j
I | 06-14 12:36:04 |  train   | step=2535, pmove=0.53, energy=-47.2173+0.0057j
I | 06-14 12:36:05 |  train   | step=2536, pmove=0.53, energy=-47.2019+0.0093j
I | 06-14 12:36:05 |  train   | step=2537, pmove=0.53, energy=-47.2027+0.0046j
I | 06-14 12:36:06 |  train   | step=2538, pmove=0.53, energy=-47.2190-0.0028j
I | 06-14 12:36:07 |  train   | step=2539, pmove=0.53, energy=-47.2106+0.0036j
I | 06-14 12:36:07 |  train   | step=2540, pmove=0.53, energy=-47.2064+0.0001j
I | 06-14 12:36:08 |  train   | step=2541, pmove=0.53, energy=-47.1829+0.0009j
I | 06-14 12:36:08 |  train   | step=2542, pmove=0.53, energy=-47.2434+0.0006j
I | 06-14 12:36:09 |  train   | step=2543, pmove=0.53, energy=-47.1928+0.0033j
I | 06-14 12:36:10 |  train   | step=2544, pmove=0.52, energy=-47.2337+0.0024j
I | 06-14 12:36:10 |  train   | step=2545, pmove=0.53, energy=-47.2020-0.0028j
I | 06-14 12:36:11 |  train   | step=2546, pmove=0.53, energy=-47.2314-0.0025j
I | 06-14 12:36:12 |  train   | step=2547, pmove=0.53, energy=-47.1986-0.0002j
I | 06-14 12:36:12 |  train   | step=2548, pmove=0.53, energy=-47.1728-0.0000j
I | 06-14 12:36:13 |  train   | step=2549, pmove=0.53, energy=-47.1866-0.0016j
I | 06-14 12:36:13 |  train   | step=2550, pmove=0.52, energy=-47.2401+0.0097j
I | 06-14 12:36:14 |  train   | step=2551, pmove=0.53, energy=-47.2030-0.0026j
I | 06-14 12:36:15 |  train   | step=2552, pmove=0.53, energy=-47.2176-0.0087j
I | 06-14 12:36:15 |  train   | step=2553, pmove=0.53, energy=-47.1967+0.0041j
I | 06-14 12:36:16 |  train   | step=2554, pmove=0.53, energy=-47.2044+0.0071j
I | 06-14 12:36:17 |  train   | step=2555, pmove=0.53, energy=-47.2203+0.0018j
I | 06-14 12:36:17 |  train   | step=2556, pmove=0.52, energy=-47.2489-0.0097j
I | 06-14 12:36:18 |  train   | step=2557, pmove=0.53, energy=-47.1985+0.0006j
I | 06-14 12:36:19 |  train   | step=2558, pmove=0.53, energy=-47.2399+0.0105j
I | 06-14 12:36:19 |  train   | step=2559, pmove=0.53, energy=-47.1830-0.0043j
I | 06-14 12:36:20 |  train   | step=2560, pmove=0.53, energy=-47.1941-0.0041j
I | 06-14 12:36:20 |  train   | step=2561, pmove=0.53, energy=-47.2419-0.0021j
I | 06-14 12:36:21 |  train   | step=2562, pmove=0.53, energy=-47.2058+0.0001j
I | 06-14 12:36:22 |  train   | step=2563, pmove=0.53, energy=-47.2751+0.0061j
I | 06-14 12:36:22 |  train   | step=2564, pmove=0.53, energy=-47.1616-0.0072j
I | 06-14 12:36:23 |  train   | step=2565, pmove=0.52, energy=-47.2169+0.0048j
I | 06-14 12:36:24 |  train   | step=2566, pmove=0.53, energy=-47.2112+0.0039j
I | 06-14 12:36:24 |  train   | step=2567, pmove=0.53, energy=-47.1590-0.0044j
I | 06-14 12:36:25 |  train   | step=2568, pmove=0.53, energy=-47.2368-0.0031j
I | 06-14 12:36:26 |  train   | step=2569, pmove=0.54, energy=-47.1865+0.0030j
I | 06-14 12:36:26 |  train   | step=2570, pmove=0.52, energy=-47.2267+0.0051j
I | 06-14 12:36:27 |  train   | step=2571, pmove=0.53, energy=-47.2355-0.0009j
I | 06-14 12:36:27 |  train   | step=2572, pmove=0.53, energy=-47.1907-0.0044j
I | 06-14 12:36:28 |  train   | step=2573, pmove=0.53, energy=-47.2052-0.0031j
I | 06-14 12:36:29 |  train   | step=2574, pmove=0.53, energy=-47.2114+0.0016j
I | 06-14 12:36:29 |  train   | step=2575, pmove=0.53, energy=-47.2086-0.0012j
I | 06-14 12:36:30 |  train   | step=2576, pmove=0.53, energy=-47.1872-0.0037j
I | 06-14 12:36:31 |  train   | step=2577, pmove=0.52, energy=-47.1958+0.0007j
I | 06-14 12:36:32 |  train   | step=2578, pmove=0.52, energy=-47.1872-0.0017j
I | 06-14 12:36:32 |  train   | step=2579, pmove=0.53, energy=-47.2140-0.0067j
I | 06-14 12:36:33 |  train   | step=2580, pmove=0.53, energy=-47.1903+0.0026j
I | 06-14 12:36:34 |  train   | step=2581, pmove=0.53, energy=-47.2281-0.0044j
I | 06-14 12:36:34 |  train   | step=2582, pmove=0.53, energy=-47.1959+0.0025j
I | 06-14 12:36:35 |  train   | step=2583, pmove=0.52, energy=-47.2045-0.0002j
I | 06-14 12:36:35 |  train   | step=2584, pmove=0.53, energy=-47.2024-0.0003j
I | 06-14 12:36:36 |  train   | step=2585, pmove=0.53, energy=-47.2149+0.0025j
I | 06-14 12:36:37 |  train   | step=2586, pmove=0.53, energy=-47.2016-0.0012j
I | 06-14 12:36:38 |  train   | step=2587, pmove=0.52, energy=-47.2204-0.0015j
I | 06-14 12:36:38 |  train   | step=2588, pmove=0.53, energy=-47.1959+0.0009j
I | 06-14 12:36:39 |  train   | step=2589, pmove=0.53, energy=-47.1653-0.0115j
I | 06-14 12:36:40 |  train   | step=2590, pmove=0.52, energy=-47.1751-0.0042j
I | 06-14 12:36:40 |  train   | step=2591, pmove=0.53, energy=-47.2043-0.0047j
I | 06-14 12:36:41 |  train   | step=2592, pmove=0.53, energy=-47.2055-0.0071j
I | 06-14 12:36:42 |  train   | step=2593, pmove=0.53, energy=-47.2280+0.0007j
I | 06-14 12:36:42 |  train   | step=2594, pmove=0.53, energy=-47.2157+0.0006j
I | 06-14 12:36:43 |  train   | step=2595, pmove=0.53, energy=-47.2272-0.0024j
I | 06-14 12:36:44 |  train   | step=2596, pmove=0.53, energy=-47.2142-0.0028j
I | 06-14 12:36:44 |  train   | step=2597, pmove=0.53, energy=-47.2254+0.0160j
I | 06-14 12:36:45 |  train   | step=2598, pmove=0.53, energy=-47.1393+0.0152j
I | 06-14 12:36:46 |  train   | step=2599, pmove=0.53, energy=-47.1667-0.0004j
I | 06-14 12:36:46 |  train   | step=2600, pmove=0.53, energy=-47.2005-0.0001j
I | 06-14 12:36:47 |  train   | step=2601, pmove=0.52, energy=-47.2097-0.0023j
I | 06-14 12:36:47 |  train   | step=2602, pmove=0.53, energy=-47.2338+0.0027j
I | 06-14 12:36:48 |  train   | step=2603, pmove=0.53, energy=-47.1936+0.0011j
I | 06-14 12:36:49 |  train   | step=2604, pmove=0.53, energy=-47.2329+0.0023j
I | 06-14 12:36:50 |  train   | step=2605, pmove=0.53, energy=-47.2456+0.0006j
I | 06-14 12:36:50 |  train   | step=2606, pmove=0.53, energy=-47.1909-0.0001j
I | 06-14 12:36:51 |  train   | step=2607, pmove=0.53, energy=-47.1914-0.0010j
I | 06-14 12:36:52 |  train   | step=2608, pmove=0.52, energy=-47.2098+0.0008j
I | 06-14 12:36:52 |  train   | step=2609, pmove=0.53, energy=-47.1449+0.0014j
I | 06-14 12:36:53 |  train   | step=2610, pmove=0.53, energy=-47.1709-0.0012j
I | 06-14 12:36:54 |  train   | step=2611, pmove=0.53, energy=-47.2164+0.0080j
I | 06-14 12:36:54 |  train   | step=2612, pmove=0.53, energy=-47.2247+0.0008j
I | 06-14 12:36:55 |  train   | step=2613, pmove=0.53, energy=-47.2144-0.0103j
I | 06-14 12:36:55 |  train   | step=2614, pmove=0.53, energy=-47.2057-0.0055j
I | 06-14 12:36:56 |  train   | step=2615, pmove=0.53, energy=-47.2108+0.0010j
I | 06-14 12:36:57 |  train   | step=2616, pmove=0.52, energy=-47.1952+0.0046j
I | 06-14 12:36:57 |  train   | step=2617, pmove=0.53, energy=-47.2044+0.0002j
I | 06-14 12:36:58 |  train   | step=2618, pmove=0.52, energy=-47.2216-0.0013j
I | 06-14 12:36:59 |  train   | step=2619, pmove=0.53, energy=-47.2080-0.0012j
I | 06-14 12:36:59 |  train   | step=2620, pmove=0.52, energy=-47.2012+0.0019j
I | 06-14 12:37:00 |  train   | step=2621, pmove=0.53, energy=-47.2040-0.0026j
I | 06-14 12:37:01 |  train   | step=2622, pmove=0.52, energy=-47.2141+0.0087j
I | 06-14 12:37:01 |  train   | step=2623, pmove=0.53, energy=-47.2283-0.0027j
I | 06-14 12:37:02 |  train   | step=2624, pmove=0.52, energy=-47.2066+0.0004j
I | 06-14 12:37:02 |  train   | step=2625, pmove=0.53, energy=-47.1960+0.0038j
I | 06-14 12:37:03 |  train   | step=2626, pmove=0.53, energy=-47.2226-0.0071j
I | 06-14 12:37:04 |  train   | step=2627, pmove=0.53, energy=-47.2040-0.0010j
I | 06-14 12:37:04 |  train   | step=2628, pmove=0.52, energy=-47.2348-0.0039j
I | 06-14 12:37:05 |  train   | step=2629, pmove=0.53, energy=-47.1809+0.0017j
I | 06-14 12:37:06 |  train   | step=2630, pmove=0.53, energy=-47.2067-0.0007j
I | 06-14 12:37:06 |  train   | step=2631, pmove=0.53, energy=-47.1314-0.0056j
I | 06-14 12:37:07 |  train   | step=2632, pmove=0.53, energy=-47.2209+0.0038j
I | 06-14 12:37:08 |  train   | step=2633, pmove=0.53, energy=-47.2097-0.0022j
I | 06-14 12:37:08 |  train   | step=2634, pmove=0.53, energy=-47.2083+0.0040j
I | 06-14 12:37:09 |  train   | step=2635, pmove=0.53, energy=-47.2218+0.0038j
I | 06-14 12:37:09 |  train   | step=2636, pmove=0.53, energy=-47.1838-0.0024j
I | 06-14 12:37:10 |  train   | step=2637, pmove=0.53, energy=-47.1352-0.0001j
I | 06-14 12:37:11 |  train   | step=2638, pmove=0.53, energy=-47.1840-0.0056j
I | 06-14 12:37:11 |  train   | step=2639, pmove=0.53, energy=-47.2313+0.0024j
I | 06-14 12:37:12 |  train   | step=2640, pmove=0.53, energy=-47.2386-0.0096j
I | 06-14 12:37:13 |  train   | step=2641, pmove=0.53, energy=-47.2069+0.0030j
I | 06-14 12:37:13 |  train   | step=2642, pmove=0.53, energy=-47.2018+0.0007j
I | 06-14 12:37:14 |  train   | step=2643, pmove=0.53, energy=-47.2050+0.0015j
I | 06-14 12:37:15 |  train   | step=2644, pmove=0.53, energy=-47.1975-0.0027j
I | 06-14 12:37:15 |  train   | step=2645, pmove=0.53, energy=-47.1904-0.0091j
I | 06-14 12:37:16 |  train   | step=2646, pmove=0.53, energy=-47.1951+0.0017j
I | 06-14 12:37:16 |  train   | step=2647, pmove=0.53, energy=-47.2173-0.0043j
I | 06-14 12:37:17 |  train   | step=2648, pmove=0.53, energy=-47.2268+0.0009j
I | 06-14 12:37:18 |  train   | step=2649, pmove=0.53, energy=-47.2176-0.0004j
I | 06-14 12:37:18 |  train   | step=2650, pmove=0.53, energy=-47.2337-0.0000j
I | 06-14 12:37:19 |  train   | step=2651, pmove=0.53, energy=-47.2573-0.0076j
I | 06-14 12:37:20 |  train   | step=2652, pmove=0.53, energy=-47.1965-0.0024j
I | 06-14 12:37:20 |  train   | step=2653, pmove=0.53, energy=-47.2053+0.0055j
I | 06-14 12:37:21 |  train   | step=2654, pmove=0.53, energy=-47.2044-0.0037j
I | 06-14 12:37:22 |  train   | step=2655, pmove=0.53, energy=-47.2062-0.0046j
I | 06-14 12:37:22 |  train   | step=2656, pmove=0.52, energy=-47.2191-0.0006j
I | 06-14 12:37:23 |  train   | step=2657, pmove=0.53, energy=-47.1718+0.0012j
I | 06-14 12:37:23 |  train   | step=2658, pmove=0.52, energy=-47.2125-0.0052j
I | 06-14 12:37:24 |  train   | step=2659, pmove=0.53, energy=-47.2171-0.0031j
I | 06-14 12:37:25 |  train   | step=2660, pmove=0.53, energy=-47.2121+0.0065j
I | 06-14 12:37:25 |  train   | step=2661, pmove=0.53, energy=-47.1964-0.0048j
I | 06-14 12:37:26 |  train   | step=2662, pmove=0.52, energy=-47.2017-0.0026j
I | 06-14 12:37:27 |  train   | step=2663, pmove=0.52, energy=-47.1900-0.0010j
I | 06-14 12:37:27 |  train   | step=2664, pmove=0.53, energy=-47.1996-0.0057j
I | 06-14 12:37:28 |  train   | step=2665, pmove=0.53, energy=-47.1879+0.0023j
I | 06-14 12:37:29 |  train   | step=2666, pmove=0.53, energy=-47.1959-0.0012j
I | 06-14 12:37:29 |  train   | step=2667, pmove=0.53, energy=-47.2359+0.0018j
I | 06-14 12:37:30 |  train   | step=2668, pmove=0.53, energy=-47.1746+0.0035j
I | 06-14 12:37:30 |  train   | step=2669, pmove=0.53, energy=-47.1957+0.0015j
I | 06-14 12:37:31 |  train   | step=2670, pmove=0.53, energy=-47.2316+0.0035j
I | 06-14 12:37:32 |  train   | step=2671, pmove=0.53, energy=-47.2148-0.0019j
I | 06-14 12:37:32 |  train   | step=2672, pmove=0.52, energy=-47.2076-0.0022j
I | 06-14 12:37:33 |  train   | step=2673, pmove=0.53, energy=-47.2213-0.0005j
I | 06-14 12:37:34 |  train   | step=2674, pmove=0.53, energy=-47.2043-0.0008j
I | 06-14 12:37:34 |  train   | step=2675, pmove=0.53, energy=-47.2113+0.0035j
I | 06-14 12:37:35 |  train   | step=2676, pmove=0.52, energy=-47.1873+0.0025j
I | 06-14 12:37:35 |  train   | step=2677, pmove=0.53, energy=-47.1673-0.0017j
I | 06-14 12:37:36 |  train   | step=2678, pmove=0.53, energy=-47.2122-0.0019j
I | 06-14 12:37:37 |  train   | step=2679, pmove=0.52, energy=-47.2118-0.0006j
I | 06-14 12:37:37 |  train   | step=2680, pmove=0.53, energy=-47.1764+0.0055j
I | 06-14 12:37:38 |  train   | step=2681, pmove=0.53, energy=-47.1792+0.0043j
I | 06-14 12:37:39 |  train   | step=2682, pmove=0.52, energy=-47.2352+0.0009j
I | 06-14 12:37:39 |  train   | step=2683, pmove=0.53, energy=-47.2161+0.0014j
I | 06-14 12:37:40 |  train   | step=2684, pmove=0.53, energy=-47.2038-0.0043j
I | 06-14 12:37:41 |  train   | step=2685, pmove=0.53, energy=-47.2023+0.0007j
I | 06-14 12:37:41 |  train   | step=2686, pmove=0.53, energy=-47.2660+0.0112j
I | 06-14 12:37:42 |  train   | step=2687, pmove=0.53, energy=-47.2243+0.0097j
I | 06-14 12:37:42 |  train   | step=2688, pmove=0.53, energy=-47.2048+0.0041j
I | 06-14 12:37:43 |  train   | step=2689, pmove=0.53, energy=-47.2043+0.0020j
I | 06-14 12:37:44 |  train   | step=2690, pmove=0.53, energy=-47.2370+0.0011j
I | 06-14 12:37:44 |  train   | step=2691, pmove=0.53, energy=-47.2319+0.0053j
I | 06-14 12:37:45 |  train   | step=2692, pmove=0.53, energy=-47.1950-0.0044j
I | 06-14 12:37:46 |  train   | step=2693, pmove=0.53, energy=-47.2045-0.0023j
I | 06-14 12:37:46 |  train   | step=2694, pmove=0.53, energy=-47.1734+0.0031j
I | 06-14 12:37:47 |  train   | step=2695, pmove=0.53, energy=-47.2038-0.0010j
I | 06-14 12:37:48 |  train   | step=2696, pmove=0.53, energy=-47.2089-0.0015j
I | 06-14 12:37:48 |  train   | step=2697, pmove=0.53, energy=-47.2108-0.0001j
I | 06-14 12:37:49 |  train   | step=2698, pmove=0.53, energy=-47.1843+0.0027j
I | 06-14 12:37:49 |  train   | step=2699, pmove=0.52, energy=-47.2210+0.0099j
I | 06-14 12:37:50 |  train   | step=2700, pmove=0.53, energy=-47.2014+0.0064j
I | 06-14 12:37:51 |  train   | step=2701, pmove=0.53, energy=-47.1775-0.0023j
I | 06-14 12:37:51 |  train   | step=2702, pmove=0.53, energy=-47.2153+0.0003j
I | 06-14 12:37:52 |  train   | step=2703, pmove=0.52, energy=-47.2492-0.0028j
I | 06-14 12:37:53 |  train   | step=2704, pmove=0.53, energy=-47.2207+0.0010j
I | 06-14 12:37:53 |  train   | step=2705, pmove=0.53, energy=-47.1478+0.0017j
I | 06-14 12:37:54 |  train   | step=2706, pmove=0.53, energy=-47.1819-0.0011j
I | 06-14 12:37:55 |  train   | step=2707, pmove=0.53, energy=-47.2123-0.0016j
I | 06-14 12:37:55 |  train   | step=2708, pmove=0.53, energy=-47.2109+0.0010j
I | 06-14 12:37:56 |  train   | step=2709, pmove=0.53, energy=-47.1796+0.0024j
I | 06-14 12:37:56 |  train   | step=2710, pmove=0.53, energy=-47.1997+0.0029j
I | 06-14 12:37:57 |  train   | step=2711, pmove=0.53, energy=-47.1769-0.0005j
I | 06-14 12:37:58 |  train   | step=2712, pmove=0.52, energy=-47.2319+0.0007j
I | 06-14 12:37:58 |  train   | step=2713, pmove=0.53, energy=-47.2261+0.0007j
I | 06-14 12:37:59 |  train   | step=2714, pmove=0.52, energy=-47.2062+0.0034j
I | 06-14 12:38:00 |  train   | step=2715, pmove=0.53, energy=-47.1942+0.0092j
I | 06-14 12:38:00 |  train   | step=2716, pmove=0.52, energy=-47.2080+0.0019j
I | 06-14 12:38:01 |  train   | step=2717, pmove=0.53, energy=-47.2638-0.0123j
I | 06-14 12:38:02 |  train   | step=2718, pmove=0.53, energy=-47.1823+0.0067j
I | 06-14 12:38:02 |  train   | step=2719, pmove=0.53, energy=-47.1778+0.0031j
I | 06-14 12:38:03 |  train   | step=2720, pmove=0.53, energy=-47.2130+0.0003j
I | 06-14 12:38:03 |  train   | step=2721, pmove=0.53, energy=-47.1999-0.0028j
I | 06-14 12:38:04 |  train   | step=2722, pmove=0.53, energy=-47.2024-0.0051j
I | 06-14 12:38:05 |  train   | step=2723, pmove=0.53, energy=-47.1849-0.0016j
I | 06-14 12:38:05 |  train   | step=2724, pmove=0.53, energy=-47.1627+0.0001j
I | 06-14 12:38:06 |  train   | step=2725, pmove=0.53, energy=-47.1400+0.0145j
I | 06-14 12:38:07 |  train   | step=2726, pmove=0.53, energy=-47.1970-0.0046j
I | 06-14 12:38:07 |  train   | step=2727, pmove=0.53, energy=-47.1940-0.0017j
I | 06-14 12:38:08 |  train   | step=2728, pmove=0.53, energy=-47.1929-0.0010j
I | 06-14 12:38:09 |  train   | step=2729, pmove=0.53, energy=-47.2288-0.0024j
I | 06-14 12:38:09 |  train   | step=2730, pmove=0.53, energy=-47.1845+0.0013j
I | 06-14 12:38:10 |  train   | step=2731, pmove=0.53, energy=-47.1980+0.0053j
I | 06-14 12:38:10 |  train   | step=2732, pmove=0.53, energy=-47.1878-0.0048j
I | 06-14 12:38:11 |  train   | step=2733, pmove=0.53, energy=-47.2110+0.0014j
I | 06-14 12:38:12 |  train   | step=2734, pmove=0.53, energy=-47.2118+0.0003j
I | 06-14 12:38:12 |  train   | step=2735, pmove=0.53, energy=-47.1873+0.0021j
I | 06-14 12:38:13 |  train   | step=2736, pmove=0.53, energy=-47.1817+0.0016j
I | 06-14 12:38:14 |  train   | step=2737, pmove=0.53, energy=-47.2014-0.0002j
I | 06-14 12:38:14 |  train   | step=2738, pmove=0.53, energy=-47.2191+0.0017j
I | 06-14 12:38:15 |  train   | step=2739, pmove=0.53, energy=-47.1921-0.0005j
I | 06-14 12:38:15 |  train   | step=2740, pmove=0.53, energy=-47.1662+0.0013j
I | 06-14 12:38:16 |  train   | step=2741, pmove=0.53, energy=-47.2117-0.0012j
I | 06-14 12:38:17 |  train   | step=2742, pmove=0.53, energy=-47.1952+0.0040j
I | 06-14 12:38:17 |  train   | step=2743, pmove=0.53, energy=-47.2211-0.0100j
I | 06-14 12:38:18 |  train   | step=2744, pmove=0.53, energy=-47.2194-0.0027j
I | 06-14 12:38:19 |  train   | step=2745, pmove=0.53, energy=-47.2085+0.0037j
I | 06-14 12:38:19 |  train   | step=2746, pmove=0.53, energy=-47.1747-0.0025j
I | 06-14 12:38:20 |  train   | step=2747, pmove=0.53, energy=-47.2083+0.0026j
I | 06-14 12:38:21 |  train   | step=2748, pmove=0.53, energy=-47.2097+0.0024j
I | 06-14 12:38:21 |  train   | step=2749, pmove=0.53, energy=-47.1997-0.0003j
I | 06-14 12:38:22 |  train   | step=2750, pmove=0.53, energy=-47.1969+0.0013j
I | 06-14 12:38:22 |  train   | step=2751, pmove=0.52, energy=-47.2009+0.0010j
I | 06-14 12:38:23 |  train   | step=2752, pmove=0.53, energy=-47.1918+0.0054j
I | 06-14 12:38:24 |  train   | step=2753, pmove=0.53, energy=-47.2000-0.0015j
I | 06-14 12:38:24 |  train   | step=2754, pmove=0.53, energy=-47.1665+0.0005j
I | 06-14 12:38:25 |  train   | step=2755, pmove=0.53, energy=-47.2141-0.0007j
I | 06-14 12:38:26 |  train   | step=2756, pmove=0.53, energy=-47.2139+0.0042j
I | 06-14 12:38:26 |  train   | step=2757, pmove=0.53, energy=-47.2118+0.0031j
I | 06-14 12:38:27 |  train   | step=2758, pmove=0.53, energy=-47.1960-0.0018j
I | 06-14 12:38:28 |  train   | step=2759, pmove=0.52, energy=-47.1983+0.0021j
I | 06-14 12:38:28 |  train   | step=2760, pmove=0.53, energy=-47.2036+0.0029j
I | 06-14 12:38:29 |  train   | step=2761, pmove=0.53, energy=-47.1793-0.0017j
I | 06-14 12:38:29 |  train   | step=2762, pmove=0.53, energy=-47.1980-0.0051j
I | 06-14 12:38:30 |  train   | step=2763, pmove=0.53, energy=-47.1852-0.0022j
I | 06-14 12:38:31 |  train   | step=2764, pmove=0.53, energy=-47.2043+0.0016j
I | 06-14 12:38:31 |  train   | step=2765, pmove=0.53, energy=-47.1788-0.0018j
I | 06-14 12:38:32 |  train   | step=2766, pmove=0.53, energy=-47.2134-0.0042j
I | 06-14 12:38:33 |  train   | step=2767, pmove=0.53, energy=-47.2302-0.0009j
I | 06-14 12:38:33 |  train   | step=2768, pmove=0.53, energy=-47.2053-0.0030j
I | 06-14 12:38:34 |  train   | step=2769, pmove=0.52, energy=-47.1645-0.0060j
I | 06-14 12:38:35 |  train   | step=2770, pmove=0.53, energy=-47.1930-0.0018j
I | 06-14 12:38:35 |  train   | step=2771, pmove=0.53, energy=-47.2326+0.0004j
I | 06-14 12:38:36 |  train   | step=2772, pmove=0.53, energy=-47.2125+0.0047j
I | 06-14 12:38:36 |  train   | step=2773, pmove=0.53, energy=-47.2205-0.0064j
I | 06-14 12:38:37 |  train   | step=2774, pmove=0.53, energy=-47.2276-0.0030j
I | 06-14 12:38:38 |  train   | step=2775, pmove=0.53, energy=-47.2207+0.0035j
I | 06-14 12:38:38 |  train   | step=2776, pmove=0.53, energy=-47.1931+0.0014j
I | 06-14 12:38:39 |  train   | step=2777, pmove=0.52, energy=-47.2011-0.0059j
I | 06-14 12:38:40 |  train   | step=2778, pmove=0.53, energy=-47.1860-0.0018j
I | 06-14 12:38:40 |  train   | step=2779, pmove=0.53, energy=-47.2133-0.0001j
I | 06-14 12:38:41 |  train   | step=2780, pmove=0.53, energy=-47.2047+0.0040j
I | 06-14 12:38:42 |  train   | step=2781, pmove=0.53, energy=-47.2370-0.0010j
I | 06-14 12:38:42 |  train   | step=2782, pmove=0.53, energy=-47.1951+0.0012j
I | 06-14 12:38:43 |  train   | step=2783, pmove=0.53, energy=-47.1812+0.0053j
I | 06-14 12:38:43 |  train   | step=2784, pmove=0.53, energy=-47.2137-0.0072j
I | 06-14 12:38:44 |  train   | step=2785, pmove=0.53, energy=-47.1896-0.0018j
I | 06-14 12:38:45 |  train   | step=2786, pmove=0.53, energy=-47.2192-0.0027j
I | 06-14 12:38:45 |  train   | step=2787, pmove=0.53, energy=-47.1976+0.0009j
I | 06-14 12:38:46 |  train   | step=2788, pmove=0.53, energy=-47.1991+0.0049j
I | 06-14 12:38:47 |  train   | step=2789, pmove=0.53, energy=-47.2042+0.0033j
I | 06-14 12:38:47 |  train   | step=2790, pmove=0.52, energy=-47.2170+0.0002j
I | 06-14 12:38:48 |  train   | step=2791, pmove=0.52, energy=-47.2022+0.0009j
I | 06-14 12:38:49 |  train   | step=2792, pmove=0.53, energy=-47.1970+0.0004j
I | 06-14 12:38:49 |  train   | step=2793, pmove=0.52, energy=-47.1829+0.0034j
I | 06-14 12:38:50 |  train   | step=2794, pmove=0.53, energy=-47.1901+0.0054j
I | 06-14 12:38:50 |  train   | step=2795, pmove=0.53, energy=-47.1856-0.0027j
I | 06-14 12:38:51 |  train   | step=2796, pmove=0.53, energy=-47.1837+0.0016j
I | 06-14 12:38:52 |  train   | step=2797, pmove=0.53, energy=-47.2022+0.0003j
I | 06-14 12:38:52 |  train   | step=2798, pmove=0.53, energy=-47.2020+0.0023j
I | 06-14 12:38:53 |  train   | step=2799, pmove=0.52, energy=-47.2101+0.0009j
I | 06-14 12:38:54 |  train   | step=2800, pmove=0.53, energy=-47.2133+0.0053j
I | 06-14 12:38:54 |  train   | step=2801, pmove=0.53, energy=-47.1806+0.0025j
I | 06-14 12:38:55 |  train   | step=2802, pmove=0.53, energy=-47.2258-0.0015j
I | 06-14 12:38:55 |  train   | step=2803, pmove=0.53, energy=-47.1710+0.0004j
I | 06-14 12:38:56 |  train   | step=2804, pmove=0.53, energy=-47.1875+0.0011j
I | 06-14 12:38:57 |  train   | step=2805, pmove=0.53, energy=-47.2212-0.0044j
I | 06-14 12:38:57 |  train   | step=2806, pmove=0.53, energy=-47.1968+0.0050j
I | 06-14 12:38:58 |  train   | step=2807, pmove=0.53, energy=-47.2075-0.0045j
I | 06-14 12:38:59 |  train   | step=2808, pmove=0.53, energy=-47.1829-0.0003j
I | 06-14 12:38:59 |  train   | step=2809, pmove=0.53, energy=-47.2004+0.0011j
I | 06-14 12:39:00 |  train   | step=2810, pmove=0.53, energy=-47.1824-0.0003j
I | 06-14 12:39:01 |  train   | step=2811, pmove=0.52, energy=-47.1817+0.0016j
I | 06-14 12:39:01 |  train   | step=2812, pmove=0.53, energy=-47.1813+0.0009j
I | 06-14 12:39:02 |  train   | step=2813, pmove=0.52, energy=-47.2449+0.0035j
I | 06-14 12:39:02 |  train   | step=2814, pmove=0.53, energy=-47.2158+0.0021j
I | 06-14 12:39:03 |  train   | step=2815, pmove=0.53, energy=-47.1994-0.0015j
I | 06-14 12:39:04 |  train   | step=2816, pmove=0.53, energy=-47.2197-0.0030j
I | 06-14 12:39:04 |  train   | step=2817, pmove=0.53, energy=-47.2182-0.0045j
I | 06-14 12:39:05 |  train   | step=2818, pmove=0.53, energy=-47.1946+0.0051j
I | 06-14 12:39:06 |  train   | step=2819, pmove=0.53, energy=-47.2236+0.0011j
I | 06-14 12:39:06 |  train   | step=2820, pmove=0.53, energy=-47.1917-0.0018j
I | 06-14 12:39:07 |  train   | step=2821, pmove=0.53, energy=-47.2317+0.0214j
I | 06-14 12:39:08 |  train   | step=2822, pmove=0.52, energy=-47.2052+0.0057j
I | 06-14 12:39:08 |  train   | step=2823, pmove=0.52, energy=-47.2640+0.0105j
I | 06-14 12:39:09 |  train   | step=2824, pmove=0.52, energy=-47.1665+0.0012j
I | 06-14 12:39:09 |  train   | step=2825, pmove=0.53, energy=-47.2155+0.0005j
I | 06-14 12:39:10 |  train   | step=2826, pmove=0.52, energy=-47.2411+0.0009j
I | 06-14 12:39:11 |  train   | step=2827, pmove=0.53, energy=-47.1945-0.0112j
I | 06-14 12:39:11 |  train   | step=2828, pmove=0.52, energy=-47.2191+0.0052j
I | 06-14 12:39:12 |  train   | step=2829, pmove=0.53, energy=-47.2191-0.0019j
I | 06-14 12:39:13 |  train   | step=2830, pmove=0.53, energy=-47.1983-0.0008j
I | 06-14 12:39:13 |  train   | step=2831, pmove=0.53, energy=-47.2150+0.0073j
I | 06-14 12:39:14 |  train   | step=2832, pmove=0.53, energy=-47.1982-0.0035j
I | 06-14 12:39:15 |  train   | step=2833, pmove=0.53, energy=-47.2013+0.0026j
I | 06-14 12:39:15 |  train   | step=2834, pmove=0.53, energy=-47.1600-0.0007j
I | 06-14 12:39:16 |  train   | step=2835, pmove=0.52, energy=-47.1930+0.0076j
I | 06-14 12:39:16 |  train   | step=2836, pmove=0.53, energy=-47.1752-0.0009j
I | 06-14 12:39:17 |  train   | step=2837, pmove=0.53, energy=-47.2043+0.0052j
I | 06-14 12:39:18 |  train   | step=2838, pmove=0.53, energy=-47.1609-0.0001j
I | 06-14 12:39:18 |  train   | step=2839, pmove=0.53, energy=-47.2075+0.0045j
I | 06-14 12:39:19 |  train   | step=2840, pmove=0.52, energy=-47.2022+0.0028j
I | 06-14 12:39:20 |  train   | step=2841, pmove=0.52, energy=-47.1846+0.0013j
I | 06-14 12:39:20 |  train   | step=2842, pmove=0.54, energy=-47.2316+0.0039j
I | 06-14 12:39:21 |  train   | step=2843, pmove=0.52, energy=-47.1942-0.0046j
I | 06-14 12:39:22 |  train   | step=2844, pmove=0.53, energy=-47.2066-0.0024j
I | 06-14 12:39:22 |  train   | step=2845, pmove=0.52, energy=-47.2096-0.0034j
I | 06-14 12:39:23 |  train   | step=2846, pmove=0.53, energy=-47.1982+0.0013j
I | 06-14 12:39:23 |  train   | step=2847, pmove=0.53, energy=-47.2146-0.0064j
I | 06-14 12:39:24 |  train   | step=2848, pmove=0.53, energy=-47.1957+0.0024j
I | 06-14 12:39:25 |  train   | step=2849, pmove=0.52, energy=-47.2148-0.0010j
I | 06-14 12:39:25 |  train   | step=2850, pmove=0.53, energy=-47.1974+0.0007j
I | 06-14 12:39:26 |  train   | step=2851, pmove=0.52, energy=-47.2305+0.0035j
I | 06-14 12:39:27 |  train   | step=2852, pmove=0.53, energy=-47.1848+0.0033j
I | 06-14 12:39:27 |  train   | step=2853, pmove=0.52, energy=-47.2791-0.0180j
I | 06-14 12:39:28 |  train   | step=2854, pmove=0.53, energy=-47.1594-0.0031j
I | 06-14 12:39:29 |  train   | step=2855, pmove=0.53, energy=-47.2015-0.0010j
I | 06-14 12:39:29 |  train   | step=2856, pmove=0.53, energy=-47.1952-0.0039j
I | 06-14 12:39:30 |  train   | step=2857, pmove=0.53, energy=-47.2180+0.0033j
I | 06-14 12:39:30 |  train   | step=2858, pmove=0.53, energy=-47.2101-0.0009j
I | 06-14 12:39:31 |  train   | step=2859, pmove=0.53, energy=-47.2098-0.0053j
I | 06-14 12:39:32 |  train   | step=2860, pmove=0.53, energy=-47.2145-0.0081j
I | 06-14 12:39:32 |  train   | step=2861, pmove=0.53, energy=-47.2101-0.0029j
I | 06-14 12:39:33 |  train   | step=2862, pmove=0.53, energy=-47.2045+0.0013j
I | 06-14 12:39:34 |  train   | step=2863, pmove=0.53, energy=-47.2283-0.0054j
I | 06-14 12:39:34 |  train   | step=2864, pmove=0.52, energy=-47.2149-0.0053j
I | 06-14 12:39:35 |  train   | step=2865, pmove=0.52, energy=-47.2684-0.0053j
I | 06-14 12:39:35 |  train   | step=2866, pmove=0.53, energy=-47.1885-0.0021j
I | 06-14 12:39:36 |  train   | step=2867, pmove=0.52, energy=-47.2535+0.0109j
I | 06-14 12:39:37 |  train   | step=2868, pmove=0.53, energy=-47.2146-0.0006j
I | 06-14 12:39:37 |  train   | step=2869, pmove=0.53, energy=-47.1916-0.0057j
I | 06-14 12:39:38 |  train   | step=2870, pmove=0.53, energy=-47.2132+0.0033j
I | 06-14 12:39:39 |  train   | step=2871, pmove=0.53, energy=-47.2117-0.0069j
I | 06-14 12:39:39 |  train   | step=2872, pmove=0.53, energy=-47.2013+0.0013j
I | 06-14 12:39:40 |  train   | step=2873, pmove=0.53, energy=-47.2316+0.0014j
I | 06-14 12:39:41 |  train   | step=2874, pmove=0.52, energy=-47.2270+0.0013j
I | 06-14 12:39:41 |  train   | step=2875, pmove=0.53, energy=-47.2018+0.0038j
I | 06-14 12:39:42 |  train   | step=2876, pmove=0.53, energy=-47.1806-0.0009j
I | 06-14 12:39:42 |  train   | step=2877, pmove=0.53, energy=-47.1965+0.0029j
I | 06-14 12:39:43 |  train   | step=2878, pmove=0.53, energy=-47.1769+0.0013j
I | 06-14 12:39:44 |  train   | step=2879, pmove=0.53, energy=-47.2076+0.0027j
I | 06-14 12:39:44 |  train   | step=2880, pmove=0.53, energy=-47.1400-0.0012j
I | 06-14 12:39:45 |  train   | step=2881, pmove=0.52, energy=-47.2219+0.0038j
I | 06-14 12:39:46 |  train   | step=2882, pmove=0.52, energy=-47.2153+0.0102j
I | 06-14 12:39:46 |  train   | step=2883, pmove=0.53, energy=-47.2044-0.0048j
I | 06-14 12:39:47 |  train   | step=2884, pmove=0.53, energy=-47.1962-0.0012j
I | 06-14 12:39:48 |  train   | step=2885, pmove=0.52, energy=-47.1989+0.0004j
I | 06-14 12:39:48 |  train   | step=2886, pmove=0.53, energy=-47.2231+0.0015j
I | 06-14 12:39:49 |  train   | step=2887, pmove=0.52, energy=-47.1650+0.0046j
I | 06-14 12:39:49 |  train   | step=2888, pmove=0.53, energy=-47.2096+0.0000j
I | 06-14 12:39:50 |  train   | step=2889, pmove=0.53, energy=-47.2031+0.0026j
I | 06-14 12:39:51 |  train   | step=2890, pmove=0.53, energy=-47.2227+0.0007j
I | 06-14 12:39:51 |  train   | step=2891, pmove=0.53, energy=-47.2084-0.0039j
I | 06-14 12:39:52 |  train   | step=2892, pmove=0.52, energy=-47.1861-0.0007j
I | 06-14 12:39:53 |  train   | step=2893, pmove=0.53, energy=-47.2000-0.0003j
I | 06-14 12:39:53 |  train   | step=2894, pmove=0.53, energy=-47.2116+0.0033j
I | 06-14 12:39:54 |  train   | step=2895, pmove=0.52, energy=-47.1942+0.0034j
I | 06-14 12:39:55 |  train   | step=2896, pmove=0.53, energy=-47.2070-0.0065j
I | 06-14 12:39:55 |  train   | step=2897, pmove=0.53, energy=-47.2089-0.0008j
I | 06-14 12:39:56 |  train   | step=2898, pmove=0.53, energy=-47.2140+0.0054j
I | 06-14 12:39:56 |  train   | step=2899, pmove=0.53, energy=-47.1706+0.0039j
I | 06-14 12:39:57 |  train   | step=2900, pmove=0.53, energy=-47.1748-0.0018j
I | 06-14 12:39:58 |  train   | step=2901, pmove=0.53, energy=-47.1902-0.0033j
I | 06-14 12:39:58 |  train   | step=2902, pmove=0.52, energy=-47.1944+0.0015j
I | 06-14 12:39:59 |  train   | step=2903, pmove=0.53, energy=-47.2092+0.0052j
I | 06-14 12:40:00 |  train   | step=2904, pmove=0.53, energy=-47.2300-0.0008j
I | 06-14 12:40:00 |  train   | step=2905, pmove=0.52, energy=-47.1988+0.0085j
I | 06-14 12:40:01 |  train   | step=2906, pmove=0.53, energy=-47.1833+0.0020j
I | 06-14 12:40:02 |  train   | step=2907, pmove=0.53, energy=-47.1974-0.0025j
I | 06-14 12:40:02 |  train   | step=2908, pmove=0.53, energy=-47.2138-0.0039j
I | 06-14 12:40:03 |  train   | step=2909, pmove=0.53, energy=-47.2193-0.0027j
I | 06-14 12:40:03 |  train   | step=2910, pmove=0.53, energy=-47.2137+0.0052j
I | 06-14 12:40:04 |  train   | step=2911, pmove=0.53, energy=-47.2097-0.0054j
I | 06-14 12:40:05 |  train   | step=2912, pmove=0.53, energy=-47.1782-0.0010j
I | 06-14 12:40:05 |  train   | step=2913, pmove=0.53, energy=-47.2324-0.0196j
I | 06-14 12:40:06 |  train   | step=2914, pmove=0.53, energy=-47.2292-0.0086j
I | 06-14 12:40:07 |  train   | step=2915, pmove=0.52, energy=-47.1828+0.0010j
I | 06-14 12:40:07 |  train   | step=2916, pmove=0.53, energy=-47.2113-0.0032j
I | 06-14 12:40:08 |  train   | step=2917, pmove=0.52, energy=-47.2042+0.0017j
I | 06-14 12:40:08 |  train   | step=2918, pmove=0.53, energy=-47.2022+0.0039j
I | 06-14 12:40:09 |  train   | step=2919, pmove=0.53, energy=-47.1973-0.0027j
I | 06-14 12:40:10 |  train   | step=2920, pmove=0.53, energy=-47.1946-0.0040j
I | 06-14 12:40:10 |  train   | step=2921, pmove=0.53, energy=-47.1749-0.0014j
I | 06-14 12:40:11 |  train   | step=2922, pmove=0.53, energy=-47.2230+0.0046j
I | 06-14 12:40:12 |  train   | step=2923, pmove=0.53, energy=-47.2112+0.0011j
I | 06-14 12:40:12 |  train   | step=2924, pmove=0.53, energy=-47.2185-0.0025j
I | 06-14 12:40:13 |  train   | step=2925, pmove=0.53, energy=-47.2252-0.0035j
I | 06-14 12:40:14 |  train   | step=2926, pmove=0.53, energy=-47.1873-0.0033j
I | 06-14 12:40:14 |  train   | step=2927, pmove=0.52, energy=-47.1986+0.0050j
I | 06-14 12:40:15 |  train   | step=2928, pmove=0.53, energy=-47.2259-0.0068j
I | 06-14 12:40:15 |  train   | step=2929, pmove=0.53, energy=-47.2290-0.0061j
I | 06-14 12:40:16 |  train   | step=2930, pmove=0.53, energy=-47.2253+0.0037j
I | 06-14 12:40:17 |  train   | step=2931, pmove=0.52, energy=-47.2162+0.0092j
I | 06-14 12:40:17 |  train   | step=2932, pmove=0.53, energy=-47.2072-0.0028j
I | 06-14 12:40:18 |  train   | step=2933, pmove=0.53, energy=-47.2232+0.0014j
I | 06-14 12:40:19 |  train   | step=2934, pmove=0.53, energy=-47.1937+0.0034j
I | 06-14 12:40:19 |  train   | step=2935, pmove=0.53, energy=-47.2145-0.0016j
I | 06-14 12:40:20 |  train   | step=2936, pmove=0.53, energy=-47.1970+0.0003j
I | 06-14 12:40:21 |  train   | step=2937, pmove=0.52, energy=-47.2171+0.0004j
I | 06-14 12:40:21 |  train   | step=2938, pmove=0.53, energy=-47.1641+0.0027j
I | 06-14 12:40:22 |  train   | step=2939, pmove=0.53, energy=-47.2012-0.0025j
I | 06-14 12:40:22 |  train   | step=2940, pmove=0.53, energy=-47.2037+0.0056j
I | 06-14 12:40:23 |  train   | step=2941, pmove=0.53, energy=-47.2412-0.0021j
I | 06-14 12:40:24 |  train   | step=2942, pmove=0.53, energy=-47.1904+0.0004j
I | 06-14 12:40:24 |  train   | step=2943, pmove=0.53, energy=-47.2197+0.0041j
I | 06-14 12:40:25 |  train   | step=2944, pmove=0.53, energy=-47.2235-0.0017j
I | 06-14 12:40:26 |  train   | step=2945, pmove=0.53, energy=-47.2273+0.0019j
I | 06-14 12:40:26 |  train   | step=2946, pmove=0.53, energy=-47.2157+0.0009j
I | 06-14 12:40:27 |  train   | step=2947, pmove=0.52, energy=-47.2033-0.0002j
I | 06-14 12:40:28 |  train   | step=2948, pmove=0.53, energy=-47.1858-0.0028j
I | 06-14 12:40:28 |  train   | step=2949, pmove=0.53, energy=-47.1977+0.0009j
I | 06-14 12:40:29 |  train   | step=2950, pmove=0.53, energy=-47.1898+0.0006j
I | 06-14 12:40:29 |  train   | step=2951, pmove=0.53, energy=-47.2241-0.0033j
I | 06-14 12:40:30 |  train   | step=2952, pmove=0.53, energy=-47.1926-0.0038j
I | 06-14 12:40:31 |  train   | step=2953, pmove=0.53, energy=-47.2089+0.0021j
I | 06-14 12:40:31 |  train   | step=2954, pmove=0.53, energy=-47.1735+0.0027j
I | 06-14 12:40:32 |  train   | step=2955, pmove=0.53, energy=-47.2037-0.0029j
I | 06-14 12:40:33 |  train   | step=2956, pmove=0.53, energy=-47.2236+0.0052j
I | 06-14 12:40:33 |  train   | step=2957, pmove=0.53, energy=-47.2239+0.0009j
I | 06-14 12:40:34 |  train   | step=2958, pmove=0.53, energy=-47.1867+0.0066j
I | 06-14 12:40:35 |  train   | step=2959, pmove=0.53, energy=-47.2121+0.0002j
I | 06-14 12:40:35 |  train   | step=2960, pmove=0.53, energy=-47.2091+0.0012j
I | 06-14 12:40:36 |  train   | step=2961, pmove=0.53, energy=-47.2059-0.0039j
I | 06-14 12:40:36 |  train   | step=2962, pmove=0.53, energy=-47.2013-0.0054j
I | 06-14 12:40:37 |  train   | step=2963, pmove=0.53, energy=-47.2297+0.0072j
I | 06-14 12:40:38 |  train   | step=2964, pmove=0.53, energy=-47.1332-0.0124j
I | 06-14 12:40:38 |  train   | step=2965, pmove=0.52, energy=-47.1924-0.0008j
I | 06-14 12:40:39 |  train   | step=2966, pmove=0.52, energy=-47.2056-0.0022j
I | 06-14 12:40:40 |  train   | step=2967, pmove=0.53, energy=-47.2296-0.0065j
I | 06-14 12:40:40 |  train   | step=2968, pmove=0.53, energy=-47.2438+0.0014j
I | 06-14 12:40:41 |  train   | step=2969, pmove=0.52, energy=-47.1875-0.0040j
I | 06-14 12:40:42 |  train   | step=2970, pmove=0.53, energy=-47.2213-0.0051j
I | 06-14 12:40:42 |  train   | step=2971, pmove=0.52, energy=-47.2342-0.0010j
I | 06-14 12:40:43 |  train   | step=2972, pmove=0.52, energy=-47.1723+0.0036j
I | 06-14 12:40:43 |  train   | step=2973, pmove=0.53, energy=-47.1690-0.0008j
I | 06-14 12:40:44 |  train   | step=2974, pmove=0.53, energy=-47.2232-0.0067j
I | 06-14 12:40:45 |  train   | step=2975, pmove=0.53, energy=-47.1880-0.0042j
I | 06-14 12:40:45 |  train   | step=2976, pmove=0.53, energy=-47.2187+0.0007j
I | 06-14 12:40:46 |  train   | step=2977, pmove=0.53, energy=-47.2668-0.0007j
I | 06-14 12:40:47 |  train   | step=2978, pmove=0.53, energy=-47.2260-0.0015j
I | 06-14 12:40:47 |  train   | step=2979, pmove=0.53, energy=-47.1875-0.0027j
I | 06-14 12:40:48 |  train   | step=2980, pmove=0.53, energy=-47.1016+0.0036j
I | 06-14 12:40:48 |  train   | step=2981, pmove=0.52, energy=-47.2215+0.0008j
I | 06-14 12:40:49 |  train   | step=2982, pmove=0.52, energy=-47.1881-0.0000j
I | 06-14 12:40:50 |  train   | step=2983, pmove=0.53, energy=-47.2407-0.0016j
I | 06-14 12:40:50 |  train   | step=2984, pmove=0.53, energy=-47.2192+0.0024j
I | 06-14 12:40:51 |  train   | step=2985, pmove=0.52, energy=-47.2230+0.0020j
I | 06-14 12:40:52 |  train   | step=2986, pmove=0.53, energy=-47.1396-0.0060j
I | 06-14 12:40:52 |  train   | step=2987, pmove=0.53, energy=-47.2150+0.0005j
I | 06-14 12:40:53 |  train   | step=2988, pmove=0.53, energy=-47.2158-0.0060j
I | 06-14 12:40:54 |  train   | step=2989, pmove=0.53, energy=-47.2025+0.0094j
I | 06-14 12:40:54 |  train   | step=2990, pmove=0.52, energy=-47.1816-0.0038j
I | 06-14 12:40:55 |  train   | step=2991, pmove=0.53, energy=-47.1975-0.0020j
I | 06-14 12:40:55 |  train   | step=2992, pmove=0.53, energy=-47.2169-0.0000j
I | 06-14 12:40:56 |  train   | step=2993, pmove=0.53, energy=-47.2153-0.0072j
I | 06-14 12:40:57 |  train   | step=2994, pmove=0.52, energy=-47.2189-0.0041j
I | 06-14 12:40:57 |  train   | step=2995, pmove=0.53, energy=-47.2108-0.0003j
I | 06-14 12:40:58 |  train   | step=2996, pmove=0.53, energy=-47.1909+0.0014j
I | 06-14 12:40:59 |  train   | step=2997, pmove=0.53, energy=-47.2020+0.0006j
I | 06-14 12:40:59 |  train   | step=2998, pmove=0.53, energy=-47.2452+0.0057j
I | 06-14 12:41:00 |  train   | step=2999, pmove=0.53, energy=-47.2407+0.0006j
I | 06-14 12:41:00 |checkpoint| Saving checkpoint /rds/user/jc2405/hpc-work/JaQMC/jaqmc/runs/sc_h_chain_3.78_spin_6_6/train_ckpt_002999.npz
I | 06-14 12:41:01 |  train   | step=3000, pmove=0.52, energy=-47.1655-0.0043j
I | 06-14 12:41:02 |  train   | step=3001, pmove=0.52, energy=-47.2019+0.0017j
I | 06-14 12:41:03 |  train   | step=3002, pmove=0.53, energy=-47.2088-0.0014j
I | 06-14 12:41:03 |  train   | step=3003, pmove=0.53, energy=-47.2142+0.0031j
I | 06-14 12:41:04 |  train   | step=3004, pmove=0.53, energy=-47.1929-0.0043j
I | 06-14 12:41:04 |  train   | step=3005, pmove=0.53, energy=-47.2072+0.0009j
I | 06-14 12:41:05 |  train   | step=3006, pmove=0.53, energy=-47.2121+0.0100j
I | 06-14 12:41:06 |  train   | step=3007, pmove=0.53, energy=-47.1853+0.0022j
I | 06-14 12:41:06 |  train   | step=3008, pmove=0.53, energy=-47.2080+0.0058j
I | 06-14 12:41:07 |  train   | step=3009, pmove=0.53, energy=-47.2265-0.0026j
I | 06-14 12:41:08 |  train   | step=3010, pmove=0.53, energy=-47.2091+0.0012j
I | 06-14 12:41:08 |  train   | step=3011, pmove=0.53, energy=-47.1887+0.0002j
I | 06-14 12:41:09 |  train   | step=3012, pmove=0.53, energy=-47.1772-0.0042j
I | 06-14 12:41:10 |  train   | step=3013, pmove=0.53, energy=-47.2224-0.0070j
I | 06-14 12:41:10 |  train   | step=3014, pmove=0.52, energy=-47.1957+0.0030j
I | 06-14 12:41:11 |  train   | step=3015, pmove=0.53, energy=-47.2465+0.0057j
I | 06-14 12:41:11 |  train   | step=3016, pmove=0.52, energy=-47.1860+0.0054j
I | 06-14 12:41:12 |  train   | step=3017, pmove=0.53, energy=-47.2034-0.0048j
I | 06-14 12:41:13 |  train   | step=3018, pmove=0.53, energy=-47.1983-0.0028j
I | 06-14 12:41:13 |  train   | step=3019, pmove=0.53, energy=-47.2237+0.0059j
I | 06-14 12:41:14 |  train   | step=3020, pmove=0.53, energy=-47.2134+0.0081j
I | 06-14 12:41:15 |  train   | step=3021, pmove=0.52, energy=-47.2148-0.0007j
I | 06-14 12:41:15 |  train   | step=3022, pmove=0.53, energy=-47.2075-0.0050j
I | 06-14 12:41:16 |  train   | step=3023, pmove=0.53, energy=-47.1887-0.0068j
I | 06-14 12:41:17 |  train   | step=3024, pmove=0.53, energy=-47.1704-0.0027j
I | 06-14 12:41:17 |  train   | step=3025, pmove=0.53, energy=-47.2174+0.0088j
I | 06-14 12:41:18 |  train   | step=3026, pmove=0.52, energy=-47.2147-0.0028j
I | 06-14 12:41:18 |  train   | step=3027, pmove=0.53, energy=-47.2011-0.0039j
I | 06-14 12:41:19 |  train   | step=3028, pmove=0.53, energy=-47.1858-0.0015j
I | 06-14 12:41:20 |  train   | step=3029, pmove=0.53, energy=-47.1999+0.0077j
I | 06-14 12:41:20 |  train   | step=3030, pmove=0.53, energy=-47.1726-0.0016j
I | 06-14 12:41:21 |  train   | step=3031, pmove=0.53, energy=-47.1998-0.0031j
I | 06-14 12:41:22 |  train   | step=3032, pmove=0.53, energy=-47.2168+0.0060j
I | 06-14 12:41:22 |  train   | step=3033, pmove=0.53, energy=-47.2099-0.0028j
I | 06-14 12:41:23 |  train   | step=3034, pmove=0.53, energy=-47.1994+0.0015j
I | 06-14 12:41:24 |  train   | step=3035, pmove=0.52, energy=-47.2131+0.0088j
I | 06-14 12:41:24 |  train   | step=3036, pmove=0.53, energy=-47.2056-0.0014j
I | 06-14 12:41:25 |  train   | step=3037, pmove=0.52, energy=-47.2106+0.0207j
I | 06-14 12:41:25 |  train   | step=3038, pmove=0.53, energy=-47.1659+0.0007j
I | 06-14 12:41:26 |  train   | step=3039, pmove=0.53, energy=-47.2239+0.0030j
I | 06-14 12:41:27 |  train   | step=3040, pmove=0.53, energy=-47.1894+0.0046j
I | 06-14 12:41:27 |  train   | step=3041, pmove=0.52, energy=-47.2168+0.0052j
I | 06-14 12:41:28 |  train   | step=3042, pmove=0.52, energy=-47.2096+0.0046j
I | 06-14 12:41:29 |  train   | step=3043, pmove=0.53, energy=-47.2076-0.0031j
I | 06-14 12:41:29 |  train   | step=3044, pmove=0.53, energy=-47.2160+0.0000j
I | 06-14 12:41:30 |  train   | step=3045, pmove=0.53, energy=-47.1875+0.0058j
I | 06-14 12:41:30 |  train   | step=3046, pmove=0.53, energy=-47.2015-0.0024j
I | 06-14 12:41:31 |  train   | step=3047, pmove=0.53, energy=-47.2458-0.0010j
I | 06-14 12:41:32 |  train   | step=3048, pmove=0.53, energy=-47.2233+0.0016j
I | 06-14 12:41:32 |  train   | step=3049, pmove=0.53, energy=-47.1931+0.0103j
I | 06-14 12:41:33 |  train   | step=3050, pmove=0.53, energy=-47.2066+0.0045j
I | 06-14 12:41:34 |  train   | step=3051, pmove=0.52, energy=-47.1937+0.0023j
I | 06-14 12:41:34 |  train   | step=3052, pmove=0.52, energy=-47.2081-0.0018j
I | 06-14 12:41:35 |  train   | step=3053, pmove=0.53, energy=-47.2088+0.0028j
I | 06-14 12:41:36 |  train   | step=3054, pmove=0.53, energy=-47.2445-0.0036j
I | 06-14 12:41:36 |  train   | step=3055, pmove=0.52, energy=-47.1984-0.0042j
I | 06-14 12:41:37 |  train   | step=3056, pmove=0.53, energy=-47.1849-0.0019j
I | 06-14 12:41:37 |  train   | step=3057, pmove=0.53, energy=-47.2125-0.0024j
I | 06-14 12:41:38 |  train   | step=3058, pmove=0.53, energy=-47.2191-0.0017j
I | 06-14 12:41:39 |  train   | step=3059, pmove=0.53, energy=-47.2154-0.0035j
I | 06-14 12:41:39 |  train   | step=3060, pmove=0.53, energy=-47.1849-0.0067j
I | 06-14 12:41:40 |  train   | step=3061, pmove=0.53, energy=-47.2201-0.0042j
I | 06-14 12:41:41 |  train   | step=3062, pmove=0.53, energy=-47.2236-0.0011j
I | 06-14 12:41:41 |  train   | step=3063, pmove=0.53, energy=-47.2019+0.0019j
I | 06-14 12:41:42 |  train   | step=3064, pmove=0.52, energy=-47.1947+0.0003j
I | 06-14 12:41:43 |  train   | step=3065, pmove=0.53, energy=-47.2487-0.0053j
I | 06-14 12:41:43 |  train   | step=3066, pmove=0.53, energy=-47.2107-0.0036j
I | 06-14 12:41:44 |  train   | step=3067, pmove=0.53, energy=-47.2083-0.0026j
I | 06-14 12:41:44 |  train   | step=3068, pmove=0.53, energy=-47.2207-0.0015j
I | 06-14 12:41:45 |  train   | step=3069, pmove=0.53, energy=-47.2312-0.0008j
I | 06-14 12:41:46 |  train   | step=3070, pmove=0.53, energy=-47.1872-0.0082j
I | 06-14 12:41:46 |  train   | step=3071, pmove=0.53, energy=-47.2286+0.0020j
I | 06-14 12:41:47 |  train   | step=3072, pmove=0.53, energy=-47.1989-0.0039j
I | 06-14 12:41:48 |  train   | step=3073, pmove=0.52, energy=-47.2332+0.0084j
I | 06-14 12:41:48 |  train   | step=3074, pmove=0.52, energy=-47.2069-0.0037j
I | 06-14 12:41:49 |  train   | step=3075, pmove=0.53, energy=-47.2060+0.0017j
I | 06-14 12:41:50 |  train   | step=3076, pmove=0.53, energy=-47.2249-0.0012j
I | 06-14 12:41:50 |  train   | step=3077, pmove=0.52, energy=-47.1918-0.0036j
I | 06-14 12:41:51 |  train   | step=3078, pmove=0.53, energy=-47.1997-0.0003j
I | 06-14 12:41:51 |  train   | step=3079, pmove=0.53, energy=-47.2062+0.0004j
I | 06-14 12:41:52 |  train   | step=3080, pmove=0.53, energy=-47.2325-0.0002j
I | 06-14 12:41:53 |  train   | step=3081, pmove=0.52, energy=-47.2251-0.0000j
I | 06-14 12:41:53 |  train   | step=3082, pmove=0.53, energy=-47.2031-0.0032j
I | 06-14 12:41:54 |  train   | step=3083, pmove=0.53, energy=-47.1954-0.0041j
I | 06-14 12:41:55 |  train   | step=3084, pmove=0.53, energy=-47.1778-0.0017j
I | 06-14 12:41:55 |  train   | step=3085, pmove=0.53, energy=-47.1799+0.0040j
I | 06-14 12:41:56 |  train   | step=3086, pmove=0.53, energy=-47.2283-0.0003j
I | 06-14 12:41:57 |  train   | step=3087, pmove=0.53, energy=-47.2013-0.0001j
I | 06-14 12:41:57 |  train   | step=3088, pmove=0.53, energy=-47.1894+0.0017j
I | 06-14 12:41:58 |  train   | step=3089, pmove=0.53, energy=-47.2172-0.0028j
I | 06-14 12:41:58 |  train   | step=3090, pmove=0.53, energy=-47.2066-0.0040j
I | 06-14 12:41:59 |  train   | step=3091, pmove=0.53, energy=-47.2463+0.0001j
I | 06-14 12:42:00 |  train   | step=3092, pmove=0.53, energy=-47.2198+0.0026j
I | 06-14 12:42:00 |  train   | step=3093, pmove=0.52, energy=-47.2315+0.0002j
I | 06-14 12:42:01 |  train   | step=3094, pmove=0.53, energy=-47.2054-0.0020j
I | 06-14 12:42:02 |  train   | step=3095, pmove=0.53, energy=-47.2127-0.0038j
I | 06-14 12:42:02 |  train   | step=3096, pmove=0.53, energy=-47.2054+0.0013j
I | 06-14 12:42:03 |  train   | step=3097, pmove=0.52, energy=-47.2104+0.0040j
I | 06-14 12:42:04 |  train   | step=3098, pmove=0.53, energy=-47.2313+0.0024j
I | 06-14 12:42:04 |  train   | step=3099, pmove=0.53, energy=-47.2181-0.0028j
I | 06-14 12:42:05 |  train   | step=3100, pmove=0.53, energy=-47.2130-0.0012j
I | 06-14 12:42:05 |  train   | step=3101, pmove=0.52, energy=-47.2219-0.0037j
I | 06-14 12:42:06 |  train   | step=3102, pmove=0.53, energy=-47.1889-0.0014j
I | 06-14 12:42:07 |  train   | step=3103, pmove=0.53, energy=-47.2283-0.0004j
I | 06-14 12:42:07 |  train   | step=3104, pmove=0.53, energy=-47.2338+0.0046j
I | 06-14 12:42:08 |  train   | step=3105, pmove=0.53, energy=-47.2343-0.0008j
I | 06-14 12:42:09 |  train   | step=3106, pmove=0.53, energy=-47.2053-0.0045j
I | 06-14 12:42:09 |  train   | step=3107, pmove=0.53, energy=-47.2511+0.0068j
I | 06-14 12:42:10 |  train   | step=3108, pmove=0.52, energy=-47.2103+0.0037j
I | 06-14 12:42:11 |  train   | step=3109, pmove=0.53, energy=-47.2034-0.0004j
I | 06-14 12:42:11 |  train   | step=3110, pmove=0.53, energy=-47.1953+0.0006j
I | 06-14 12:42:12 |  train   | step=3111, pmove=0.53, energy=-47.2321-0.0057j
I | 06-14 12:42:12 |  train   | step=3112, pmove=0.53, energy=-47.2331-0.0033j
I | 06-14 12:42:13 |  train   | step=3113, pmove=0.53, energy=-47.2236-0.0002j
I | 06-14 12:42:14 |  train   | step=3114, pmove=0.53, energy=-47.2256-0.0013j
I | 06-14 12:42:14 |  train   | step=3115, pmove=0.53, energy=-47.1855-0.0020j
I | 06-14 12:42:15 |  train   | step=3116, pmove=0.53, energy=-47.2397-0.0021j
I | 06-14 12:42:16 |  train   | step=3117, pmove=0.53, energy=-47.2085-0.0027j
I | 06-14 12:42:16 |  train   | step=3118, pmove=0.53, energy=-47.2226+0.0018j
I | 06-14 12:42:17 |  train   | step=3119, pmove=0.53, energy=-47.2280-0.0033j
I | 06-14 12:42:17 |  train   | step=3120, pmove=0.53, energy=-47.1773-0.0072j
I | 06-14 12:42:18 |  train   | step=3121, pmove=0.53, energy=-47.1833+0.0031j
I | 06-14 12:42:19 |  train   | step=3122, pmove=0.53, energy=-47.1479+0.0084j
I | 06-14 12:42:19 |  train   | step=3123, pmove=0.53, energy=-47.2261+0.0111j
I | 06-14 12:42:20 |  train   | step=3124, pmove=0.53, energy=-47.2042+0.0043j
I | 06-14 12:42:21 |  train   | step=3125, pmove=0.53, energy=-47.1958-0.0058j
I | 06-14 12:42:21 |  train   | step=3126, pmove=0.53, energy=-47.1901-0.0055j
I | 06-14 12:42:22 |  train   | step=3127, pmove=0.53, energy=-47.2400+0.0047j
I | 06-14 12:42:23 |  train   | step=3128, pmove=0.53, energy=-47.1916-0.0012j
I | 06-14 12:42:23 |  train   | step=3129, pmove=0.53, energy=-47.2456-0.0313j
I | 06-14 12:42:24 |  train   | step=3130, pmove=0.52, energy=-47.1717+0.0029j
I | 06-14 12:42:24 |  train   | step=3131, pmove=0.53, energy=-47.2109+0.0063j
I | 06-14 12:42:25 |  train   | step=3132, pmove=0.53, energy=-47.2296+0.0016j
I | 06-14 12:42:26 |  train   | step=3133, pmove=0.53, energy=-47.2241-0.0015j
I | 06-14 12:42:26 |  train   | step=3134, pmove=0.53, energy=-47.1929+0.0066j
I | 06-14 12:42:27 |  train   | step=3135, pmove=0.53, energy=-47.1956+0.0014j
I | 06-14 12:42:28 |  train   | step=3136, pmove=0.53, energy=-47.1742+0.0028j
I | 06-14 12:42:28 |  train   | step=3137, pmove=0.52, energy=-47.1898+0.0039j
I | 06-14 12:42:29 |  train   | step=3138, pmove=0.53, energy=-47.2170+0.0046j
I | 06-14 12:42:30 |  train   | step=3139, pmove=0.53, energy=-47.2209-0.0039j
I | 06-14 12:42:30 |  train   | step=3140, pmove=0.52, energy=-47.2061-0.0047j
I | 06-14 12:42:31 |  train   | step=3141, pmove=0.53, energy=-47.2240+0.0018j
I | 06-14 12:42:31 |  train   | step=3142, pmove=0.53, energy=-47.2106-0.0007j
I | 06-14 12:42:32 |  train   | step=3143, pmove=0.53, energy=-47.1884-0.0032j
I | 06-14 12:42:33 |  train   | step=3144, pmove=0.53, energy=-47.2109-0.0003j
I | 06-14 12:42:33 |  train   | step=3145, pmove=0.53, energy=-47.2084+0.0035j
I | 06-14 12:42:34 |  train   | step=3146, pmove=0.53, energy=-47.1906-0.0024j
I | 06-14 12:42:35 |  train   | step=3147, pmove=0.53, energy=-47.2134+0.0051j
I | 06-14 12:42:35 |  train   | step=3148, pmove=0.53, energy=-47.2119+0.0005j
I | 06-14 12:42:36 |  train   | step=3149, pmove=0.52, energy=-47.2235+0.0018j
I | 06-14 12:42:37 |  train   | step=3150, pmove=0.53, energy=-47.2016+0.0008j
I | 06-14 12:42:37 |  train   | step=3151, pmove=0.53, energy=-47.2566-0.0545j
I | 06-14 12:42:38 |  train   | step=3152, pmove=0.53, energy=-47.1814-0.0061j
I | 06-14 12:42:38 |  train   | step=3153, pmove=0.53, energy=-47.1892+0.0078j
I | 06-14 12:42:39 |  train   | step=3154, pmove=0.53, energy=-47.1905+0.0062j
I | 06-14 12:42:40 |  train   | step=3155, pmove=0.53, energy=-47.1872-0.0004j
I | 06-14 12:42:40 |  train   | step=3156, pmove=0.53, energy=-47.1891-0.0026j
I | 06-14 12:42:41 |  train   | step=3157, pmove=0.53, energy=-47.2296-0.0011j
I | 06-14 12:42:42 |  train   | step=3158, pmove=0.53, energy=-47.2248-0.0065j
I | 06-14 12:42:42 |  train   | step=3159, pmove=0.52, energy=-47.2210+0.0041j
I | 06-14 12:42:43 |  train   | step=3160, pmove=0.53, energy=-47.2167-0.0004j
I | 06-14 12:42:44 |  train   | step=3161, pmove=0.53, energy=-47.2222-0.0010j
I | 06-14 12:42:44 |  train   | step=3162, pmove=0.53, energy=-47.2125+0.0126j
I | 06-14 12:42:45 |  train   | step=3163, pmove=0.53, energy=-47.2075+0.0049j
I | 06-14 12:42:45 |  train   | step=3164, pmove=0.53, energy=-47.1909+0.0053j
I | 06-14 12:42:46 |  train   | step=3165, pmove=0.53, energy=-47.2017+0.0070j
I | 06-14 12:42:47 |  train   | step=3166, pmove=0.53, energy=-47.1828+0.0008j
I | 06-14 12:42:47 |  train   | step=3167, pmove=0.52, energy=-47.1631+0.0005j
I | 06-14 12:42:48 |  train   | step=3168, pmove=0.53, energy=-47.2054+0.0046j
I | 06-14 12:42:49 |  train   | step=3169, pmove=0.53, energy=-47.2029+0.0007j
I | 06-14 12:42:49 |  train   | step=3170, pmove=0.52, energy=-47.2321-0.0012j
I | 06-14 12:42:50 |  train   | step=3171, pmove=0.52, energy=-47.1907+0.0029j
I | 06-14 12:42:51 |  train   | step=3172, pmove=0.53, energy=-47.2160+0.0019j
I | 06-14 12:42:51 |  train   | step=3173, pmove=0.52, energy=-47.2110+0.0019j
I | 06-14 12:42:52 |  train   | step=3174, pmove=0.53, energy=-47.1973-0.0026j
I | 06-14 12:42:52 |  train   | step=3175, pmove=0.53, energy=-47.2386+0.0071j
I | 06-14 12:42:53 |  train   | step=3176, pmove=0.52, energy=-47.1943+0.0004j
I | 06-14 12:42:54 |  train   | step=3177, pmove=0.53, energy=-47.2157-0.0026j
I | 06-14 12:42:54 |  train   | step=3178, pmove=0.52, energy=-47.1911+0.0034j
I | 06-14 12:42:55 |  train   | step=3179, pmove=0.53, energy=-47.2150-0.0016j
I | 06-14 12:42:56 |  train   | step=3180, pmove=0.53, energy=-47.2201-0.0036j
I | 06-14 12:42:56 |  train   | step=3181, pmove=0.52, energy=-47.2196+0.0023j
I | 06-14 12:42:57 |  train   | step=3182, pmove=0.53, energy=-47.2129-0.0045j
I | 06-14 12:42:58 |  train   | step=3183, pmove=0.52, energy=-47.1712-0.0027j
I | 06-14 12:42:58 |  train   | step=3184, pmove=0.53, energy=-47.2246+0.0013j
I | 06-14 12:42:59 |  train   | step=3185, pmove=0.53, energy=-47.2065+0.0005j
I | 06-14 12:42:59 |  train   | step=3186, pmove=0.53, energy=-47.2038+0.0030j
I | 06-14 12:43:00 |  train   | step=3187, pmove=0.53, energy=-47.2141+0.0010j
I | 06-14 12:43:01 |  train   | step=3188, pmove=0.53, energy=-47.2012-0.0007j
I | 06-14 12:43:01 |  train   | step=3189, pmove=0.53, energy=-47.2336+0.0088j
I | 06-14 12:43:02 |  train   | step=3190, pmove=0.53, energy=-47.1865-0.0005j
I | 06-14 12:43:03 |  train   | step=3191, pmove=0.53, energy=-47.1974+0.0056j
I | 06-14 12:43:03 |  train   | step=3192, pmove=0.53, energy=-47.1950-0.0004j
I | 06-14 12:43:04 |  train   | step=3193, pmove=0.53, energy=-47.2163+0.0003j
I | 06-14 12:43:04 |  train   | step=3194, pmove=0.53, energy=-47.1979-0.0018j
I | 06-14 12:43:05 |  train   | step=3195, pmove=0.53, energy=-47.1763+0.0073j
I | 06-14 12:43:06 |  train   | step=3196, pmove=0.53, energy=-47.2108+0.0011j
I | 06-14 12:43:06 |  train   | step=3197, pmove=0.52, energy=-47.2052-0.0030j
I | 06-14 12:43:07 |  train   | step=3198, pmove=0.53, energy=-47.2043-0.0004j
I | 06-14 12:43:08 |  train   | step=3199, pmove=0.52, energy=-47.2278-0.0005j
I | 06-14 12:43:08 |  train   | step=3200, pmove=0.53, energy=-47.2276+0.0005j
I | 06-14 12:43:09 |  train   | step=3201, pmove=0.53, energy=-47.2115+0.0062j
I | 06-14 12:43:10 |  train   | step=3202, pmove=0.53, energy=-47.2014+0.0001j
I | 06-14 12:43:10 |  train   | step=3203, pmove=0.53, energy=-47.2153-0.0018j
I | 06-14 12:43:11 |  train   | step=3204, pmove=0.53, energy=-47.2087+0.0040j
I | 06-14 12:43:11 |  train   | step=3205, pmove=0.52, energy=-47.1947-0.0001j
I | 06-14 12:43:12 |  train   | step=3206, pmove=0.53, energy=-47.1987-0.0001j
I | 06-14 12:43:13 |  train   | step=3207, pmove=0.52, energy=-47.2115+0.0006j
I | 06-14 12:43:13 |  train   | step=3208, pmove=0.53, energy=-47.2259-0.0026j
I | 06-14 12:43:14 |  train   | step=3209, pmove=0.53, energy=-47.2319-0.0029j
I | 06-14 12:43:15 |  train   | step=3210, pmove=0.53, energy=-47.1758-0.0048j
I | 06-14 12:43:15 |  train   | step=3211, pmove=0.53, energy=-47.1974-0.0011j
I | 06-14 12:43:16 |  train   | step=3212, pmove=0.53, energy=-47.2272-0.0054j
I | 06-14 12:43:17 |  train   | step=3213, pmove=0.53, energy=-47.2415+0.0004j
I | 06-14 12:43:17 |  train   | step=3214, pmove=0.52, energy=-47.1900+0.0013j
I | 06-14 12:43:18 |  train   | step=3215, pmove=0.53, energy=-47.1916-0.0041j
I | 06-14 12:43:18 |  train   | step=3216, pmove=0.53, energy=-47.2343-0.0049j
I | 06-14 12:43:19 |  train   | step=3217, pmove=0.53, energy=-47.2053+0.0016j
I | 06-14 12:43:20 |  train   | step=3218, pmove=0.53, energy=-47.1566-0.0120j
I | 06-14 12:43:20 |  train   | step=3219, pmove=0.53, energy=-47.1866+0.0008j
I | 06-14 12:43:21 |  train   | step=3220, pmove=0.53, energy=-47.2027+0.0040j
I | 06-14 12:43:22 |  train   | step=3221, pmove=0.53, energy=-47.2117-0.0027j
I | 06-14 12:43:22 |  train   | step=3222, pmove=0.53, energy=-47.2080+0.0027j
I | 06-14 12:43:23 |  train   | step=3223, pmove=0.53, energy=-47.1939+0.0044j
I | 06-14 12:43:24 |  train   | step=3224, pmove=0.53, energy=-47.2302-0.0039j
I | 06-14 12:43:24 |  train   | step=3225, pmove=0.53, energy=-47.2051-0.0018j
I | 06-14 12:43:25 |  train   | step=3226, pmove=0.53, energy=-47.1923+0.0060j
I | 06-14 12:43:25 |  train   | step=3227, pmove=0.53, energy=-47.2087+0.0032j
I | 06-14 12:43:26 |  train   | step=3228, pmove=0.53, energy=-47.2258+0.0077j
I | 06-14 12:43:27 |  train   | step=3229, pmove=0.53, energy=-47.1950-0.0024j
I | 06-14 12:43:27 |  train   | step=3230, pmove=0.53, energy=-47.2080-0.0008j
I | 06-14 12:43:28 |  train   | step=3231, pmove=0.52, energy=-47.2240+0.0009j
I | 06-14 12:43:29 |  train   | step=3232, pmove=0.53, energy=-47.2077-0.0005j
I | 06-14 12:43:29 |  train   | step=3233, pmove=0.53, energy=-47.2604+0.0002j
I | 06-14 12:43:30 |  train   | step=3234, pmove=0.53, energy=-47.2167-0.0089j
I | 06-14 12:43:31 |  train   | step=3235, pmove=0.53, energy=-47.1848-0.0025j
I | 06-14 12:43:31 |  train   | step=3236, pmove=0.53, energy=-47.2268-0.0000j
I | 06-14 12:43:32 |  train   | step=3237, pmove=0.52, energy=-47.2062-0.0078j
I | 06-14 12:43:32 |  train   | step=3238, pmove=0.53, energy=-47.1668-0.0017j
I | 06-14 12:43:33 |  train   | step=3239, pmove=0.52, energy=-47.2075+0.0016j
I | 06-14 12:43:34 |  train   | step=3240, pmove=0.53, energy=-47.1965-0.0044j
I | 06-14 12:43:34 |  train   | step=3241, pmove=0.52, energy=-47.1972+0.0107j
I | 06-14 12:43:35 |  train   | step=3242, pmove=0.52, energy=-47.2377+0.0031j
I | 06-14 12:43:36 |  train   | step=3243, pmove=0.53, energy=-47.1903+0.0004j
I | 06-14 12:43:36 |  train   | step=3244, pmove=0.53, energy=-47.1903+0.0013j
I | 06-14 12:43:37 |  train   | step=3245, pmove=0.53, energy=-47.2314-0.0003j
I | 06-14 12:43:38 |  train   | step=3246, pmove=0.53, energy=-47.1864+0.0015j
I | 06-14 12:43:38 |  train   | step=3247, pmove=0.52, energy=-47.2338+0.0022j
I | 06-14 12:43:39 |  train   | step=3248, pmove=0.53, energy=-47.2014+0.0053j
I | 06-14 12:43:39 |  train   | step=3249, pmove=0.53, energy=-47.2473-0.0004j
I | 06-14 12:43:40 |  train   | step=3250, pmove=0.53, energy=-47.1815-0.0053j
I | 06-14 12:43:41 |  train   | step=3251, pmove=0.53, energy=-47.2282+0.0052j
I | 06-14 12:43:41 |  train   | step=3252, pmove=0.52, energy=-47.2317-0.0001j
I | 06-14 12:43:42 |  train   | step=3253, pmove=0.53, energy=-47.2128+0.0016j
I | 06-14 12:43:43 |  train   | step=3254, pmove=0.53, energy=-47.2177+0.0036j
I | 06-14 12:43:43 |  train   | step=3255, pmove=0.52, energy=-47.2281-0.0024j
I | 06-14 12:43:44 |  train   | step=3256, pmove=0.53, energy=-47.2295+0.0042j
I | 06-14 12:43:45 |  train   | step=3257, pmove=0.53, energy=-47.2476+0.0027j
I | 06-14 12:43:45 |  train   | step=3258, pmove=0.53, energy=-47.2191+0.0023j
I | 06-14 12:43:46 |  train   | step=3259, pmove=0.52, energy=-47.1973+0.0005j
I | 06-14 12:43:46 |  train   | step=3260, pmove=0.53, energy=-47.2428-0.0009j
I | 06-14 12:43:47 |  train   | step=3261, pmove=0.53, energy=-47.2434-0.0054j
I | 06-14 12:43:48 |  train   | step=3262, pmove=0.53, energy=-47.2229-0.0070j
I | 06-14 12:43:48 |  train   | step=3263, pmove=0.53, energy=-47.2311-0.0021j
I | 06-14 12:43:49 |  train   | step=3264, pmove=0.53, energy=-47.2004-0.0020j
I | 06-14 12:43:50 |  train   | step=3265, pmove=0.53, energy=-47.1757-0.0005j
I | 06-14 12:43:50 |  train   | step=3266, pmove=0.53, energy=-47.2012+0.0045j
I | 06-14 12:43:51 |  train   | step=3267, pmove=0.53, energy=-47.2175-0.0019j
I | 06-14 12:43:52 |  train   | step=3268, pmove=0.53, energy=-47.2113-0.0063j
I | 06-14 12:43:52 |  train   | step=3269, pmove=0.53, energy=-47.2176-0.0032j
I | 06-14 12:43:53 |  train   | step=3270, pmove=0.53, energy=-47.2294+0.0010j
I | 06-14 12:43:53 |  train   | step=3271, pmove=0.53, energy=-47.2327+0.0013j
I | 06-14 12:43:54 |  train   | step=3272, pmove=0.53, energy=-47.2166-0.0010j
I | 06-14 12:43:55 |  train   | step=3273, pmove=0.53, energy=-47.1979+0.0013j
I | 06-14 12:43:55 |  train   | step=3274, pmove=0.53, energy=-47.2121-0.0013j
I | 06-14 12:43:56 |  train   | step=3275, pmove=0.53, energy=-47.2055-0.0038j
I | 06-14 12:43:57 |  train   | step=3276, pmove=0.53, energy=-47.2249-0.0000j
I | 06-14 12:43:57 |  train   | step=3277, pmove=0.53, energy=-47.2105-0.0025j
I | 06-14 12:43:58 |  train   | step=3278, pmove=0.53, energy=-47.2026-0.0021j
I | 06-14 12:43:58 |  train   | step=3279, pmove=0.53, energy=-47.2019-0.0026j
I | 06-14 12:43:59 |  train   | step=3280, pmove=0.53, energy=-47.2223-0.0040j
I | 06-14 12:44:00 |  train   | step=3281, pmove=0.53, energy=-47.2483-0.0030j
I | 06-14 12:44:00 |  train   | step=3282, pmove=0.53, energy=-47.2192+0.0014j
I | 06-14 12:44:01 |  train   | step=3283, pmove=0.53, energy=-47.2334-0.0035j
I | 06-14 12:44:02 |  train   | step=3284, pmove=0.53, energy=-47.2292+0.0009j
I | 06-14 12:44:02 |  train   | step=3285, pmove=0.53, energy=-47.2183+0.0034j
I | 06-14 12:44:03 |  train   | step=3286, pmove=0.53, energy=-47.2103-0.0014j
I | 06-14 12:44:04 |  train   | step=3287, pmove=0.53, energy=-47.2308+0.0017j
I | 06-14 12:44:04 |  train   | step=3288, pmove=0.53, energy=-47.1948-0.0011j
I | 06-14 12:44:05 |  train   | step=3289, pmove=0.53, energy=-47.2193+0.0150j
I | 06-14 12:44:05 |  train   | step=3290, pmove=0.53, energy=-47.1528+0.0045j
I | 06-14 12:44:06 |  train   | step=3291, pmove=0.53, energy=-47.2059-0.0013j
I | 06-14 12:44:07 |  train   | step=3292, pmove=0.53, energy=-47.2294-0.0033j
I | 06-14 12:44:07 |  train   | step=3293, pmove=0.53, energy=-47.2126-0.0010j
I | 06-14 12:44:08 |  train   | step=3294, pmove=0.52, energy=-47.2289+0.0005j
I | 06-14 12:44:09 |  train   | step=3295, pmove=0.52, energy=-47.2047-0.0063j
I | 06-14 12:44:09 |  train   | step=3296, pmove=0.53, energy=-47.2266+0.0013j
I | 06-14 12:44:10 |  train   | step=3297, pmove=0.53, energy=-47.2122+0.0005j
I | 06-14 12:44:11 |  train   | step=3298, pmove=0.53, energy=-47.2405-0.0016j
I | 06-14 12:44:11 |  train   | step=3299, pmove=0.52, energy=-47.2297+0.0082j
I | 06-14 12:44:12 |  train   | step=3300, pmove=0.53, energy=-47.2332+0.0004j
I | 06-14 12:44:12 |  train   | step=3301, pmove=0.53, energy=-47.1694-0.0048j
I | 06-14 12:44:13 |  train   | step=3302, pmove=0.53, energy=-47.1964-0.0001j
I | 06-14 12:44:14 |  train   | step=3303, pmove=0.53, energy=-47.2353-0.0005j
I | 06-14 12:44:14 |  train   | step=3304, pmove=0.53, energy=-47.2081+0.0458j
I | 06-14 12:44:15 |  train   | step=3305, pmove=0.53, energy=-47.2291+0.0000j
I | 06-14 12:44:16 |  train   | step=3306, pmove=0.52, energy=-47.2032+0.0049j
I | 06-14 12:44:16 |  train   | step=3307, pmove=0.53, energy=-47.1998+0.0079j
I | 06-14 12:44:17 |  train   | step=3308, pmove=0.53, energy=-47.2193-0.0065j
I | 06-14 12:44:18 |  train   | step=3309, pmove=0.53, energy=-47.1939+0.0082j
I | 06-14 12:44:18 |  train   | step=3310, pmove=0.53, energy=-47.2053-0.0018j
I | 06-14 12:44:19 |  train   | step=3311, pmove=0.53, energy=-47.1963-0.0081j
I | 06-14 12:44:19 |  train   | step=3312, pmove=0.53, energy=-47.2357+0.0065j
I | 06-14 12:44:20 |  train   | step=3313, pmove=0.53, energy=-47.1926-0.0011j
I | 06-14 12:44:21 |  train   | step=3314, pmove=0.53, energy=-47.2155-0.0044j
I | 06-14 12:44:21 |  train   | step=3315, pmove=0.53, energy=-47.2507+0.0047j
I | 06-14 12:44:22 |  train   | step=3316, pmove=0.53, energy=-47.1954-0.0076j
I | 06-14 12:44:23 |  train   | step=3317, pmove=0.52, energy=-47.2419-0.0023j
I | 06-14 12:44:23 |  train   | step=3318, pmove=0.53, energy=-47.2233+0.0041j
I | 06-14 12:44:24 |  train   | step=3319, pmove=0.53, energy=-47.1782+0.0018j
I | 06-14 12:44:25 |  train   | step=3320, pmove=0.53, energy=-47.2202+0.0038j
I | 06-14 12:44:25 |  train   | step=3321, pmove=0.53, energy=-47.2032-0.0016j
I | 06-14 12:44:26 |  train   | step=3322, pmove=0.53, energy=-47.2152-0.0021j
I | 06-14 12:44:26 |  train   | step=3323, pmove=0.52, energy=-47.2017-0.0011j
I | 06-14 12:44:27 |  train   | step=3324, pmove=0.53, energy=-47.2005-0.0019j
I | 06-14 12:44:28 |  train   | step=3325, pmove=0.52, energy=-47.2147-0.0036j
I | 06-14 12:44:28 |  train   | step=3326, pmove=0.53, energy=-47.2022+0.0001j
I | 06-14 12:44:29 |  train   | step=3327, pmove=0.53, energy=-47.2051-0.0006j
I | 06-14 12:44:30 |  train   | step=3328, pmove=0.53, energy=-47.1672-0.0023j
I | 06-14 12:44:30 |  train   | step=3329, pmove=0.53, energy=-47.2158+0.0011j
I | 06-14 12:44:31 |  train   | step=3330, pmove=0.53, energy=-47.2224+0.0050j
I | 06-14 12:44:32 |  train   | step=3331, pmove=0.53, energy=-47.1917+0.0038j
I | 06-14 12:44:32 |  train   | step=3332, pmove=0.53, energy=-47.2171+0.0072j
I | 06-14 12:44:33 |  train   | step=3333, pmove=0.52, energy=-47.2146-0.0030j
I | 06-14 12:44:33 |  train   | step=3334, pmove=0.53, energy=-47.2030-0.0007j
I | 06-14 12:44:34 |  train   | step=3335, pmove=0.53, energy=-47.2078+0.0029j
I | 06-14 12:44:35 |  train   | step=3336, pmove=0.53, energy=-47.2076-0.0014j
I | 06-14 12:44:35 |  train   | step=3337, pmove=0.53, energy=-47.2258-0.0044j
I | 06-14 12:44:36 |  train   | step=3338, pmove=0.53, energy=-47.2041+0.0008j
I | 06-14 12:44:37 |  train   | step=3339, pmove=0.52, energy=-47.2328-0.0033j
I | 06-14 12:44:37 |  train   | step=3340, pmove=0.53, energy=-47.1920+0.0016j
I | 06-14 12:44:38 |  train   | step=3341, pmove=0.53, energy=-47.2342+0.0038j
I | 06-14 12:44:38 |  train   | step=3342, pmove=0.53, energy=-47.2067-0.0024j
I | 06-14 12:44:39 |  train   | step=3343, pmove=0.52, energy=-47.2012+0.0003j
I | 06-14 12:44:40 |  train   | step=3344, pmove=0.53, energy=-47.2150+0.0025j
I | 06-14 12:44:40 |  train   | step=3345, pmove=0.53, energy=-47.2149+0.0118j
I | 06-14 12:44:41 |  train   | step=3346, pmove=0.53, energy=-47.1800+0.0025j
I | 06-14 12:44:42 |  train   | step=3347, pmove=0.53, energy=-47.2172-0.0019j
I | 06-14 12:44:42 |  train   | step=3348, pmove=0.53, energy=-47.1942-0.0028j
I | 06-14 12:44:43 |  train   | step=3349, pmove=0.52, energy=-47.2467-0.0002j
I | 06-14 12:44:44 |  train   | step=3350, pmove=0.53, energy=-47.1992-0.0013j
I | 06-14 12:44:44 |  train   | step=3351, pmove=0.53, energy=-47.2370+0.0010j
I | 06-14 12:44:45 |  train   | step=3352, pmove=0.53, energy=-47.1978-0.0020j
I | 06-14 12:44:45 |  train   | step=3353, pmove=0.52, energy=-47.2198-0.0054j
I | 06-14 12:44:46 |  train   | step=3354, pmove=0.53, energy=-47.1869-0.0011j
I | 06-14 12:44:47 |  train   | step=3355, pmove=0.52, energy=-47.1889+0.0006j
I | 06-14 12:44:47 |  train   | step=3356, pmove=0.53, energy=-47.2358-0.0030j
I | 06-14 12:44:48 |  train   | step=3357, pmove=0.52, energy=-47.2154+0.0026j
I | 06-14 12:44:49 |  train   | step=3358, pmove=0.53, energy=-47.1895+0.0014j
I | 06-14 12:44:49 |  train   | step=3359, pmove=0.52, energy=-47.2213-0.0018j
I | 06-14 12:44:50 |  train   | step=3360, pmove=0.53, energy=-47.1963+0.0010j
I | 06-14 12:44:51 |  train   | step=3361, pmove=0.53, energy=-47.2159-0.0038j
I | 06-14 12:44:51 |  train   | step=3362, pmove=0.53, energy=-47.1984-0.0032j
I | 06-14 12:44:52 |  train   | step=3363, pmove=0.53, energy=-47.2191+0.0003j
I | 06-14 12:44:52 |  train   | step=3364, pmove=0.53, energy=-47.2083+0.0061j
I | 06-14 12:44:53 |  train   | step=3365, pmove=0.53, energy=-47.1961-0.0007j
I | 06-14 12:44:54 |  train   | step=3366, pmove=0.53, energy=-47.2188+0.0049j
I | 06-14 12:44:54 |  train   | step=3367, pmove=0.53, energy=-47.2009+0.0048j
I | 06-14 12:44:55 |  train   | step=3368, pmove=0.53, energy=-47.1891+0.0024j
I | 06-14 12:44:56 |  train   | step=3369, pmove=0.53, energy=-47.1872-0.0035j
I | 06-14 12:44:56 |  train   | step=3370, pmove=0.53, energy=-47.2146+0.0002j
I | 06-14 12:44:57 |  train   | step=3371, pmove=0.53, energy=-47.2111+0.0075j
I | 06-14 12:44:58 |  train   | step=3372, pmove=0.53, energy=-47.2336+0.0062j
I | 06-14 12:44:58 |  train   | step=3373, pmove=0.53, energy=-47.2025+0.0010j
I | 06-14 12:44:59 |  train   | step=3374, pmove=0.52, energy=-47.2245-0.0006j
I | 06-14 12:44:59 |  train   | step=3375, pmove=0.53, energy=-47.1850+0.0042j
I | 06-14 12:45:00 |  train   | step=3376, pmove=0.53, energy=-47.2120-0.0027j
I | 06-14 12:45:01 |  train   | step=3377, pmove=0.52, energy=-47.2176+0.0046j
I | 06-14 12:45:01 |  train   | step=3378, pmove=0.53, energy=-47.1724-0.0001j
I | 06-14 12:45:02 |  train   | step=3379, pmove=0.53, energy=-47.1688-0.0018j
I | 06-14 12:45:03 |  train   | step=3380, pmove=0.53, energy=-47.1845-0.0054j
I | 06-14 12:45:03 |  train   | step=3381, pmove=0.53, energy=-47.2220-0.0009j
I | 06-14 12:45:04 |  train   | step=3382, pmove=0.53, energy=-47.1972+0.0050j
I | 06-14 12:45:05 |  train   | step=3383, pmove=0.52, energy=-47.2160-0.0015j
I | 06-14 12:45:05 |  train   | step=3384, pmove=0.53, energy=-47.1895-0.0044j
I | 06-14 12:45:06 |  train   | step=3385, pmove=0.53, energy=-47.2037-0.0013j
I | 06-14 12:45:06 |  train   | step=3386, pmove=0.53, energy=-47.2046+0.0000j
I | 06-14 12:45:07 |  train   | step=3387, pmove=0.53, energy=-47.2157+0.0007j
I | 06-14 12:45:08 |  train   | step=3388, pmove=0.53, energy=-47.1658+0.0001j
I | 06-14 12:45:08 |  train   | step=3389, pmove=0.53, energy=-47.1697+0.0038j
I | 06-14 12:45:09 |  train   | step=3390, pmove=0.53, energy=-47.2202-0.0027j
I | 06-14 12:45:10 |  train   | step=3391, pmove=0.53, energy=-47.2068+0.0040j
I | 06-14 12:45:10 |  train   | step=3392, pmove=0.53, energy=-47.2047-0.0062j
I | 06-14 12:45:11 |  train   | step=3393, pmove=0.53, energy=-47.1972-0.0084j
I | 06-14 12:45:12 |  train   | step=3394, pmove=0.53, energy=-47.2110+0.0038j
I | 06-14 12:45:12 |  train   | step=3395, pmove=0.53, energy=-47.2270+0.0012j
I | 06-14 12:45:13 |  train   | step=3396, pmove=0.52, energy=-47.2323+0.0023j
I | 06-14 12:45:13 |  train   | step=3397, pmove=0.53, energy=-47.2239-0.0008j
I | 06-14 12:45:14 |  train   | step=3398, pmove=0.53, energy=-47.2261-0.0038j
I | 06-14 12:45:15 |  train   | step=3399, pmove=0.53, energy=-47.2314-0.0006j
I | 06-14 12:45:15 |  train   | step=3400, pmove=0.53, energy=-47.2072+0.0034j
I | 06-14 12:45:16 |  train   | step=3401, pmove=0.53, energy=-47.2172+0.0006j
I | 06-14 12:45:17 |  train   | step=3402, pmove=0.53, energy=-47.2242+0.0031j
I | 06-14 12:45:17 |  train   | step=3403, pmove=0.52, energy=-47.2268-0.0090j
I | 06-14 12:45:18 |  train   | step=3404, pmove=0.53, energy=-47.2051-0.0030j
I | 06-14 12:45:18 |  train   | step=3405, pmove=0.53, energy=-47.2317-0.0044j
I | 06-14 12:45:19 |  train   | step=3406, pmove=0.53, energy=-47.2131-0.0025j
I | 06-14 12:45:20 |  train   | step=3407, pmove=0.53, energy=-47.2152+0.0027j
I | 06-14 12:45:20 |  train   | step=3408, pmove=0.53, energy=-47.1988-0.0009j
I | 06-14 12:45:21 |  train   | step=3409, pmove=0.53, energy=-47.2053+0.0022j
I | 06-14 12:45:22 |  train   | step=3410, pmove=0.53, energy=-47.2354+0.0124j
I | 06-14 12:45:22 |  train   | step=3411, pmove=0.53, energy=-47.2132-0.0006j
I | 06-14 12:45:23 |  train   | step=3412, pmove=0.53, energy=-47.2157-0.0011j
I | 06-14 12:45:24 |  train   | step=3413, pmove=0.53, energy=-47.2280-0.0036j
I | 06-14 12:45:24 |  train   | step=3414, pmove=0.52, energy=-47.2076+0.0082j
I | 06-14 12:45:25 |  train   | step=3415, pmove=0.53, energy=-47.2321+0.0048j
I | 06-14 12:45:25 |  train   | step=3416, pmove=0.53, energy=-47.2286+0.0031j
I | 06-14 12:45:26 |  train   | step=3417, pmove=0.53, energy=-47.2253+0.0036j
I | 06-14 12:45:27 |  train   | step=3418, pmove=0.53, energy=-47.2004+0.0002j
I | 06-14 12:45:27 |  train   | step=3419, pmove=0.53, energy=-47.1556-0.0071j
I | 06-14 12:45:28 |  train   | step=3420, pmove=0.53, energy=-47.2208-0.0026j
I | 06-14 12:45:29 |  train   | step=3421, pmove=0.53, energy=-47.1894-0.0050j
I | 06-14 12:45:29 |  train   | step=3422, pmove=0.53, energy=-47.2054-0.0016j
I | 06-14 12:45:30 |  train   | step=3423, pmove=0.53, energy=-47.2313-0.0076j
I | 06-14 12:45:31 |  train   | step=3424, pmove=0.53, energy=-47.2183+0.0014j
I | 06-14 12:45:31 |  train   | step=3425, pmove=0.53, energy=-47.2312-0.0031j
I | 06-14 12:45:32 |  train   | step=3426, pmove=0.53, energy=-47.2211-0.0006j
I | 06-14 12:45:32 |  train   | step=3427, pmove=0.53, energy=-47.2396+0.0098j
I | 06-14 12:45:33 |  train   | step=3428, pmove=0.53, energy=-47.2073+0.0014j
I | 06-14 12:45:34 |  train   | step=3429, pmove=0.53, energy=-47.1829+0.0040j
I | 06-14 12:45:34 |  train   | step=3430, pmove=0.53, energy=-47.2142-0.0016j
I | 06-14 12:45:35 |  train   | step=3431, pmove=0.52, energy=-47.2480+0.0029j
I | 06-14 12:45:36 |  train   | step=3432, pmove=0.53, energy=-47.2079-0.0009j
I | 06-14 12:45:36 |  train   | step=3433, pmove=0.52, energy=-47.2266+0.0024j
I | 06-14 12:45:37 |  train   | step=3434, pmove=0.53, energy=-47.2291-0.0053j
I | 06-14 12:45:38 |  train   | step=3435, pmove=0.53, energy=-47.2260+0.0006j
I | 06-14 12:45:38 |  train   | step=3436, pmove=0.53, energy=-47.2078+0.0031j
I | 06-14 12:45:39 |  train   | step=3437, pmove=0.52, energy=-47.2183-0.0009j
I | 06-14 12:45:39 |  train   | step=3438, pmove=0.53, energy=-47.2145+0.0003j
I | 06-14 12:45:40 |  train   | step=3439, pmove=0.52, energy=-47.1893-0.0019j
I | 06-14 12:45:41 |  train   | step=3440, pmove=0.53, energy=-47.2134-0.0014j
I | 06-14 12:45:41 |  train   | step=3441, pmove=0.52, energy=-47.1911+0.0011j
I | 06-14 12:45:42 |  train   | step=3442, pmove=0.53, energy=-47.2040+0.0009j
I | 06-14 12:45:43 |  train   | step=3443, pmove=0.53, energy=-47.2281-0.0040j
I | 06-14 12:45:43 |  train   | step=3444, pmove=0.52, energy=-47.1811+0.0007j
I | 06-14 12:45:44 |  train   | step=3445, pmove=0.53, energy=-47.2317+0.0038j
I | 06-14 12:45:45 |  train   | step=3446, pmove=0.53, energy=-47.2118+0.0070j
I | 06-14 12:45:45 |  train   | step=3447, pmove=0.53, energy=-47.2263+0.0004j
I | 06-14 12:45:46 |  train   | step=3448, pmove=0.53, energy=-47.2042-0.0043j
I | 06-14 12:45:46 |  train   | step=3449, pmove=0.53, energy=-47.1778+0.0133j
I | 06-14 12:45:47 |  train   | step=3450, pmove=0.53, energy=-47.2134-0.0060j
I | 06-14 12:45:48 |  train   | step=3451, pmove=0.53, energy=-47.2124-0.0009j
I | 06-14 12:45:48 |  train   | step=3452, pmove=0.53, energy=-47.1899-0.0039j
I | 06-14 12:45:49 |  train   | step=3453, pmove=0.53, energy=-47.2309-0.0049j
I | 06-14 12:45:50 |  train   | step=3454, pmove=0.53, energy=-47.2217-0.0037j
I | 06-14 12:45:50 |  train   | step=3455, pmove=0.53, energy=-47.2076-0.0020j
I | 06-14 12:45:51 |  train   | step=3456, pmove=0.53, energy=-47.2552+0.0002j
I | 06-14 12:45:52 |  train   | step=3457, pmove=0.53, energy=-47.1838+0.0033j
I | 06-14 12:45:52 |  train   | step=3458, pmove=0.53, energy=-47.2086-0.0008j
I | 06-14 12:45:53 |  train   | step=3459, pmove=0.53, energy=-47.2225+0.0034j
I | 06-14 12:45:53 |  train   | step=3460, pmove=0.53, energy=-47.1784-0.0006j
I | 06-14 12:45:54 |  train   | step=3461, pmove=0.53, energy=-47.2180+0.0008j
I | 06-14 12:45:55 |  train   | step=3462, pmove=0.53, energy=-47.2233-0.0033j
I | 06-14 12:45:55 |  train   | step=3463, pmove=0.52, energy=-47.1911-0.0020j
I | 06-14 12:45:56 |  train   | step=3464, pmove=0.53, energy=-47.2001+0.0038j
I | 06-14 12:45:57 |  train   | step=3465, pmove=0.52, energy=-47.2197-0.0036j
I | 06-14 12:45:57 |  train   | step=3466, pmove=0.53, energy=-47.1971-0.0049j
I | 06-14 12:45:58 |  train   | step=3467, pmove=0.53, energy=-47.2176+0.0043j
I | 06-14 12:45:58 |  train   | step=3468, pmove=0.53, energy=-47.2010+0.0039j
I | 06-14 12:45:59 |  train   | step=3469, pmove=0.53, energy=-47.2034+0.0025j
I | 06-14 12:46:00 |  train   | step=3470, pmove=0.53, energy=-47.2142-0.0069j
I | 06-14 12:46:00 |  train   | step=3471, pmove=0.53, energy=-47.2124+0.0019j
I | 06-14 12:46:01 |  train   | step=3472, pmove=0.53, energy=-47.2025+0.0017j
I | 06-14 12:46:02 |  train   | step=3473, pmove=0.52, energy=-47.2188+0.0044j
I | 06-14 12:46:02 |  train   | step=3474, pmove=0.53, energy=-47.2329+0.0019j
I | 06-14 12:46:03 |  train   | step=3475, pmove=0.53, energy=-47.1793-0.0064j
I | 06-14 12:46:04 |  train   | step=3476, pmove=0.53, energy=-47.1454+0.0133j
I | 06-14 12:46:04 |  train   | step=3477, pmove=0.53, energy=-47.2278-0.0015j
I | 06-14 12:46:05 |  train   | step=3478, pmove=0.53, energy=-47.2201-0.0028j
I | 06-14 12:46:05 |  train   | step=3479, pmove=0.53, energy=-47.2006+0.0055j
I | 06-14 12:46:06 |  train   | step=3480, pmove=0.53, energy=-47.2140+0.0028j
I | 06-14 12:46:07 |  train   | step=3481, pmove=0.52, energy=-47.2204-0.0004j
I | 06-14 12:46:07 |  train   | step=3482, pmove=0.53, energy=-47.2462-0.0055j
I | 06-14 12:46:08 |  train   | step=3483, pmove=0.53, energy=-47.2135+0.0035j
I | 06-14 12:46:09 |  train   | step=3484, pmove=0.53, energy=-47.1991-0.0004j
I | 06-14 12:46:09 |  train   | step=3485, pmove=0.52, energy=-47.2241+0.0054j
I | 06-14 12:46:10 |  train   | step=3486, pmove=0.53, energy=-47.1898+0.0068j
I | 06-14 12:46:11 |  train   | step=3487, pmove=0.52, energy=-47.2213-0.0053j
I | 06-14 12:46:11 |  train   | step=3488, pmove=0.53, energy=-47.1923+0.0010j
I | 06-14 12:46:12 |  train   | step=3489, pmove=0.53, energy=-47.1950+0.0090j
I | 06-14 12:46:12 |  train   | step=3490, pmove=0.53, energy=-47.2062-0.0041j
I | 06-14 12:46:13 |  train   | step=3491, pmove=0.53, energy=-47.2077-0.0009j
I | 06-14 12:46:14 |  train   | step=3492, pmove=0.53, energy=-47.2092-0.0056j
I | 06-14 12:46:14 |  train   | step=3493, pmove=0.53, energy=-47.2107+0.0036j
I | 06-14 12:46:15 |  train   | step=3494, pmove=0.53, energy=-47.2165-0.0044j
I | 06-14 12:46:16 |  train   | step=3495, pmove=0.53, energy=-47.2419+0.0056j
I | 06-14 12:46:16 |  train   | step=3496, pmove=0.53, energy=-47.2069+0.0054j
I | 06-14 12:46:17 |  train   | step=3497, pmove=0.52, energy=-47.2148+0.0023j
I | 06-14 12:46:18 |  train   | step=3498, pmove=0.53, energy=-47.1979+0.0035j
I | 06-14 12:46:18 |  train   | step=3499, pmove=0.53, energy=-47.2322-0.0017j
I | 06-14 12:46:19 |  train   | step=3500, pmove=0.53, energy=-47.2223+0.0021j
I | 06-14 12:46:19 |  train   | step=3501, pmove=0.53, energy=-47.2120-0.0056j
I | 06-14 12:46:20 |  train   | step=3502, pmove=0.53, energy=-47.2031+0.0006j
I | 06-14 12:46:21 |  train   | step=3503, pmove=0.52, energy=-47.2015+0.0006j
I | 06-14 12:46:21 |  train   | step=3504, pmove=0.52, energy=-47.2175-0.0003j
I | 06-14 12:46:22 |  train   | step=3505, pmove=0.52, energy=-47.2177-0.0039j
I | 06-14 12:46:23 |  train   | step=3506, pmove=0.53, energy=-47.2354-0.0017j
I | 06-14 12:46:23 |  train   | step=3507, pmove=0.53, energy=-47.2297-0.0003j
I | 06-14 12:46:24 |  train   | step=3508, pmove=0.52, energy=-47.2144-0.0000j
I | 06-14 12:46:25 |  train   | step=3509, pmove=0.53, energy=-47.2330-0.0043j
I | 06-14 12:46:25 |  train   | step=3510, pmove=0.53, energy=-47.2147-0.0057j
I | 06-14 12:46:26 |  train   | step=3511, pmove=0.53, energy=-47.2247-0.0017j
I | 06-14 12:46:26 |  train   | step=3512, pmove=0.53, energy=-47.2159+0.0004j
I | 06-14 12:46:27 |  train   | step=3513, pmove=0.53, energy=-47.2124-0.0018j
I | 06-14 12:46:28 |  train   | step=3514, pmove=0.52, energy=-47.1793+0.0053j
I | 06-14 12:46:28 |  train   | step=3515, pmove=0.53, energy=-47.1974+0.0103j
I | 06-14 12:46:29 |  train   | step=3516, pmove=0.53, energy=-47.2219-0.0087j
I | 06-14 12:46:30 |  train   | step=3517, pmove=0.53, energy=-47.2025+0.0004j
I | 06-14 12:46:30 |  train   | step=3518, pmove=0.53, energy=-47.2185-0.0014j
I | 06-14 12:46:31 |  train   | step=3519, pmove=0.53, energy=-47.1949-0.0011j
I | 06-14 12:46:32 |  train   | step=3520, pmove=0.54, energy=-47.2273+0.0000j
I | 06-14 12:46:32 |  train   | step=3521, pmove=0.53, energy=-47.1979-0.0033j
I | 06-14 12:46:33 |  train   | step=3522, pmove=0.53, energy=-47.2049-0.0060j
I | 06-14 12:46:33 |  train   | step=3523, pmove=0.52, energy=-47.2251-0.0067j
I | 06-14 12:46:34 |  train   | step=3524, pmove=0.53, energy=-47.2291-0.0012j
I | 06-14 12:46:35 |  train   | step=3525, pmove=0.53, energy=-47.2175+0.0020j
I | 06-14 12:46:35 |  train   | step=3526, pmove=0.53, energy=-47.2070+0.0031j
I | 06-14 12:46:36 |  train   | step=3527, pmove=0.53, energy=-47.2419+0.0076j
I | 06-14 12:46:37 |  train   | step=3528, pmove=0.53, energy=-47.1869-0.0003j
I | 06-14 12:46:37 |  train   | step=3529, pmove=0.53, energy=-47.2390-0.0015j
I | 06-14 12:46:38 |  train   | step=3530, pmove=0.53, energy=-47.1908+0.0031j
I | 06-14 12:46:38 |  train   | step=3531, pmove=0.53, energy=-47.2023+0.0015j
I | 06-14 12:46:39 |  train   | step=3532, pmove=0.53, energy=-47.2149+0.0050j
I | 06-14 12:46:40 |  train   | step=3533, pmove=0.53, energy=-47.2256+0.0014j
I | 06-14 12:46:40 |  train   | step=3534, pmove=0.53, energy=-47.2163+0.0017j
I | 06-14 12:46:41 |  train   | step=3535, pmove=0.53, energy=-47.1879-0.0060j
I | 06-14 12:46:42 |  train   | step=3536, pmove=0.53, energy=-47.2366-0.0075j
I | 06-14 12:46:42 |  train   | step=3537, pmove=0.53, energy=-47.1816+0.0015j
I | 06-14 12:46:43 |  train   | step=3538, pmove=0.52, energy=-47.1812-0.0045j
I | 06-14 12:46:44 |  train   | step=3539, pmove=0.53, energy=-47.2329-0.0064j
I | 06-14 12:46:44 |  train   | step=3540, pmove=0.53, energy=-47.1813+0.0014j
I | 06-14 12:46:45 |  train   | step=3541, pmove=0.52, energy=-47.2247-0.0015j
I | 06-14 12:46:45 |  train   | step=3542, pmove=0.53, energy=-47.2131+0.0026j
I | 06-14 12:46:46 |  train   | step=3543, pmove=0.53, energy=-47.2340-0.0003j
I | 06-14 12:46:47 |  train   | step=3544, pmove=0.53, energy=-47.2362-0.0018j
I | 06-14 12:46:47 |  train   | step=3545, pmove=0.53, energy=-47.2126-0.0019j
I | 06-14 12:46:48 |  train   | step=3546, pmove=0.53, energy=-47.2341-0.0023j
I | 06-14 12:46:49 |  train   | step=3547, pmove=0.53, energy=-47.2174-0.0073j
I | 06-14 12:46:49 |  train   | step=3548, pmove=0.53, energy=-47.2107-0.0007j
I | 06-14 12:46:50 |  train   | step=3549, pmove=0.52, energy=-47.2231-0.0058j
I | 06-14 12:46:51 |  train   | step=3550, pmove=0.53, energy=-47.2197-0.0010j
I | 06-14 12:46:51 |  train   | step=3551, pmove=0.52, energy=-47.2136-0.0055j
I | 06-14 12:46:52 |  train   | step=3552, pmove=0.53, energy=-47.1956-0.0026j
I | 06-14 12:46:52 |  train   | step=3553, pmove=0.52, energy=-47.1689-0.0057j
I | 06-14 12:46:53 |  train   | step=3554, pmove=0.53, energy=-47.1995+0.0010j
I | 06-14 12:46:54 |  train   | step=3555, pmove=0.53, energy=-47.2175+0.0020j
I | 06-14 12:46:54 |  train   | step=3556, pmove=0.53, energy=-47.2430+0.0300j
I | 06-14 12:46:55 |  train   | step=3557, pmove=0.53, energy=-47.2071-0.0093j
I | 06-14 12:46:56 |  train   | step=3558, pmove=0.52, energy=-47.1678-0.0038j
I | 06-14 12:46:56 |  train   | step=3559, pmove=0.53, energy=-47.2094+0.0013j
I | 06-14 12:46:57 |  train   | step=3560, pmove=0.53, energy=-47.1674-0.0027j
I | 06-14 12:46:58 |  train   | step=3561, pmove=0.53, energy=-47.2040+0.0027j
I | 06-14 12:46:58 |  train   | step=3562, pmove=0.53, energy=-47.2064-0.0007j
I | 06-14 12:46:59 |  train   | step=3563, pmove=0.53, energy=-47.1732+0.0009j
I | 06-14 12:46:59 |  train   | step=3564, pmove=0.52, energy=-47.2297-0.0005j
I | 06-14 12:47:00 |  train   | step=3565, pmove=0.53, energy=-47.2128+0.0006j
I | 06-14 12:47:01 |  train   | step=3566, pmove=0.53, energy=-47.2223-0.0038j
I | 06-14 12:47:01 |  train   | step=3567, pmove=0.53, energy=-47.2145+0.0006j
I | 06-14 12:47:02 |  train   | step=3568, pmove=0.53, energy=-47.1948+0.0040j
I | 06-14 12:47:03 |  train   | step=3569, pmove=0.53, energy=-47.2265-0.0002j
I | 06-14 12:47:03 |  train   | step=3570, pmove=0.53, energy=-47.2072-0.0008j
I | 06-14 12:47:04 |  train   | step=3571, pmove=0.53, energy=-47.2110-0.0066j
I | 06-14 12:47:05 |  train   | step=3572, pmove=0.53, energy=-47.2239+0.0049j
I | 06-14 12:47:05 |  train   | step=3573, pmove=0.53, energy=-47.1986-0.0055j
I | 06-14 12:47:06 |  train   | step=3574, pmove=0.53, energy=-47.1903+0.0027j
I | 06-14 12:47:06 |  train   | step=3575, pmove=0.53, energy=-47.2008+0.0018j
I | 06-14 12:47:07 |  train   | step=3576, pmove=0.53, energy=-47.1927-0.0028j
I | 06-14 12:47:08 |  train   | step=3577, pmove=0.53, energy=-47.1872-0.0017j
I | 06-14 12:47:08 |  train   | step=3578, pmove=0.53, energy=-47.2085+0.0005j
I | 06-14 12:47:09 |  train   | step=3579, pmove=0.53, energy=-47.2037+0.0030j
I | 06-14 12:47:10 |  train   | step=3580, pmove=0.53, energy=-47.1981+0.0061j
I | 06-14 12:47:10 |  train   | step=3581, pmove=0.53, energy=-47.2138-0.0011j
I | 06-14 12:47:11 |  train   | step=3582, pmove=0.53, energy=-47.2053+0.0124j
I | 06-14 12:47:11 |  train   | step=3583, pmove=0.52, energy=-47.2151-0.0019j
I | 06-14 12:47:12 |  train   | step=3584, pmove=0.53, energy=-47.1665-0.0092j
I | 06-14 12:47:13 |  train   | step=3585, pmove=0.53, energy=-47.2119-0.0037j
I | 06-14 12:47:13 |  train   | step=3586, pmove=0.53, energy=-47.2476-0.0031j
I | 06-14 12:47:14 |  train   | step=3587, pmove=0.53, energy=-47.2008+0.0033j
I | 06-14 12:47:15 |  train   | step=3588, pmove=0.53, energy=-47.1979+0.0003j
I | 06-14 12:47:15 |  train   | step=3589, pmove=0.53, energy=-47.1949-0.0000j
I | 06-14 12:47:16 |  train   | step=3590, pmove=0.53, energy=-47.2010-0.0063j
I | 06-14 12:47:17 |  train   | step=3591, pmove=0.52, energy=-47.1987+0.0005j
I | 06-14 12:47:17 |  train   | step=3592, pmove=0.53, energy=-47.2088-0.0016j
I | 06-14 12:47:18 |  train   | step=3593, pmove=0.53, energy=-47.1648+0.0058j
I | 06-14 12:47:18 |  train   | step=3594, pmove=0.53, energy=-47.2049+0.0007j
I | 06-14 12:47:19 |  train   | step=3595, pmove=0.53, energy=-47.2174-0.0032j
I | 06-14 12:47:20 |  train   | step=3596, pmove=0.53, energy=-47.1961-0.0085j
I | 06-14 12:47:20 |  train   | step=3597, pmove=0.53, energy=-47.1635+0.0311j
I | 06-14 12:47:21 |  train   | step=3598, pmove=0.53, energy=-47.2221+0.0005j
I | 06-14 12:47:22 |  train   | step=3599, pmove=0.53, energy=-47.1685+0.0111j
I | 06-14 12:47:22 |  train   | step=3600, pmove=0.53, energy=-47.1891+0.0001j
I | 06-14 12:47:23 |  train   | step=3601, pmove=0.53, energy=-47.2307+0.0035j
I | 06-14 12:47:24 |  train   | step=3602, pmove=0.53, energy=-47.2069+0.0022j
I | 06-14 12:47:24 |  train   | step=3603, pmove=0.52, energy=-47.2232+0.0023j
I | 06-14 12:47:25 |  train   | step=3604, pmove=0.53, energy=-47.2376+0.0047j
I | 06-14 12:47:25 |  train   | step=3605, pmove=0.53, energy=-47.2102-0.0026j
I | 06-14 12:47:26 |  train   | step=3606, pmove=0.53, energy=-47.2211+0.0060j
I | 06-14 12:47:27 |  train   | step=3607, pmove=0.53, energy=-47.2302+0.0025j
I | 06-14 12:47:27 |  train   | step=3608, pmove=0.53, energy=-47.2252+0.0022j
I | 06-14 12:47:28 |  train   | step=3609, pmove=0.53, energy=-47.2269+0.0024j
I | 06-14 12:47:29 |  train   | step=3610, pmove=0.53, energy=-47.2359-0.0019j
I | 06-14 12:47:29 |  train   | step=3611, pmove=0.53, energy=-47.1882+0.0017j
I | 06-14 12:47:30 |  train   | step=3612, pmove=0.53, energy=-47.2235+0.0001j
I | 06-14 12:47:31 |  train   | step=3613, pmove=0.52, energy=-47.2072-0.0015j
I | 06-14 12:47:31 |  train   | step=3614, pmove=0.52, energy=-47.2176+0.0030j
I | 06-14 12:47:32 |  train   | step=3615, pmove=0.53, energy=-47.2139-0.0083j
I | 06-14 12:47:32 |  train   | step=3616, pmove=0.52, energy=-47.2373+0.0013j
I | 06-14 12:47:33 |  train   | step=3617, pmove=0.53, energy=-47.2118-0.0009j
I | 06-14 12:47:34 |  train   | step=3618, pmove=0.53, energy=-47.2093+0.0069j
I | 06-14 12:47:34 |  train   | step=3619, pmove=0.53, energy=-47.2239+0.0126j
I | 06-14 12:47:35 |  train   | step=3620, pmove=0.53, energy=-47.1697-0.0075j
I | 06-14 12:47:36 |  train   | step=3621, pmove=0.53, energy=-47.1985+0.0023j
I | 06-14 12:47:36 |  train   | step=3622, pmove=0.52, energy=-47.2003-0.0025j
I | 06-14 12:47:37 |  train   | step=3623, pmove=0.53, energy=-47.2125+0.0007j
I | 06-14 12:47:38 |  train   | step=3624, pmove=0.52, energy=-47.2325+0.0017j
I | 06-14 12:47:38 |  train   | step=3625, pmove=0.53, energy=-47.2290+0.0000j
I | 06-14 12:47:39 |  train   | step=3626, pmove=0.52, energy=-47.1910+0.0032j
I | 06-14 12:47:39 |  train   | step=3627, pmove=0.53, energy=-47.2239+0.0022j
I | 06-14 12:47:40 |  train   | step=3628, pmove=0.53, energy=-47.1968-0.0056j
I | 06-14 12:47:41 |  train   | step=3629, pmove=0.53, energy=-47.2126+0.0054j
I | 06-14 12:47:41 |  train   | step=3630, pmove=0.53, energy=-47.2197-0.0031j
I | 06-14 12:47:42 |  train   | step=3631, pmove=0.53, energy=-47.2234-0.0021j
I | 06-14 12:47:43 |  train   | step=3632, pmove=0.53, energy=-47.2066-0.0056j
I | 06-14 12:47:43 |  train   | step=3633, pmove=0.53, energy=-47.1937-0.0040j
I | 06-14 12:47:44 |  train   | step=3634, pmove=0.53, energy=-47.2427+0.0094j
I | 06-14 12:47:45 |  train   | step=3635, pmove=0.52, energy=-47.2056-0.0044j
I | 06-14 12:47:45 |  train   | step=3636, pmove=0.52, energy=-47.2359-0.0020j
I | 06-14 12:47:46 |  train   | step=3637, pmove=0.53, energy=-47.2011-0.0024j
I | 06-14 12:47:46 |  train   | step=3638, pmove=0.53, energy=-47.2103-0.0072j
I | 06-14 12:47:47 |  train   | step=3639, pmove=0.53, energy=-47.2289-0.0008j
I | 06-14 12:47:48 |  train   | step=3640, pmove=0.53, energy=-47.2100-0.0039j
I | 06-14 12:47:48 |  train   | step=3641, pmove=0.53, energy=-47.2173-0.0009j
I | 06-14 12:47:49 |  train   | step=3642, pmove=0.53, energy=-47.1954-0.0047j
I | 06-14 12:47:50 |  train   | step=3643, pmove=0.53, energy=-47.2168+0.0027j
I | 06-14 12:47:50 |  train   | step=3644, pmove=0.53, energy=-47.2008+0.0095j
I | 06-14 12:47:51 |  train   | step=3645, pmove=0.53, energy=-47.1939+0.0025j
I | 06-14 12:47:51 |  train   | step=3646, pmove=0.53, energy=-47.2016+0.0051j
I | 06-14 12:47:52 |  train   | step=3647, pmove=0.53, energy=-47.1989-0.0007j
I | 06-14 12:47:53 |  train   | step=3648, pmove=0.52, energy=-47.2413+0.0020j
I | 06-14 12:47:53 |  train   | step=3649, pmove=0.53, energy=-47.2360-0.0081j
I | 06-14 12:47:54 |  train   | step=3650, pmove=0.53, energy=-47.2250+0.0041j
I | 06-14 12:47:55 |  train   | step=3651, pmove=0.53, energy=-47.1845+0.0049j
I | 06-14 12:47:55 |  train   | step=3652, pmove=0.53, energy=-47.2074+0.0023j
I | 06-14 12:47:56 |  train   | step=3653, pmove=0.53, energy=-47.2115+0.0001j
I | 06-14 12:47:57 |  train   | step=3654, pmove=0.52, energy=-47.2027+0.0020j
I | 06-14 12:47:57 |  train   | step=3655, pmove=0.53, energy=-47.2029-0.0009j
I | 06-14 12:47:58 |  train   | step=3656, pmove=0.53, energy=-47.1944-0.0029j
I | 06-14 12:47:58 |  train   | step=3657, pmove=0.53, energy=-47.2241+0.0013j
I | 06-14 12:47:59 |  train   | step=3658, pmove=0.53, energy=-47.2250-0.0052j
I | 06-14 12:48:00 |  train   | step=3659, pmove=0.53, energy=-47.2158+0.0007j
I | 06-14 12:48:00 |  train   | step=3660, pmove=0.53, energy=-47.1989-0.0037j
I | 06-14 12:48:01 |  train   | step=3661, pmove=0.53, energy=-47.2074-0.0032j
I | 06-14 12:48:02 |  train   | step=3662, pmove=0.52, energy=-47.2016-0.0050j
I | 06-14 12:48:02 |  train   | step=3663, pmove=0.53, energy=-47.2175-0.0000j
I | 06-14 12:48:03 |  train   | step=3664, pmove=0.53, energy=-47.2151-0.0016j
I | 06-14 12:48:04 |  train   | step=3665, pmove=0.53, energy=-47.2103-0.0056j
I | 06-14 12:48:04 |  train   | step=3666, pmove=0.53, energy=-47.2258-0.0060j
I | 06-14 12:48:05 |  train   | step=3667, pmove=0.53, energy=-47.2094-0.0005j
I | 06-14 12:48:05 |  train   | step=3668, pmove=0.53, energy=-47.2027+0.0019j
I | 06-14 12:48:06 |  train   | step=3669, pmove=0.53, energy=-47.2035-0.0078j
I | 06-14 12:48:07 |  train   | step=3670, pmove=0.53, energy=-47.2276-0.0014j
I | 06-14 12:48:07 |  train   | step=3671, pmove=0.52, energy=-47.2026+0.0026j
I | 06-14 12:48:08 |  train   | step=3672, pmove=0.52, energy=-47.2193-0.0024j
I | 06-14 12:48:09 |  train   | step=3673, pmove=0.53, energy=-47.2001-0.0020j
I | 06-14 12:48:09 |  train   | step=3674, pmove=0.52, energy=-47.1959+0.0004j
I | 06-14 12:48:10 |  train   | step=3675, pmove=0.53, energy=-47.2178-0.0041j
I | 06-14 12:48:11 |  train   | step=3676, pmove=0.52, energy=-47.1860-0.0041j
I | 06-14 12:48:11 |  train   | step=3677, pmove=0.54, energy=-47.2178-0.0017j
I | 06-14 12:48:12 |  train   | step=3678, pmove=0.53, energy=-47.2050+0.0026j
I | 06-14 12:48:12 |  train   | step=3679, pmove=0.53, energy=-47.1997-0.0015j
I | 06-14 12:48:13 |  train   | step=3680, pmove=0.53, energy=-47.2233-0.0007j
I | 06-14 12:48:14 |  train   | step=3681, pmove=0.53, energy=-47.2295+0.0024j
I | 06-14 12:48:14 |  train   | step=3682, pmove=0.52, energy=-47.2238-0.0032j
I | 06-14 12:48:15 |  train   | step=3683, pmove=0.52, energy=-47.1605+0.0041j
I | 06-14 12:48:16 |  train   | step=3684, pmove=0.53, energy=-47.2120+0.0009j
I | 06-14 12:48:16 |  train   | step=3685, pmove=0.52, energy=-47.2244+0.0032j
I | 06-14 12:48:17 |  train   | step=3686, pmove=0.53, energy=-47.2163+0.0011j
I | 06-14 12:48:18 |  train   | step=3687, pmove=0.53, energy=-47.2064-0.0003j
I | 06-14 12:48:18 |  train   | step=3688, pmove=0.53, energy=-47.2179-0.0011j
I | 06-14 12:48:19 |  train   | step=3689, pmove=0.53, energy=-47.1761-0.0028j
I | 06-14 12:48:19 |  train   | step=3690, pmove=0.53, energy=-47.2054-0.0004j
I | 06-14 12:48:20 |  train   | step=3691, pmove=0.53, energy=-47.2186-0.0007j
I | 06-14 12:48:21 |  train   | step=3692, pmove=0.53, energy=-47.2341-0.0049j
I | 06-14 12:48:21 |  train   | step=3693, pmove=0.53, energy=-47.2177-0.0076j
I | 06-14 12:48:22 |  train   | step=3694, pmove=0.53, energy=-47.2227+0.0081j
I | 06-14 12:48:23 |  train   | step=3695, pmove=0.53, energy=-47.2244+0.0011j
I | 06-14 12:48:23 |  train   | step=3696, pmove=0.53, energy=-47.1895-0.0063j
I | 06-14 12:48:24 |  train   | step=3697, pmove=0.53, energy=-47.2203+0.0013j
I | 06-14 12:48:25 |  train   | step=3698, pmove=0.53, energy=-47.2315+0.0077j
I | 06-14 12:48:25 |  train   | step=3699, pmove=0.53, energy=-47.1904-0.0001j
I | 06-14 12:48:26 |  train   | step=3700, pmove=0.52, energy=-47.2181+0.0053j
I | 06-14 12:48:26 |  train   | step=3701, pmove=0.53, energy=-47.2037+0.0056j
I | 06-14 12:48:27 |  train   | step=3702, pmove=0.53, energy=-47.2206+0.0012j
I | 06-14 12:48:28 |  train   | step=3703, pmove=0.53, energy=-47.2259+0.0019j
I | 06-14 12:48:28 |  train   | step=3704, pmove=0.53, energy=-47.2260+0.0035j
I | 06-14 12:48:29 |  train   | step=3705, pmove=0.53, energy=-47.2269-0.0008j
I | 06-14 12:48:30 |  train   | step=3706, pmove=0.53, energy=-47.2048+0.0026j
I | 06-14 12:48:30 |  train   | step=3707, pmove=0.53, energy=-47.1879+0.0070j
I | 06-14 12:48:31 |  train   | step=3708, pmove=0.53, energy=-47.1994-0.0009j
I | 06-14 12:48:31 |  train   | step=3709, pmove=0.53, energy=-47.2516+0.0013j
I | 06-14 12:48:32 |  train   | step=3710, pmove=0.52, energy=-47.2378-0.0004j
I | 06-14 12:48:33 |  train   | step=3711, pmove=0.53, energy=-47.2256-0.0021j
I | 06-14 12:48:33 |  train   | step=3712, pmove=0.53, energy=-47.2309+0.0033j
I | 06-14 12:48:34 |  train   | step=3713, pmove=0.53, energy=-47.2181-0.0003j
I | 06-14 12:48:35 |  train   | step=3714, pmove=0.53, energy=-47.2114-0.0063j
I | 06-14 12:48:35 |  train   | step=3715, pmove=0.52, energy=-47.1887-0.0002j
I | 06-14 12:48:36 |  train   | step=3716, pmove=0.53, energy=-47.2017+0.0011j
I | 06-14 12:48:37 |  train   | step=3717, pmove=0.53, energy=-47.2109-0.0045j
I | 06-14 12:48:37 |  train   | step=3718, pmove=0.52, energy=-47.2189+0.0022j
I | 06-14 12:48:38 |  train   | step=3719, pmove=0.53, energy=-47.1928-0.0048j
I | 06-14 12:48:38 |  train   | step=3720, pmove=0.53, energy=-47.1966-0.0016j
I | 06-14 12:48:39 |  train   | step=3721, pmove=0.53, energy=-47.2415-0.0057j
I | 06-14 12:48:40 |  train   | step=3722, pmove=0.53, energy=-47.1949-0.0001j
I | 06-14 12:48:40 |  train   | step=3723, pmove=0.53, energy=-47.2086-0.0013j
I | 06-14 12:48:41 |  train   | step=3724, pmove=0.53, energy=-47.2358+0.0033j
I | 06-14 12:48:42 |  train   | step=3725, pmove=0.53, energy=-47.2176+0.0001j
I | 06-14 12:48:42 |  train   | step=3726, pmove=0.53, energy=-47.2232+0.0020j
I | 06-14 12:48:43 |  train   | step=3727, pmove=0.53, energy=-47.2021+0.0010j
I | 06-14 12:48:44 |  train   | step=3728, pmove=0.52, energy=-47.2215-0.0131j
I | 06-14 12:48:44 |  train   | step=3729, pmove=0.53, energy=-47.2277+0.0079j
I | 06-14 12:48:45 |  train   | step=3730, pmove=0.52, energy=-47.2149-0.0114j
I | 06-14 12:48:45 |  train   | step=3731, pmove=0.53, energy=-47.1922+0.0005j
I | 06-14 12:48:46 |  train   | step=3732, pmove=0.53, energy=-47.2138-0.0032j
I | 06-14 12:48:47 |  train   | step=3733, pmove=0.52, energy=-47.2155+0.0052j
I | 06-14 12:48:47 |  train   | step=3734, pmove=0.53, energy=-47.2303-0.0049j
I | 06-14 12:48:48 |  train   | step=3735, pmove=0.53, energy=-47.2071-0.0043j
I | 06-14 12:48:49 |  train   | step=3736, pmove=0.53, energy=-47.1949+0.0003j
I | 06-14 12:48:49 |  train   | step=3737, pmove=0.53, energy=-47.1786-0.0013j
I | 06-14 12:48:50 |  train   | step=3738, pmove=0.53, energy=-47.2253-0.0045j
I | 06-14 12:48:51 |  train   | step=3739, pmove=0.53, energy=-47.1950-0.0003j
I | 06-14 12:48:51 |  train   | step=3740, pmove=0.53, energy=-47.2203-0.0003j
I | 06-14 12:48:52 |  train   | step=3741, pmove=0.53, energy=-47.2113-0.0004j
I | 06-14 12:48:52 |  train   | step=3742, pmove=0.53, energy=-47.2134+0.0013j
I | 06-14 12:48:53 |  train   | step=3743, pmove=0.53, energy=-47.2083-0.0042j
I | 06-14 12:48:54 |  train   | step=3744, pmove=0.52, energy=-47.2112+0.0010j
I | 06-14 12:48:54 |  train   | step=3745, pmove=0.53, energy=-47.2176+0.0033j
I | 06-14 12:48:55 |  train   | step=3746, pmove=0.53, energy=-47.2172+0.0033j
I | 06-14 12:48:56 |  train   | step=3747, pmove=0.53, energy=-47.1930+0.0049j
I | 06-14 12:48:56 |  train   | step=3748, pmove=0.53, energy=-47.1913-0.0039j
I | 06-14 12:48:57 |  train   | step=3749, pmove=0.53, energy=-47.1876+0.0028j
I | 06-14 12:48:58 |  train   | step=3750, pmove=0.53, energy=-47.2170-0.0017j
I | 06-14 12:48:58 |  train   | step=3751, pmove=0.53, energy=-47.2241+0.0021j
I | 06-14 12:48:59 |  train   | step=3752, pmove=0.52, energy=-47.2503-0.0018j
I | 06-14 12:48:59 |  train   | step=3753, pmove=0.53, energy=-47.2105+0.0016j
I | 06-14 12:49:00 |  train   | step=3754, pmove=0.52, energy=-47.1394+0.0081j
I | 06-14 12:49:01 |  train   | step=3755, pmove=0.53, energy=-47.1930+0.0032j
I | 06-14 12:49:01 |  train   | step=3756, pmove=0.53, energy=-47.2249-0.0015j
I | 06-14 12:49:02 |  train   | step=3757, pmove=0.52, energy=-47.1757+0.0045j
I | 06-14 12:49:03 |  train   | step=3758, pmove=0.52, energy=-47.2232+0.0030j
I | 06-14 12:49:03 |  train   | step=3759, pmove=0.53, energy=-47.2119+0.0026j
I | 06-14 12:49:04 |  train   | step=3760, pmove=0.53, energy=-47.2145+0.0014j
I | 06-14 12:49:04 |  train   | step=3761, pmove=0.53, energy=-47.2047-0.0014j
I | 06-14 12:49:05 |  train   | step=3762, pmove=0.52, energy=-47.2414-0.0064j
I | 06-14 12:49:06 |  train   | step=3763, pmove=0.53, energy=-47.2368-0.0060j
I | 06-14 12:49:06 |  train   | step=3764, pmove=0.52, energy=-47.2286-0.0019j
I | 06-14 12:49:07 |  train   | step=3765, pmove=0.53, energy=-47.2071-0.0020j
I | 06-14 12:49:08 |  train   | step=3766, pmove=0.52, energy=-47.2268+0.0022j
I | 06-14 12:49:08 |  train   | step=3767, pmove=0.53, energy=-47.2151+0.0007j
I | 06-14 12:49:09 |  train   | step=3768, pmove=0.52, energy=-47.2104+0.0469j
I | 06-14 12:49:10 |  train   | step=3769, pmove=0.53, energy=-47.1743+0.0102j
I | 06-14 12:49:10 |  train   | step=3770, pmove=0.52, energy=-47.2058-0.0299j
I | 06-14 12:49:11 |  train   | step=3771, pmove=0.53, energy=-47.2020-0.0108j
I | 06-14 12:49:11 |  train   | step=3772, pmove=0.53, energy=-47.2069-0.0048j
I | 06-14 12:49:12 |  train   | step=3773, pmove=0.52, energy=-47.2240+0.0076j
I | 06-14 12:49:13 |  train   | step=3774, pmove=0.52, energy=-47.2187+0.0105j
I | 06-14 12:49:13 |  train   | step=3775, pmove=0.53, energy=-47.2061+0.0044j
I | 06-14 12:49:14 |  train   | step=3776, pmove=0.53, energy=-47.2047-0.0118j
I | 06-14 12:49:15 |  train   | step=3777, pmove=0.53, energy=-47.2107+0.0039j
I | 06-14 12:49:15 |  train   | step=3778, pmove=0.53, energy=-47.2196+0.0007j
I | 06-14 12:49:16 |  train   | step=3779, pmove=0.53, energy=-47.2269+0.0033j
I | 06-14 12:49:17 |  train   | step=3780, pmove=0.53, energy=-47.2226+0.0002j
I | 06-14 12:49:17 |  train   | step=3781, pmove=0.53, energy=-47.2333-0.0050j
I | 06-14 12:49:18 |  train   | step=3782, pmove=0.53, energy=-47.2218+0.0013j
I | 06-14 12:49:18 |  train   | step=3783, pmove=0.53, energy=-47.2178-0.0009j
I | 06-14 12:49:19 |  train   | step=3784, pmove=0.53, energy=-47.2139+0.0129j
I | 06-14 12:49:20 |  train   | step=3785, pmove=0.53, energy=-47.2088+0.0051j
I | 06-14 12:49:20 |  train   | step=3786, pmove=0.53, energy=-47.2071+0.0098j
I | 06-14 12:49:21 |  train   | step=3787, pmove=0.53, energy=-47.1948+0.0060j
I | 06-14 12:49:22 |  train   | step=3788, pmove=0.53, energy=-47.1931+0.0055j
I | 06-14 12:49:22 |  train   | step=3789, pmove=0.53, energy=-47.2365+0.0007j
I | 06-14 12:49:23 |  train   | step=3790, pmove=0.53, energy=-47.2026-0.0015j
I | 06-14 12:49:24 |  train   | step=3791, pmove=0.53, energy=-47.2232+0.0010j
I | 06-14 12:49:24 |  train   | step=3792, pmove=0.53, energy=-46.9564+0.0680j
I | 06-14 12:49:25 |  train   | step=3793, pmove=0.53, energy=-47.2071-0.0051j
I | 06-14 12:49:25 |  train   | step=3794, pmove=0.53, energy=-47.1744-0.0021j
I | 06-14 12:49:26 |  train   | step=3795, pmove=0.52, energy=-47.2500-0.0014j
I | 06-14 12:49:27 |  train   | step=3796, pmove=0.52, energy=-47.2146-0.0047j
I | 06-14 12:49:27 |  train   | step=3797, pmove=0.53, energy=-47.2101+0.0025j
I | 06-14 12:49:28 |  train   | step=3798, pmove=0.53, energy=-47.1870+0.0025j
I | 06-14 12:49:29 |  train   | step=3799, pmove=0.53, energy=-47.2175+0.0075j
I | 06-14 12:49:29 |  train   | step=3800, pmove=0.53, energy=-47.2281-0.0006j
I | 06-14 12:49:30 |  train   | step=3801, pmove=0.53, energy=-47.2056-0.0051j
I | 06-14 12:49:31 |  train   | step=3802, pmove=0.53, energy=-47.1941+0.0003j
I | 06-14 12:49:31 |  train   | step=3803, pmove=0.53, energy=-47.2088-0.0059j
I | 06-14 12:49:32 |  train   | step=3804, pmove=0.53, energy=-47.1429+0.0003j
I | 06-14 12:49:32 |  train   | step=3805, pmove=0.52, energy=-47.2561-0.0010j
I | 06-14 12:49:33 |  train   | step=3806, pmove=0.53, energy=-47.1879+0.0036j
I | 06-14 12:49:34 |  train   | step=3807, pmove=0.52, energy=-47.2448+0.0011j
I | 06-14 12:49:34 |  train   | step=3808, pmove=0.53, energy=-47.1965-0.0026j
I | 06-14 12:49:35 |  train   | step=3809, pmove=0.53, energy=-47.2043-0.0030j
I | 06-14 12:49:36 |  train   | step=3810, pmove=0.53, energy=-47.2296+0.0018j
I | 06-14 12:49:36 |  train   | step=3811, pmove=0.52, energy=-47.2267+0.0049j
I | 06-14 12:49:37 |  train   | step=3812, pmove=0.53, energy=-47.1754+0.0040j
I | 06-14 12:49:38 |  train   | step=3813, pmove=0.53, energy=-47.2552-0.0042j
I | 06-14 12:49:38 |  train   | step=3814, pmove=0.53, energy=-47.1948-0.0025j
I | 06-14 12:49:39 |  train   | step=3815, pmove=0.52, energy=-47.2139+0.0021j
I | 06-14 12:49:39 |  train   | step=3816, pmove=0.53, energy=-47.2140-0.0033j
I | 06-14 12:49:40 |  train   | step=3817, pmove=0.53, energy=-47.2331+0.0007j
I | 06-14 12:49:41 |  train   | step=3818, pmove=0.53, energy=-47.1886+0.0052j
I | 06-14 12:49:41 |  train   | step=3819, pmove=0.53, energy=-47.2224-0.0050j
I | 06-14 12:49:42 |  train   | step=3820, pmove=0.53, energy=-47.2070-0.0027j
I | 06-14 12:49:43 |  train   | step=3821, pmove=0.52, energy=-47.2304+0.0070j
I | 06-14 12:49:43 |  train   | step=3822, pmove=0.53, energy=-47.2059-0.0024j
I | 06-14 12:49:44 |  train   | step=3823, pmove=0.52, energy=-47.2075+0.0052j
I | 06-14 12:49:44 |  train   | step=3824, pmove=0.53, energy=-47.2098+0.0020j
I | 06-14 12:49:45 |  train   | step=3825, pmove=0.52, energy=-47.1788+0.0080j
I | 06-14 12:49:46 |  train   | step=3826, pmove=0.53, energy=-47.2108-0.0034j
I | 06-14 12:49:46 |  train   | step=3827, pmove=0.53, energy=-47.2099+0.0112j
I | 06-14 12:49:47 |  train   | step=3828, pmove=0.53, energy=-47.2233+0.0022j
I | 06-14 12:49:48 |  train   | step=3829, pmove=0.53, energy=-47.2350+0.0009j
I | 06-14 12:49:48 |  train   | step=3830, pmove=0.53, energy=-47.2083-0.0013j
I | 06-14 12:49:49 |  train   | step=3831, pmove=0.52, energy=-47.2171-0.0066j
I | 06-14 12:49:50 |  train   | step=3832, pmove=0.53, energy=-47.1897-0.0007j
I | 06-14 12:49:50 |  train   | step=3833, pmove=0.52, energy=-47.2029-0.0012j
I | 06-14 12:49:51 |  train   | step=3834, pmove=0.52, energy=-47.2224+0.0035j
I | 06-14 12:49:51 |  train   | step=3835, pmove=0.53, energy=-47.2132-0.0007j
I | 06-14 12:49:52 |  train   | step=3836, pmove=0.52, energy=-47.2375+0.0011j
I | 06-14 12:49:53 |  train   | step=3837, pmove=0.52, energy=-47.1818+0.0004j
I | 06-14 12:49:53 |  train   | step=3838, pmove=0.52, energy=-47.2295+0.0025j
I | 06-14 12:49:54 |  train   | step=3839, pmove=0.52, energy=-47.2420+0.0017j
I | 06-14 12:49:55 |  train   | step=3840, pmove=0.53, energy=-47.2264+0.0005j
I | 06-14 12:49:55 |  train   | step=3841, pmove=0.53, energy=-47.2027+0.0028j
I | 06-14 12:49:56 |  train   | step=3842, pmove=0.53, energy=-47.2179+0.0044j
I | 06-14 12:49:57 |  train   | step=3843, pmove=0.53, energy=-47.2058+0.0017j
I | 06-14 12:49:57 |  train   | step=3844, pmove=0.53, energy=-47.2046+0.0046j
I | 06-14 12:49:58 |  train   | step=3845, pmove=0.53, energy=-47.2144+0.0075j
I | 06-14 12:49:58 |  train   | step=3846, pmove=0.53, energy=-47.2348+0.0019j
I | 06-14 12:49:59 |  train   | step=3847, pmove=0.53, energy=-47.2061+0.0013j
I | 06-14 12:50:00 |  train   | step=3848, pmove=0.52, energy=-47.2236-0.0050j
I | 06-14 12:50:00 |  train   | step=3849, pmove=0.53, energy=-47.1617-0.0034j
I | 06-14 12:50:01 |  train   | step=3850, pmove=0.52, energy=-47.2075+0.0050j
I | 06-14 12:50:02 |  train   | step=3851, pmove=0.53, energy=-47.2069-0.0007j
I | 06-14 12:50:02 |  train   | step=3852, pmove=0.53, energy=-47.2235-0.0019j
I | 06-14 12:50:03 |  train   | step=3853, pmove=0.53, energy=-47.2002-0.0088j
I | 06-14 12:50:04 |  train   | step=3854, pmove=0.53, energy=-47.2136+0.0016j
I | 06-14 12:50:04 |  train   | step=3855, pmove=0.53, energy=-47.2074-0.0000j
I | 06-14 12:50:05 |  train   | step=3856, pmove=0.53, energy=-47.2101-0.0047j
I | 06-14 12:50:05 |  train   | step=3857, pmove=0.53, energy=-47.2054-0.0017j
I | 06-14 12:50:06 |  train   | step=3858, pmove=0.52, energy=-47.2133-0.0026j
I | 06-14 12:50:07 |  train   | step=3859, pmove=0.53, energy=-47.2249-0.0020j
I | 06-14 12:50:07 |  train   | step=3860, pmove=0.53, energy=-47.2128-0.0010j
I | 06-14 12:50:08 |  train   | step=3861, pmove=0.53, energy=-47.2073-0.0018j
I | 06-14 12:50:09 |  train   | step=3862, pmove=0.53, energy=-47.2282+0.0029j
I | 06-14 12:50:09 |  train   | step=3863, pmove=0.53, energy=-47.2055+0.0024j
I | 06-14 12:50:10 |  train   | step=3864, pmove=0.53, energy=-47.2160-0.0043j
I | 06-14 12:50:11 |  train   | step=3865, pmove=0.53, energy=-47.2013-0.0001j
I | 06-14 12:50:11 |  train   | step=3866, pmove=0.53, energy=-47.1784+0.0013j
I | 06-14 12:50:12 |  train   | step=3867, pmove=0.53, energy=-47.1861-0.0068j
I | 06-14 12:50:12 |  train   | step=3868, pmove=0.53, energy=-47.2158-0.0021j
I | 06-14 12:50:13 |  train   | step=3869, pmove=0.53, energy=-47.1929+0.0035j
I | 06-14 12:50:14 |  train   | step=3870, pmove=0.52, energy=-47.1936+0.0026j
I | 06-14 12:50:14 |  train   | step=3871, pmove=0.53, energy=-47.2344+0.0044j
I | 06-14 12:50:15 |  train   | step=3872, pmove=0.52, energy=-47.2182-0.0040j
I | 06-14 12:50:16 |  train   | step=3873, pmove=0.53, energy=-47.2236-0.0011j
I | 06-14 12:50:16 |  train   | step=3874, pmove=0.53, energy=-47.1996+0.0024j
I | 06-14 12:50:17 |  train   | step=3875, pmove=0.53, energy=-47.2154+0.0040j
I | 06-14 12:50:18 |  train   | step=3876, pmove=0.53, energy=-47.2107+0.0006j
I | 06-14 12:50:18 |  train   | step=3877, pmove=0.53, energy=-47.2132+0.0024j
I | 06-14 12:50:19 |  train   | step=3878, pmove=0.53, energy=-47.2071-0.0076j
I | 06-14 12:50:19 |  train   | step=3879, pmove=0.53, energy=-47.2018-0.0016j
I | 06-14 12:50:20 |  train   | step=3880, pmove=0.53, energy=-47.1977+0.0015j
I | 06-14 12:50:21 |  train   | step=3881, pmove=0.53, energy=-47.2009-0.0021j
I | 06-14 12:50:21 |  train   | step=3882, pmove=0.53, energy=-47.2089+0.0020j
I | 06-14 12:50:22 |  train   | step=3883, pmove=0.53, energy=-47.2084+0.0019j
I | 06-14 12:50:23 |  train   | step=3884, pmove=0.53, energy=-47.2319+0.0054j
I | 06-14 12:50:23 |  train   | step=3885, pmove=0.53, energy=-47.1918+0.0055j
I | 06-14 12:50:24 |  train   | step=3886, pmove=0.52, energy=-47.1946-0.0003j
I | 06-14 12:50:24 |  train   | step=3887, pmove=0.53, energy=-47.2378+0.0052j
I | 06-14 12:50:25 |  train   | step=3888, pmove=0.53, energy=-47.2339-0.0014j
I | 06-14 12:50:26 |  train   | step=3889, pmove=0.53, energy=-47.1985-0.0013j
I | 06-14 12:50:26 |  train   | step=3890, pmove=0.53, energy=-47.2284-0.0049j
I | 06-14 12:50:27 |  train   | step=3891, pmove=0.53, energy=-47.1741+0.0016j
I | 06-14 12:50:28 |  train   | step=3892, pmove=0.53, energy=-47.2460+0.0003j
I | 06-14 12:50:28 |  train   | step=3893, pmove=0.53, energy=-47.2306-0.0007j
I | 06-14 12:50:29 |  train   | step=3894, pmove=0.52, energy=-47.2397-0.0076j
I | 06-14 12:50:30 |  train   | step=3895, pmove=0.53, energy=-47.2349-0.0072j
I | 06-14 12:50:30 |  train   | step=3896, pmove=0.52, energy=-47.2337-0.0024j
I | 06-14 12:50:31 |  train   | step=3897, pmove=0.53, energy=-47.2245+0.0020j
I | 06-14 12:50:31 |  train   | step=3898, pmove=0.52, energy=-47.2181+0.0054j
I | 06-14 12:50:32 |  train   | step=3899, pmove=0.53, energy=-47.2230+0.0020j
I | 06-14 12:50:33 |  train   | step=3900, pmove=0.52, energy=-47.2245-0.0003j
I | 06-14 12:50:33 |  train   | step=3901, pmove=0.53, energy=-47.2184-0.0014j
I | 06-14 12:50:34 |  train   | step=3902, pmove=0.52, energy=-47.2400+0.0012j
I | 06-14 12:50:35 |  train   | step=3903, pmove=0.52, energy=-47.2469+0.0013j
I | 06-14 12:50:35 |  train   | step=3904, pmove=0.53, energy=-47.2309-0.0002j
I | 06-14 12:50:36 |  train   | step=3905, pmove=0.53, energy=-47.2077+0.0074j
I | 06-14 12:50:37 |  train   | step=3906, pmove=0.53, energy=-47.2076+0.0017j
I | 06-14 12:50:37 |  train   | step=3907, pmove=0.53, energy=-47.2274+0.0026j
I | 06-14 12:50:38 |  train   | step=3908, pmove=0.53, energy=-47.2183+0.0003j
I | 06-14 12:50:38 |  train   | step=3909, pmove=0.53, energy=-47.2216-0.0008j
I | 06-14 12:50:39 |  train   | step=3910, pmove=0.53, energy=-47.2440+0.0007j
I | 06-14 12:50:40 |  train   | step=3911, pmove=0.53, energy=-47.2153+0.0019j
I | 06-14 12:50:40 |  train   | step=3912, pmove=0.53, energy=-47.2007+0.0031j
I | 06-14 12:50:41 |  train   | step=3913, pmove=0.52, energy=-47.1936+0.0050j
I | 06-14 12:50:42 |  train   | step=3914, pmove=0.52, energy=-47.2093+0.0019j
I | 06-14 12:50:42 |  train   | step=3915, pmove=0.53, energy=-47.2383-0.0044j
I | 06-14 12:50:43 |  train   | step=3916, pmove=0.53, energy=-47.2118+0.0013j
I | 06-14 12:50:44 |  train   | step=3917, pmove=0.53, energy=-47.2076-0.0029j
I | 06-14 12:50:44 |  train   | step=3918, pmove=0.53, energy=-47.2128-0.0024j
I | 06-14 12:50:45 |  train   | step=3919, pmove=0.53, energy=-47.2268-0.0007j
I | 06-14 12:50:45 |  train   | step=3920, pmove=0.53, energy=-47.1993-0.0015j
I | 06-14 12:50:46 |  train   | step=3921, pmove=0.53, energy=-47.1999-0.0032j
I | 06-14 12:50:47 |  train   | step=3922, pmove=0.53, energy=-47.2148+0.0051j
I | 06-14 12:50:47 |  train   | step=3923, pmove=0.53, energy=-47.2276-0.0022j
I | 06-14 12:50:48 |  train   | step=3924, pmove=0.53, energy=-47.2053+0.0071j
I | 06-14 12:50:49 |  train   | step=3925, pmove=0.53, energy=-47.2083-0.0038j
I | 06-14 12:50:49 |  train   | step=3926, pmove=0.53, energy=-47.2271-0.0028j
I | 06-14 12:50:50 |  train   | step=3927, pmove=0.53, energy=-47.2185+0.0016j
I | 06-14 12:50:51 |  train   | step=3928, pmove=0.52, energy=-47.2139+0.0045j
I | 06-14 12:50:51 |  train   | step=3929, pmove=0.53, energy=-47.2080-0.0007j
I | 06-14 12:50:52 |  train   | step=3930, pmove=0.53, energy=-47.2282+0.0027j
I | 06-14 12:50:52 |  train   | step=3931, pmove=0.53, energy=-47.2306-0.0087j
I | 06-14 12:50:53 |  train   | step=3932, pmove=0.53, energy=-47.2320+0.0009j
I | 06-14 12:50:54 |  train   | step=3933, pmove=0.53, energy=-47.2008+0.0026j
I | 06-14 12:50:54 |  train   | step=3934, pmove=0.53, energy=-47.2040-0.0053j
I | 06-14 12:50:55 |  train   | step=3935, pmove=0.53, energy=-47.2196-0.0015j
I | 06-14 12:50:56 |  train   | step=3936, pmove=0.53, energy=-47.2195-0.0027j
I | 06-14 12:50:56 |  train   | step=3937, pmove=0.53, energy=-47.2491+0.0033j
I | 06-14 12:50:57 |  train   | step=3938, pmove=0.53, energy=-47.2422-0.0074j
I | 06-14 12:50:58 |  train   | step=3939, pmove=0.53, energy=-47.1995+0.0031j
I | 06-14 12:50:58 |  train   | step=3940, pmove=0.52, energy=-47.2531-0.0031j
I | 06-14 12:50:59 |  train   | step=3941, pmove=0.53, energy=-47.1910+0.0012j
I | 06-14 12:50:59 |  train   | step=3942, pmove=0.53, energy=-47.2171+0.0003j
I | 06-14 12:51:00 |  train   | step=3943, pmove=0.53, energy=-47.2025-0.0020j
I | 06-14 12:51:01 |  train   | step=3944, pmove=0.53, energy=-47.2319-0.0033j
I | 06-14 12:51:01 |  train   | step=3945, pmove=0.53, energy=-47.2162-0.0023j
I | 06-14 12:51:02 |  train   | step=3946, pmove=0.53, energy=-47.1840+0.0003j
I | 06-14 12:51:03 |  train   | step=3947, pmove=0.53, energy=-47.2163+0.0002j
I | 06-14 12:51:03 |  train   | step=3948, pmove=0.53, energy=-47.2297-0.0011j
I | 06-14 12:51:04 |  train   | step=3949, pmove=0.52, energy=-47.1962+0.0027j
I | 06-14 12:51:04 |  train   | step=3950, pmove=0.52, energy=-47.1787+0.0053j
I | 06-14 12:51:05 |  train   | step=3951, pmove=0.53, energy=-47.2360-0.0000j
I | 06-14 12:51:06 |  train   | step=3952, pmove=0.53, energy=-47.2195+0.0008j
I | 06-14 12:51:06 |  train   | step=3953, pmove=0.53, energy=-47.2339+0.0012j
I | 06-14 12:51:07 |  train   | step=3954, pmove=0.52, energy=-47.2288-0.0042j
I | 06-14 12:51:08 |  train   | step=3955, pmove=0.53, energy=-47.2083+0.0045j
I | 06-14 12:51:08 |  train   | step=3956, pmove=0.53, energy=-47.2179-0.0015j
I | 06-14 12:51:09 |  train   | step=3957, pmove=0.53, energy=-47.2133+0.0003j
I | 06-14 12:51:10 |  train   | step=3958, pmove=0.53, energy=-47.2180+0.0074j
I | 06-14 12:51:10 |  train   | step=3959, pmove=0.53, energy=-47.1907-0.0002j
I | 06-14 12:51:11 |  train   | step=3960, pmove=0.52, energy=-47.2115-0.0006j
I | 06-14 12:51:11 |  train   | step=3961, pmove=0.53, energy=-47.2098-0.0023j
I | 06-14 12:51:12 |  train   | step=3962, pmove=0.53, energy=-47.2113+0.0003j
I | 06-14 12:51:13 |  train   | step=3963, pmove=0.52, energy=-47.2163-0.0004j
I | 06-14 12:51:13 |  train   | step=3964, pmove=0.53, energy=-47.2303+0.0030j
I | 06-14 12:51:14 |  train   | step=3965, pmove=0.53, energy=-47.2040-0.0016j
I | 06-14 12:51:15 |  train   | step=3966, pmove=0.53, energy=-47.2249-0.0053j
I | 06-14 12:51:15 |  train   | step=3967, pmove=0.53, energy=-47.2357+0.0015j
I | 06-14 12:51:16 |  train   | step=3968, pmove=0.53, energy=-47.1987+0.0002j
I | 06-14 12:51:17 |  train   | step=3969, pmove=0.53, energy=-47.2218-0.0098j
I | 06-14 12:51:17 |  train   | step=3970, pmove=0.53, energy=-47.2312-0.0008j
I | 06-14 12:51:18 |  train   | step=3971, pmove=0.53, energy=-47.2151+0.0008j
I | 06-14 12:51:18 |  train   | step=3972, pmove=0.53, energy=-47.2365+0.0051j
I | 06-14 12:51:19 |  train   | step=3973, pmove=0.53, energy=-47.2211+0.0007j
I | 06-14 12:51:20 |  train   | step=3974, pmove=0.53, energy=-47.2496-0.0072j
I | 06-14 12:51:20 |  train   | step=3975, pmove=0.53, energy=-47.2429+0.0007j
I | 06-14 12:51:21 |  train   | step=3976, pmove=0.53, energy=-47.1899+0.0029j
I | 06-14 12:51:22 |  train   | step=3977, pmove=0.53, energy=-47.2391-0.0004j
I | 06-14 12:51:22 |  train   | step=3978, pmove=0.53, energy=-47.2150+0.0013j
I | 06-14 12:51:23 |  train   | step=3979, pmove=0.53, energy=-47.2477+0.0001j
I | 06-14 12:51:24 |  train   | step=3980, pmove=0.53, energy=-47.1936-0.0102j
I | 06-14 12:51:24 |  train   | step=3981, pmove=0.53, energy=-47.1912+0.0005j
I | 06-14 12:51:25 |  train   | step=3982, pmove=0.53, energy=-47.2478-0.0039j
I | 06-14 12:51:25 |  train   | step=3983, pmove=0.53, energy=-47.1943+0.0002j
I | 06-14 12:51:26 |  train   | step=3984, pmove=0.53, energy=-47.1991-0.0007j
I | 06-14 12:51:27 |  train   | step=3985, pmove=0.53, energy=-47.1963-0.0010j
I | 06-14 12:51:27 |  train   | step=3986, pmove=0.53, energy=-47.2045-0.0014j
I | 06-14 12:51:28 |  train   | step=3987, pmove=0.53, energy=-47.2124+0.0016j
I | 06-14 12:51:29 |  train   | step=3988, pmove=0.53, energy=-47.2388-0.0008j
I | 06-14 12:51:29 |  train   | step=3989, pmove=0.53, energy=-47.2029+0.0015j
I | 06-14 12:51:30 |  train   | step=3990, pmove=0.53, energy=-47.2645+0.0011j
I | 06-14 12:51:31 |  train   | step=3991, pmove=0.53, energy=-47.2006+0.0005j
I | 06-14 12:51:31 |  train   | step=3992, pmove=0.53, energy=-47.2373+0.0051j
I | 06-14 12:51:32 |  train   | step=3993, pmove=0.53, energy=-47.2225-0.0008j
I | 06-14 12:51:32 |  train   | step=3994, pmove=0.52, energy=-47.2131-0.0005j
I | 06-14 12:51:33 |  train   | step=3995, pmove=0.52, energy=-47.2168+0.0010j
I | 06-14 12:51:34 |  train   | step=3996, pmove=0.53, energy=-47.2094-0.0056j
I | 06-14 12:51:34 |  train   | step=3997, pmove=0.53, energy=-47.2258-0.0045j
I | 06-14 12:51:35 |  train   | step=3998, pmove=0.53, energy=-47.2335-0.0041j
I | 06-14 12:51:36 |  train   | step=3999, pmove=0.53, energy=-47.1685-0.0060j
I | 06-14 12:51:36 |checkpoint| Saving checkpoint /rds/user/jc2405/hpc-work/JaQMC/jaqmc/runs/sc_h_chain_3.78_spin_6_6/train_ckpt_003999.npz
I | 06-14 12:51:37 |  train   | step=4000, pmove=0.53, energy=-47.2109+0.0026j
I | 06-14 12:51:38 |  train   | step=4001, pmove=0.53, energy=-47.2169+0.0051j
I | 06-14 12:51:38 |  train   | step=4002, pmove=0.52, energy=-47.2340-0.0024j
I | 06-14 12:51:39 |  train   | step=4003, pmove=0.53, energy=-47.2052+0.0008j
I | 06-14 12:51:39 |  train   | step=4004, pmove=0.53, energy=-47.2248-0.0078j
I | 06-14 12:51:40 |  train   | step=4005, pmove=0.53, energy=-47.2273-0.0016j
I | 06-14 12:51:41 |  train   | step=4006, pmove=0.53, energy=-47.2262-0.0033j
I | 06-14 12:51:41 |  train   | step=4007, pmove=0.53, energy=-47.2504+0.0017j
I | 06-14 12:51:42 |  train   | step=4008, pmove=0.52, energy=-47.2484-0.0032j
I | 06-14 12:51:43 |  train   | step=4009, pmove=0.53, energy=-47.2293+0.0018j
I | 06-14 12:51:43 |  train   | step=4010, pmove=0.53, energy=-47.2345-0.0048j
I | 06-14 12:51:44 |  train   | step=4011, pmove=0.53, energy=-47.2663+0.0010j
I | 06-14 12:51:45 |  train   | step=4012, pmove=0.52, energy=-47.2135+0.0044j
I | 06-14 12:51:45 |  train   | step=4013, pmove=0.53, energy=-47.2209+0.0019j
I | 06-14 12:51:46 |  train   | step=4014, pmove=0.52, energy=-47.1974-0.0041j
I | 06-14 12:51:46 |  train   | step=4015, pmove=0.52, energy=-47.2270+0.0022j
I | 06-14 12:51:47 |  train   | step=4016, pmove=0.53, energy=-47.2211+0.0062j
I | 06-14 12:51:48 |  train   | step=4017, pmove=0.53, energy=-47.2007-0.0031j
I | 06-14 12:51:48 |  train   | step=4018, pmove=0.52, energy=-47.2181+0.0023j
I | 06-14 12:51:49 |  train   | step=4019, pmove=0.53, energy=-47.2253-0.0033j
I | 06-14 12:51:50 |  train   | step=4020, pmove=0.53, energy=-47.2192-0.0025j
I | 06-14 12:51:50 |  train   | step=4021, pmove=0.53, energy=-47.2332+0.0054j
I | 06-14 12:51:51 |  train   | step=4022, pmove=0.52, energy=-47.2060+0.0007j
I | 06-14 12:51:52 |  train   | step=4023, pmove=0.53, energy=-47.2071+0.0031j
I | 06-14 12:51:52 |  train   | step=4024, pmove=0.53, energy=-47.2300-0.0028j
I | 06-14 12:51:53 |  train   | step=4025, pmove=0.53, energy=-47.2277-0.0066j
I | 06-14 12:51:53 |  train   | step=4026, pmove=0.53, energy=-47.2458-0.0000j
I | 06-14 12:51:54 |  train   | step=4027, pmove=0.52, energy=-47.2191-0.0023j
I | 06-14 12:51:55 |  train   | step=4028, pmove=0.53, energy=-47.2269-0.0043j
I | 06-14 12:51:55 |  train   | step=4029, pmove=0.52, energy=-47.2601-0.0018j
I | 06-14 12:51:56 |  train   | step=4030, pmove=0.53, energy=-47.2211+0.0030j
I | 06-14 12:51:57 |  train   | step=4031, pmove=0.53, energy=-47.2153+0.0019j
I | 06-14 12:51:57 |  train   | step=4032, pmove=0.53, energy=-47.2036-0.0010j
I | 06-14 12:51:58 |  train   | step=4033, pmove=0.52, energy=-47.2071-0.0011j
I | 06-14 12:51:59 |  train   | step=4034, pmove=0.53, energy=-47.2218-0.0050j
I | 06-14 12:51:59 |  train   | step=4035, pmove=0.53, energy=-47.2067-0.0007j
I | 06-14 12:52:00 |  train   | step=4036, pmove=0.52, energy=-47.2200+0.0001j
I | 06-14 12:52:00 |  train   | step=4037, pmove=0.53, energy=-47.2074-0.0010j
I | 06-14 12:52:01 |  train   | step=4038, pmove=0.53, energy=-47.1987-0.0029j
I | 06-14 12:52:02 |  train   | step=4039, pmove=0.53, energy=-47.1999+0.0003j
I | 06-14 12:52:02 |  train   | step=4040, pmove=0.53, energy=-47.2115-0.0012j
I | 06-14 12:52:03 |  train   | step=4041, pmove=0.53, energy=-47.2240+0.0050j
I | 06-14 12:52:04 |  train   | step=4042, pmove=0.53, energy=-47.2330-0.0021j
I | 06-14 12:52:04 |  train   | step=4043, pmove=0.53, energy=-47.1917-0.0024j
I | 06-14 12:52:05 |  train   | step=4044, pmove=0.53, energy=-47.2179+0.0035j
I | 06-14 12:52:06 |  train   | step=4045, pmove=0.53, energy=-47.2082-0.0023j
I | 06-14 12:52:06 |  train   | step=4046, pmove=0.52, energy=-47.2315+0.0072j
I | 06-14 12:52:07 |  train   | step=4047, pmove=0.53, energy=-47.1623+0.0033j
I | 06-14 12:52:07 |  train   | step=4048, pmove=0.53, energy=-47.2223+0.0022j
I | 06-14 12:52:08 |  train   | step=4049, pmove=0.53, energy=-47.1949-0.0049j
I | 06-14 12:52:09 |  train   | step=4050, pmove=0.53, energy=-47.2314-0.0007j
I | 06-14 12:52:09 |  train   | step=4051, pmove=0.53, energy=-47.2437-0.0061j
I | 06-14 12:52:10 |  train   | step=4052, pmove=0.52, energy=-47.1917-0.0044j
I | 06-14 12:52:11 |  train   | step=4053, pmove=0.53, energy=-47.2172+0.0036j
I | 06-14 12:52:11 |  train   | step=4054, pmove=0.53, energy=-47.2415+0.0014j
I | 06-14 12:52:12 |  train   | step=4055, pmove=0.53, energy=-47.2331+0.0015j
I | 06-14 12:52:12 |  train   | step=4056, pmove=0.53, energy=-47.1819+0.0016j
I | 06-14 12:52:13 |  train   | step=4057, pmove=0.52, energy=-47.2234+0.0009j
I | 06-14 12:52:14 |  train   | step=4058, pmove=0.53, energy=-47.2165-0.0024j
I | 06-14 12:52:14 |  train   | step=4059, pmove=0.53, energy=-47.1981-0.0032j
I | 06-14 12:52:15 |  train   | step=4060, pmove=0.52, energy=-47.2317-0.0009j
I | 06-14 12:52:16 |  train   | step=4061, pmove=0.53, energy=-47.2361+0.0002j
I | 06-14 12:52:16 |  train   | step=4062, pmove=0.53, energy=-47.2168-0.0018j
I | 06-14 12:52:17 |  train   | step=4063, pmove=0.53, energy=-47.2058-0.0020j
I | 06-14 12:52:18 |  train   | step=4064, pmove=0.52, energy=-47.2145+0.0001j
I | 06-14 12:52:18 |  train   | step=4065, pmove=0.53, energy=-47.1941-0.0054j
I | 06-14 12:52:19 |  train   | step=4066, pmove=0.52, energy=-47.2159+0.0007j
I | 06-14 12:52:19 |  train   | step=4067, pmove=0.52, energy=-47.2082-0.0004j
I | 06-14 12:52:20 |  train   | step=4068, pmove=0.52, energy=-47.2229+0.0016j
I | 06-14 12:52:21 |  train   | step=4069, pmove=0.53, energy=-47.2453-0.0021j
I | 06-14 12:52:21 |  train   | step=4070, pmove=0.53, energy=-47.2154-0.0013j
I | 06-14 12:52:22 |  train   | step=4071, pmove=0.53, energy=-47.1922+0.0012j
I | 06-14 12:52:23 |  train   | step=4072, pmove=0.53, energy=-47.2178+0.0015j
I | 06-14 12:52:23 |  train   | step=4073, pmove=0.53, energy=-47.2079+0.0020j
I | 06-14 12:52:24 |  train   | step=4074, pmove=0.53, energy=-47.2182+0.0011j
I | 06-14 12:52:25 |  train   | step=4075, pmove=0.53, energy=-47.2003+0.0048j
I | 06-14 12:52:25 |  train   | step=4076, pmove=0.52, energy=-47.1990-0.0008j
I | 06-14 12:52:26 |  train   | step=4077, pmove=0.53, energy=-47.2114-0.0021j
I | 06-14 12:52:26 |  train   | step=4078, pmove=0.52, energy=-47.2215-0.0003j
I | 06-14 12:52:27 |  train   | step=4079, pmove=0.53, energy=-47.2004-0.0035j
I | 06-14 12:52:28 |  train   | step=4080, pmove=0.52, energy=-47.2605+0.0021j
I | 06-14 12:52:28 |  train   | step=4081, pmove=0.53, energy=-47.2192+0.0004j
I | 06-14 12:52:29 |  train   | step=4082, pmove=0.52, energy=-47.2429+0.0004j
I | 06-14 12:52:30 |  train   | step=4083, pmove=0.53, energy=-47.2408+0.0009j
I | 06-14 12:52:30 |  train   | step=4084, pmove=0.53, energy=-47.2359+0.0020j
I | 06-14 12:52:31 |  train   | step=4085, pmove=0.53, energy=-47.2171+0.0023j
I | 06-14 12:52:32 |  train   | step=4086, pmove=0.53, energy=-47.2644+0.0022j
I | 06-14 12:52:32 |  train   | step=4087, pmove=0.53, energy=-47.2192+0.0028j
I | 06-14 12:52:33 |  train   | step=4088, pmove=0.53, energy=-47.2361+0.0017j
I | 06-14 12:52:33 |  train   | step=4089, pmove=0.53, energy=-47.2298+0.0052j
I | 06-14 12:52:34 |  train   | step=4090, pmove=0.53, energy=-47.2188+0.0024j
I | 06-14 12:52:35 |  train   | step=4091, pmove=0.53, energy=-47.2218-0.0037j
I | 06-14 12:52:35 |  train   | step=4092, pmove=0.52, energy=-47.2240-0.0005j
I | 06-14 12:52:36 |  train   | step=4093, pmove=0.53, energy=-47.2112+0.0017j
I | 06-14 12:52:37 |  train   | step=4094, pmove=0.52, energy=-47.2183+0.0026j
I | 06-14 12:52:37 |  train   | step=4095, pmove=0.53, energy=-47.2054-0.0021j
I | 06-14 12:52:38 |  train   | step=4096, pmove=0.52, energy=-47.2206-0.0008j
I | 06-14 12:52:39 |  train   | step=4097, pmove=0.52, energy=-47.2253+0.0049j
I | 06-14 12:52:39 |  train   | step=4098, pmove=0.53, energy=-47.2334-0.0022j
I | 06-14 12:52:40 |  train   | step=4099, pmove=0.53, energy=-47.2302+0.0017j
I | 06-14 12:52:40 |  train   | step=4100, pmove=0.52, energy=-47.2605+0.0090j
I | 06-14 12:52:41 |  train   | step=4101, pmove=0.53, energy=-47.2233+0.0034j
I | 06-14 12:52:42 |  train   | step=4102, pmove=0.53, energy=-47.2378+0.0031j
I | 06-14 12:52:42 |  train   | step=4103, pmove=0.53, energy=-47.2263+0.0030j
I | 06-14 12:52:43 |  train   | step=4104, pmove=0.53, energy=-47.2159+0.0023j
I | 06-14 12:52:44 |  train   | step=4105, pmove=0.53, energy=-47.2205+0.0014j
I | 06-14 12:52:44 |  train   | step=4106, pmove=0.52, energy=-47.2305+0.0014j
I | 06-14 12:52:45 |  train   | step=4107, pmove=0.53, energy=-47.2042+0.0024j
I | 06-14 12:52:46 |  train   | step=4108, pmove=0.53, energy=-47.2060+0.0029j
I | 06-14 12:52:46 |  train   | step=4109, pmove=0.53, energy=-47.2291-0.0009j
I | 06-14 12:52:47 |  train   | step=4110, pmove=0.53, energy=-47.2173-0.0050j
I | 06-14 12:52:47 |  train   | step=4111, pmove=0.53, energy=-47.1828+0.0002j
I | 06-14 12:52:48 |  train   | step=4112, pmove=0.53, energy=-47.2295+0.0039j
I | 06-14 12:52:49 |  train   | step=4113, pmove=0.53, energy=-47.2141+0.0020j
I | 06-14 12:52:49 |  train   | step=4114, pmove=0.52, energy=-47.2250-0.0038j
I | 06-14 12:52:50 |  train   | step=4115, pmove=0.53, energy=-47.1433+0.0060j
I | 06-14 12:52:51 |  train   | step=4116, pmove=0.53, energy=-47.1866-0.0058j
I | 06-14 12:52:51 |  train   | step=4117, pmove=0.53, energy=-47.1939+0.0026j
I | 06-14 12:52:52 |  train   | step=4118, pmove=0.52, energy=-47.2047+0.0004j
I | 06-14 12:52:52 |  train   | step=4119, pmove=0.53, energy=-47.2221-0.0055j
I | 06-14 12:52:53 |  train   | step=4120, pmove=0.54, energy=-47.1780+0.0009j
I | 06-14 12:52:54 |  train   | step=4121, pmove=0.52, energy=-47.2158+0.0027j
I | 06-14 12:52:54 |  train   | step=4122, pmove=0.53, energy=-47.1940+0.0011j
I | 06-14 12:52:55 |  train   | step=4123, pmove=0.52, energy=-47.2456-0.0015j
I | 06-14 12:52:56 |  train   | step=4124, pmove=0.53, energy=-47.2048-0.0068j
I | 06-14 12:52:56 |  train   | step=4125, pmove=0.52, energy=-47.1404-0.0043j
I | 06-14 12:52:57 |  train   | step=4126, pmove=0.53, energy=-47.2236+0.0001j
I | 06-14 12:52:58 |  train   | step=4127, pmove=0.53, energy=-47.2225+0.0061j
I | 06-14 12:52:58 |  train   | step=4128, pmove=0.53, energy=-47.2264-0.0018j
I | 06-14 12:52:59 |  train   | step=4129, pmove=0.53, energy=-47.2034+0.0057j
I | 06-14 12:52:59 |  train   | step=4130, pmove=0.53, energy=-47.2069-0.0054j
I | 06-14 12:53:00 |  train   | step=4131, pmove=0.53, energy=-47.1919+0.0017j
I | 06-14 12:53:01 |  train   | step=4132, pmove=0.53, energy=-47.2187+0.0001j
I | 06-14 12:53:01 |  train   | step=4133, pmove=0.52, energy=-47.2157+0.0006j
I | 06-14 12:53:02 |  train   | step=4134, pmove=0.53, energy=-47.2233-0.0023j
I | 06-14 12:53:03 |  train   | step=4135, pmove=0.53, energy=-47.2216-0.0003j
I | 06-14 12:53:03 |  train   | step=4136, pmove=0.53, energy=-47.2223+0.0013j
I | 06-14 12:53:04 |  train   | step=4137, pmove=0.53, energy=-47.2262-0.0048j
I | 06-14 12:53:05 |  train   | step=4138, pmove=0.53, energy=-47.2112-0.0004j
I | 06-14 12:53:05 |  train   | step=4139, pmove=0.53, energy=-47.2354-0.0018j
I | 06-14 12:53:06 |  train   | step=4140, pmove=0.52, energy=-47.2205-0.0008j
I | 06-14 12:53:06 |  train   | step=4141, pmove=0.53, energy=-47.2223+0.0028j
I | 06-14 12:53:07 |  train   | step=4142, pmove=0.52, energy=-47.2257+0.0002j
I | 06-14 12:53:08 |  train   | step=4143, pmove=0.53, energy=-47.2040-0.0029j
I | 06-14 12:53:08 |  train   | step=4144, pmove=0.53, energy=-47.2349-0.0023j
I | 06-14 12:53:09 |  train   | step=4145, pmove=0.52, energy=-47.2123-0.0049j
I | 06-14 12:53:10 |  train   | step=4146, pmove=0.53, energy=-47.2146-0.0021j
I | 06-14 12:53:10 |  train   | step=4147, pmove=0.52, energy=-47.2063-0.0027j
I | 06-14 12:53:11 |  train   | step=4148, pmove=0.53, energy=-47.2415-0.0012j
I | 06-14 12:53:12 |  train   | step=4149, pmove=0.53, energy=-47.2336+0.0031j
I | 06-14 12:53:12 |  train   | step=4150, pmove=0.53, energy=-47.2056-0.0020j
I | 06-14 12:53:13 |  train   | step=4151, pmove=0.53, energy=-47.2024-0.0050j
I | 06-14 12:53:13 |  train   | step=4152, pmove=0.53, energy=-47.1996+0.0030j
I | 06-14 12:53:14 |  train   | step=4153, pmove=0.53, energy=-47.2166-0.0008j
I | 06-14 12:53:15 |  train   | step=4154, pmove=0.53, energy=-47.2128+0.0005j
I | 06-14 12:53:15 |  train   | step=4155, pmove=0.53, energy=-47.2163-0.0017j
I | 06-14 12:53:16 |  train   | step=4156, pmove=0.53, energy=-47.2222+0.0011j
I | 06-14 12:53:17 |  train   | step=4157, pmove=0.53, energy=-47.2088+0.0008j
I | 06-14 12:53:17 |  train   | step=4158, pmove=0.53, energy=-47.2204-0.0033j
I | 06-14 12:53:18 |  train   | step=4159, pmove=0.53, energy=-47.2090+0.0006j
I | 06-14 12:53:19 |  train   | step=4160, pmove=0.53, energy=-47.2305-0.0027j
I | 06-14 12:53:19 |  train   | step=4161, pmove=0.53, energy=-47.2248+0.0036j
I | 06-14 12:53:20 |  train   | step=4162, pmove=0.53, energy=-47.2327-0.0066j
I | 06-14 12:53:20 |  train   | step=4163, pmove=0.53, energy=-47.2220+0.0036j
I | 06-14 12:53:21 |  train   | step=4164, pmove=0.53, energy=-47.2055+0.0003j
I | 06-14 12:53:22 |  train   | step=4165, pmove=0.52, energy=-47.1954+0.0013j
I | 06-14 12:53:22 |  train   | step=4166, pmove=0.52, energy=-47.2151-0.0027j
I | 06-14 12:53:23 |  train   | step=4167, pmove=0.53, energy=-47.2111+0.0004j
I | 06-14 12:53:24 |  train   | step=4168, pmove=0.53, energy=-47.2495-0.0027j
I | 06-14 12:53:24 |  train   | step=4169, pmove=0.52, energy=-47.2201-0.0028j
I | 06-14 12:53:25 |  train   | step=4170, pmove=0.52, energy=-47.2198+0.0043j
I | 06-14 12:53:26 |  train   | step=4171, pmove=0.53, energy=-47.2166+0.0030j
I | 06-14 12:53:26 |  train   | step=4172, pmove=0.52, energy=-47.2344-0.0002j
I | 06-14 12:53:27 |  train   | step=4173, pmove=0.53, energy=-47.2364+0.0001j
I | 06-14 12:53:27 |  train   | step=4174, pmove=0.52, energy=-47.2178-0.0031j
I | 06-14 12:53:28 |  train   | step=4175, pmove=0.53, energy=-47.2324+0.0019j
I | 06-14 12:53:29 |  train   | step=4176, pmove=0.53, energy=-47.1849+0.0031j
I | 06-14 12:53:29 |  train   | step=4177, pmove=0.53, energy=-47.1947-0.0040j
I | 06-14 12:53:30 |  train   | step=4178, pmove=0.53, energy=-47.3045-0.0042j
I | 06-14 12:53:31 |  train   | step=4179, pmove=0.53, energy=-47.2137+0.0001j
I | 06-14 12:53:31 |  train   | step=4180, pmove=0.53, energy=-47.2151-0.0049j
I | 06-14 12:53:32 |  train   | step=4181, pmove=0.52, energy=-47.2054-0.0005j
I | 06-14 12:53:33 |  train   | step=4182, pmove=0.52, energy=-47.1992+0.0052j
I | 06-14 12:53:33 |  train   | step=4183, pmove=0.53, energy=-47.2593-0.0095j
I | 06-14 12:53:34 |  train   | step=4184, pmove=0.52, energy=-47.2094+0.0059j
I | 06-14 12:53:34 |  train   | step=4185, pmove=0.53, energy=-47.2014-0.0005j
I | 06-14 12:53:35 |  train   | step=4186, pmove=0.53, energy=-47.2446+0.0014j
I | 06-14 12:53:36 |  train   | step=4187, pmove=0.53, energy=-47.2056+0.0036j
I | 06-14 12:53:36 |  train   | step=4188, pmove=0.52, energy=-47.2154-0.0009j
I | 06-14 12:53:37 |  train   | step=4189, pmove=0.53, energy=-47.1847-0.0140j
I | 06-14 12:53:38 |  train   | step=4190, pmove=0.53, energy=-47.1865+0.0019j
I | 06-14 12:53:38 |  train   | step=4191, pmove=0.53, energy=-47.2163+0.0036j
I | 06-14 12:53:39 |  train   | step=4192, pmove=0.52, energy=-47.1845-0.0033j
I | 06-14 12:53:40 |  train   | step=4193, pmove=0.53, energy=-47.1638+0.0020j
I | 06-14 12:53:40 |  train   | step=4194, pmove=0.53, energy=-47.1993+0.0004j
I | 06-14 12:53:41 |  train   | step=4195, pmove=0.53, energy=-47.1854+0.0035j
I | 06-14 12:53:41 |  train   | step=4196, pmove=0.53, energy=-47.1946+0.0030j
I | 06-14 12:53:42 |  train   | step=4197, pmove=0.52, energy=-47.2032-0.0019j
I | 06-14 12:53:43 |  train   | step=4198, pmove=0.53, energy=-47.2103+0.0046j
I | 06-14 12:53:43 |  train   | step=4199, pmove=0.53, energy=-47.2234+0.0007j
I | 06-14 12:53:44 |  train   | step=4200, pmove=0.53, energy=-47.1952+0.0022j
I | 06-14 12:53:45 |  train   | step=4201, pmove=0.53, energy=-47.1958+0.0024j
I | 06-14 12:53:45 |  train   | step=4202, pmove=0.53, energy=-47.2510-0.0013j
I | 06-14 12:53:46 |  train   | step=4203, pmove=0.53, energy=-47.2032-0.0008j
I | 06-14 12:53:47 |  train   | step=4204, pmove=0.52, energy=-47.2295-0.0011j
I | 06-14 12:53:47 |  train   | step=4205, pmove=0.53, energy=-47.2435+0.0044j
I | 06-14 12:53:48 |  train   | step=4206, pmove=0.53, energy=-47.2166+0.0025j
I | 06-14 12:53:48 |  train   | step=4207, pmove=0.53, energy=-47.2179+0.0064j
I | 06-14 12:53:49 |  train   | step=4208, pmove=0.52, energy=-47.2253+0.0017j
I | 06-14 12:53:50 |  train   | step=4209, pmove=0.53, energy=-47.1945+0.0015j
I | 06-14 12:53:50 |  train   | step=4210, pmove=0.53, energy=-47.2192+0.0020j
I | 06-14 12:53:51 |  train   | step=4211, pmove=0.53, energy=-47.2130+0.0006j
I | 06-14 12:53:52 |  train   | step=4212, pmove=0.53, energy=-47.2176-0.0010j
I | 06-14 12:53:52 |  train   | step=4213, pmove=0.53, energy=-47.2252-0.0020j
I | 06-14 12:53:53 |  train   | step=4214, pmove=0.52, energy=-47.2205-0.0043j
I | 06-14 12:53:53 |  train   | step=4215, pmove=0.53, energy=-47.2171-0.0010j
I | 06-14 12:53:54 |  train   | step=4216, pmove=0.53, energy=-47.2154+0.0024j
I | 06-14 12:53:55 |  train   | step=4217, pmove=0.53, energy=-47.2440-0.0012j
I | 06-14 12:53:55 |  train   | step=4218, pmove=0.52, energy=-47.2413+0.0000j
I | 06-14 12:53:56 |  train   | step=4219, pmove=0.53, energy=-47.2084-0.0008j
I | 06-14 12:53:57 |  train   | step=4220, pmove=0.53, energy=-47.2523-0.0002j
I | 06-14 12:53:57 |  train   | step=4221, pmove=0.52, energy=-47.2148-0.0045j
I | 06-14 12:53:58 |  train   | step=4222, pmove=0.52, energy=-47.1453-0.0023j
I | 06-14 12:53:59 |  train   | step=4223, pmove=0.53, energy=-47.1936-0.0029j
I | 06-14 12:53:59 |  train   | step=4224, pmove=0.53, energy=-47.2326-0.0001j
I | 06-14 12:54:00 |  train   | step=4225, pmove=0.53, energy=-47.2111-0.0006j
I | 06-14 12:54:00 |  train   | step=4226, pmove=0.53, energy=-47.2080+0.0045j
I | 06-14 12:54:01 |  train   | step=4227, pmove=0.53, energy=-47.1936-0.0007j
I | 06-14 12:54:02 |  train   | step=4228, pmove=0.53, energy=-47.2475+0.0090j
I | 06-14 12:54:02 |  train   | step=4229, pmove=0.53, energy=-47.2095+0.0028j
I | 06-14 12:54:03 |  train   | step=4230, pmove=0.52, energy=-47.2095-0.0024j
I | 06-14 12:54:04 |  train   | step=4231, pmove=0.53, energy=-47.2082+0.0025j
I | 06-14 12:54:04 |  train   | step=4232, pmove=0.53, energy=-47.2208-0.0001j
I | 06-14 12:54:05 |  train   | step=4233, pmove=0.53, energy=-47.2005-0.0019j
I | 06-14 12:54:06 |  train   | step=4234, pmove=0.53, energy=-47.2299-0.0015j
I | 06-14 12:54:06 |  train   | step=4235, pmove=0.53, energy=-47.2082-0.0010j
I | 06-14 12:54:07 |  train   | step=4236, pmove=0.53, energy=-47.2244-0.0017j
I | 06-14 12:54:07 |  train   | step=4237, pmove=0.53, energy=-47.2269-0.0039j
I | 06-14 12:54:08 |  train   | step=4238, pmove=0.53, energy=-47.2372+0.0007j
I | 06-14 12:54:09 |  train   | step=4239, pmove=0.53, energy=-47.2184+0.0024j
I | 06-14 12:54:09 |  train   | step=4240, pmove=0.53, energy=-47.2592-0.0046j
I | 06-14 12:54:10 |  train   | step=4241, pmove=0.52, energy=-47.2538+0.0004j
I | 06-14 12:54:11 |  train   | step=4242, pmove=0.52, energy=-47.2423+0.0028j
I | 06-14 12:54:11 |  train   | step=4243, pmove=0.53, energy=-47.2035-0.0025j
I | 06-14 12:54:12 |  train   | step=4244, pmove=0.53, energy=-47.1869+0.0039j
I | 06-14 12:54:13 |  train   | step=4245, pmove=0.53, energy=-47.1841+0.0016j
I | 06-14 12:54:13 |  train   | step=4246, pmove=0.53, energy=-47.2308-0.0043j
I | 06-14 12:54:14 |  train   | step=4247, pmove=0.53, energy=-47.2297+0.0002j
I | 06-14 12:54:14 |  train   | step=4248, pmove=0.53, energy=-47.2160-0.0006j
I | 06-14 12:54:15 |  train   | step=4249, pmove=0.53, energy=-47.2025+0.0022j
I | 06-14 12:54:16 |  train   | step=4250, pmove=0.53, energy=-47.2264+0.0026j
I | 06-14 12:54:16 |  train   | step=4251, pmove=0.53, energy=-47.2243-0.0014j
I | 06-14 12:54:17 |  train   | step=4252, pmove=0.52, energy=-47.2323-0.0025j
I | 06-14 12:54:18 |  train   | step=4253, pmove=0.53, energy=-47.1991-0.0001j
I | 06-14 12:54:18 |  train   | step=4254, pmove=0.53, energy=-47.2041+0.0062j
I | 06-14 12:54:19 |  train   | step=4255, pmove=0.53, energy=-47.2414+0.0017j
I | 06-14 12:54:20 |  train   | step=4256, pmove=0.53, energy=-47.1977-0.0014j
I | 06-14 12:54:20 |  train   | step=4257, pmove=0.53, energy=-47.2328-0.0079j
I | 06-14 12:54:21 |  train   | step=4258, pmove=0.53, energy=-47.2303-0.0000j
I | 06-14 12:54:21 |  train   | step=4259, pmove=0.53, energy=-47.2138-0.0010j
I | 06-14 12:54:22 |  train   | step=4260, pmove=0.53, energy=-47.2055-0.0003j
I | 06-14 12:54:23 |  train   | step=4261, pmove=0.53, energy=-47.2088-0.0037j
I | 06-14 12:54:23 |  train   | step=4262, pmove=0.53, energy=-47.2060-0.0040j
I | 06-14 12:54:24 |  train   | step=4263, pmove=0.53, energy=-47.2145-0.0023j
I | 06-14 12:54:25 |  train   | step=4264, pmove=0.53, energy=-47.1921+0.0004j
I | 06-14 12:54:25 |  train   | step=4265, pmove=0.53, energy=-47.2196+0.0004j
I | 06-14 12:54:26 |  train   | step=4266, pmove=0.52, energy=-47.2155-0.0018j
I | 06-14 12:54:27 |  train   | step=4267, pmove=0.52, energy=-47.2284-0.0013j
I | 06-14 12:54:27 |  train   | step=4268, pmove=0.53, energy=-47.2057+0.0016j
I | 06-14 12:54:28 |  train   | step=4269, pmove=0.52, energy=-47.2365-0.0053j
I | 06-14 12:54:28 |  train   | step=4270, pmove=0.52, energy=-47.2380+0.0002j
I | 06-14 12:54:29 |  train   | step=4271, pmove=0.52, energy=-47.2046+0.0002j
I | 06-14 12:54:30 |  train   | step=4272, pmove=0.53, energy=-47.2057+0.0025j
I | 06-14 12:54:30 |  train   | step=4273, pmove=0.52, energy=-47.1910-0.0025j
I | 06-14 12:54:31 |  train   | step=4274, pmove=0.53, energy=-47.2291+0.0021j
I | 06-14 12:54:32 |  train   | step=4275, pmove=0.52, energy=-47.1961-0.0039j
I | 06-14 12:54:32 |  train   | step=4276, pmove=0.53, energy=-47.2266+0.0051j
I | 06-14 12:54:33 |  train   | step=4277, pmove=0.52, energy=-47.2063-0.0006j
I | 06-14 12:54:33 |  train   | step=4278, pmove=0.53, energy=-47.2019+0.0009j
I | 06-14 12:54:34 |  train   | step=4279, pmove=0.53, energy=-47.2435+0.0088j
I | 06-14 12:54:35 |  train   | step=4280, pmove=0.53, energy=-47.2032-0.0039j
I | 06-14 12:54:35 |  train   | step=4281, pmove=0.52, energy=-47.1861-0.0005j
I | 06-14 12:54:36 |  train   | step=4282, pmove=0.53, energy=-47.2351+0.0009j
I | 06-14 12:54:37 |  train   | step=4283, pmove=0.53, energy=-47.2283-0.0032j
I | 06-14 12:54:37 |  train   | step=4284, pmove=0.53, energy=-47.1980+0.0049j
I | 06-14 12:54:38 |  train   | step=4285, pmove=0.53, energy=-47.2253-0.0018j
I | 06-14 12:54:39 |  train   | step=4286, pmove=0.53, energy=-47.2310-0.0001j
I | 06-14 12:54:39 |  train   | step=4287, pmove=0.53, energy=-47.2197+0.0050j
I | 06-14 12:54:40 |  train   | step=4288, pmove=0.53, energy=-47.2232+0.0024j
I | 06-14 12:54:40 |  train   | step=4289, pmove=0.52, energy=-47.2275-0.0041j
I | 06-14 12:54:41 |  train   | step=4290, pmove=0.53, energy=-47.2438+0.0038j
I | 06-14 12:54:42 |  train   | step=4291, pmove=0.53, energy=-47.2362+0.0027j
I | 06-14 12:54:42 |  train   | step=4292, pmove=0.53, energy=-47.2393+0.0040j
I | 06-14 12:54:43 |  train   | step=4293, pmove=0.53, energy=-47.2558+0.0102j
I | 06-14 12:54:44 |  train   | step=4294, pmove=0.53, energy=-47.2250+0.0004j
I | 06-14 12:54:44 |  train   | step=4295, pmove=0.53, energy=-47.2253+0.0031j
I | 06-14 12:54:45 |  train   | step=4296, pmove=0.53, energy=-47.2243-0.0028j
I | 06-14 12:54:46 |  train   | step=4297, pmove=0.52, energy=-47.2243+0.0004j
I | 06-14 12:54:46 |  train   | step=4298, pmove=0.53, energy=-47.2380-0.0026j
I | 06-14 12:54:47 |  train   | step=4299, pmove=0.53, energy=-47.2183+0.0051j
I | 06-14 12:54:47 |  train   | step=4300, pmove=0.53, energy=-47.2293-0.0023j
I | 06-14 12:54:48 |  train   | step=4301, pmove=0.52, energy=-47.2034+0.0008j
I | 06-14 12:54:49 |  train   | step=4302, pmove=0.53, energy=-47.2204+0.0020j
I | 06-14 12:54:49 |  train   | step=4303, pmove=0.53, energy=-47.2084-0.0004j
I | 06-14 12:54:50 |  train   | step=4304, pmove=0.53, energy=-47.2238+0.0049j
I | 06-14 12:54:51 |  train   | step=4305, pmove=0.53, energy=-47.2197-0.0009j
I | 06-14 12:54:51 |  train   | step=4306, pmove=0.53, energy=-47.2069-0.0045j
I | 06-14 12:54:52 |  train   | step=4307, pmove=0.53, energy=-47.2359-0.0014j
I | 06-14 12:54:53 |  train   | step=4308, pmove=0.53, energy=-47.2242+0.0012j
I | 06-14 12:54:53 |  train   | step=4309, pmove=0.52, energy=-47.2554-0.0080j
I | 06-14 12:54:54 |  train   | step=4310, pmove=0.53, energy=-47.2270+0.0011j
I | 06-14 12:54:54 |  train   | step=4311, pmove=0.53, energy=-47.2208-0.0026j
I | 06-14 12:54:55 |  train   | step=4312, pmove=0.52, energy=-47.2413+0.0030j
I | 06-14 12:54:56 |  train   | step=4313, pmove=0.53, energy=-47.2095+0.0014j
I | 06-14 12:54:56 |  train   | step=4314, pmove=0.53, energy=-47.2113-0.0002j
I | 06-14 12:54:57 |  train   | step=4315, pmove=0.53, energy=-47.2354+0.0019j
I | 06-14 12:54:58 |  train   | step=4316, pmove=0.52, energy=-47.2017-0.0033j
I | 06-14 12:54:58 |  train   | step=4317, pmove=0.53, energy=-47.2025-0.0021j
I | 06-14 12:54:59 |  train   | step=4318, pmove=0.53, energy=-47.2128-0.0047j
I | 06-14 12:55:00 |  train   | step=4319, pmove=0.52, energy=-47.2144+0.0018j
I | 06-14 12:55:00 |  train   | step=4320, pmove=0.53, energy=-47.2184+0.0001j
I | 06-14 12:55:01 |  train   | step=4321, pmove=0.52, energy=-47.2210-0.0028j
I | 06-14 12:55:01 |  train   | step=4322, pmove=0.53, energy=-47.2035-0.0064j
I | 06-14 12:55:02 |  train   | step=4323, pmove=0.53, energy=-47.2032+0.0006j
I | 06-14 12:55:03 |  train   | step=4324, pmove=0.53, energy=-47.2215-0.0035j
I | 06-14 12:55:03 |  train   | step=4325, pmove=0.52, energy=-47.2244+0.0044j
I | 06-14 12:55:04 |  train   | step=4326, pmove=0.53, energy=-47.2325+0.0009j
I | 06-14 12:55:05 |  train   | step=4327, pmove=0.52, energy=-47.2212+0.0041j
I | 06-14 12:55:05 |  train   | step=4328, pmove=0.52, energy=-47.2174-0.0005j
I | 06-14 12:55:06 |  train   | step=4329, pmove=0.53, energy=-47.2174-0.0041j
I | 06-14 12:55:06 |  train   | step=4330, pmove=0.52, energy=-47.2243-0.0043j
I | 06-14 12:55:07 |  train   | step=4331, pmove=0.53, energy=-47.2095-0.0041j
I | 06-14 12:55:08 |  train   | step=4332, pmove=0.53, energy=-47.2370-0.0014j
I | 06-14 12:55:08 |  train   | step=4333, pmove=0.52, energy=-47.2025-0.0029j
I | 06-14 12:55:09 |  train   | step=4334, pmove=0.53, energy=-47.2096-0.0050j
I | 06-14 12:55:10 |  train   | step=4335, pmove=0.53, energy=-47.2171+0.0021j
I | 06-14 12:55:10 |  train   | step=4336, pmove=0.53, energy=-47.2399+0.0050j
I | 06-14 12:55:11 |  train   | step=4337, pmove=0.53, energy=-47.1944-0.0045j
I | 06-14 12:55:12 |  train   | step=4338, pmove=0.53, energy=-47.2352-0.0041j
I | 06-14 12:55:12 |  train   | step=4339, pmove=0.53, energy=-47.2318+0.0004j
I | 06-14 12:55:13 |  train   | step=4340, pmove=0.53, energy=-47.2235-0.0010j
I | 06-14 12:55:13 |  train   | step=4341, pmove=0.53, energy=-47.2008+0.0031j
I | 06-14 12:55:14 |  train   | step=4342, pmove=0.53, energy=-47.2542+0.0104j
I | 06-14 12:55:15 |  train   | step=4343, pmove=0.53, energy=-47.1834+0.0009j
I | 06-14 12:55:15 |  train   | step=4344, pmove=0.53, energy=-47.2042-0.0036j
I | 06-14 12:55:16 |  train   | step=4345, pmove=0.53, energy=-47.2252+0.0027j
I | 06-14 12:55:17 |  train   | step=4346, pmove=0.53, energy=-47.2003-0.0007j
I | 06-14 12:55:17 |  train   | step=4347, pmove=0.53, energy=-47.2189-0.0021j
I | 06-14 12:55:18 |  train   | step=4348, pmove=0.53, energy=-47.2061-0.0015j
I | 06-14 12:55:19 |  train   | step=4349, pmove=0.53, energy=-47.2230-0.0007j
I | 06-14 12:55:19 |  train   | step=4350, pmove=0.53, energy=-47.2292-0.0010j
I | 06-14 12:55:20 |  train   | step=4351, pmove=0.53, energy=-47.2179+0.0046j
I | 06-14 12:55:20 |  train   | step=4352, pmove=0.53, energy=-47.2227-0.0005j
I | 06-14 12:55:21 |  train   | step=4353, pmove=0.52, energy=-47.2162+0.0001j
I | 06-14 12:55:22 |  train   | step=4354, pmove=0.53, energy=-47.2309-0.0004j
I | 06-14 12:55:22 |  train   | step=4355, pmove=0.53, energy=-47.2170-0.0047j
I | 06-14 12:55:23 |  train   | step=4356, pmove=0.53, energy=-47.2336+0.0012j
I | 06-14 12:55:24 |  train   | step=4357, pmove=0.52, energy=-47.2007+0.0002j
I | 06-14 12:55:24 |  train   | step=4358, pmove=0.53, energy=-47.2257+0.0009j
I | 06-14 12:55:25 |  train   | step=4359, pmove=0.53, energy=-47.2166-0.0037j
I | 06-14 12:55:26 |  train   | step=4360, pmove=0.53, energy=-47.2029-0.0011j
I | 06-14 12:55:26 |  train   | step=4361, pmove=0.53, energy=-47.2379-0.0029j
I | 06-14 12:55:27 |  train   | step=4362, pmove=0.53, energy=-47.2365-0.0019j
I | 06-14 12:55:27 |  train   | step=4363, pmove=0.53, energy=-47.2157-0.0059j
I | 06-14 12:55:28 |  train   | step=4364, pmove=0.53, energy=-47.2220-0.0015j
I | 06-14 12:55:29 |  train   | step=4365, pmove=0.53, energy=-47.2229-0.0035j
I | 06-14 12:55:29 |  train   | step=4366, pmove=0.53, energy=-47.2438+0.0001j
I | 06-14 12:55:30 |  train   | step=4367, pmove=0.52, energy=-47.2137+0.0006j
I | 06-14 12:55:31 |  train   | step=4368, pmove=0.53, energy=-47.2235+0.0035j
I | 06-14 12:55:31 |  train   | step=4369, pmove=0.52, energy=-47.2513+0.0016j
I | 06-14 12:55:32 |  train   | step=4370, pmove=0.53, energy=-47.2384-0.0019j
I | 06-14 12:55:33 |  train   | step=4371, pmove=0.52, energy=-47.2101+0.0015j
I | 06-14 12:55:33 |  train   | step=4372, pmove=0.53, energy=-47.2144+0.0020j
I | 06-14 12:55:34 |  train   | step=4373, pmove=0.53, energy=-47.1922+0.0001j
I | 06-14 12:55:34 |  train   | step=4374, pmove=0.52, energy=-47.2174-0.0010j
I | 06-14 12:55:35 |  train   | step=4375, pmove=0.53, energy=-47.2247-0.0036j
I | 06-14 12:55:36 |  train   | step=4376, pmove=0.53, energy=-47.2273+0.0038j
I | 06-14 12:55:36 |  train   | step=4377, pmove=0.53, energy=-47.2364-0.0024j
I | 06-14 12:55:37 |  train   | step=4378, pmove=0.53, energy=-47.2273+0.0030j
I | 06-14 12:55:38 |  train   | step=4379, pmove=0.53, energy=-47.2372-0.0039j
I | 06-14 12:55:38 |  train   | step=4380, pmove=0.53, energy=-47.2217-0.0046j
I | 06-14 12:55:39 |  train   | step=4381, pmove=0.53, energy=-47.1715+0.0024j
I | 06-14 12:55:40 |  train   | step=4382, pmove=0.53, energy=-47.1970+0.0012j
I | 06-14 12:55:40 |  train   | step=4383, pmove=0.53, energy=-47.2324-0.0048j
I | 06-14 12:55:41 |  train   | step=4384, pmove=0.53, energy=-47.2301-0.0003j
I | 06-14 12:55:41 |  train   | step=4385, pmove=0.53, energy=-47.2130+0.0007j
I | 06-14 12:55:42 |  train   | step=4386, pmove=0.52, energy=-47.2369-0.0024j
I | 06-14 12:55:43 |  train   | step=4387, pmove=0.53, energy=-47.1896+0.0027j
I | 06-14 12:55:43 |  train   | step=4388, pmove=0.53, energy=-47.2191-0.0027j
I | 06-14 12:55:44 |  train   | step=4389, pmove=0.52, energy=-47.2052-0.0018j
I | 06-14 12:55:45 |  train   | step=4390, pmove=0.53, energy=-47.2498-0.0008j
I | 06-14 12:55:45 |  train   | step=4391, pmove=0.53, energy=-47.2302+0.0011j
I | 06-14 12:55:46 |  train   | step=4392, pmove=0.53, energy=-47.2056-0.0007j
I | 06-14 12:55:46 |  train   | step=4393, pmove=0.53, energy=-47.2420+0.0008j
I | 06-14 12:55:47 |  train   | step=4394, pmove=0.53, energy=-47.2142-0.0022j
I | 06-14 12:55:48 |  train   | step=4395, pmove=0.53, energy=-47.2114-0.0048j
I | 06-14 12:55:48 |  train   | step=4396, pmove=0.52, energy=-47.2148+0.0014j
I | 06-14 12:55:49 |  train   | step=4397, pmove=0.52, energy=-47.2304-0.0031j
I | 06-14 12:55:50 |  train   | step=4398, pmove=0.53, energy=-47.2058+0.0143j
I | 06-14 12:55:50 |  train   | step=4399, pmove=0.53, energy=-47.1491+0.0009j
I | 06-14 12:55:51 |  train   | step=4400, pmove=0.53, energy=-47.2420-0.0034j
I | 06-14 12:55:52 |  train   | step=4401, pmove=0.53, energy=-47.1471-0.0045j
I | 06-14 12:55:52 |  train   | step=4402, pmove=0.53, energy=-47.2125-0.0010j
I | 06-14 12:55:53 |  train   | step=4403, pmove=0.53, energy=-47.2183+0.0057j
I | 06-14 12:55:53 |  train   | step=4404, pmove=0.53, energy=-47.2298-0.0049j
I | 06-14 12:55:54 |  train   | step=4405, pmove=0.53, energy=-47.1981-0.0058j
I | 06-14 12:55:55 |  train   | step=4406, pmove=0.53, energy=-47.2140-0.0006j
I | 06-14 12:55:55 |  train   | step=4407, pmove=0.52, energy=-47.2407+0.0037j
I | 06-14 12:55:56 |  train   | step=4408, pmove=0.53, energy=-47.2085+0.0028j
I | 06-14 12:55:57 |  train   | step=4409, pmove=0.52, energy=-47.2193-0.0015j
I | 06-14 12:55:57 |  train   | step=4410, pmove=0.53, energy=-47.2079+0.0027j
I | 06-14 12:55:58 |  train   | step=4411, pmove=0.52, energy=-47.2458-0.0050j
I | 06-14 12:55:59 |  train   | step=4412, pmove=0.53, energy=-47.2144-0.0024j
I | 06-14 12:55:59 |  train   | step=4413, pmove=0.52, energy=-47.2244+0.0007j
I | 06-14 12:56:00 |  train   | step=4414, pmove=0.53, energy=-47.2309-0.0001j
I | 06-14 12:56:00 |  train   | step=4415, pmove=0.53, energy=-47.2269+0.0095j
I | 06-14 12:56:01 |  train   | step=4416, pmove=0.53, energy=-47.2152-0.0007j
I | 06-14 12:56:02 |  train   | step=4417, pmove=0.53, energy=-47.2322+0.0037j
I | 06-14 12:56:02 |  train   | step=4418, pmove=0.52, energy=-47.2399-0.0003j
I | 06-14 12:56:03 |  train   | step=4419, pmove=0.53, energy=-47.2082+0.0038j
I | 06-14 12:56:04 |  train   | step=4420, pmove=0.53, energy=-47.2239+0.0022j
I | 06-14 12:56:04 |  train   | step=4421, pmove=0.53, energy=-47.2024+0.0013j
I | 06-14 12:56:05 |  train   | step=4422, pmove=0.53, energy=-47.2405+0.0049j
I | 06-14 12:56:06 |  train   | step=4423, pmove=0.53, energy=-47.2050+0.0060j
I | 06-14 12:56:06 |  train   | step=4424, pmove=0.52, energy=-47.2377-0.0024j
I | 06-14 12:56:07 |  train   | step=4425, pmove=0.53, energy=-47.2083-0.0008j
I | 06-14 12:56:07 |  train   | step=4426, pmove=0.53, energy=-47.2551+0.0044j
I | 06-14 12:56:08 |  train   | step=4427, pmove=0.53, energy=-47.2236-0.0043j
I | 06-14 12:56:09 |  train   | step=4428, pmove=0.53, energy=-47.2344+0.0001j
I | 06-14 12:56:09 |  train   | step=4429, pmove=0.53, energy=-47.2335-0.0000j
I | 06-14 12:56:10 |  train   | step=4430, pmove=0.53, energy=-47.2078+0.0067j
I | 06-14 12:56:11 |  train   | step=4431, pmove=0.52, energy=-47.2466+0.0026j
I | 06-14 12:56:11 |  train   | step=4432, pmove=0.53, energy=-47.2210+0.0045j
I | 06-14 12:56:12 |  train   | step=4433, pmove=0.53, energy=-47.2292+0.0019j
I | 06-14 12:56:13 |  train   | step=4434, pmove=0.52, energy=-47.2235+0.0044j
I | 06-14 12:56:13 |  train   | step=4435, pmove=0.53, energy=-47.2263-0.0013j
I | 06-14 12:56:14 |  train   | step=4436, pmove=0.52, energy=-47.2059-0.0008j
I | 06-14 12:56:14 |  train   | step=4437, pmove=0.53, energy=-47.2117-0.0006j
I | 06-14 12:56:15 |  train   | step=4438, pmove=0.52, energy=-47.2062-0.0028j
I | 06-14 12:56:16 |  train   | step=4439, pmove=0.53, energy=-47.2027-0.0013j
I | 06-14 12:56:16 |  train   | step=4440, pmove=0.53, energy=-47.2122-0.0013j
I | 06-14 12:56:17 |  train   | step=4441, pmove=0.52, energy=-47.2136+0.0013j
I | 06-14 12:56:18 |  train   | step=4442, pmove=0.53, energy=-47.2326-0.0011j
I | 06-14 12:56:18 |  train   | step=4443, pmove=0.53, energy=-47.2463+0.0016j
I | 06-14 12:56:19 |  train   | step=4444, pmove=0.52, energy=-47.2333+0.0027j
I | 06-14 12:56:20 |  train   | step=4445, pmove=0.52, energy=-47.2518+0.0023j
I | 06-14 12:56:20 |  train   | step=4446, pmove=0.52, energy=-47.2218+0.0012j
I | 06-14 12:56:21 |  train   | step=4447, pmove=0.53, energy=-47.2403+0.0027j
I | 06-14 12:56:21 |  train   | step=4448, pmove=0.52, energy=-47.2224+0.0005j
I | 06-14 12:56:22 |  train   | step=4449, pmove=0.53, energy=-47.2184-0.0025j
I | 06-14 12:56:23 |  train   | step=4450, pmove=0.53, energy=-47.2343-0.0054j
I | 06-14 12:56:23 |  train   | step=4451, pmove=0.52, energy=-47.2340+0.0064j
I | 06-14 12:56:24 |  train   | step=4452, pmove=0.53, energy=-47.1706+0.0057j
I | 06-14 12:56:25 |  train   | step=4453, pmove=0.52, energy=-47.2183-0.0030j
I | 06-14 12:56:25 |  train   | step=4454, pmove=0.53, energy=-47.2315-0.0089j
I | 06-14 12:56:26 |  train   | step=4455, pmove=0.53, energy=-47.2137+0.0024j
I | 06-14 12:56:27 |  train   | step=4456, pmove=0.52, energy=-47.1985-0.0000j
I | 06-14 12:56:27 |  train   | step=4457, pmove=0.53, energy=-47.2235-0.0001j
I | 06-14 12:56:28 |  train   | step=4458, pmove=0.53, energy=-47.2116-0.0029j
I | 06-14 12:56:29 |  train   | step=4459, pmove=0.52, energy=-47.2011-0.0037j
I | 06-14 12:56:29 |  train   | step=4460, pmove=0.53, energy=-47.2196-0.0026j
I | 06-14 12:56:30 |  train   | step=4461, pmove=0.52, energy=-47.1768-0.0014j
I | 06-14 12:56:31 |  train   | step=4462, pmove=0.53, energy=-47.2301-0.0006j
I | 06-14 12:56:31 |  train   | step=4463, pmove=0.53, energy=-47.2135-0.0057j
I | 06-14 12:56:32 |  train   | step=4464, pmove=0.53, energy=-47.2247-0.0057j
I | 06-14 12:56:32 |  train   | step=4465, pmove=0.53, energy=-47.2084+0.0013j
I | 06-14 12:56:33 |  train   | step=4466, pmove=0.53, energy=-47.2166+0.0011j
I | 06-14 12:56:34 |  train   | step=4467, pmove=0.52, energy=-47.2140+0.0063j
I | 06-14 12:56:34 |  train   | step=4468, pmove=0.52, energy=-47.2171-0.0011j
I | 06-14 12:56:35 |  train   | step=4469, pmove=0.53, energy=-47.2367+0.0010j
I | 06-14 12:56:36 |  train   | step=4470, pmove=0.53, energy=-47.2274+0.0002j
I | 06-14 12:56:36 |  train   | step=4471, pmove=0.53, energy=-47.2387+0.0107j
I | 06-14 12:56:37 |  train   | step=4472, pmove=0.53, energy=-47.2383-0.0010j
I | 06-14 12:56:38 |  train   | step=4473, pmove=0.52, energy=-47.2506-0.0030j
I | 06-14 12:56:39 |  train   | step=4474, pmove=0.53, energy=-47.2006-0.0031j
I | 06-14 12:56:39 |  train   | step=4475, pmove=0.53, energy=-47.2150+0.0031j
I | 06-14 12:56:40 |  train   | step=4476, pmove=0.53, energy=-47.2241-0.0015j
I | 06-14 12:56:41 |  train   | step=4477, pmove=0.53, energy=-47.2384+0.0006j
I | 06-14 12:56:41 |  train   | step=4478, pmove=0.53, energy=-47.2180+0.0009j
I | 06-14 12:56:42 |  train   | step=4479, pmove=0.53, energy=-47.2289-0.0007j
I | 06-14 12:56:43 |  train   | step=4480, pmove=0.53, energy=-47.2495+0.0015j
I | 06-14 12:56:43 |  train   | step=4481, pmove=0.52, energy=-47.2352+0.0011j
I | 06-14 12:56:44 |  train   | step=4482, pmove=0.52, energy=-47.2232-0.0012j
I | 06-14 12:56:44 |  train   | step=4483, pmove=0.53, energy=-47.2355-0.0000j
I | 06-14 12:56:45 |  train   | step=4484, pmove=0.53, energy=-47.2102+0.0016j
I | 06-14 12:56:46 |  train   | step=4485, pmove=0.53, energy=-47.2364+0.0034j
I | 06-14 12:56:46 |  train   | step=4486, pmove=0.53, energy=-47.2087-0.0013j
I | 06-14 12:56:47 |  train   | step=4487, pmove=0.52, energy=-47.2172+0.0016j
I | 06-14 12:56:48 |  train   | step=4488, pmove=0.53, energy=-47.2078+0.0011j
I | 06-14 12:56:48 |  train   | step=4489, pmove=0.52, energy=-47.2145-0.0006j
I | 06-14 12:56:49 |  train   | step=4490, pmove=0.53, energy=-47.2110-0.0014j
I | 06-14 12:56:50 |  train   | step=4491, pmove=0.52, energy=-47.2390+0.0013j
I | 06-14 12:56:50 |  train   | step=4492, pmove=0.52, energy=-47.2167-0.0063j
I | 06-14 12:56:51 |  train   | step=4493, pmove=0.53, energy=-47.2221+0.0003j
I | 06-14 12:56:51 |  train   | step=4494, pmove=0.53, energy=-47.2064-0.0045j
I | 06-14 12:56:52 |  train   | step=4495, pmove=0.53, energy=-47.2164-0.0021j
I | 06-14 12:56:53 |  train   | step=4496, pmove=0.53, energy=-47.2062+0.0007j
I | 06-14 12:56:53 |  train   | step=4497, pmove=0.52, energy=-47.2098+0.0012j
I | 06-14 12:56:54 |  train   | step=4498, pmove=0.53, energy=-47.1872-0.0000j
I | 06-14 12:56:55 |  train   | step=4499, pmove=0.53, energy=-47.2300+0.0020j
I | 06-14 12:56:55 |  train   | step=4500, pmove=0.53, energy=-47.2224-0.0007j
I | 06-14 12:56:56 |  train   | step=4501, pmove=0.53, energy=-47.2314+0.0019j
I | 06-14 12:56:57 |  train   | step=4502, pmove=0.53, energy=-47.2221+0.0015j
I | 06-14 12:56:57 |  train   | step=4503, pmove=0.53, energy=-47.2384-0.0033j
I | 06-14 12:56:58 |  train   | step=4504, pmove=0.53, energy=-47.2104+0.0011j
I | 06-14 12:56:58 |  train   | step=4505, pmove=0.53, energy=-47.2059+0.0000j
I | 06-14 12:56:59 |  train   | step=4506, pmove=0.53, energy=-47.2114-0.0025j
I | 06-14 12:57:00 |  train   | step=4507, pmove=0.53, energy=-47.2254-0.0003j
I | 06-14 12:57:00 |  train   | step=4508, pmove=0.54, energy=-47.2286+0.0014j
I | 06-14 12:57:01 |  train   | step=4509, pmove=0.53, energy=-47.2370-0.0018j
I | 06-14 12:57:02 |  train   | step=4510, pmove=0.52, energy=-47.2097-0.0035j
I | 06-14 12:57:02 |  train   | step=4511, pmove=0.53, energy=-47.2114+0.0018j
I | 06-14 12:57:03 |  train   | step=4512, pmove=0.53, energy=-47.2142-0.0049j
I | 06-14 12:57:04 |  train   | step=4513, pmove=0.53, energy=-47.2211-0.0026j
I | 06-14 12:57:04 |  train   | step=4514, pmove=0.53, energy=-47.2448-0.0058j
I | 06-14 12:57:05 |  train   | step=4515, pmove=0.53, energy=-47.2275-0.0061j
I | 06-14 12:57:05 |  train   | step=4516, pmove=0.53, energy=-47.2312-0.0024j
I | 06-14 12:57:06 |  train   | step=4517, pmove=0.52, energy=-47.2188+0.0017j
I | 06-14 12:57:07 |  train   | step=4518, pmove=0.53, energy=-47.2198-0.0012j
I | 06-14 12:57:07 |  train   | step=4519, pmove=0.52, energy=-47.2164+0.0008j
I | 06-14 12:57:08 |  train   | step=4520, pmove=0.52, energy=-47.2248-0.0008j
I | 06-14 12:57:09 |  train   | step=4521, pmove=0.52, energy=-47.2247+0.0009j
I | 06-14 12:57:09 |  train   | step=4522, pmove=0.53, energy=-47.2278+0.0034j
I | 06-14 12:57:10 |  train   | step=4523, pmove=0.53, energy=-47.1898+0.0013j
I | 06-14 12:57:11 |  train   | step=4524, pmove=0.53, energy=-47.2283+0.0013j
I | 06-14 12:57:11 |  train   | step=4525, pmove=0.53, energy=-47.2214+0.0003j
I | 06-14 12:57:12 |  train   | step=4526, pmove=0.53, energy=-47.2221-0.0023j
I | 06-14 12:57:12 |  train   | step=4527, pmove=0.53, energy=-47.2274-0.0001j
I | 06-14 12:57:13 |  train   | step=4528, pmove=0.53, energy=-47.2414-0.0081j
I | 06-14 12:57:14 |  train   | step=4529, pmove=0.53, energy=-47.2526+0.0013j
I | 06-14 12:57:14 |  train   | step=4530, pmove=0.52, energy=-47.2242+0.0017j
I | 06-14 12:57:15 |  train   | step=4531, pmove=0.52, energy=-47.2193+0.0016j
I | 06-14 12:57:16 |  train   | step=4532, pmove=0.53, energy=-47.2376+0.0025j
I | 06-14 12:57:16 |  train   | step=4533, pmove=0.53, energy=-47.2195-0.0046j
I | 06-14 12:57:17 |  train   | step=4534, pmove=0.53, energy=-47.2380+0.0021j
I | 06-14 12:57:17 |  train   | step=4535, pmove=0.53, energy=-47.2253-0.0036j
I | 06-14 12:57:18 |  train   | step=4536, pmove=0.53, energy=-47.2045+0.0008j
I | 06-14 12:57:19 |  train   | step=4537, pmove=0.53, energy=-47.2391-0.0056j
I | 06-14 12:57:19 |  train   | step=4538, pmove=0.53, energy=-47.2177-0.0006j
I | 06-14 12:57:20 |  train   | step=4539, pmove=0.53, energy=-47.2487-0.0020j
I | 06-14 12:57:21 |  train   | step=4540, pmove=0.53, energy=-47.2231-0.0007j
I | 06-14 12:57:21 |  train   | step=4541, pmove=0.53, energy=-47.2340+0.0003j
I | 06-14 12:57:22 |  train   | step=4542, pmove=0.53, energy=-47.2105-0.0041j
I | 06-14 12:57:23 |  train   | step=4543, pmove=0.53, energy=-47.2182-0.0031j
I | 06-14 12:57:23 |  train   | step=4544, pmove=0.53, energy=-47.2113+0.0065j
I | 06-14 12:57:24 |  train   | step=4545, pmove=0.53, energy=-47.2157-0.0075j
I | 06-14 12:57:24 |  train   | step=4546, pmove=0.53, energy=-47.2034+0.0043j
I | 06-14 12:57:25 |  train   | step=4547, pmove=0.53, energy=-47.2002-0.0039j
I | 06-14 12:57:26 |  train   | step=4548, pmove=0.53, energy=-47.2274+0.0023j
I | 06-14 12:57:26 |  train   | step=4549, pmove=0.52, energy=-47.2165+0.0036j
I | 06-14 12:57:27 |  train   | step=4550, pmove=0.53, energy=-47.1950+0.0033j
I | 06-14 12:57:28 |  train   | step=4551, pmove=0.52, energy=-47.2182-0.0018j
I | 06-14 12:57:28 |  train   | step=4552, pmove=0.53, energy=-47.2269-0.0023j
I | 06-14 12:57:29 |  train   | step=4553, pmove=0.53, energy=-47.2097-0.0006j
I | 06-14 12:57:30 |  train   | step=4554, pmove=0.53, energy=-47.2166+0.0061j
I | 06-14 12:57:30 |  train   | step=4555, pmove=0.53, energy=-47.2033+0.0063j
I | 06-14 12:57:31 |  train   | step=4556, pmove=0.53, energy=-47.2337-0.0014j
I | 06-14 12:57:31 |  train   | step=4557, pmove=0.52, energy=-47.1834+0.0048j
I | 06-14 12:57:32 |  train   | step=4558, pmove=0.53, energy=-47.2158+0.0006j
I | 06-14 12:57:33 |  train   | step=4559, pmove=0.53, energy=-47.2365-0.0051j
I | 06-14 12:57:33 |  train   | step=4560, pmove=0.53, energy=-47.2296+0.0037j
I | 06-14 12:57:34 |  train   | step=4561, pmove=0.53, energy=-47.2191+0.0001j
I | 06-14 12:57:35 |  train   | step=4562, pmove=0.53, energy=-47.2353+0.0027j
I | 06-14 12:57:35 |  train   | step=4563, pmove=0.53, energy=-47.2480+0.0004j
I | 06-14 12:57:36 |  train   | step=4564, pmove=0.53, energy=-47.2271+0.0004j
I | 06-14 12:57:37 |  train   | step=4565, pmove=0.53, energy=-47.2079-0.0021j
I | 06-14 12:57:37 |  train   | step=4566, pmove=0.52, energy=-47.2487+0.0010j
I | 06-14 12:57:38 |  train   | step=4567, pmove=0.53, energy=-47.2037+0.0003j
I | 06-14 12:57:38 |  train   | step=4568, pmove=0.53, energy=-47.2303+0.0009j
I | 06-14 12:57:39 |  train   | step=4569, pmove=0.53, energy=-47.2180-0.0018j
I | 06-14 12:57:40 |  train   | step=4570, pmove=0.52, energy=-47.2022+0.0027j
I | 06-14 12:57:40 |  train   | step=4571, pmove=0.53, energy=-47.2135+0.0063j
I | 06-14 12:57:41 |  train   | step=4572, pmove=0.52, energy=-47.2330+0.0052j
I | 06-14 12:57:42 |  train   | step=4573, pmove=0.53, energy=-47.2288+0.0007j
I | 06-14 12:57:42 |  train   | step=4574, pmove=0.52, energy=-47.2420-0.0022j
I | 06-14 12:57:43 |  train   | step=4575, pmove=0.53, energy=-47.2414-0.0058j
I | 06-14 12:57:44 |  train   | step=4576, pmove=0.53, energy=-47.2222+0.0009j
I | 06-14 12:57:44 |  train   | step=4577, pmove=0.53, energy=-47.2160-0.0052j
I | 06-14 12:57:45 |  train   | step=4578, pmove=0.53, energy=-47.2110+0.0004j
I | 06-14 12:57:45 |  train   | step=4579, pmove=0.53, energy=-47.2056-0.0014j
I | 06-14 12:57:46 |  train   | step=4580, pmove=0.52, energy=-47.2162-0.0013j
I | 06-14 12:57:47 |  train   | step=4581, pmove=0.53, energy=-47.2185+0.0060j
I | 06-14 12:57:47 |  train   | step=4582, pmove=0.53, energy=-47.2222-0.0006j
I | 06-14 12:57:48 |  train   | step=4583, pmove=0.53, energy=-47.2433+0.0005j
I | 06-14 12:57:49 |  train   | step=4584, pmove=0.53, energy=-47.2367+0.0007j
I | 06-14 12:57:49 |  train   | step=4585, pmove=0.53, energy=-47.2373-0.0012j
I | 06-14 12:57:50 |  train   | step=4586, pmove=0.53, energy=-47.2299-0.0012j
I | 06-14 12:57:50 |  train   | step=4587, pmove=0.53, energy=-47.2300-0.0058j
I | 06-14 12:57:51 |  train   | step=4588, pmove=0.53, energy=-47.2083-0.0016j
I | 06-14 12:57:52 |  train   | step=4589, pmove=0.53, energy=-47.2556+0.0050j
I | 06-14 12:57:52 |  train   | step=4590, pmove=0.53, energy=-47.2342-0.0010j
I | 06-14 12:57:53 |  train   | step=4591, pmove=0.52, energy=-47.2326+0.0026j
I | 06-14 12:57:54 |  train   | step=4592, pmove=0.52, energy=-47.2161-0.0035j
I | 06-14 12:57:54 |  train   | step=4593, pmove=0.53, energy=-47.2223-0.0047j
I | 06-14 12:57:55 |  train   | step=4594, pmove=0.52, energy=-47.2166+0.0004j
I | 06-14 12:57:56 |  train   | step=4595, pmove=0.53, energy=-47.2292-0.0052j
I | 06-14 12:57:56 |  train   | step=4596, pmove=0.52, energy=-47.2103+0.0021j
I | 06-14 12:57:57 |  train   | step=4597, pmove=0.53, energy=-47.2254+0.0040j
I | 06-14 12:57:57 |  train   | step=4598, pmove=0.53, energy=-47.2270-0.0080j
I | 06-14 12:57:58 |  train   | step=4599, pmove=0.53, energy=-47.2307+0.0037j
I | 06-14 12:57:59 |  train   | step=4600, pmove=0.53, energy=-47.2173-0.0008j
I | 06-14 12:57:59 |  train   | step=4601, pmove=0.53, energy=-47.2379-0.0012j
I | 06-14 12:58:00 |  train   | step=4602, pmove=0.53, energy=-47.2223-0.0047j
I | 06-14 12:58:01 |  train   | step=4603, pmove=0.52, energy=-47.2466+0.0027j
I | 06-14 12:58:01 |  train   | step=4604, pmove=0.53, energy=-47.2202+0.0055j
I | 06-14 12:58:02 |  train   | step=4605, pmove=0.52, energy=-47.2220+0.0069j
I | 06-14 12:58:03 |  train   | step=4606, pmove=0.53, energy=-47.2161+0.0025j
I | 06-14 12:58:03 |  train   | step=4607, pmove=0.53, energy=-47.2453-0.0020j
I | 06-14 12:58:04 |  train   | step=4608, pmove=0.53, energy=-47.2281+0.0031j
I | 06-14 12:58:04 |  train   | step=4609, pmove=0.53, energy=-47.2066+0.0038j
I | 06-14 12:58:05 |  train   | step=4610, pmove=0.53, energy=-47.1973-0.0047j
I | 06-14 12:58:06 |  train   | step=4611, pmove=0.53, energy=-47.2352+0.0027j
I | 06-14 12:58:06 |  train   | step=4612, pmove=0.53, energy=-47.2011+0.0040j
I | 06-14 12:58:07 |  train   | step=4613, pmove=0.53, energy=-47.2153+0.0042j
I | 06-14 12:58:08 |  train   | step=4614, pmove=0.53, energy=-47.2400-0.0007j
I | 06-14 12:58:08 |  train   | step=4615, pmove=0.53, energy=-47.2475-0.0007j
I | 06-14 12:58:09 |  train   | step=4616, pmove=0.53, energy=-47.2058-0.0007j
I | 06-14 12:58:10 |  train   | step=4617, pmove=0.53, energy=-47.2382-0.0024j
I | 06-14 12:58:10 |  train   | step=4618, pmove=0.53, energy=-47.2136+0.0010j
I | 06-14 12:58:11 |  train   | step=4619, pmove=0.53, energy=-47.2381+0.0266j
I | 06-14 12:58:11 |  train   | step=4620, pmove=0.53, energy=-47.2215-0.0010j
I | 06-14 12:58:12 |  train   | step=4621, pmove=0.52, energy=-47.2044-0.0040j
I | 06-14 12:58:13 |  train   | step=4622, pmove=0.53, energy=-47.2298+0.0026j
I | 06-14 12:58:13 |  train   | step=4623, pmove=0.53, energy=-47.2331-0.0131j
I | 06-14 12:58:14 |  train   | step=4624, pmove=0.53, energy=-47.2282+0.0012j
I | 06-14 12:58:15 |  train   | step=4625, pmove=0.53, energy=-47.2160+0.0080j
I | 06-14 12:58:15 |  train   | step=4626, pmove=0.53, energy=-47.2108+0.0014j
I | 06-14 12:58:16 |  train   | step=4627, pmove=0.53, energy=-47.2050-0.0028j
I | 06-14 12:58:17 |  train   | step=4628, pmove=0.53, energy=-47.2369+0.0003j
I | 06-14 12:58:17 |  train   | step=4629, pmove=0.53, energy=-47.2103+0.0002j
I | 06-14 12:58:18 |  train   | step=4630, pmove=0.53, energy=-47.2100-0.0007j
I | 06-14 12:58:18 |  train   | step=4631, pmove=0.53, energy=-47.2268-0.0032j
I | 06-14 12:58:19 |  train   | step=4632, pmove=0.53, energy=-47.2472-0.0022j
I | 06-14 12:58:20 |  train   | step=4633, pmove=0.53, energy=-47.2206+0.0003j
I | 06-14 12:58:20 |  train   | step=4634, pmove=0.53, energy=-47.2284+0.0005j
I | 06-14 12:58:21 |  train   | step=4635, pmove=0.53, energy=-47.2366+0.0038j
I | 06-14 12:58:22 |  train   | step=4636, pmove=0.52, energy=-47.2507-0.0021j
I | 06-14 12:58:22 |  train   | step=4637, pmove=0.53, energy=-47.2160+0.0023j
I | 06-14 12:58:23 |  train   | step=4638, pmove=0.52, energy=-47.2496+0.0029j
I | 06-14 12:58:24 |  train   | step=4639, pmove=0.53, energy=-47.2147-0.0022j
I | 06-14 12:58:24 |  train   | step=4640, pmove=0.53, energy=-47.2115-0.0026j
I | 06-14 12:58:25 |  train   | step=4641, pmove=0.53, energy=-47.2330-0.0026j
I | 06-14 12:58:25 |  train   | step=4642, pmove=0.53, energy=-47.2180-0.0016j
I | 06-14 12:58:26 |  train   | step=4643, pmove=0.53, energy=-47.2289-0.0056j
I | 06-14 12:58:27 |  train   | step=4644, pmove=0.52, energy=-47.2316-0.0041j
I | 06-14 12:58:27 |  train   | step=4645, pmove=0.53, energy=-47.2213+0.0014j
I | 06-14 12:58:28 |  train   | step=4646, pmove=0.52, energy=-47.2163+0.0025j
I | 06-14 12:58:29 |  train   | step=4647, pmove=0.53, energy=-47.2274-0.0033j
I | 06-14 12:58:29 |  train   | step=4648, pmove=0.53, energy=-47.2176-0.0036j
I | 06-14 12:58:30 |  train   | step=4649, pmove=0.53, energy=-47.2287-0.0052j
I | 06-14 12:58:31 |  train   | step=4650, pmove=0.53, energy=-47.1911-0.0036j
I | 06-14 12:58:31 |  train   | step=4651, pmove=0.53, energy=-47.2268+0.0024j
I | 06-14 12:58:32 |  train   | step=4652, pmove=0.53, energy=-47.2227+0.0056j
I | 06-14 12:58:32 |  train   | step=4653, pmove=0.53, energy=-47.2219+0.0038j
I | 06-14 12:58:33 |  train   | step=4654, pmove=0.53, energy=-47.2051+0.0024j
I | 06-14 12:58:34 |  train   | step=4655, pmove=0.53, energy=-47.2297+0.0020j
I | 06-14 12:58:34 |  train   | step=4656, pmove=0.53, energy=-47.2117+0.0041j
I | 06-14 12:58:35 |  train   | step=4657, pmove=0.53, energy=-47.2300-0.0000j
I | 06-14 12:58:36 |  train   | step=4658, pmove=0.53, energy=-47.2362+0.0019j
I | 06-14 12:58:36 |  train   | step=4659, pmove=0.53, energy=-47.2137+0.0000j
I | 06-14 12:58:37 |  train   | step=4660, pmove=0.53, energy=-47.2167-0.0001j
I | 06-14 12:58:37 |  train   | step=4661, pmove=0.53, energy=-47.2295-0.0096j
I | 06-14 12:58:38 |  train   | step=4662, pmove=0.53, energy=-47.2257-0.0009j
I | 06-14 12:58:39 |  train   | step=4663, pmove=0.53, energy=-47.2364+0.0000j
I | 06-14 12:58:39 |  train   | step=4664, pmove=0.53, energy=-47.2269+0.0042j
I | 06-14 12:58:40 |  train   | step=4665, pmove=0.53, energy=-47.2067-0.0038j
I | 06-14 12:58:41 |  train   | step=4666, pmove=0.53, energy=-47.2380-0.0041j
I | 06-14 12:58:41 |  train   | step=4667, pmove=0.53, energy=-47.2166-0.0003j
I | 06-14 12:58:42 |  train   | step=4668, pmove=0.52, energy=-47.2140+0.0006j
I | 06-14 12:58:43 |  train   | step=4669, pmove=0.53, energy=-47.2160-0.0002j
I | 06-14 12:58:43 |  train   | step=4670, pmove=0.52, energy=-47.2244-0.0042j
I | 06-14 12:58:44 |  train   | step=4671, pmove=0.53, energy=-47.1905-0.0041j
I | 06-14 12:58:44 |  train   | step=4672, pmove=0.53, energy=-47.2279-0.0012j
I | 06-14 12:58:45 |  train   | step=4673, pmove=0.53, energy=-47.2195-0.0007j
I | 06-14 12:58:46 |  train   | step=4674, pmove=0.52, energy=-47.2358+0.0019j
I | 06-14 12:58:46 |  train   | step=4675, pmove=0.53, energy=-47.2364+0.0010j
I | 06-14 12:58:47 |  train   | step=4676, pmove=0.52, energy=-47.2445-0.0004j
I | 06-14 12:58:48 |  train   | step=4677, pmove=0.53, energy=-47.2523+0.0020j
I | 06-14 12:58:48 |  train   | step=4678, pmove=0.53, energy=-47.2230+0.0030j
I | 06-14 12:58:49 |  train   | step=4679, pmove=0.52, energy=-47.2251+0.0010j
I | 06-14 12:58:50 |  train   | step=4680, pmove=0.52, energy=-47.2036+0.0014j
I | 06-14 12:58:50 |  train   | step=4681, pmove=0.52, energy=-47.2286-0.0017j
I | 06-14 12:58:51 |  train   | step=4682, pmove=0.52, energy=-47.2351-0.0002j
I | 06-14 12:58:51 |  train   | step=4683, pmove=0.52, energy=-47.2380-0.0006j
I | 06-14 12:58:52 |  train   | step=4684, pmove=0.52, energy=-47.2287+0.0047j
I | 06-14 12:58:53 |  train   | step=4685, pmove=0.53, energy=-47.2051+0.0002j
I | 06-14 12:58:53 |  train   | step=4686, pmove=0.53, energy=-47.2015+0.0005j
I | 06-14 12:58:54 |  train   | step=4687, pmove=0.53, energy=-47.2377+0.0077j
I | 06-14 12:58:55 |  train   | step=4688, pmove=0.53, energy=-47.2392-0.0026j
I | 06-14 12:58:55 |  train   | step=4689, pmove=0.53, energy=-47.2336+0.0015j
I | 06-14 12:58:56 |  train   | step=4690, pmove=0.52, energy=-47.2329+0.0061j
I | 06-14 12:58:57 |  train   | step=4691, pmove=0.53, energy=-47.2361-0.0016j
I | 06-14 12:58:57 |  train   | step=4692, pmove=0.53, energy=-47.2267+0.0014j
I | 06-14 12:58:58 |  train   | step=4693, pmove=0.53, energy=-47.2292-0.0017j
I | 06-14 12:58:58 |  train   | step=4694, pmove=0.52, energy=-47.2245-0.0007j
I | 06-14 12:58:59 |  train   | step=4695, pmove=0.52, energy=-47.2153-0.0022j
I | 06-14 12:59:00 |  train   | step=4696, pmove=0.52, energy=-47.2263+0.0014j
I | 06-14 12:59:00 |  train   | step=4697, pmove=0.53, energy=-47.2038-0.0085j
I | 06-14 12:59:01 |  train   | step=4698, pmove=0.53, energy=-47.2208-0.0043j
I | 06-14 12:59:02 |  train   | step=4699, pmove=0.53, energy=-47.2291-0.0001j
I | 06-14 12:59:02 |  train   | step=4700, pmove=0.52, energy=-47.2156-0.0039j
I | 06-14 12:59:03 |  train   | step=4701, pmove=0.53, energy=-47.2495-0.0035j
I | 06-14 12:59:04 |  train   | step=4702, pmove=0.52, energy=-47.2023-0.0010j
I | 06-14 12:59:04 |  train   | step=4703, pmove=0.53, energy=-47.2166-0.0007j
I | 06-14 12:59:05 |  train   | step=4704, pmove=0.53, energy=-47.2105-0.0028j
I | 06-14 12:59:05 |  train   | step=4705, pmove=0.53, energy=-47.2697-0.0037j
I | 06-14 12:59:06 |  train   | step=4706, pmove=0.52, energy=-47.1929-0.0050j
I | 06-14 12:59:07 |  train   | step=4707, pmove=0.53, energy=-47.2342+0.0026j
I | 06-14 12:59:07 |  train   | step=4708, pmove=0.53, energy=-47.2429-0.0012j
I | 06-14 12:59:08 |  train   | step=4709, pmove=0.53, energy=-47.2135-0.0022j
I | 06-14 12:59:09 |  train   | step=4710, pmove=0.53, energy=-47.2103-0.0043j
I | 06-14 12:59:09 |  train   | step=4711, pmove=0.52, energy=-47.2255-0.0017j
I | 06-14 12:59:10 |  train   | step=4712, pmove=0.53, energy=-47.2182+0.0020j
I | 06-14 12:59:11 |  train   | step=4713, pmove=0.53, energy=-47.2135-0.0004j
I | 06-14 12:59:11 |  train   | step=4714, pmove=0.53, energy=-47.2420-0.0050j
I | 06-14 12:59:12 |  train   | step=4715, pmove=0.53, energy=-47.1951-0.0008j
I | 06-14 12:59:12 |  train   | step=4716, pmove=0.53, energy=-47.2363+0.0044j
I | 06-14 12:59:13 |  train   | step=4717, pmove=0.53, energy=-47.1989-0.0019j
I | 06-14 12:59:14 |  train   | step=4718, pmove=0.52, energy=-47.2227-0.0037j
I | 06-14 12:59:14 |  train   | step=4719, pmove=0.53, energy=-47.2350+0.0001j
I | 06-14 12:59:15 |  train   | step=4720, pmove=0.53, energy=-47.2362-0.0001j
I | 06-14 12:59:16 |  train   | step=4721, pmove=0.53, energy=-47.2171-0.0022j
I | 06-14 12:59:16 |  train   | step=4722, pmove=0.53, energy=-47.2477+0.0021j
I | 06-14 12:59:17 |  train   | step=4723, pmove=0.52, energy=-47.2234+0.0003j
I | 06-14 12:59:17 |  train   | step=4724, pmove=0.53, energy=-47.2297+0.0005j
I | 06-14 12:59:18 |  train   | step=4725, pmove=0.53, energy=-47.2232-0.0018j
I | 06-14 12:59:19 |  train   | step=4726, pmove=0.53, energy=-47.2001+0.0023j
I | 06-14 12:59:19 |  train   | step=4727, pmove=0.53, energy=-47.2234+0.0051j
I | 06-14 12:59:20 |  train   | step=4728, pmove=0.53, energy=-47.2286+0.0073j
I | 06-14 12:59:21 |  train   | step=4729, pmove=0.53, energy=-47.2377-0.0005j
I | 06-14 12:59:21 |  train   | step=4730, pmove=0.53, energy=-47.2272-0.0013j
I | 06-14 12:59:22 |  train   | step=4731, pmove=0.53, energy=-47.2081+0.0036j
I | 06-14 12:59:23 |  train   | step=4732, pmove=0.53, energy=-47.1983-0.0004j
I | 06-14 12:59:23 |  train   | step=4733, pmove=0.53, energy=-47.2239+0.0017j
I | 06-14 12:59:24 |  train   | step=4734, pmove=0.53, energy=-47.2261-0.0014j
I | 06-14 12:59:24 |  train   | step=4735, pmove=0.52, energy=-47.2164-0.0045j
I | 06-14 12:59:25 |  train   | step=4736, pmove=0.53, energy=-47.2283-0.0018j
I | 06-14 12:59:26 |  train   | step=4737, pmove=0.53, energy=-47.1978-0.0005j
I | 06-14 12:59:26 |  train   | step=4738, pmove=0.53, energy=-47.2238+0.0050j
I | 06-14 12:59:27 |  train   | step=4739, pmove=0.53, energy=-47.2245-0.0018j
I | 06-14 12:59:28 |  train   | step=4740, pmove=0.53, energy=-47.2432+0.0041j
I | 06-14 12:59:28 |  train   | step=4741, pmove=0.52, energy=-47.2185-0.0004j
I | 06-14 12:59:29 |  train   | step=4742, pmove=0.53, energy=-47.2340+0.0011j
I | 06-14 12:59:30 |  train   | step=4743, pmove=0.53, energy=-47.2276-0.0009j
I | 06-14 12:59:30 |  train   | step=4744, pmove=0.53, energy=-47.2207+0.0032j
I | 06-14 12:59:31 |  train   | step=4745, pmove=0.52, energy=-47.2450-0.0003j
I | 06-14 12:59:31 |  train   | step=4746, pmove=0.53, energy=-47.2154+0.0005j
I | 06-14 12:59:32 |  train   | step=4747, pmove=0.53, energy=-47.2295-0.0009j
I | 06-14 12:59:33 |  train   | step=4748, pmove=0.53, energy=-47.2095-0.0000j
I | 06-14 12:59:33 |  train   | step=4749, pmove=0.53, energy=-47.2028-0.0040j
I | 06-14 12:59:34 |  train   | step=4750, pmove=0.53, energy=-47.2342+0.0025j
I | 06-14 12:59:35 |  train   | step=4751, pmove=0.53, energy=-47.2234+0.0006j
I | 06-14 12:59:35 |  train   | step=4752, pmove=0.53, energy=-47.2024-0.0043j
I | 06-14 12:59:36 |  train   | step=4753, pmove=0.53, energy=-47.2143-0.0036j
I | 06-14 12:59:37 |  train   | step=4754, pmove=0.53, energy=-47.2255+0.0032j
I | 06-14 12:59:37 |  train   | step=4755, pmove=0.52, energy=-47.2202+0.0032j
I | 06-14 12:59:38 |  train   | step=4756, pmove=0.53, energy=-47.2174+0.0061j
I | 06-14 12:59:38 |  train   | step=4757, pmove=0.53, energy=-47.2132+0.0062j
I | 06-14 12:59:39 |  train   | step=4758, pmove=0.53, energy=-47.2153-0.0002j
I | 06-14 12:59:40 |  train   | step=4759, pmove=0.53, energy=-47.2148+0.0034j
I | 06-14 12:59:40 |  train   | step=4760, pmove=0.53, energy=-47.2331-0.0041j
I | 06-14 12:59:41 |  train   | step=4761, pmove=0.53, energy=-47.2259+0.0025j
I | 06-14 12:59:42 |  train   | step=4762, pmove=0.53, energy=-47.2398-0.0000j
I | 06-14 12:59:42 |  train   | step=4763, pmove=0.52, energy=-47.2278-0.0040j
I | 06-14 12:59:43 |  train   | step=4764, pmove=0.52, energy=-47.2183-0.0001j
I | 06-14 12:59:44 |  train   | step=4765, pmove=0.52, energy=-47.1970-0.0026j
I | 06-14 12:59:44 |  train   | step=4766, pmove=0.52, energy=-47.1929+0.0013j
I | 06-14 12:59:45 |  train   | step=4767, pmove=0.53, energy=-47.2157-0.0041j
I | 06-14 12:59:45 |  train   | step=4768, pmove=0.52, energy=-47.2284+0.0121j
I | 06-14 12:59:46 |  train   | step=4769, pmove=0.53, energy=-47.2377-0.0004j
I | 06-14 12:59:47 |  train   | step=4770, pmove=0.53, energy=-47.2186-0.0025j
I | 06-14 12:59:47 |  train   | step=4771, pmove=0.53, energy=-47.2294-0.0109j
I | 06-14 12:59:48 |  train   | step=4772, pmove=0.52, energy=-47.2326-0.0008j
I | 06-14 12:59:49 |  train   | step=4773, pmove=0.53, energy=-47.2423+0.0003j
I | 06-14 12:59:49 |  train   | step=4774, pmove=0.52, energy=-47.2385+0.0008j
I | 06-14 12:59:50 |  train   | step=4775, pmove=0.53, energy=-47.2331+0.0019j
I | 06-14 12:59:51 |  train   | step=4776, pmove=0.53, energy=-47.2578+0.0027j
I | 06-14 12:59:51 |  train   | step=4777, pmove=0.53, energy=-47.2266-0.0022j
I | 06-14 12:59:52 |  train   | step=4778, pmove=0.53, energy=-47.2092-0.0054j
I | 06-14 12:59:52 |  train   | step=4779, pmove=0.53, energy=-47.2275+0.0032j
I | 06-14 12:59:53 |  train   | step=4780, pmove=0.53, energy=-47.2198+0.0047j
I | 06-14 12:59:54 |  train   | step=4781, pmove=0.53, energy=-47.2375+0.0016j
I | 06-14 12:59:54 |  train   | step=4782, pmove=0.53, energy=-47.2233+0.0001j
I | 06-14 12:59:55 |  train   | step=4783, pmove=0.53, energy=-47.2238+0.0015j
I | 06-14 12:59:56 |  train   | step=4784, pmove=0.52, energy=-47.2358+0.0010j
I | 06-14 12:59:56 |  train   | step=4785, pmove=0.52, energy=-47.2294+0.0009j
I | 06-14 12:59:57 |  train   | step=4786, pmove=0.52, energy=-47.2287+0.0000j
I | 06-14 12:59:57 |  train   | step=4787, pmove=0.53, energy=-47.2302-0.0051j
I | 06-14 12:59:58 |  train   | step=4788, pmove=0.52, energy=-47.2266-0.0031j
I | 06-14 12:59:59 |  train   | step=4789, pmove=0.53, energy=-47.2158-0.0007j
I | 06-14 12:59:59 |  train   | step=4790, pmove=0.52, energy=-47.2233-0.0020j
I | 06-14 13:00:00 |  train   | step=4791, pmove=0.52, energy=-47.2260+0.0014j
I | 06-14 13:00:01 |  train   | step=4792, pmove=0.52, energy=-47.2233+0.0006j
I | 06-14 13:00:01 |  train   | step=4793, pmove=0.53, energy=-47.2306+0.0017j
I | 06-14 13:00:02 |  train   | step=4794, pmove=0.52, energy=-47.1909+0.0028j
I | 06-14 13:00:03 |  train   | step=4795, pmove=0.53, energy=-47.2140+0.0007j
I | 06-14 13:00:03 |  train   | step=4796, pmove=0.53, energy=-47.2330+0.0031j
I | 06-14 13:00:04 |  train   | step=4797, pmove=0.53, energy=-47.2351-0.0003j
I | 06-14 13:00:04 |  train   | step=4798, pmove=0.53, energy=-47.2435+0.0010j
I | 06-14 13:00:05 |  train   | step=4799, pmove=0.53, energy=-47.2170+0.0040j
I | 06-14 13:00:06 |  train   | step=4800, pmove=0.52, energy=-47.2419+0.0013j
I | 06-14 13:00:06 |  train   | step=4801, pmove=0.53, energy=-47.2291-0.0016j
I | 06-14 13:00:07 |  train   | step=4802, pmove=0.53, energy=-47.2280-0.0035j
I | 06-14 13:00:08 |  train   | step=4803, pmove=0.53, energy=-47.2123-0.0011j
I | 06-14 13:00:08 |  train   | step=4804, pmove=0.53, energy=-47.1480-0.0066j
I | 06-14 13:00:09 |  train   | step=4805, pmove=0.53, energy=-47.2234-0.0015j
I | 06-14 13:00:10 |  train   | step=4806, pmove=0.53, energy=-47.2365-0.0046j
I | 06-14 13:00:10 |  train   | step=4807, pmove=0.53, energy=-47.2186-0.0036j
I | 06-14 13:00:11 |  train   | step=4808, pmove=0.53, energy=-47.2216+0.0020j
I | 06-14 13:00:11 |  train   | step=4809, pmove=0.53, energy=-47.2322-0.0005j
I | 06-14 13:00:12 |  train   | step=4810, pmove=0.53, energy=-47.2245-0.0040j
I | 06-14 13:00:13 |  train   | step=4811, pmove=0.53, energy=-47.2314+0.0001j
I | 06-14 13:00:13 |  train   | step=4812, pmove=0.53, energy=-47.2187-0.0011j
I | 06-14 13:00:14 |  train   | step=4813, pmove=0.53, energy=-47.2140-0.0004j
I | 06-14 13:00:15 |  train   | step=4814, pmove=0.53, energy=-47.2152-0.0014j
I | 06-14 13:00:15 |  train   | step=4815, pmove=0.52, energy=-47.2365-0.0047j
I | 06-14 13:00:16 |  train   | step=4816, pmove=0.53, energy=-47.2252+0.0024j
I | 06-14 13:00:17 |  train   | step=4817, pmove=0.53, energy=-47.2331-0.0016j
I | 06-14 13:00:17 |  train   | step=4818, pmove=0.53, energy=-47.2281+0.0015j
I | 06-14 13:00:18 |  train   | step=4819, pmove=0.53, energy=-47.2171+0.0011j
I | 06-14 13:00:18 |  train   | step=4820, pmove=0.53, energy=-47.1807-0.0008j
I | 06-14 13:00:19 |  train   | step=4821, pmove=0.52, energy=-47.2274+0.0002j
I | 06-14 13:00:20 |  train   | step=4822, pmove=0.53, energy=-47.2250+0.0001j
I | 06-14 13:00:20 |  train   | step=4823, pmove=0.53, energy=-47.2411-0.0002j
I | 06-14 13:00:21 |  train   | step=4824, pmove=0.52, energy=-47.2183-0.0012j
I | 06-14 13:00:22 |  train   | step=4825, pmove=0.53, energy=-47.2245-0.0011j
I | 06-14 13:00:22 |  train   | step=4826, pmove=0.52, energy=-47.2003+0.0019j
I | 06-14 13:00:23 |  train   | step=4827, pmove=0.52, energy=-47.2162+0.0045j
I | 06-14 13:00:24 |  train   | step=4828, pmove=0.53, energy=-47.2012+0.0011j
I | 06-14 13:00:24 |  train   | step=4829, pmove=0.53, energy=-47.2280+0.0003j
I | 06-14 13:00:25 |  train   | step=4830, pmove=0.53, energy=-47.2236-0.0020j
I | 06-14 13:00:25 |  train   | step=4831, pmove=0.53, energy=-47.2235+0.0086j
I | 06-14 13:00:26 |  train   | step=4832, pmove=0.53, energy=-47.2442+0.0034j
I | 06-14 13:00:27 |  train   | step=4833, pmove=0.53, energy=-47.2117+0.0025j
I | 06-14 13:00:27 |  train   | step=4834, pmove=0.53, energy=-47.2192+0.0010j
I | 06-14 13:00:28 |  train   | step=4835, pmove=0.53, energy=-47.2262-0.0034j
I | 06-14 13:00:29 |  train   | step=4836, pmove=0.53, energy=-47.2267+0.0013j
I | 06-14 13:00:29 |  train   | step=4837, pmove=0.53, energy=-47.2174+0.0016j
I | 06-14 13:00:30 |  train   | step=4838, pmove=0.52, energy=-47.2106-0.0003j
I | 06-14 13:00:30 |  train   | step=4839, pmove=0.53, energy=-47.2199+0.0015j
I | 06-14 13:00:31 |  train   | step=4840, pmove=0.52, energy=-47.2154-0.0023j
I | 06-14 13:00:32 |  train   | step=4841, pmove=0.53, energy=-47.2378+0.0010j
I | 06-14 13:00:32 |  train   | step=4842, pmove=0.52, energy=-47.2225-0.0026j
I | 06-14 13:00:33 |  train   | step=4843, pmove=0.53, energy=-47.2178-0.0089j
I | 06-14 13:00:34 |  train   | step=4844, pmove=0.53, energy=-47.2189-0.0041j
I | 06-14 13:00:34 |  train   | step=4845, pmove=0.52, energy=-47.2115+0.0006j
I | 06-14 13:00:35 |  train   | step=4846, pmove=0.53, energy=-47.2330+0.0015j
I | 06-14 13:00:36 |  train   | step=4847, pmove=0.53, energy=-47.2292+0.0019j
I | 06-14 13:00:36 |  train   | step=4848, pmove=0.52, energy=-47.2103-0.0014j
I | 06-14 13:00:37 |  train   | step=4849, pmove=0.53, energy=-47.2143-0.0053j
I | 06-14 13:00:37 |  train   | step=4850, pmove=0.53, energy=-47.2263+0.0030j
I | 06-14 13:00:38 |  train   | step=4851, pmove=0.52, energy=-47.2175-0.0023j
I | 06-14 13:00:39 |  train   | step=4852, pmove=0.53, energy=-47.2319-0.0001j
I | 06-14 13:00:39 |  train   | step=4853, pmove=0.53, energy=-47.2243+0.0015j
I | 06-14 13:00:40 |  train   | step=4854, pmove=0.53, energy=-47.2316-0.0023j
I | 06-14 13:00:41 |  train   | step=4855, pmove=0.53, energy=-47.2027-0.0057j
I | 06-14 13:00:41 |  train   | step=4856, pmove=0.53, energy=-47.2191+0.0008j
I | 06-14 13:00:42 |  train   | step=4857, pmove=0.53, energy=-47.2272-0.0026j
I | 06-14 13:00:43 |  train   | step=4858, pmove=0.53, energy=-47.2186+0.0027j
I | 06-14 13:00:43 |  train   | step=4859, pmove=0.53, energy=-47.2469+0.0035j
I | 06-14 13:00:44 |  train   | step=4860, pmove=0.53, energy=-47.2106-0.0003j
I | 06-14 13:00:44 |  train   | step=4861, pmove=0.53, energy=-47.2293-0.0011j
I | 06-14 13:00:45 |  train   | step=4862, pmove=0.53, energy=-47.2429+0.0009j
I | 06-14 13:00:46 |  train   | step=4863, pmove=0.52, energy=-47.2291-0.0005j
I | 06-14 13:00:46 |  train   | step=4864, pmove=0.53, energy=-47.2166+0.0015j
I | 06-14 13:00:47 |  train   | step=4865, pmove=0.53, energy=-47.2259-0.0056j
I | 06-14 13:00:48 |  train   | step=4866, pmove=0.52, energy=-47.2242-0.0014j
I | 06-14 13:00:48 |  train   | step=4867, pmove=0.53, energy=-47.2213-0.0031j
I | 06-14 13:00:49 |  train   | step=4868, pmove=0.53, energy=-47.1917-0.0024j
I | 06-14 13:00:50 |  train   | step=4869, pmove=0.53, energy=-47.2294-0.0004j
I | 06-14 13:00:50 |  train   | step=4870, pmove=0.53, energy=-47.2220-0.0004j
I | 06-14 13:00:51 |  train   | step=4871, pmove=0.52, energy=-47.2394-0.0002j
I | 06-14 13:00:51 |  train   | step=4872, pmove=0.53, energy=-47.2180+0.0034j
I | 06-14 13:00:52 |  train   | step=4873, pmove=0.52, energy=-47.2248-0.0005j
I | 06-14 13:00:53 |  train   | step=4874, pmove=0.53, energy=-47.2143-0.0002j
I | 06-14 13:00:53 |  train   | step=4875, pmove=0.52, energy=-47.2389+0.0035j
I | 06-14 13:00:54 |  train   | step=4876, pmove=0.53, energy=-47.2309+0.0000j
I | 06-14 13:00:55 |  train   | step=4877, pmove=0.53, energy=-47.2319-0.0042j
I | 06-14 13:00:55 |  train   | step=4878, pmove=0.53, energy=-47.1914-0.0026j
I | 06-14 13:00:56 |  train   | step=4879, pmove=0.53, energy=-47.2356-0.0023j
I | 06-14 13:00:57 |  train   | step=4880, pmove=0.53, energy=-47.2171+0.0023j
I | 06-14 13:00:57 |  train   | step=4881, pmove=0.53, energy=-47.2149-0.0060j
I | 06-14 13:00:58 |  train   | step=4882, pmove=0.53, energy=-47.2197-0.0002j
I | 06-14 13:00:58 |  train   | step=4883, pmove=0.53, energy=-47.2031-0.0003j
I | 06-14 13:00:59 |  train   | step=4884, pmove=0.53, energy=-47.2309+0.0004j
I | 06-14 13:01:00 |  train   | step=4885, pmove=0.53, energy=-47.2310-0.0014j
I | 06-14 13:01:00 |  train   | step=4886, pmove=0.53, energy=-47.2319-0.0007j
I | 06-14 13:01:01 |  train   | step=4887, pmove=0.53, energy=-47.2171-0.0005j
I | 06-14 13:01:02 |  train   | step=4888, pmove=0.53, energy=-47.2314-0.0022j
I | 06-14 13:01:02 |  train   | step=4889, pmove=0.53, energy=-47.2099+0.0039j
I | 06-14 13:01:03 |  train   | step=4890, pmove=0.53, energy=-47.2104+0.0045j
I | 06-14 13:01:04 |  train   | step=4891, pmove=0.54, energy=-47.2125+0.0054j
I | 06-14 13:01:04 |  train   | step=4892, pmove=0.52, energy=-47.2014-0.0011j
I | 06-14 13:01:05 |  train   | step=4893, pmove=0.53, energy=-47.2558-0.0009j
I | 06-14 13:01:05 |  train   | step=4894, pmove=0.52, energy=-47.2340-0.0014j
I | 06-14 13:01:06 |  train   | step=4895, pmove=0.53, energy=-47.2062+0.0022j
I | 06-14 13:01:07 |  train   | step=4896, pmove=0.53, energy=-47.2340-0.0030j
I | 06-14 13:01:07 |  train   | step=4897, pmove=0.53, energy=-47.2103-0.0028j
I | 06-14 13:01:08 |  train   | step=4898, pmove=0.52, energy=-47.2109-0.0037j
I | 06-14 13:01:09 |  train   | step=4899, pmove=0.53, energy=-47.2282-0.0069j
I | 06-14 13:01:09 |  train   | step=4900, pmove=0.53, energy=-47.2161-0.0001j
I | 06-14 13:01:10 |  train   | step=4901, pmove=0.53, energy=-47.2128-0.0056j
I | 06-14 13:01:10 |  train   | step=4902, pmove=0.53, energy=-47.1954-0.0162j
I | 06-14 13:01:11 |  train   | step=4903, pmove=0.53, energy=-47.1959+0.0019j
I | 06-14 13:01:12 |  train   | step=4904, pmove=0.53, energy=-47.2025-0.0026j
I | 06-14 13:01:12 |  train   | step=4905, pmove=0.53, energy=-47.2136+0.0001j
I | 06-14 13:01:13 |  train   | step=4906, pmove=0.53, energy=-47.2193+0.0026j
I | 06-14 13:01:14 |  train   | step=4907, pmove=0.53, energy=-47.2381-0.0002j
I | 06-14 13:01:14 |  train   | step=4908, pmove=0.53, energy=-47.2346-0.0005j
I | 06-14 13:01:15 |  train   | step=4909, pmove=0.53, energy=-47.1978+0.0001j
I | 06-14 13:01:16 |  train   | step=4910, pmove=0.53, energy=-47.2184-0.0006j
I | 06-14 13:01:16 |  train   | step=4911, pmove=0.53, energy=-47.2195-0.0027j
I | 06-14 13:01:17 |  train   | step=4912, pmove=0.53, energy=-47.2043-0.0015j
I | 06-14 13:01:17 |  train   | step=4913, pmove=0.53, energy=-47.2568+0.0079j
I | 06-14 13:01:18 |  train   | step=4914, pmove=0.53, energy=-47.2191+0.0003j
I | 06-14 13:01:19 |  train   | step=4915, pmove=0.53, energy=-47.2448-0.0031j
I | 06-14 13:01:19 |  train   | step=4916, pmove=0.53, energy=-47.2307-0.0019j
I | 06-14 13:01:20 |  train   | step=4917, pmove=0.52, energy=-47.2304+0.0008j
I | 06-14 13:01:21 |  train   | step=4918, pmove=0.53, energy=-47.2275-0.0012j
I | 06-14 13:01:21 |  train   | step=4919, pmove=0.53, energy=-47.2319+0.0036j
I | 06-14 13:01:22 |  train   | step=4920, pmove=0.53, energy=-47.1732+0.0001j
I | 06-14 13:01:23 |  train   | step=4921, pmove=0.53, energy=-47.2188+0.0065j
I | 06-14 13:01:23 |  train   | step=4922, pmove=0.53, energy=-47.2307-0.0015j
I | 06-14 13:01:24 |  train   | step=4923, pmove=0.52, energy=-47.2099+0.0070j
I | 06-14 13:01:24 |  train   | step=4924, pmove=0.53, energy=-47.2257+0.0029j
I | 06-14 13:01:25 |  train   | step=4925, pmove=0.52, energy=-47.2200-0.0025j
I | 06-14 13:01:26 |  train   | step=4926, pmove=0.53, energy=-47.2245+0.0026j
I | 06-14 13:01:26 |  train   | step=4927, pmove=0.53, energy=-47.2229-0.0002j
I | 06-14 13:01:27 |  train   | step=4928, pmove=0.52, energy=-47.2262-0.0024j
I | 06-14 13:01:28 |  train   | step=4929, pmove=0.53, energy=-47.2205-0.0041j
I | 06-14 13:01:28 |  train   | step=4930, pmove=0.53, energy=-47.2245+0.0076j
I | 06-14 13:01:29 |  train   | step=4931, pmove=0.53, energy=-47.2244+0.0008j
I | 06-14 13:01:30 |  train   | step=4932, pmove=0.53, energy=-47.2299+0.0023j
I | 06-14 13:01:30 |  train   | step=4933, pmove=0.53, energy=-47.2336-0.0012j
I | 06-14 13:01:31 |  train   | step=4934, pmove=0.53, energy=-47.2177-0.0017j
I | 06-14 13:01:31 |  train   | step=4935, pmove=0.53, energy=-47.2433-0.0074j
I | 06-14 13:01:32 |  train   | step=4936, pmove=0.53, energy=-47.2200+0.0030j
I | 06-14 13:01:33 |  train   | step=4937, pmove=0.53, energy=-47.2314-0.0006j
I | 06-14 13:01:33 |  train   | step=4938, pmove=0.52, energy=-47.2209+0.0041j
I | 06-14 13:01:34 |  train   | step=4939, pmove=0.52, energy=-47.2015+0.0019j
I | 06-14 13:01:35 |  train   | step=4940, pmove=0.52, energy=-47.2466+0.0051j
I | 06-14 13:01:35 |  train   | step=4941, pmove=0.53, energy=-47.2199-0.0019j
I | 06-14 13:01:36 |  train   | step=4942, pmove=0.52, energy=-47.2357+0.0008j
I | 06-14 13:01:37 |  train   | step=4943, pmove=0.53, energy=-47.2057+0.0003j
I | 06-14 13:01:37 |  train   | step=4944, pmove=0.53, energy=-47.2566-0.0020j
I | 06-14 13:01:38 |  train   | step=4945, pmove=0.53, energy=-47.2391+0.0071j
I | 06-14 13:01:38 |  train   | step=4946, pmove=0.52, energy=-47.2508-0.0042j
I | 06-14 13:01:39 |  train   | step=4947, pmove=0.53, energy=-47.2041-0.0011j
I | 06-14 13:01:40 |  train   | step=4948, pmove=0.52, energy=-47.2257+0.0007j
I | 06-14 13:01:40 |  train   | step=4949, pmove=0.53, energy=-47.2229+0.0003j
I | 06-14 13:01:41 |  train   | step=4950, pmove=0.52, energy=-47.2391-0.0021j
I | 06-14 13:01:42 |  train   | step=4951, pmove=0.53, energy=-47.2115-0.0001j
I | 06-14 13:01:42 |  train   | step=4952, pmove=0.53, energy=-47.2253+0.0052j
I | 06-14 13:01:43 |  train   | step=4953, pmove=0.53, energy=-47.2169+0.0001j
I | 06-14 13:01:43 |  train   | step=4954, pmove=0.53, energy=-47.2375+0.0002j
I | 06-14 13:01:44 |  train   | step=4955, pmove=0.53, energy=-47.2127+0.0005j
I | 06-14 13:01:45 |  train   | step=4956, pmove=0.53, energy=-47.2426-0.0017j
I | 06-14 13:01:45 |  train   | step=4957, pmove=0.53, energy=-47.2168+0.0031j
I | 06-14 13:01:46 |  train   | step=4958, pmove=0.53, energy=-47.2158-0.0030j
I | 06-14 13:01:47 |  train   | step=4959, pmove=0.53, energy=-47.2278+0.0016j
I | 06-14 13:01:47 |  train   | step=4960, pmove=0.52, energy=-47.2237-0.0024j
I | 06-14 13:01:48 |  train   | step=4961, pmove=0.53, energy=-47.2138-0.0023j
I | 06-14 13:01:49 |  train   | step=4962, pmove=0.53, energy=-47.2181+0.0016j
I | 06-14 13:01:49 |  train   | step=4963, pmove=0.53, energy=-47.2409-0.0006j
I | 06-14 13:01:50 |  train   | step=4964, pmove=0.53, energy=-47.2128+0.0010j
I | 06-14 13:01:50 |  train   | step=4965, pmove=0.52, energy=-47.2436-0.0006j
I | 06-14 13:01:51 |  train   | step=4966, pmove=0.53, energy=-47.2137-0.0013j
I | 06-14 13:01:52 |  train   | step=4967, pmove=0.52, energy=-47.2527-0.0006j
I | 06-14 13:01:52 |  train   | step=4968, pmove=0.53, energy=-47.2496-0.0032j
I | 06-14 13:01:53 |  train   | step=4969, pmove=0.53, energy=-47.2256-0.0016j
I | 06-14 13:01:54 |  train   | step=4970, pmove=0.52, energy=-47.2388-0.0018j
I | 06-14 13:01:54 |  train   | step=4971, pmove=0.53, energy=-47.2144+0.0035j
I | 06-14 13:01:55 |  train   | step=4972, pmove=0.53, energy=-47.2565+0.0048j
I | 06-14 13:01:56 |  train   | step=4973, pmove=0.53, energy=-47.2177-0.0018j
I | 06-14 13:01:56 |  train   | step=4974, pmove=0.53, energy=-47.2223-0.0024j
I | 06-14 13:01:57 |  train   | step=4975, pmove=0.53, energy=-47.2099-0.0039j
I | 06-14 13:01:57 |  train   | step=4976, pmove=0.53, energy=-47.2289-0.0032j
I | 06-14 13:01:58 |  train   | step=4977, pmove=0.53, energy=-47.2054-0.0006j
I | 06-14 13:01:59 |  train   | step=4978, pmove=0.53, energy=-47.2308-0.0025j
I | 06-14 13:01:59 |  train   | step=4979, pmove=0.53, energy=-47.2186+0.0046j
I | 06-14 13:02:00 |  train   | step=4980, pmove=0.53, energy=-47.2300-0.0009j
I | 06-14 13:02:01 |  train   | step=4981, pmove=0.53, energy=-47.2223-0.0062j
I | 06-14 13:02:01 |  train   | step=4982, pmove=0.52, energy=-47.2182+0.0002j
I | 06-14 13:02:02 |  train   | step=4983, pmove=0.53, energy=-47.2191+0.0040j
I | 06-14 13:02:03 |  train   | step=4984, pmove=0.53, energy=-47.2207+0.0020j
I | 06-14 13:02:03 |  train   | step=4985, pmove=0.53, energy=-47.2183-0.0002j
I | 06-14 13:02:04 |  train   | step=4986, pmove=0.53, energy=-47.2077-0.0010j
I | 06-14 13:02:04 |  train   | step=4987, pmove=0.53, energy=-47.2235-0.0056j
I | 06-14 13:02:05 |  train   | step=4988, pmove=0.53, energy=-47.2166+0.0017j
I | 06-14 13:02:06 |  train   | step=4989, pmove=0.53, energy=-47.2147-0.0002j
I | 06-14 13:02:06 |  train   | step=4990, pmove=0.53, energy=-47.2121+0.0006j
I | 06-14 13:02:07 |  train   | step=4991, pmove=0.53, energy=-47.2319-0.0014j
I | 06-14 13:02:08 |  train   | step=4992, pmove=0.53, energy=-47.2341+0.0016j
I | 06-14 13:02:08 |  train   | step=4993, pmove=0.52, energy=-47.2075-0.0005j
I | 06-14 13:02:09 |  train   | step=4994, pmove=0.53, energy=-47.2366-0.0037j
I | 06-14 13:02:10 |  train   | step=4995, pmove=0.53, energy=-47.2071-0.0009j
I | 06-14 13:02:10 |  train   | step=4996, pmove=0.53, energy=-47.2146+0.0040j
I | 06-14 13:02:11 |  train   | step=4997, pmove=0.53, energy=-47.2401+0.0026j
I | 06-14 13:02:11 |  train   | step=4998, pmove=0.52, energy=-47.2187+0.0025j
I | 06-14 13:02:12 |  train   | step=4999, pmove=0.52, energy=-47.2316-0.0050j
I | 06-14 13:02:13 |checkpoint| Saving checkpoint /rds/user/jc2405/hpc-work/JaQMC/jaqmc/runs/sc_h_chain_3.78_spin_6_6/train_ckpt_004999.npz
I | 06-14 13:02:14 |  train   | step=5000, pmove=0.53, energy=-47.2339-0.0013j
I | 06-14 13:02:15 |  train   | step=5001, pmove=0.52, energy=-47.2143-0.0031j
I | 06-14 13:02:16 |  train   | step=5002, pmove=0.53, energy=-47.2220+0.0051j
I | 06-14 13:02:16 |  train   | step=5003, pmove=0.53, energy=-47.2156-0.0057j
I | 06-14 13:02:17 |  train   | step=5004, pmove=0.53, energy=-47.2310-0.0054j
I | 06-14 13:02:18 |  train   | step=5005, pmove=0.53, energy=-47.2359-0.0014j
I | 06-14 13:02:18 |  train   | step=5006, pmove=0.53, energy=-47.2260+0.0056j
I | 06-14 13:02:19 |  train   | step=5007, pmove=0.53, energy=-47.2146-0.0003j
I | 06-14 13:02:19 |  train   | step=5008, pmove=0.52, energy=-47.2186+0.0009j
I | 06-14 13:02:20 |  train   | step=5009, pmove=0.53, energy=-47.2134+0.0010j
I | 06-14 13:02:21 |  train   | step=5010, pmove=0.53, energy=-47.2326-0.0045j
I | 06-14 13:02:21 |  train   | step=5011, pmove=0.53, energy=-47.2365+0.0035j
I | 06-14 13:02:22 |  train   | step=5012, pmove=0.53, energy=-47.3199-0.0824j
I | 06-14 13:02:23 |  train   | step=5013, pmove=0.53, energy=-47.2550-0.0023j
I | 06-14 13:02:23 |  train   | step=5014, pmove=0.53, energy=-47.2319-0.0010j
I | 06-14 13:02:24 |  train   | step=5015, pmove=0.53, energy=-47.2256+0.0016j
I | 06-14 13:02:24 |  train   | step=5016, pmove=0.53, energy=-47.2306+0.0006j
I | 06-14 13:02:25 |  train   | step=5017, pmove=0.53, energy=-47.2413+0.0018j
I | 06-14 13:02:26 |  train   | step=5018, pmove=0.53, energy=-47.2228-0.0048j
I | 06-14 13:02:26 |  train   | step=5019, pmove=0.53, energy=-47.2181-0.0002j
I | 06-14 13:02:27 |  train   | step=5020, pmove=0.53, energy=-47.2459-0.0021j
I | 06-14 13:02:28 |  train   | step=5021, pmove=0.53, energy=-47.2268+0.0006j
I | 06-14 13:02:28 |  train   | step=5022, pmove=0.53, energy=-47.2113+0.0030j
I | 06-14 13:02:29 |  train   | step=5023, pmove=0.53, energy=-47.2310+0.0016j
I | 06-14 13:02:30 |  train   | step=5024, pmove=0.53, energy=-47.1950-0.0008j
I | 06-14 13:02:30 |  train   | step=5025, pmove=0.53, energy=-47.2010+0.0024j
I | 06-14 13:02:31 |  train   | step=5026, pmove=0.53, energy=-47.2192+0.0012j
I | 06-14 13:02:31 |  train   | step=5027, pmove=0.53, energy=-47.2152+0.0025j
I | 06-14 13:02:32 |  train   | step=5028, pmove=0.53, energy=-47.2182+0.0008j
I | 06-14 13:02:33 |  train   | step=5029, pmove=0.53, energy=-47.2606-0.0046j
I | 06-14 13:02:33 |  train   | step=5030, pmove=0.52, energy=-47.2368-0.0005j
I | 06-14 13:02:34 |  train   | step=5031, pmove=0.52, energy=-47.2509+0.0003j
I | 06-14 13:02:35 |  train   | step=5032, pmove=0.53, energy=-47.2367-0.0010j
I | 06-14 13:02:35 |  train   | step=5033, pmove=0.53, energy=-47.2219+0.0003j
I | 06-14 13:02:36 |  train   | step=5034, pmove=0.53, energy=-47.2298+0.0032j
I | 06-14 13:02:37 |  train   | step=5035, pmove=0.53, energy=-47.2168-0.0040j
I | 06-14 13:02:37 |  train   | step=5036, pmove=0.53, energy=-47.2270-0.0003j
I | 06-14 13:02:38 |  train   | step=5037, pmove=0.53, energy=-47.2250+0.0040j
I | 06-14 13:02:38 |  train   | step=5038, pmove=0.53, energy=-47.2223-0.0025j
I | 06-14 13:02:39 |  train   | step=5039, pmove=0.53, energy=-47.2352-0.0026j
I | 06-14 13:02:40 |  train   | step=5040, pmove=0.53, energy=-47.2133-0.0048j
I | 06-14 13:02:40 |  train   | step=5041, pmove=0.52, energy=-47.2428+0.0013j
I | 06-14 13:02:41 |  train   | step=5042, pmove=0.53, energy=-47.2337+0.0023j
I | 06-14 13:02:42 |  train   | step=5043, pmove=0.53, energy=-47.2304+0.0003j
I | 06-14 13:02:42 |  train   | step=5044, pmove=0.53, energy=-47.2290+0.0008j
I | 06-14 13:02:43 |  train   | step=5045, pmove=0.53, energy=-47.2277-0.0013j
I | 06-14 13:02:44 |  train   | step=5046, pmove=0.53, energy=-47.2323+0.0064j
I | 06-14 13:02:44 |  train   | step=5047, pmove=0.53, energy=-47.2556+0.0064j
I | 06-14 13:02:45 |  train   | step=5048, pmove=0.53, energy=-47.2039-0.0119j
I | 06-14 13:02:45 |  train   | step=5049, pmove=0.53, energy=-47.2062+0.0002j
I | 06-14 13:02:46 |  train   | step=5050, pmove=0.52, energy=-47.2451+0.0001j
I | 06-14 13:02:47 |  train   | step=5051, pmove=0.52, energy=-47.2353-0.0018j
I | 06-14 13:02:47 |  train   | step=5052, pmove=0.52, energy=-47.2216+0.0074j
I | 06-14 13:02:48 |  train   | step=5053, pmove=0.52, energy=-47.2296+0.0016j
I | 06-14 13:02:49 |  train   | step=5054, pmove=0.53, energy=-47.2411-0.0005j
I | 06-14 13:02:49 |  train   | step=5055, pmove=0.53, energy=-47.2062+0.0001j
I | 06-14 13:02:50 |  train   | step=5056, pmove=0.53, energy=-47.2178+0.0049j
I | 06-14 13:02:51 |  train   | step=5057, pmove=0.53, energy=-47.2436-0.0015j
I | 06-14 13:02:51 |  train   | step=5058, pmove=0.53, energy=-47.2134-0.0002j
I | 06-14 13:02:52 |  train   | step=5059, pmove=0.53, energy=-47.2065-0.0027j
I | 06-14 13:02:52 |  train   | step=5060, pmove=0.53, energy=-47.2396+0.0018j
I | 06-14 13:02:53 |  train   | step=5061, pmove=0.52, energy=-47.2368-0.0005j
I | 06-14 13:02:54 |  train   | step=5062, pmove=0.53, energy=-47.1977-0.0021j
I | 06-14 13:02:54 |  train   | step=5063, pmove=0.52, energy=-47.2201+0.0027j
I | 06-14 13:02:55 |  train   | step=5064, pmove=0.53, energy=-47.1916-0.0010j
I | 06-14 13:02:56 |  train   | step=5065, pmove=0.53, energy=-47.2370+0.0008j
I | 06-14 13:02:56 |  train   | step=5066, pmove=0.53, energy=-47.2399+0.0017j
I | 06-14 13:02:57 |  train   | step=5067, pmove=0.53, energy=-47.2332+0.0031j
I | 06-14 13:02:58 |  train   | step=5068, pmove=0.53, energy=-47.2344+0.0064j
I | 06-14 13:02:58 |  train   | step=5069, pmove=0.53, energy=-47.2179-0.0035j
I | 06-14 13:02:59 |  train   | step=5070, pmove=0.52, energy=-47.2223+0.0029j
I | 06-14 13:02:59 |  train   | step=5071, pmove=0.53, energy=-47.2176+0.0016j
I | 06-14 13:03:00 |  train   | step=5072, pmove=0.53, energy=-47.2230-0.0006j
I | 06-14 13:03:01 |  train   | step=5073, pmove=0.53, energy=-47.2253+0.0053j
I | 06-14 13:03:01 |  train   | step=5074, pmove=0.53, energy=-47.2297-0.0022j
I | 06-14 13:03:02 |  train   | step=5075, pmove=0.53, energy=-47.2163+0.0020j
I | 06-14 13:03:03 |  train   | step=5076, pmove=0.53, energy=-47.2154-0.0021j
I | 06-14 13:03:03 |  train   | step=5077, pmove=0.53, energy=-47.2360-0.0011j
I | 06-14 13:03:04 |  train   | step=5078, pmove=0.53, energy=-47.2141+0.0034j
I | 06-14 13:03:05 |  train   | step=5079, pmove=0.53, energy=-47.2172-0.0009j
I | 06-14 13:03:05 |  train   | step=5080, pmove=0.53, energy=-47.2256+0.0025j
I | 06-14 13:03:06 |  train   | step=5081, pmove=0.52, energy=-47.2134-0.0006j
I | 06-14 13:03:06 |  train   | step=5082, pmove=0.53, energy=-47.2144+0.0010j
I | 06-14 13:03:07 |  train   | step=5083, pmove=0.52, energy=-47.2248-0.0007j
I | 06-14 13:03:08 |  train   | step=5084, pmove=0.53, energy=-47.2223-0.0005j
I | 06-14 13:03:08 |  train   | step=5085, pmove=0.53, energy=-47.2350-0.0023j
I | 06-14 13:03:09 |  train   | step=5086, pmove=0.53, energy=-47.2293-0.0085j
I | 06-14 13:03:10 |  train   | step=5087, pmove=0.52, energy=-47.2294+0.0005j
I | 06-14 13:03:10 |  train   | step=5088, pmove=0.52, energy=-47.2226-0.0001j
I | 06-14 13:03:11 |  train   | step=5089, pmove=0.52, energy=-47.2115-0.0022j
I | 06-14 13:03:11 |  train   | step=5090, pmove=0.53, energy=-47.2308+0.0024j
I | 06-14 13:03:12 |  train   | step=5091, pmove=0.53, energy=-47.2119+0.0014j
I | 06-14 13:03:13 |  train   | step=5092, pmove=0.53, energy=-47.2354-0.0007j
I | 06-14 13:03:13 |  train   | step=5093, pmove=0.53, energy=-47.2328+0.0002j
I | 06-14 13:03:14 |  train   | step=5094, pmove=0.52, energy=-47.2137+0.0023j
I | 06-14 13:03:15 |  train   | step=5095, pmove=0.53, energy=-47.2310+0.0002j
I | 06-14 13:03:15 |  train   | step=5096, pmove=0.53, energy=-47.2289-0.0012j
I | 06-14 13:03:16 |  train   | step=5097, pmove=0.52, energy=-47.2175-0.0009j
I | 06-14 13:03:17 |  train   | step=5098, pmove=0.53, energy=-47.2310+0.0024j
I | 06-14 13:03:17 |  train   | step=5099, pmove=0.52, energy=-47.2414-0.0028j
I | 06-14 13:03:18 |  train   | step=5100, pmove=0.53, energy=-47.2150-0.0052j
I | 06-14 13:03:18 |  train   | step=5101, pmove=0.53, energy=-47.2137+0.0052j
I | 06-14 13:03:19 |  train   | step=5102, pmove=0.53, energy=-47.2469+0.0018j
I | 06-14 13:03:20 |  train   | step=5103, pmove=0.53, energy=-47.2200-0.0006j
I | 06-14 13:03:20 |  train   | step=5104, pmove=0.53, energy=-47.2056+0.0012j
I | 06-14 13:03:21 |  train   | step=5105, pmove=0.53, energy=-47.2202-0.0001j
I | 06-14 13:03:22 |  train   | step=5106, pmove=0.53, energy=-47.2280-0.0013j
I | 06-14 13:03:22 |  train   | step=5107, pmove=0.53, energy=-47.2238+0.0019j
I | 06-14 13:03:23 |  train   | step=5108, pmove=0.52, energy=-47.2535-0.0097j
I | 06-14 13:03:24 |  train   | step=5109, pmove=0.52, energy=-47.2130-0.0024j
I | 06-14 13:03:24 |  train   | step=5110, pmove=0.52, energy=-47.2174+0.0002j
I | 06-14 13:03:25 |  train   | step=5111, pmove=0.53, energy=-47.2048-0.0025j
I | 06-14 13:03:25 |  train   | step=5112, pmove=0.53, energy=-47.2172+0.0014j
I | 06-14 13:03:26 |  train   | step=5113, pmove=0.52, energy=-47.2517+0.0019j
I | 06-14 13:03:27 |  train   | step=5114, pmove=0.52, energy=-47.2208+0.0001j
I | 06-14 13:03:27 |  train   | step=5115, pmove=0.52, energy=-47.2311+0.0012j
I | 06-14 13:03:28 |  train   | step=5116, pmove=0.53, energy=-47.2227+0.0022j
I | 06-14 13:03:29 |  train   | step=5117, pmove=0.53, energy=-47.2366+0.0024j
I | 06-14 13:03:29 |  train   | step=5118, pmove=0.53, energy=-47.2441+0.0030j
I | 06-14 13:03:30 |  train   | step=5119, pmove=0.53, energy=-47.2324-0.0021j
I | 06-14 13:03:31 |  train   | step=5120, pmove=0.53, energy=-47.2271-0.0007j
I | 06-14 13:03:31 |  train   | step=5121, pmove=0.53, energy=-47.2421+0.0046j
I | 06-14 13:03:32 |  train   | step=5122, pmove=0.53, energy=-47.2121+0.0019j
I | 06-14 13:03:32 |  train   | step=5123, pmove=0.53, energy=-47.2392-0.0040j
I | 06-14 13:03:33 |  train   | step=5124, pmove=0.53, energy=-47.2127-0.0036j
I | 06-14 13:03:34 |  train   | step=5125, pmove=0.52, energy=-47.2260-0.0046j
I | 06-14 13:03:34 |  train   | step=5126, pmove=0.53, energy=-47.2249+0.0013j
I | 06-14 13:03:35 |  train   | step=5127, pmove=0.53, energy=-47.2177+0.0024j
I | 06-14 13:03:36 |  train   | step=5128, pmove=0.53, energy=-47.2380-0.0006j
I | 06-14 13:03:36 |  train   | step=5129, pmove=0.52, energy=-47.2310+0.0032j
I | 06-14 13:03:37 |  train   | step=5130, pmove=0.53, energy=-47.2149-0.0016j
I | 06-14 13:03:38 |  train   | step=5131, pmove=0.52, energy=-47.2190-0.0016j
I | 06-14 13:03:38 |  train   | step=5132, pmove=0.53, energy=-47.2157-0.0036j
I | 06-14 13:03:39 |  train   | step=5133, pmove=0.53, energy=-47.2320+0.0012j
I | 06-14 13:03:39 |  train   | step=5134, pmove=0.53, energy=-47.2186-0.0001j
I | 06-14 13:03:40 |  train   | step=5135, pmove=0.53, energy=-47.2181+0.0026j
I | 06-14 13:03:41 |  train   | step=5136, pmove=0.53, energy=-47.2378+0.0031j
I | 06-14 13:03:41 |  train   | step=5137, pmove=0.53, energy=-47.2511-0.0023j
I | 06-14 13:03:42 |  train   | step=5138, pmove=0.53, energy=-47.2377+0.0021j
I | 06-14 13:03:43 |  train   | step=5139, pmove=0.52, energy=-47.2389+0.0037j
I | 06-14 13:03:43 |  train   | step=5140, pmove=0.53, energy=-47.2242+0.0034j
I | 06-14 13:03:44 |  train   | step=5141, pmove=0.53, energy=-47.2287+0.0012j
I | 06-14 13:03:44 |  train   | step=5142, pmove=0.53, energy=-47.2041-0.0007j
I | 06-14 13:03:45 |  train   | step=5143, pmove=0.53, energy=-47.2359-0.0002j
I | 06-14 13:03:46 |  train   | step=5144, pmove=0.53, energy=-47.2160-0.0031j
I | 06-14 13:03:46 |  train   | step=5145, pmove=0.53, energy=-47.2359+0.0003j
I | 06-14 13:03:47 |  train   | step=5146, pmove=0.53, energy=-47.2339-0.0018j
I | 06-14 13:03:48 |  train   | step=5147, pmove=0.52, energy=-47.2159+0.0024j
I | 06-14 13:03:48 |  train   | step=5148, pmove=0.52, energy=-47.2139-0.0010j
I | 06-14 13:03:49 |  train   | step=5149, pmove=0.53, energy=-47.2374-0.0063j
I | 06-14 13:03:50 |  train   | step=5150, pmove=0.53, energy=-47.2000-0.0065j
I | 06-14 13:03:50 |  train   | step=5151, pmove=0.53, energy=-47.2149-0.0032j
I | 06-14 13:03:51 |  train   | step=5152, pmove=0.52, energy=-47.2420-0.0010j
I | 06-14 13:03:51 |  train   | step=5153, pmove=0.53, energy=-47.2359+0.0023j
I | 06-14 13:03:52 |  train   | step=5154, pmove=0.52, energy=-47.2346-0.0038j
I | 06-14 13:03:53 |  train   | step=5155, pmove=0.53, energy=-47.2421-0.0022j
I | 06-14 13:03:53 |  train   | step=5156, pmove=0.53, energy=-47.2426+0.0018j
I | 06-14 13:03:54 |  train   | step=5157, pmove=0.52, energy=-47.2133-0.0004j
I | 06-14 13:03:55 |  train   | step=5158, pmove=0.52, energy=-47.2307+0.0025j
I | 06-14 13:03:55 |  train   | step=5159, pmove=0.52, energy=-47.1992+0.0001j
I | 06-14 13:03:56 |  train   | step=5160, pmove=0.53, energy=-47.2328+0.0037j
I | 06-14 13:03:57 |  train   | step=5161, pmove=0.53, energy=-47.2118-0.0060j
I | 06-14 13:03:57 |  train   | step=5162, pmove=0.53, energy=-47.2231+0.0076j
I | 06-14 13:03:58 |  train   | step=5163, pmove=0.53, energy=-47.2324+0.0026j
I | 06-14 13:03:58 |  train   | step=5164, pmove=0.53, energy=-47.2353+0.0034j
I | 06-14 13:03:59 |  train   | step=5165, pmove=0.53, energy=-47.2559-0.0198j
I | 06-14 13:04:00 |  train   | step=5166, pmove=0.53, energy=-47.2269+0.0011j
I | 06-14 13:04:00 |  train   | step=5167, pmove=0.53, energy=-47.2404+0.0005j
I | 06-14 13:04:01 |  train   | step=5168, pmove=0.52, energy=-47.2100-0.0007j
I | 06-14 13:04:02 |  train   | step=5169, pmove=0.52, energy=-47.2327-0.0063j
I | 06-14 13:04:02 |  train   | step=5170, pmove=0.53, energy=-47.2176-0.0028j
I | 06-14 13:04:03 |  train   | step=5171, pmove=0.53, energy=-47.2345-0.0002j
I | 06-14 13:04:04 |  train   | step=5172, pmove=0.52, energy=-47.2422-0.0001j
I | 06-14 13:04:04 |  train   | step=5173, pmove=0.53, energy=-47.2394-0.0030j
I | 06-14 13:04:05 |  train   | step=5174, pmove=0.53, energy=-47.2232-0.0027j
I | 06-14 13:04:05 |  train   | step=5175, pmove=0.52, energy=-47.2342+0.0002j
I | 06-14 13:04:06 |  train   | step=5176, pmove=0.52, energy=-47.2358+0.0004j
I | 06-14 13:04:07 |  train   | step=5177, pmove=0.52, energy=-47.2270+0.0003j
I | 06-14 13:04:07 |  train   | step=5178, pmove=0.52, energy=-47.2373+0.0029j
I | 06-14 13:04:08 |  train   | step=5179, pmove=0.53, energy=-47.2223+0.0027j
I | 06-14 13:04:09 |  train   | step=5180, pmove=0.53, energy=-47.2382+0.0002j
I | 06-14 13:04:09 |  train   | step=5181, pmove=0.53, energy=-47.2272+0.0003j
I | 06-14 13:04:10 |  train   | step=5182, pmove=0.53, energy=-47.2067-0.0056j
I | 06-14 13:04:11 |  train   | step=5183, pmove=0.52, energy=-47.2150-0.0025j
I | 06-14 13:04:11 |  train   | step=5184, pmove=0.53, energy=-47.2245-0.0037j
I | 06-14 13:04:12 |  train   | step=5185, pmove=0.52, energy=-47.2283-0.0004j
I | 06-14 13:04:12 |  train   | step=5186, pmove=0.53, energy=-47.2431-0.0018j
I | 06-14 13:04:13 |  train   | step=5187, pmove=0.52, energy=-47.2239-0.0074j
I | 06-14 13:04:14 |  train   | step=5188, pmove=0.53, energy=-47.2411+0.0013j
I | 06-14 13:04:14 |  train   | step=5189, pmove=0.53, energy=-47.2111+0.0019j
I | 06-14 13:04:15 |  train   | step=5190, pmove=0.53, energy=-47.2479-0.0086j
I | 06-14 13:04:16 |  train   | step=5191, pmove=0.53, energy=-47.2184+0.0039j
I | 06-14 13:04:16 |  train   | step=5192, pmove=0.53, energy=-47.2493-0.0029j
I | 06-14 13:04:17 |  train   | step=5193, pmove=0.53, energy=-47.2263+0.0016j
I | 06-14 13:04:17 |  train   | step=5194, pmove=0.53, energy=-47.2278+0.0058j
I | 06-14 13:04:18 |  train   | step=5195, pmove=0.53, energy=-47.2291-0.0007j
I | 06-14 13:04:19 |  train   | step=5196, pmove=0.53, energy=-47.2504+0.0011j
I | 06-14 13:04:19 |  train   | step=5197, pmove=0.53, energy=-47.2273-0.0042j
I | 06-14 13:04:20 |  train   | step=5198, pmove=0.53, energy=-47.2311+0.0033j
I | 06-14 13:04:21 |  train   | step=5199, pmove=0.53, energy=-47.2343-0.0000j
I | 06-14 13:04:21 |  train   | step=5200, pmove=0.53, energy=-47.2546-0.0001j
I | 06-14 13:04:22 |  train   | step=5201, pmove=0.53, energy=-47.2254+0.0014j
I | 06-14 13:04:23 |  train   | step=5202, pmove=0.53, energy=-47.2291+0.0022j
I | 06-14 13:04:23 |  train   | step=5203, pmove=0.53, energy=-47.2303-0.0008j
I | 06-14 13:04:24 |  train   | step=5204, pmove=0.53, energy=-47.2406-0.0095j
I | 06-14 13:04:24 |  train   | step=5205, pmove=0.53, energy=-47.2423+0.0037j
I | 06-14 13:04:25 |  train   | step=5206, pmove=0.53, energy=-47.2379+0.0033j
I | 06-14 13:04:26 |  train   | step=5207, pmove=0.52, energy=-47.2416+0.0020j
I | 06-14 13:04:26 |  train   | step=5208, pmove=0.52, energy=-47.2204-0.0004j
I | 06-14 13:04:27 |  train   | step=5209, pmove=0.53, energy=-47.2091+0.0031j
I | 06-14 13:04:28 |  train   | step=5210, pmove=0.53, energy=-47.2128+0.0020j
I | 06-14 13:04:28 |  train   | step=5211, pmove=0.53, energy=-47.2378+0.0020j
I | 06-14 13:04:29 |  train   | step=5212, pmove=0.53, energy=-47.2316+0.0020j
I | 06-14 13:04:30 |  train   | step=5213, pmove=0.52, energy=-47.2332-0.0029j
I | 06-14 13:04:30 |  train   | step=5214, pmove=0.53, energy=-47.2186-0.0011j
I | 06-14 13:04:31 |  train   | step=5215, pmove=0.53, energy=-47.2350-0.0080j
I | 06-14 13:04:31 |  train   | step=5216, pmove=0.53, energy=-47.2177-0.0019j
I | 06-14 13:04:32 |  train   | step=5217, pmove=0.53, energy=-47.2235-0.0079j
I | 06-14 13:04:33 |  train   | step=5218, pmove=0.53, energy=-47.2302+0.0018j
I | 06-14 13:04:33 |  train   | step=5219, pmove=0.53, energy=-47.2174-0.0009j
I | 06-14 13:04:34 |  train   | step=5220, pmove=0.52, energy=-47.2346+0.0015j
I | 06-14 13:04:35 |  train   | step=5221, pmove=0.53, energy=-47.2344+0.0025j
I | 06-14 13:04:35 |  train   | step=5222, pmove=0.53, energy=-47.2447+0.0004j
I | 06-14 13:04:36 |  train   | step=5223, pmove=0.53, energy=-47.2309+0.0020j
I | 06-14 13:04:37 |  train   | step=5224, pmove=0.53, energy=-47.2401+0.0024j
I | 06-14 13:04:37 |  train   | step=5225, pmove=0.52, energy=-47.2351-0.0058j
I | 06-14 13:04:38 |  train   | step=5226, pmove=0.53, energy=-47.2364+0.0005j
I | 06-14 13:04:38 |  train   | step=5227, pmove=0.53, energy=-47.2246-0.0009j
I | 06-14 13:04:39 |  train   | step=5228, pmove=0.52, energy=-47.2289-0.0038j
I | 06-14 13:04:40 |  train   | step=5229, pmove=0.53, energy=-47.2672+0.0121j
I | 06-14 13:04:40 |  train   | step=5230, pmove=0.53, energy=-47.2250+0.0060j
I | 06-14 13:04:41 |  train   | step=5231, pmove=0.53, energy=-47.2208+0.0045j
I | 06-14 13:04:42 |  train   | step=5232, pmove=0.53, energy=-47.2340-0.0005j
I | 06-14 13:04:42 |  train   | step=5233, pmove=0.53, energy=-47.2295+0.0029j
I | 06-14 13:04:43 |  train   | step=5234, pmove=0.52, energy=-47.2155-0.0009j
I | 06-14 13:04:44 |  train   | step=5235, pmove=0.53, energy=-47.2152+0.0018j
I | 06-14 13:04:44 |  train   | step=5236, pmove=0.53, energy=-47.2462-0.0102j
I | 06-14 13:04:45 |  train   | step=5237, pmove=0.53, energy=-47.2195+0.0000j
I | 06-14 13:04:45 |  train   | step=5238, pmove=0.52, energy=-47.2106-0.0023j
I | 06-14 13:04:46 |  train   | step=5239, pmove=0.52, energy=-47.2418+0.0052j
I | 06-14 13:04:47 |  train   | step=5240, pmove=0.53, energy=-47.2124+0.0008j
I | 06-14 13:04:47 |  train   | step=5241, pmove=0.52, energy=-47.2200-0.0032j
I | 06-14 13:04:48 |  train   | step=5242, pmove=0.53, energy=-47.2261-0.0033j
I | 06-14 13:04:49 |  train   | step=5243, pmove=0.53, energy=-47.2371+0.0002j
I | 06-14 13:04:49 |  train   | step=5244, pmove=0.53, energy=-47.2247-0.0026j
I | 06-14 13:04:50 |  train   | step=5245, pmove=0.53, energy=-47.2441+0.0004j
I | 06-14 13:04:50 |  train   | step=5246, pmove=0.53, energy=-47.2131-0.0030j
I | 06-14 13:04:51 |  train   | step=5247, pmove=0.53, energy=-47.2193+0.0010j
I | 06-14 13:04:52 |  train   | step=5248, pmove=0.53, energy=-47.2344-0.0008j
I | 06-14 13:04:52 |  train   | step=5249, pmove=0.53, energy=-47.2252+0.0003j
I | 06-14 13:04:53 |  train   | step=5250, pmove=0.53, energy=-47.2186-0.0024j
I | 06-14 13:04:54 |  train   | step=5251, pmove=0.53, energy=-47.2269+0.0007j
I | 06-14 13:04:54 |  train   | step=5252, pmove=0.53, energy=-47.2288+0.0003j
I | 06-14 13:04:55 |  train   | step=5253, pmove=0.52, energy=-47.2103+0.0055j
I | 06-14 13:04:56 |  train   | step=5254, pmove=0.53, energy=-47.2183+0.0063j
I | 06-14 13:04:56 |  train   | step=5255, pmove=0.53, energy=-47.2267-0.0005j
I | 06-14 13:04:57 |  train   | step=5256, pmove=0.52, energy=-47.2250+0.0015j
I | 06-14 13:04:57 |  train   | step=5257, pmove=0.52, energy=-47.2218-0.0039j
I | 06-14 13:04:58 |  train   | step=5258, pmove=0.53, energy=-47.2288+0.0016j
I | 06-14 13:04:59 |  train   | step=5259, pmove=0.53, energy=-47.2480+0.0025j
I | 06-14 13:04:59 |  train   | step=5260, pmove=0.53, energy=-47.1880+0.0021j
I | 06-14 13:05:00 |  train   | step=5261, pmove=0.52, energy=-47.2350+0.0017j
I | 06-14 13:05:01 |  train   | step=5262, pmove=0.53, energy=-47.2526-0.0043j
I | 06-14 13:05:01 |  train   | step=5263, pmove=0.53, energy=-47.2420+0.0001j
I | 06-14 13:05:02 |  train   | step=5264, pmove=0.53, energy=-47.2503+0.0061j
I | 06-14 13:05:03 |  train   | step=5265, pmove=0.53, energy=-47.2232+0.0009j
I | 06-14 13:05:03 |  train   | step=5266, pmove=0.53, energy=-47.2034-0.0011j
I | 06-14 13:05:04 |  train   | step=5267, pmove=0.53, energy=-47.2027+0.0012j
I | 06-14 13:05:04 |  train   | step=5268, pmove=0.53, energy=-47.2257+0.0004j
I | 06-14 13:05:05 |  train   | step=5269, pmove=0.52, energy=-47.2093-0.0030j
I | 06-14 13:05:06 |  train   | step=5270, pmove=0.53, energy=-47.2332+0.0025j
I | 06-14 13:05:06 |  train   | step=5271, pmove=0.52, energy=-47.2165+0.0022j
I | 06-14 13:05:07 |  train   | step=5272, pmove=0.52, energy=-47.2321+0.0029j
I | 06-14 13:05:08 |  train   | step=5273, pmove=0.53, energy=-47.2526+0.0011j
I | 06-14 13:05:08 |  train   | step=5274, pmove=0.53, energy=-47.2072-0.0016j
I | 06-14 13:05:09 |  train   | step=5275, pmove=0.53, energy=-47.2156+0.0052j
I | 06-14 13:05:10 |  train   | step=5276, pmove=0.53, energy=-47.2264-0.0003j
I | 06-14 13:05:10 |  train   | step=5277, pmove=0.52, energy=-47.2186+0.0033j
I | 06-14 13:05:11 |  train   | step=5278, pmove=0.53, energy=-47.2256+0.0015j
I | 06-14 13:05:11 |  train   | step=5279, pmove=0.53, energy=-47.2144+0.0001j
I | 06-14 13:05:12 |  train   | step=5280, pmove=0.52, energy=-47.2274-0.0027j
I | 06-14 13:05:13 |  train   | step=5281, pmove=0.53, energy=-47.2105+0.0003j
I | 06-14 13:05:13 |  train   | step=5282, pmove=0.52, energy=-47.2092-0.0038j
I | 06-14 13:05:14 |  train   | step=5283, pmove=0.52, energy=-47.2348-0.0019j
I | 06-14 13:05:15 |  train   | step=5284, pmove=0.52, energy=-47.2203-0.0020j
I | 06-14 13:05:15 |  train   | step=5285, pmove=0.53, energy=-47.1959-0.0014j
I | 06-14 13:05:16 |  train   | step=5286, pmove=0.53, energy=-47.2278-0.0058j
I | 06-14 13:05:17 |  train   | step=5287, pmove=0.53, energy=-47.2226-0.0028j
I | 06-14 13:05:17 |  train   | step=5288, pmove=0.52, energy=-47.2272-0.0015j
I | 06-14 13:05:18 |  train   | step=5289, pmove=0.52, energy=-47.2199-0.0044j
I | 06-14 13:05:18 |  train   | step=5290, pmove=0.52, energy=-47.2493+0.0006j
I | 06-14 13:05:19 |  train   | step=5291, pmove=0.53, energy=-47.2179-0.0025j
I | 06-14 13:05:20 |  train   | step=5292, pmove=0.53, energy=-47.2225+0.0002j
I | 06-14 13:05:20 |  train   | step=5293, pmove=0.53, energy=-47.2401+0.0007j
I | 06-14 13:05:21 |  train   | step=5294, pmove=0.53, energy=-47.2164-0.0030j
I | 06-14 13:05:22 |  train   | step=5295, pmove=0.53, energy=-47.2567-0.0018j
I | 06-14 13:05:22 |  train   | step=5296, pmove=0.52, energy=-47.2402-0.0043j
I | 06-14 13:05:23 |  train   | step=5297, pmove=0.53, energy=-47.2352-0.0048j
I | 06-14 13:05:23 |  train   | step=5298, pmove=0.53, energy=-47.2220-0.0036j
I | 06-14 13:05:24 |  train   | step=5299, pmove=0.53, energy=-47.2369-0.0004j
I | 06-14 13:05:25 |  train   | step=5300, pmove=0.53, energy=-47.2233-0.0020j
I | 06-14 13:05:25 |  train   | step=5301, pmove=0.53, energy=-47.2213+0.0004j
I | 06-14 13:05:26 |  train   | step=5302, pmove=0.53, energy=-47.1976+0.0038j
I | 06-14 13:05:27 |  train   | step=5303, pmove=0.53, energy=-47.2192+0.0003j
I | 06-14 13:05:27 |  train   | step=5304, pmove=0.53, energy=-47.2358-0.0008j
I | 06-14 13:05:28 |  train   | step=5305, pmove=0.52, energy=-47.2192+0.0030j
I | 06-14 13:05:29 |  train   | step=5306, pmove=0.53, energy=-47.2233-0.0051j
I | 06-14 13:05:29 |  train   | step=5307, pmove=0.52, energy=-47.2226+0.0004j
I | 06-14 13:05:30 |  train   | step=5308, pmove=0.53, energy=-47.2053-0.0052j
I | 06-14 13:05:30 |  train   | step=5309, pmove=0.52, energy=-47.2156+0.0005j
I | 06-14 13:05:31 |  train   | step=5310, pmove=0.53, energy=-47.1951-0.0009j
I | 06-14 13:05:32 |  train   | step=5311, pmove=0.53, energy=-47.2198+0.0045j
I | 06-14 13:05:32 |  train   | step=5312, pmove=0.53, energy=-47.2316+0.0023j
I | 06-14 13:05:33 |  train   | step=5313, pmove=0.53, energy=-47.2333+0.0066j
I | 06-14 13:05:34 |  train   | step=5314, pmove=0.52, energy=-47.2405-0.0015j
I | 06-14 13:05:34 |  train   | step=5315, pmove=0.53, energy=-47.2214+0.0039j
I | 06-14 13:05:35 |  train   | step=5316, pmove=0.53, energy=-47.2264+0.0007j
I | 06-14 13:05:36 |  train   | step=5317, pmove=0.52, energy=-47.2371-0.0034j
I | 06-14 13:05:36 |  train   | step=5318, pmove=0.52, energy=-47.2110-0.0008j
I | 06-14 13:05:37 |  train   | step=5319, pmove=0.53, energy=-47.2314-0.0033j
I | 06-14 13:05:38 |  train   | step=5320, pmove=0.53, energy=-47.2240+0.0041j
I | 06-14 13:05:38 |  train   | step=5321, pmove=0.53, energy=-47.2387+0.0059j
I | 06-14 13:05:39 |  train   | step=5322, pmove=0.53, energy=-47.2380-0.0054j
I | 06-14 13:05:39 |  train   | step=5323, pmove=0.53, energy=-47.2515-0.0016j
I | 06-14 13:05:40 |  train   | step=5324, pmove=0.53, energy=-47.2366-0.0034j
I | 06-14 13:05:41 |  train   | step=5325, pmove=0.53, energy=-47.2402+0.0044j
I | 06-14 13:05:41 |  train   | step=5326, pmove=0.53, energy=-47.2376-0.0030j
I | 06-14 13:05:42 |  train   | step=5327, pmove=0.53, energy=-47.2395+0.0019j
I | 06-14 13:05:43 |  train   | step=5328, pmove=0.53, energy=-47.2246+0.0025j
I | 06-14 13:05:43 |  train   | step=5329, pmove=0.53, energy=-47.2375-0.0026j
I | 06-14 13:05:44 |  train   | step=5330, pmove=0.53, energy=-47.2442-0.0038j
I | 06-14 13:05:45 |  train   | step=5331, pmove=0.53, energy=-47.2220-0.0069j
I | 06-14 13:05:45 |  train   | step=5332, pmove=0.53, energy=-47.2295-0.0039j
I | 06-14 13:05:46 |  train   | step=5333, pmove=0.53, energy=-47.2355+0.0111j
I | 06-14 13:05:47 |  train   | step=5334, pmove=0.53, energy=-47.2407+0.0009j
I | 06-14 13:05:47 |  train   | step=5335, pmove=0.53, energy=-47.1968+0.0042j
I | 06-14 13:05:48 |  train   | step=5336, pmove=0.53, energy=-47.1983+0.0004j
I | 06-14 13:05:48 |  train   | step=5337, pmove=0.52, energy=-47.2335+0.0080j
I | 06-14 13:05:49 |  train   | step=5338, pmove=0.53, energy=-47.2576+0.0017j
I | 06-14 13:05:50 |  train   | step=5339, pmove=0.52, energy=-47.2298+0.0069j
I | 06-14 13:05:50 |  train   | step=5340, pmove=0.52, energy=-47.2320+0.0028j
I | 06-14 13:05:51 |  train   | step=5341, pmove=0.53, energy=-47.2304+0.0031j
I | 06-14 13:05:52 |  train   | step=5342, pmove=0.53, energy=-47.2264+0.0014j
I | 06-14 13:05:52 |  train   | step=5343, pmove=0.53, energy=-47.2348+0.0014j
I | 06-14 13:05:53 |  train   | step=5344, pmove=0.53, energy=-47.2283+0.0008j
I | 06-14 13:05:54 |  train   | step=5345, pmove=0.52, energy=-47.2248+0.0056j
I | 06-14 13:05:54 |  train   | step=5346, pmove=0.53, energy=-47.2051-0.0010j
I | 06-14 13:05:55 |  train   | step=5347, pmove=0.53, energy=-47.2017-0.0017j
I | 06-14 13:05:55 |  train   | step=5348, pmove=0.53, energy=-47.2330-0.0009j
I | 06-14 13:05:56 |  train   | step=5349, pmove=0.53, energy=-47.2175-0.0000j
I | 06-14 13:05:57 |  train   | step=5350, pmove=0.52, energy=-47.2220-0.0003j
I | 06-14 13:05:57 |  train   | step=5351, pmove=0.53, energy=-47.2243+0.0020j
I | 06-14 13:05:58 |  train   | step=5352, pmove=0.53, energy=-47.2328-0.0043j
I | 06-14 13:05:59 |  train   | step=5353, pmove=0.53, energy=-47.2390+0.0006j
I | 06-14 13:05:59 |  train   | step=5354, pmove=0.53, energy=-47.2237+0.0006j
I | 06-14 13:06:00 |  train   | step=5355, pmove=0.53, energy=-47.1984+0.0001j
I | 06-14 13:06:01 |  train   | step=5356, pmove=0.53, energy=-47.2188+0.0010j
I | 06-14 13:06:01 |  train   | step=5357, pmove=0.52, energy=-47.2343+0.0065j
I | 06-14 13:06:02 |  train   | step=5358, pmove=0.53, energy=-47.2482-0.0011j
I | 06-14 13:06:03 |  train   | step=5359, pmove=0.53, energy=-47.2368+0.0028j
I | 06-14 13:06:03 |  train   | step=5360, pmove=0.53, energy=-47.1976-0.0035j
I | 06-14 13:06:04 |  train   | step=5361, pmove=0.52, energy=-47.2102+0.0027j
I | 06-14 13:06:04 |  train   | step=5362, pmove=0.53, energy=-47.2279+0.0062j
I | 06-14 13:06:05 |  train   | step=5363, pmove=0.53, energy=-47.2394+0.0001j
I | 06-14 13:06:06 |  train   | step=5364, pmove=0.52, energy=-47.2126+0.0027j
I | 06-14 13:06:06 |  train   | step=5365, pmove=0.52, energy=-47.2358+0.0022j
I | 06-14 13:06:07 |  train   | step=5366, pmove=0.53, energy=-47.2021-0.0040j
I | 06-14 13:06:08 |  train   | step=5367, pmove=0.53, energy=-47.2335-0.0004j
I | 06-14 13:06:08 |  train   | step=5368, pmove=0.53, energy=-47.2223-0.0011j
I | 06-14 13:06:09 |  train   | step=5369, pmove=0.53, energy=-47.2126+0.0026j
I | 06-14 13:06:09 |  train   | step=5370, pmove=0.53, energy=-47.2392+0.0057j
I | 06-14 13:06:10 |  train   | step=5371, pmove=0.52, energy=-47.2336+0.0015j
I | 06-14 13:06:11 |  train   | step=5372, pmove=0.53, energy=-47.2032-0.0022j
I | 06-14 13:06:11 |  train   | step=5373, pmove=0.53, energy=-47.1986+0.0003j
I | 06-14 13:06:12 |  train   | step=5374, pmove=0.53, energy=-47.2053+0.0020j
I | 06-14 13:06:13 |  train   | step=5375, pmove=0.53, energy=-47.2307+0.0034j
I | 06-14 13:06:13 |  train   | step=5376, pmove=0.52, energy=-47.2196-0.0018j
I | 06-14 13:06:14 |  train   | step=5377, pmove=0.53, energy=-47.2077-0.0045j
I | 06-14 13:06:15 |  train   | step=5378, pmove=0.53, energy=-47.2322-0.0009j
I | 06-14 13:06:15 |  train   | step=5379, pmove=0.53, energy=-47.2293-0.0010j
I | 06-14 13:06:16 |  train   | step=5380, pmove=0.53, energy=-47.2156+0.0031j
I | 06-14 13:06:16 |  train   | step=5381, pmove=0.53, energy=-47.2274+0.0078j
I | 06-14 13:06:17 |  train   | step=5382, pmove=0.52, energy=-47.2350-0.0016j
I | 06-14 13:06:18 |  train   | step=5383, pmove=0.53, energy=-47.2369+0.0087j
I | 06-14 13:06:18 |  train   | step=5384, pmove=0.53, energy=-47.2299-0.0029j
I | 06-14 13:06:19 |  train   | step=5385, pmove=0.53, energy=-47.2291-0.0092j
I | 06-14 13:06:20 |  train   | step=5386, pmove=0.53, energy=-47.2292-0.0014j
I | 06-14 13:06:20 |  train   | step=5387, pmove=0.53, energy=-47.2371+0.0024j
I | 06-14 13:06:21 |  train   | step=5388, pmove=0.53, energy=-47.2187+0.0015j
I | 06-14 13:06:22 |  train   | step=5389, pmove=0.52, energy=-47.2161-0.0030j
I | 06-14 13:06:22 |  train   | step=5390, pmove=0.53, energy=-47.2124-0.0022j
I | 06-14 13:06:23 |  train   | step=5391, pmove=0.53, energy=-47.2282+0.0067j
I | 06-14 13:06:23 |  train   | step=5392, pmove=0.53, energy=-47.2252+0.0013j
I | 06-14 13:06:24 |  train   | step=5393, pmove=0.53, energy=-47.2108-0.0024j
I | 06-14 13:06:25 |  train   | step=5394, pmove=0.52, energy=-47.2354+0.0004j
I | 06-14 13:06:25 |  train   | step=5395, pmove=0.53, energy=-47.2198-0.0010j
I | 06-14 13:06:26 |  train   | step=5396, pmove=0.52, energy=-47.2325+0.0017j
I | 06-14 13:06:27 |  train   | step=5397, pmove=0.53, energy=-47.2322-0.0002j
I | 06-14 13:06:27 |  train   | step=5398, pmove=0.52, energy=-47.2421-0.0008j
I | 06-14 13:06:28 |  train   | step=5399, pmove=0.53, energy=-47.1999+0.0026j
I | 06-14 13:06:29 |  train   | step=5400, pmove=0.53, energy=-47.1978-0.0014j
I | 06-14 13:06:29 |  train   | step=5401, pmove=0.53, energy=-47.2539+0.0010j
I | 06-14 13:06:30 |  train   | step=5402, pmove=0.53, energy=-47.2385+0.0027j
I | 06-14 13:06:30 |  train   | step=5403, pmove=0.53, energy=-47.2194+0.0010j
I | 06-14 13:06:31 |  train   | step=5404, pmove=0.53, energy=-47.2321+0.0003j
I | 06-14 13:06:32 |  train   | step=5405, pmove=0.53, energy=-47.2382-0.0020j
I | 06-14 13:06:32 |  train   | step=5406, pmove=0.53, energy=-47.2283+0.0004j
I | 06-14 13:06:33 |  train   | step=5407, pmove=0.53, energy=-47.2289+0.0025j
I | 06-14 13:06:34 |  train   | step=5408, pmove=0.53, energy=-47.2331+0.0004j
I | 06-14 13:06:34 |  train   | step=5409, pmove=0.52, energy=-47.2352+0.0020j
I | 06-14 13:06:35 |  train   | step=5410, pmove=0.52, energy=-47.2259-0.0040j
I | 06-14 13:06:36 |  train   | step=5411, pmove=0.53, energy=-47.2365-0.0027j
I | 06-14 13:06:36 |  train   | step=5412, pmove=0.53, energy=-47.2265-0.0014j
I | 06-14 13:06:37 |  train   | step=5413, pmove=0.52, energy=-47.2429-0.0012j
I | 06-14 13:06:37 |  train   | step=5414, pmove=0.52, energy=-47.2280-0.0047j
I | 06-14 13:06:38 |  train   | step=5415, pmove=0.52, energy=-47.2241-0.0004j
I | 06-14 13:06:39 |  train   | step=5416, pmove=0.53, energy=-47.2346-0.0025j
I | 06-14 13:06:39 |  train   | step=5417, pmove=0.53, energy=-47.2380-0.0038j
I | 06-14 13:06:40 |  train   | step=5418, pmove=0.53, energy=-47.2314-0.0021j
I | 06-14 13:06:41 |  train   | step=5419, pmove=0.53, energy=-47.2452-0.0001j
I | 06-14 13:06:41 |  train   | step=5420, pmove=0.53, energy=-47.2280-0.0011j
I | 06-14 13:06:42 |  train   | step=5421, pmove=0.53, energy=-47.2060-0.0012j
I | 06-14 13:06:42 |  train   | step=5422, pmove=0.53, energy=-47.2340-0.0006j
I | 06-14 13:06:43 |  train   | step=5423, pmove=0.52, energy=-47.2411-0.0006j
I | 06-14 13:06:44 |  train   | step=5424, pmove=0.53, energy=-47.2381-0.0016j
I | 06-14 13:06:44 |  train   | step=5425, pmove=0.53, energy=-47.2211+0.0025j
I | 06-14 13:06:45 |  train   | step=5426, pmove=0.53, energy=-47.2538-0.0001j
I | 06-14 13:06:46 |  train   | step=5427, pmove=0.53, energy=-47.2188+0.0021j
I | 06-14 13:06:46 |  train   | step=5428, pmove=0.53, energy=-47.2145+0.0007j
I | 06-14 13:06:47 |  train   | step=5429, pmove=0.53, energy=-47.2118+0.0042j
I | 06-14 13:06:48 |  train   | step=5430, pmove=0.52, energy=-47.2171+0.0002j
I | 06-14 13:06:48 |  train   | step=5431, pmove=0.53, energy=-47.2294+0.0042j
I | 06-14 13:06:49 |  train   | step=5432, pmove=0.53, energy=-47.2271-0.0020j
I | 06-14 13:06:49 |  train   | step=5433, pmove=0.53, energy=-47.2366-0.0008j
I | 06-14 13:06:50 |  train   | step=5434, pmove=0.53, energy=-47.2344-0.0010j
I | 06-14 13:06:51 |  train   | step=5435, pmove=0.53, energy=-47.1929-0.0019j
I | 06-14 13:06:51 |  train   | step=5436, pmove=0.52, energy=-47.2447-0.0023j
I | 06-14 13:06:52 |  train   | step=5437, pmove=0.52, energy=-47.2159-0.0027j
I | 06-14 13:06:53 |  train   | step=5438, pmove=0.53, energy=-47.2209+0.0012j
I | 06-14 13:06:53 |  train   | step=5439, pmove=0.52, energy=-47.1914+0.0084j
I | 06-14 13:06:54 |  train   | step=5440, pmove=0.52, energy=-47.1951-0.0008j
I | 06-14 13:06:55 |  train   | step=5441, pmove=0.53, energy=-47.2001+0.0029j
I | 06-14 13:06:55 |  train   | step=5442, pmove=0.53, energy=-47.2202-0.0008j
I | 06-14 13:06:56 |  train   | step=5443, pmove=0.53, energy=-47.2269+0.0007j
I | 06-14 13:06:56 |  train   | step=5444, pmove=0.53, energy=-47.2351-0.0016j
I | 06-14 13:06:57 |  train   | step=5445, pmove=0.52, energy=-47.2362+0.0015j
I | 06-14 13:06:58 |  train   | step=5446, pmove=0.53, energy=-47.2195-0.0061j
I | 06-14 13:06:58 |  train   | step=5447, pmove=0.53, energy=-47.2288-0.0005j
I | 06-14 13:06:59 |  train   | step=5448, pmove=0.53, energy=-47.2307+0.0027j
I | 06-14 13:07:00 |  train   | step=5449, pmove=0.53, energy=-47.2463+0.0015j
I | 06-14 13:07:00 |  train   | step=5450, pmove=0.53, energy=-47.2202-0.0010j
I | 06-14 13:07:01 |  train   | step=5451, pmove=0.53, energy=-47.2338+0.0028j
I | 06-14 13:07:02 |  train   | step=5452, pmove=0.52, energy=-47.2225+0.0025j
I | 06-14 13:07:02 |  train   | step=5453, pmove=0.53, energy=-47.2309+0.0007j
I | 06-14 13:07:03 |  train   | step=5454, pmove=0.52, energy=-47.2265+0.0024j
I | 06-14 13:07:03 |  train   | step=5455, pmove=0.53, energy=-47.2099+0.0058j
I | 06-14 13:07:04 |  train   | step=5456, pmove=0.53, energy=-47.2131-0.0014j
I | 06-14 13:07:05 |  train   | step=5457, pmove=0.53, energy=-47.2232-0.0012j
I | 06-14 13:07:05 |  train   | step=5458, pmove=0.52, energy=-47.2216+0.0011j
I | 06-14 13:07:06 |  train   | step=5459, pmove=0.52, energy=-47.2298-0.0045j
I | 06-14 13:07:07 |  train   | step=5460, pmove=0.52, energy=-47.2267-0.0024j
I | 06-14 13:07:07 |  train   | step=5461, pmove=0.53, energy=-47.2145-0.0010j
I | 06-14 13:07:08 |  train   | step=5462, pmove=0.53, energy=-47.2338-0.0012j
I | 06-14 13:07:09 |  train   | step=5463, pmove=0.53, energy=-47.2149-0.0056j
I | 06-14 13:07:09 |  train   | step=5464, pmove=0.52, energy=-47.2306-0.0026j
I | 06-14 13:07:10 |  train   | step=5465, pmove=0.52, energy=-47.2051+0.0046j
I | 06-14 13:07:10 |  train   | step=5466, pmove=0.53, energy=-47.2294+0.0005j
I | 06-14 13:07:11 |  train   | step=5467, pmove=0.53, energy=-47.2357+0.0015j
I | 06-14 13:07:12 |  train   | step=5468, pmove=0.52, energy=-47.2222-0.0012j
I | 06-14 13:07:12 |  train   | step=5469, pmove=0.53, energy=-47.2222+0.0023j
I | 06-14 13:07:13 |  train   | step=5470, pmove=0.53, energy=-47.2182-0.0122j
I | 06-14 13:07:14 |  train   | step=5471, pmove=0.53, energy=-47.2457-0.0006j
I | 06-14 13:07:14 |  train   | step=5472, pmove=0.53, energy=-47.2436-0.0009j
I | 06-14 13:07:15 |  train   | step=5473, pmove=0.53, energy=-47.2382-0.0035j
I | 06-14 13:07:15 |  train   | step=5474, pmove=0.53, energy=-47.2215-0.0018j
I | 06-14 13:07:16 |  train   | step=5475, pmove=0.53, energy=-47.2312-0.0002j
I | 06-14 13:07:17 |  train   | step=5476, pmove=0.53, energy=-47.2195-0.0033j
I | 06-14 13:07:17 |  train   | step=5477, pmove=0.53, energy=-47.2262+0.0008j
I | 06-14 13:07:18 |  train   | step=5478, pmove=0.53, energy=-47.2517-0.0014j
I | 06-14 13:07:19 |  train   | step=5479, pmove=0.53, energy=-47.2289+0.0053j
I | 06-14 13:07:19 |  train   | step=5480, pmove=0.53, energy=-47.2338+0.0008j
I | 06-14 13:07:20 |  train   | step=5481, pmove=0.53, energy=-47.2470-0.0005j
I | 06-14 13:07:21 |  train   | step=5482, pmove=0.53, energy=-47.2281+0.0004j
I | 06-14 13:07:21 |  train   | step=5483, pmove=0.53, energy=-47.2501-0.0003j
I | 06-14 13:07:22 |  train   | step=5484, pmove=0.53, energy=-47.2296+0.0018j
I | 06-14 13:07:22 |  train   | step=5485, pmove=0.53, energy=-47.2192+0.0028j
I | 06-14 13:07:23 |  train   | step=5486, pmove=0.53, energy=-47.2331-0.0000j
I | 06-14 13:07:24 |  train   | step=5487, pmove=0.53, energy=-47.2444+0.0010j
I | 06-14 13:07:24 |  train   | step=5488, pmove=0.53, energy=-47.2348-0.0007j
I | 06-14 13:07:25 |  train   | step=5489, pmove=0.53, energy=-47.2350+0.0015j
I | 06-14 13:07:26 |  train   | step=5490, pmove=0.53, energy=-47.2048+0.0108j
I | 06-14 13:07:26 |  train   | step=5491, pmove=0.52, energy=-47.2199-0.0030j
I | 06-14 13:07:27 |  train   | step=5492, pmove=0.53, energy=-47.2230+0.0009j
I | 06-14 13:07:28 |  train   | step=5493, pmove=0.53, energy=-47.2499-0.0014j
I | 06-14 13:07:28 |  train   | step=5494, pmove=0.53, energy=-47.2279+0.0010j
I | 06-14 13:07:29 |  train   | step=5495, pmove=0.52, energy=-47.2282-0.0013j
I | 06-14 13:07:29 |  train   | step=5496, pmove=0.52, energy=-47.2228-0.0019j
I | 06-14 13:07:30 |  train   | step=5497, pmove=0.53, energy=-47.2201-0.0009j
I | 06-14 13:07:31 |  train   | step=5498, pmove=0.53, energy=-47.2385+0.0008j
I | 06-14 13:07:31 |  train   | step=5499, pmove=0.52, energy=-47.2427-0.0013j
I | 06-14 13:07:32 |  train   | step=5500, pmove=0.52, energy=-47.2270-0.0016j
I | 06-14 13:07:33 |  train   | step=5501, pmove=0.52, energy=-47.2298-0.0022j
I | 06-14 13:07:33 |  train   | step=5502, pmove=0.53, energy=-47.2091-0.0020j
I | 06-14 13:07:34 |  train   | step=5503, pmove=0.52, energy=-47.2068-0.0038j
I | 06-14 13:07:35 |  train   | step=5504, pmove=0.53, energy=-47.2383-0.0025j
I | 06-14 13:07:35 |  train   | step=5505, pmove=0.52, energy=-47.2056-0.0013j
I | 06-14 13:07:36 |  train   | step=5506, pmove=0.53, energy=-47.2250+0.0012j
I | 06-14 13:07:36 |  train   | step=5507, pmove=0.53, energy=-47.2313+0.0006j
I | 06-14 13:07:37 |  train   | step=5508, pmove=0.53, energy=-47.2109+0.0006j
I | 06-14 13:07:38 |  train   | step=5509, pmove=0.52, energy=-47.2287+0.0002j
I | 06-14 13:07:38 |  train   | step=5510, pmove=0.53, energy=-47.2348-0.0045j
I | 06-14 13:07:39 |  train   | step=5511, pmove=0.53, energy=-47.2130+0.0058j
I | 06-14 13:07:40 |  train   | step=5512, pmove=0.52, energy=-47.2221-0.0005j
I | 06-14 13:07:40 |  train   | step=5513, pmove=0.53, energy=-47.2462+0.0024j
I | 06-14 13:07:41 |  train   | step=5514, pmove=0.52, energy=-47.1900+0.0030j
I | 06-14 13:07:42 |  train   | step=5515, pmove=0.52, energy=-47.2282+0.0025j
I | 06-14 13:07:42 |  train   | step=5516, pmove=0.53, energy=-47.2205-0.0028j
I | 06-14 13:07:43 |  train   | step=5517, pmove=0.53, energy=-47.2268-0.0029j
I | 06-14 13:07:43 |  train   | step=5518, pmove=0.53, energy=-47.2164+0.0040j
I | 06-14 13:07:44 |  train   | step=5519, pmove=0.53, energy=-47.2477-0.0025j
I | 06-14 13:07:45 |  train   | step=5520, pmove=0.53, energy=-47.2300+0.0038j
I | 06-14 13:07:45 |  train   | step=5521, pmove=0.53, energy=-47.2298+0.0020j
I | 06-14 13:07:46 |  train   | step=5522, pmove=0.53, energy=-47.2147+0.0027j
I | 06-14 13:07:47 |  train   | step=5523, pmove=0.52, energy=-47.2010+0.0036j
I | 06-14 13:07:47 |  train   | step=5524, pmove=0.53, energy=-47.2286+0.0012j
I | 06-14 13:07:48 |  train   | step=5525, pmove=0.53, energy=-47.2333-0.0037j
I | 06-14 13:07:49 |  train   | step=5526, pmove=0.53, energy=-47.2362-0.0066j
I | 06-14 13:07:49 |  train   | step=5527, pmove=0.53, energy=-47.2329-0.0012j
I | 06-14 13:07:50 |  train   | step=5528, pmove=0.53, energy=-47.2240+0.0004j
I | 06-14 13:07:50 |  train   | step=5529, pmove=0.52, energy=-47.2370-0.0008j
I | 06-14 13:07:51 |  train   | step=5530, pmove=0.53, energy=-47.2371-0.0020j
I | 06-14 13:07:52 |  train   | step=5531, pmove=0.52, energy=-47.2364-0.0016j
I | 06-14 13:07:52 |  train   | step=5532, pmove=0.53, energy=-47.2224+0.0023j
I | 06-14 13:07:53 |  train   | step=5533, pmove=0.53, energy=-47.2112+0.0012j
I | 06-14 13:07:54 |  train   | step=5534, pmove=0.53, energy=-47.2303-0.0008j
I | 06-14 13:07:54 |  train   | step=5535, pmove=0.52, energy=-47.2205-0.0057j
I | 06-14 13:07:55 |  train   | step=5536, pmove=0.53, energy=-47.2418+0.0022j
I | 06-14 13:07:56 |  train   | step=5537, pmove=0.53, energy=-47.2344+0.0006j
I | 06-14 13:07:56 |  train   | step=5538, pmove=0.52, energy=-47.2184+0.0016j
I | 06-14 13:07:57 |  train   | step=5539, pmove=0.53, energy=-47.2313-0.0020j
I | 06-14 13:07:57 |  train   | step=5540, pmove=0.53, energy=-47.2037+0.0008j
I | 06-14 13:07:58 |  train   | step=5541, pmove=0.52, energy=-47.2212-0.0057j
I | 06-14 13:07:59 |  train   | step=5542, pmove=0.53, energy=-47.2228-0.0038j
I | 06-14 13:07:59 |  train   | step=5543, pmove=0.53, energy=-47.2135+0.0036j
I | 06-14 13:08:00 |  train   | step=5544, pmove=0.52, energy=-47.2174-0.0012j
I | 06-14 13:08:01 |  train   | step=5545, pmove=0.53, energy=-47.2311-0.0004j
I | 06-14 13:08:01 |  train   | step=5546, pmove=0.52, energy=-47.2105-0.0013j
I | 06-14 13:08:02 |  train   | step=5547, pmove=0.52, energy=-47.2245+0.0011j
I | 06-14 13:08:02 |  train   | step=5548, pmove=0.52, energy=-47.2364+0.0064j
I | 06-14 13:08:03 |  train   | step=5549, pmove=0.53, energy=-47.2340-0.0002j
I | 06-14 13:08:04 |  train   | step=5550, pmove=0.52, energy=-47.2454-0.0006j
I | 06-14 13:08:04 |  train   | step=5551, pmove=0.52, energy=-47.2371-0.0015j
I | 06-14 13:08:05 |  train   | step=5552, pmove=0.52, energy=-47.2416+0.0008j
I | 06-14 13:08:06 |  train   | step=5553, pmove=0.52, energy=-47.2137+0.0056j
I | 06-14 13:08:06 |  train   | step=5554, pmove=0.52, energy=-47.2369+0.0036j
I | 06-14 13:08:07 |  train   | step=5555, pmove=0.53, energy=-47.2421+0.0039j
I | 06-14 13:08:08 |  train   | step=5556, pmove=0.52, energy=-47.2388+0.0021j
I | 06-14 13:08:08 |  train   | step=5557, pmove=0.53, energy=-47.2448-0.0005j
I | 06-14 13:08:09 |  train   | step=5558, pmove=0.52, energy=-47.2447+0.0169j
I | 06-14 13:08:09 |  train   | step=5559, pmove=0.53, energy=-47.1995-0.0002j
I | 06-14 13:08:10 |  train   | step=5560, pmove=0.53, energy=-47.2247+0.0030j
I | 06-14 13:08:11 |  train   | step=5561, pmove=0.53, energy=-47.2251-0.0036j
I | 06-14 13:08:11 |  train   | step=5562, pmove=0.52, energy=-47.2601+0.0022j
I | 06-14 13:08:12 |  train   | step=5563, pmove=0.53, energy=-47.2219+0.0033j
I | 06-14 13:08:13 |  train   | step=5564, pmove=0.53, energy=-47.2174+0.0000j
I | 06-14 13:08:13 |  train   | step=5565, pmove=0.53, energy=-47.2076+0.0036j
I | 06-14 13:08:14 |  train   | step=5566, pmove=0.52, energy=-47.2412+0.0020j
I | 06-14 13:08:15 |  train   | step=5567, pmove=0.53, energy=-47.2427-0.0004j
I | 06-14 13:08:15 |  train   | step=5568, pmove=0.52, energy=-47.2363+0.0037j
I | 06-14 13:08:16 |  train   | step=5569, pmove=0.53, energy=-47.1692+0.0001j
I | 06-14 13:08:16 |  train   | step=5570, pmove=0.53, energy=-47.2239+0.0016j
I | 06-14 13:08:17 |  train   | step=5571, pmove=0.53, energy=-47.2304-0.0024j
I | 06-14 13:08:18 |  train   | step=5572, pmove=0.53, energy=-47.2139-0.0024j
I | 06-14 13:08:18 |  train   | step=5573, pmove=0.53, energy=-47.2301+0.0017j
I | 06-14 13:08:19 |  train   | step=5574, pmove=0.53, energy=-47.2362-0.0062j
I | 06-14 13:08:20 |  train   | step=5575, pmove=0.53, energy=-47.2286-0.0025j
I | 06-14 13:08:20 |  train   | step=5576, pmove=0.53, energy=-47.2372-0.0001j
I | 06-14 13:08:21 |  train   | step=5577, pmove=0.53, energy=-47.2086+0.0014j
I | 06-14 13:08:22 |  train   | step=5578, pmove=0.53, energy=-47.2247+0.0015j
I | 06-14 13:08:22 |  train   | step=5579, pmove=0.53, energy=-47.2396-0.0013j
I | 06-14 13:08:23 |  train   | step=5580, pmove=0.52, energy=-47.2477-0.0051j
I | 06-14 13:08:23 |  train   | step=5581, pmove=0.53, energy=-47.2395-0.0030j
I | 06-14 13:08:24 |  train   | step=5582, pmove=0.53, energy=-47.2465-0.0022j
I | 06-14 13:08:25 |  train   | step=5583, pmove=0.53, energy=-47.1972+0.0013j
I | 06-14 13:08:25 |  train   | step=5584, pmove=0.53, energy=-47.2104+0.0001j
I | 06-14 13:08:26 |  train   | step=5585, pmove=0.52, energy=-47.2086-0.0029j
I | 06-14 13:08:27 |  train   | step=5586, pmove=0.53, energy=-47.2319-0.0024j
I | 06-14 13:08:27 |  train   | step=5587, pmove=0.53, energy=-47.2256-0.0043j
I | 06-14 13:08:28 |  train   | step=5588, pmove=0.52, energy=-47.2324-0.0036j
I | 06-14 13:08:29 |  train   | step=5589, pmove=0.53, energy=-47.2434+0.0002j
I | 06-14 13:08:29 |  train   | step=5590, pmove=0.52, energy=-47.2205-0.0011j
I | 06-14 13:08:30 |  train   | step=5591, pmove=0.53, energy=-47.2329-0.0001j
I | 06-14 13:08:30 |  train   | step=5592, pmove=0.53, energy=-47.2171-0.0020j
I | 06-14 13:08:31 |  train   | step=5593, pmove=0.53, energy=-47.2394-0.0035j
I | 06-14 13:08:32 |  train   | step=5594, pmove=0.53, energy=-47.2502-0.0045j
I | 06-14 13:08:32 |  train   | step=5595, pmove=0.53, energy=-47.2359+0.0013j
I | 06-14 13:08:33 |  train   | step=5596, pmove=0.53, energy=-47.2404+0.0004j
I | 06-14 13:08:34 |  train   | step=5597, pmove=0.53, energy=-47.2273-0.0016j
I | 06-14 13:08:34 |  train   | step=5598, pmove=0.52, energy=-47.2271+0.0064j
I | 06-14 13:08:35 |  train   | step=5599, pmove=0.53, energy=-47.2212-0.0013j
I | 06-14 13:08:36 |  train   | step=5600, pmove=0.52, energy=-47.2548+0.0006j
I | 06-14 13:08:36 |  train   | step=5601, pmove=0.52, energy=-47.2349+0.0019j
I | 06-14 13:08:37 |  train   | step=5602, pmove=0.53, energy=-47.2329-0.0010j
I | 06-14 13:08:37 |  train   | step=5603, pmove=0.53, energy=-47.2285+0.0024j
I | 06-14 13:08:38 |  train   | step=5604, pmove=0.52, energy=-47.2443-0.0034j
I | 06-14 13:08:39 |  train   | step=5605, pmove=0.53, energy=-47.2212-0.0015j
I | 06-14 13:08:39 |  train   | step=5606, pmove=0.53, energy=-47.2139+0.0010j
I | 06-14 13:08:40 |  train   | step=5607, pmove=0.52, energy=-47.2350-0.0085j
I | 06-14 13:08:41 |  train   | step=5608, pmove=0.53, energy=-47.2131-0.0195j
I | 06-14 13:08:41 |  train   | step=5609, pmove=0.53, energy=-47.2077+0.0003j
I | 06-14 13:08:42 |  train   | step=5610, pmove=0.53, energy=-47.2306-0.0021j
I | 06-14 13:08:43 |  train   | step=5611, pmove=0.53, energy=-47.2323+0.0039j
I | 06-14 13:08:43 |  train   | step=5612, pmove=0.52, energy=-47.2326+0.0011j
I | 06-14 13:08:44 |  train   | step=5613, pmove=0.53, energy=-47.2337-0.0028j
I | 06-14 13:08:44 |  train   | step=5614, pmove=0.53, energy=-47.2414-0.0097j
I | 06-14 13:08:45 |  train   | step=5615, pmove=0.52, energy=-47.2086+0.0026j
I | 06-14 13:08:46 |  train   | step=5616, pmove=0.53, energy=-47.2371+0.0002j
I | 06-14 13:08:46 |  train   | step=5617, pmove=0.53, energy=-47.2248-0.0022j
I | 06-14 13:08:47 |  train   | step=5618, pmove=0.53, energy=-47.2320+0.0038j
I | 06-14 13:08:48 |  train   | step=5619, pmove=0.53, energy=-47.2343+0.0045j
I | 06-14 13:08:48 |  train   | step=5620, pmove=0.53, energy=-47.2324-0.0045j
I | 06-14 13:08:49 |  train   | step=5621, pmove=0.53, energy=-47.2443-0.0010j
I | 06-14 13:08:49 |  train   | step=5622, pmove=0.53, energy=-47.2468+0.0065j
I | 06-14 13:08:50 |  train   | step=5623, pmove=0.53, energy=-47.2374+0.0044j
I | 06-14 13:08:51 |  train   | step=5624, pmove=0.52, energy=-47.2166-0.0009j
I | 06-14 13:08:51 |  train   | step=5625, pmove=0.53, energy=-47.2355-0.0022j
I | 06-14 13:08:52 |  train   | step=5626, pmove=0.53, energy=-47.2372+0.0017j
I | 06-14 13:08:53 |  train   | step=5627, pmove=0.53, energy=-47.2463-0.0018j
I | 06-14 13:08:53 |  train   | step=5628, pmove=0.53, energy=-47.2320+0.0015j
I | 06-14 13:08:54 |  train   | step=5629, pmove=0.52, energy=-47.2340+0.0031j
I | 06-14 13:08:55 |  train   | step=5630, pmove=0.53, energy=-47.2309+0.0025j
I | 06-14 13:08:55 |  train   | step=5631, pmove=0.52, energy=-47.2287+0.0016j
I | 06-14 13:08:56 |  train   | step=5632, pmove=0.52, energy=-47.2363+0.0022j
I | 06-14 13:08:56 |  train   | step=5633, pmove=0.53, energy=-47.2275+0.0005j
I | 06-14 13:08:57 |  train   | step=5634, pmove=0.53, energy=-47.2140+0.0003j
I | 06-14 13:08:58 |  train   | step=5635, pmove=0.52, energy=-47.2277-0.0007j
I | 06-14 13:08:58 |  train   | step=5636, pmove=0.53, energy=-47.2235-0.0009j
I | 06-14 13:08:59 |  train   | step=5637, pmove=0.53, energy=-47.2118+0.0032j
I | 06-14 13:09:00 |  train   | step=5638, pmove=0.52, energy=-47.2219-0.0013j
I | 06-14 13:09:00 |  train   | step=5639, pmove=0.53, energy=-47.2132-0.0028j
I | 06-14 13:09:01 |  train   | step=5640, pmove=0.53, energy=-47.2371-0.0038j
I | 06-14 13:09:02 |  train   | step=5641, pmove=0.53, energy=-47.2357-0.0015j
I | 06-14 13:09:02 |  train   | step=5642, pmove=0.53, energy=-47.2019-0.0027j
I | 06-14 13:09:03 |  train   | step=5643, pmove=0.53, energy=-47.2323+0.0041j
I | 06-14 13:09:03 |  train   | step=5644, pmove=0.53, energy=-47.2425-0.0001j
I | 06-14 13:09:04 |  train   | step=5645, pmove=0.52, energy=-47.2299-0.0044j
I | 06-14 13:09:05 |  train   | step=5646, pmove=0.53, energy=-47.2395-0.0010j
I | 06-14 13:09:05 |  train   | step=5647, pmove=0.53, energy=-47.2175-0.0008j
I | 06-14 13:09:06 |  train   | step=5648, pmove=0.53, energy=-47.2288-0.0020j
I | 06-14 13:09:07 |  train   | step=5649, pmove=0.53, energy=-47.1943+0.0066j
I | 06-14 13:09:07 |  train   | step=5650, pmove=0.52, energy=-47.2300+0.0038j
I | 06-14 13:09:08 |  train   | step=5651, pmove=0.53, energy=-47.2379+0.0023j
I | 06-14 13:09:09 |  train   | step=5652, pmove=0.53, energy=-47.2414-0.0208j
I | 06-14 13:09:09 |  train   | step=5653, pmove=0.52, energy=-47.2268-0.0021j
I | 06-14 13:09:10 |  train   | step=5654, pmove=0.53, energy=-47.2304+0.0010j
I | 06-14 13:09:10 |  train   | step=5655, pmove=0.53, energy=-47.1932-0.0025j
I | 06-14 13:09:11 |  train   | step=5656, pmove=0.53, energy=-47.2470+0.0054j
I | 06-14 13:09:12 |  train   | step=5657, pmove=0.53, energy=-47.2300+0.0009j
I | 06-14 13:09:12 |  train   | step=5658, pmove=0.53, energy=-47.2292-0.0018j
I | 06-14 13:09:13 |  train   | step=5659, pmove=0.53, energy=-47.2041+0.0059j
I | 06-14 13:09:14 |  train   | step=5660, pmove=0.53, energy=-47.2272-0.0008j
I | 06-14 13:09:14 |  train   | step=5661, pmove=0.53, energy=-47.2270-0.0014j
I | 06-14 13:09:15 |  train   | step=5662, pmove=0.53, energy=-47.2303-0.0003j
I | 06-14 13:09:16 |  train   | step=5663, pmove=0.52, energy=-47.2260-0.0028j
I | 06-14 13:09:16 |  train   | step=5664, pmove=0.53, energy=-47.2243-0.0117j
I | 06-14 13:09:17 |  train   | step=5665, pmove=0.53, energy=-47.2376-0.0005j
I | 06-14 13:09:17 |  train   | step=5666, pmove=0.53, energy=-47.2305+0.0008j
I | 06-14 13:09:18 |  train   | step=5667, pmove=0.53, energy=-47.2503+0.0019j
I | 06-14 13:09:19 |  train   | step=5668, pmove=0.52, energy=-47.2333+0.0012j
I | 06-14 13:09:19 |  train   | step=5669, pmove=0.53, energy=-47.2140+0.0014j
I | 06-14 13:09:20 |  train   | step=5670, pmove=0.52, energy=-47.2372-0.0041j
I | 06-14 13:09:21 |  train   | step=5671, pmove=0.53, energy=-47.2244+0.0046j
I | 06-14 13:09:21 |  train   | step=5672, pmove=0.52, energy=-47.2539+0.0037j
I | 06-14 13:09:22 |  train   | step=5673, pmove=0.53, energy=-47.2292+0.0061j
I | 06-14 13:09:23 |  train   | step=5674, pmove=0.52, energy=-47.2393-0.0030j
I | 06-14 13:09:23 |  train   | step=5675, pmove=0.52, energy=-47.2342-0.0036j
I | 06-14 13:09:24 |  train   | step=5676, pmove=0.53, energy=-47.2535+0.0014j
I | 06-14 13:09:24 |  train   | step=5677, pmove=0.53, energy=-47.2372-0.0013j
I | 06-14 13:09:25 |  train   | step=5678, pmove=0.53, energy=-47.2099-0.0027j
I | 06-14 13:09:26 |  train   | step=5679, pmove=0.52, energy=-47.2240-0.0029j
I | 06-14 13:09:26 |  train   | step=5680, pmove=0.52, energy=-47.2444-0.0026j
I | 06-14 13:09:27 |  train   | step=5681, pmove=0.52, energy=-47.2026-0.0010j
I | 06-14 13:09:28 |  train   | step=5682, pmove=0.53, energy=-47.2355-0.0011j
I | 06-14 13:09:28 |  train   | step=5683, pmove=0.53, energy=-47.2228-0.0012j
I | 06-14 13:09:29 |  train   | step=5684, pmove=0.53, energy=-47.2211-0.0013j
I | 06-14 13:09:30 |  train   | step=5685, pmove=0.53, energy=-47.2254+0.0014j
I | 06-14 13:09:30 |  train   | step=5686, pmove=0.53, energy=-47.2247+0.0003j
I | 06-14 13:09:31 |  train   | step=5687, pmove=0.52, energy=-47.2178+0.0076j
I | 06-14 13:09:31 |  train   | step=5688, pmove=0.53, energy=-47.2285+0.0023j
I | 06-14 13:09:32 |  train   | step=5689, pmove=0.53, energy=-47.2201-0.0030j
I | 06-14 13:09:33 |  train   | step=5690, pmove=0.53, energy=-47.2097-0.0015j
I | 06-14 13:09:33 |  train   | step=5691, pmove=0.53, energy=-47.2197-0.0038j
I | 06-14 13:09:34 |  train   | step=5692, pmove=0.53, energy=-47.2227+0.0014j
I | 06-14 13:09:35 |  train   | step=5693, pmove=0.53, energy=-47.2246-0.0000j
I | 06-14 13:09:35 |  train   | step=5694, pmove=0.53, energy=-47.2196-0.0038j
I | 06-14 13:09:36 |  train   | step=5695, pmove=0.53, energy=-47.2369-0.0001j
I | 06-14 13:09:37 |  train   | step=5696, pmove=0.53, energy=-47.2138+0.0023j
I | 06-14 13:09:37 |  train   | step=5697, pmove=0.53, energy=-47.2335+0.0001j
I | 06-14 13:09:38 |  train   | step=5698, pmove=0.53, energy=-47.2365-0.0017j
I | 06-14 13:09:38 |  train   | step=5699, pmove=0.53, energy=-47.2385-0.0008j
I | 06-14 13:09:39 |  train   | step=5700, pmove=0.52, energy=-47.2207+0.0003j
I | 06-14 13:09:40 |  train   | step=5701, pmove=0.53, energy=-47.1989+0.0029j
I | 06-14 13:09:40 |  train   | step=5702, pmove=0.52, energy=-47.2180-0.0045j
I | 06-14 13:09:41 |  train   | step=5703, pmove=0.53, energy=-47.2217-0.0006j
I | 06-14 13:09:42 |  train   | step=5704, pmove=0.53, energy=-47.2248-0.0006j
I | 06-14 13:09:42 |  train   | step=5705, pmove=0.52, energy=-47.2297+0.0015j
I | 06-14 13:09:43 |  train   | step=5706, pmove=0.53, energy=-47.2220+0.0014j
I | 06-14 13:09:44 |  train   | step=5707, pmove=0.53, energy=-47.2299+0.0003j
I | 06-14 13:09:44 |  train   | step=5708, pmove=0.53, energy=-47.2283-0.0028j
I | 06-14 13:09:45 |  train   | step=5709, pmove=0.53, energy=-47.2162+0.0009j
I | 06-14 13:09:45 |  train   | step=5710, pmove=0.52, energy=-47.2259+0.0008j
I | 06-14 13:09:46 |  train   | step=5711, pmove=0.53, energy=-47.2497+0.0011j
I | 06-14 13:09:47 |  train   | step=5712, pmove=0.53, energy=-47.2507-0.0020j
I | 06-14 13:09:47 |  train   | step=5713, pmove=0.53, energy=-47.2370+0.0014j
I | 06-14 13:09:48 |  train   | step=5714, pmove=0.52, energy=-47.2208+0.0008j
I | 06-14 13:09:49 |  train   | step=5715, pmove=0.53, energy=-47.2378-0.0027j
I | 06-14 13:09:49 |  train   | step=5716, pmove=0.52, energy=-47.2227+0.0009j
I | 06-14 13:09:50 |  train   | step=5717, pmove=0.52, energy=-47.2227-0.0010j
I | 06-14 13:09:50 |  train   | step=5718, pmove=0.53, energy=-47.2715-0.0041j
I | 06-14 13:09:51 |  train   | step=5719, pmove=0.52, energy=-47.2240-0.0042j
I | 06-14 13:09:52 |  train   | step=5720, pmove=0.53, energy=-47.2296-0.0071j
I | 06-14 13:09:52 |  train   | step=5721, pmove=0.53, energy=-47.2188+0.0005j
I | 06-14 13:09:53 |  train   | step=5722, pmove=0.53, energy=-47.2286-0.0023j
I | 06-14 13:09:54 |  train   | step=5723, pmove=0.53, energy=-47.2424-0.0002j
I | 06-14 13:09:54 |  train   | step=5724, pmove=0.53, energy=-47.2187+0.0017j
I | 06-14 13:09:55 |  train   | step=5725, pmove=0.53, energy=-47.2333+0.0033j
I | 06-14 13:09:56 |  train   | step=5726, pmove=0.53, energy=-47.2298+0.0003j
I | 06-14 13:09:56 |  train   | step=5727, pmove=0.53, energy=-47.2323-0.0002j
I | 06-14 13:09:57 |  train   | step=5728, pmove=0.53, energy=-47.2308-0.0016j
I | 06-14 13:09:57 |  train   | step=5729, pmove=0.53, energy=-47.2226+0.0041j
I | 06-14 13:09:58 |  train   | step=5730, pmove=0.53, energy=-47.2051-0.0019j
I | 06-14 13:09:59 |  train   | step=5731, pmove=0.53, energy=-47.2368-0.0020j
I | 06-14 13:09:59 |  train   | step=5732, pmove=0.53, energy=-47.2469+0.0015j
I | 06-14 13:10:00 |  train   | step=5733, pmove=0.53, energy=-47.2264+0.0015j
I | 06-14 13:10:01 |  train   | step=5734, pmove=0.53, energy=-47.2302+0.0000j
I | 06-14 13:10:01 |  train   | step=5735, pmove=0.52, energy=-47.2456+0.0025j
I | 06-14 13:10:02 |  train   | step=5736, pmove=0.53, energy=-47.2263+0.0031j
I | 06-14 13:10:03 |  train   | step=5737, pmove=0.52, energy=-47.2202-0.0022j
I | 06-14 13:10:03 |  train   | step=5738, pmove=0.53, energy=-47.2207-0.0001j
I | 06-14 13:10:04 |  train   | step=5739, pmove=0.53, energy=-47.2340-0.0014j
I | 06-14 13:10:04 |  train   | step=5740, pmove=0.53, energy=-47.2147+0.0046j
I | 06-14 13:10:05 |  train   | step=5741, pmove=0.52, energy=-47.2279+0.0004j
I | 06-14 13:10:06 |  train   | step=5742, pmove=0.53, energy=-47.2584+0.0012j
I | 06-14 13:10:06 |  train   | step=5743, pmove=0.53, energy=-47.2334-0.0065j
I | 06-14 13:10:07 |  train   | step=5744, pmove=0.53, energy=-47.2519+0.0005j
I | 06-14 13:10:08 |  train   | step=5745, pmove=0.53, energy=-47.2382+0.0008j
I | 06-14 13:10:08 |  train   | step=5746, pmove=0.53, energy=-47.2265-0.0007j
I | 06-14 13:10:09 |  train   | step=5747, pmove=0.53, energy=-47.2243-0.0007j
I | 06-14 13:10:10 |  train   | step=5748, pmove=0.53, energy=-47.2261+0.0005j
I | 06-14 13:10:10 |  train   | step=5749, pmove=0.52, energy=-47.2440-0.0023j
I | 06-14 13:10:11 |  train   | step=5750, pmove=0.53, energy=-47.2344-0.0056j
I | 06-14 13:10:11 |  train   | step=5751, pmove=0.53, energy=-47.2374+0.0018j
I | 06-14 13:10:12 |  train   | step=5752, pmove=0.53, energy=-47.2283+0.0021j
I | 06-14 13:10:13 |  train   | step=5753, pmove=0.52, energy=-47.2456-0.0035j
I | 06-14 13:10:13 |  train   | step=5754, pmove=0.53, energy=-47.2361-0.0035j
I | 06-14 13:10:14 |  train   | step=5755, pmove=0.53, energy=-47.2322-0.0051j
I | 06-14 13:10:15 |  train   | step=5756, pmove=0.52, energy=-47.2319+0.0017j
I | 06-14 13:10:15 |  train   | step=5757, pmove=0.52, energy=-47.2476-0.0018j
I | 06-14 13:10:16 |  train   | step=5758, pmove=0.52, energy=-47.2123-0.0009j
I | 06-14 13:10:17 |  train   | step=5759, pmove=0.52, energy=-47.2379-0.0049j
I | 06-14 13:10:17 |  train   | step=5760, pmove=0.53, energy=-47.2261+0.0044j
I | 06-14 13:10:18 |  train   | step=5761, pmove=0.52, energy=-47.1911-0.0019j
I | 06-14 13:10:18 |  train   | step=5762, pmove=0.52, energy=-47.2176+0.0017j
I | 06-14 13:10:19 |  train   | step=5763, pmove=0.52, energy=-47.2187+0.0016j
I | 06-14 13:10:20 |  train   | step=5764, pmove=0.53, energy=-47.2212+0.0080j
I | 06-14 13:10:20 |  train   | step=5765, pmove=0.52, energy=-47.2265-0.0006j
I | 06-14 13:10:21 |  train   | step=5766, pmove=0.53, energy=-47.2255+0.0016j
I | 06-14 13:10:22 |  train   | step=5767, pmove=0.53, energy=-47.2286+0.0010j
I | 06-14 13:10:22 |  train   | step=5768, pmove=0.52, energy=-47.2420-0.0060j
I | 06-14 13:10:23 |  train   | step=5769, pmove=0.52, energy=-47.2243-0.0011j
I | 06-14 13:10:24 |  train   | step=5770, pmove=0.52, energy=-47.2316-0.0022j
I | 06-14 13:10:24 |  train   | step=5771, pmove=0.52, energy=-47.2275+0.0004j
I | 06-14 13:10:25 |  train   | step=5772, pmove=0.52, energy=-47.2224-0.0009j
I | 06-14 13:10:25 |  train   | step=5773, pmove=0.53, energy=-47.2428+0.0001j
I | 06-14 13:10:26 |  train   | step=5774, pmove=0.53, energy=-47.2436+0.0027j
I | 06-14 13:10:27 |  train   | step=5775, pmove=0.53, energy=-47.2125+0.0002j
I | 06-14 13:10:27 |  train   | step=5776, pmove=0.52, energy=-47.2197+0.0006j
I | 06-14 13:10:28 |  train   | step=5777, pmove=0.53, energy=-47.2277+0.0008j
I | 06-14 13:10:29 |  train   | step=5778, pmove=0.53, energy=-47.2334+0.0066j
I | 06-14 13:10:29 |  train   | step=5779, pmove=0.53, energy=-47.2035+0.0011j
I | 06-14 13:10:30 |  train   | step=5780, pmove=0.53, energy=-47.2504+0.0007j
I | 06-14 13:10:31 |  train   | step=5781, pmove=0.53, energy=-47.1929+0.0023j
I | 06-14 13:10:31 |  train   | step=5782, pmove=0.52, energy=-47.2190+0.0014j
I | 06-14 13:10:32 |  train   | step=5783, pmove=0.53, energy=-47.2171+0.0008j
I | 06-14 13:10:32 |  train   | step=5784, pmove=0.53, energy=-47.2399-0.0006j
I | 06-14 13:10:33 |  train   | step=5785, pmove=0.53, energy=-47.2389+0.0009j
I | 06-14 13:10:34 |  train   | step=5786, pmove=0.53, energy=-47.2283-0.0037j
I | 06-14 13:10:34 |  train   | step=5787, pmove=0.53, energy=-47.2171-0.0032j
I | 06-14 13:10:35 |  train   | step=5788, pmove=0.53, energy=-47.2050-0.0016j
I | 06-14 13:10:36 |  train   | step=5789, pmove=0.52, energy=-47.2331-0.0021j
I | 06-14 13:10:36 |  train   | step=5790, pmove=0.52, energy=-47.2344+0.0049j
I | 06-14 13:10:37 |  train   | step=5791, pmove=0.53, energy=-47.2281-0.0014j
I | 06-14 13:10:38 |  train   | step=5792, pmove=0.52, energy=-47.2028+0.0006j
I | 06-14 13:10:38 |  train   | step=5793, pmove=0.53, energy=-47.2253-0.0013j
I | 06-14 13:10:39 |  train   | step=5794, pmove=0.52, energy=-47.2316+0.0001j
I | 06-14 13:10:40 |  train   | step=5795, pmove=0.52, energy=-47.2233-0.0037j
I | 06-14 13:10:40 |  train   | step=5796, pmove=0.53, energy=-47.2194-0.0012j
I | 06-14 13:10:41 |  train   | step=5797, pmove=0.53, energy=-47.2369-0.0007j
I | 06-14 13:10:41 |  train   | step=5798, pmove=0.53, energy=-47.2364+0.0039j
I | 06-14 13:10:42 |  train   | step=5799, pmove=0.53, energy=-47.2317-0.0088j
I | 06-14 13:10:43 |  train   | step=5800, pmove=0.53, energy=-47.2125-0.0015j
I | 06-14 13:10:43 |  train   | step=5801, pmove=0.53, energy=-47.2377+0.0007j
I | 06-14 13:10:44 |  train   | step=5802, pmove=0.53, energy=-47.2260-0.0034j
I | 06-14 13:10:45 |  train   | step=5803, pmove=0.53, energy=-47.2285+0.0008j
I | 06-14 13:10:45 |  train   | step=5804, pmove=0.53, energy=-47.2186-0.0041j
I | 06-14 13:10:46 |  train   | step=5805, pmove=0.53, energy=-47.2530+0.0039j
I | 06-14 13:10:47 |  train   | step=5806, pmove=0.53, energy=-47.2146+0.0015j
I | 06-14 13:10:47 |  train   | step=5807, pmove=0.53, energy=-47.2390+0.0046j
I | 06-14 13:10:48 |  train   | step=5808, pmove=0.53, energy=-47.2331+0.0013j
I | 06-14 13:10:48 |  train   | step=5809, pmove=0.52, energy=-47.2297+0.0029j
I | 06-14 13:10:49 |  train   | step=5810, pmove=0.53, energy=-47.2274+0.0013j
I | 06-14 13:10:50 |  train   | step=5811, pmove=0.53, energy=-47.2178+0.0022j
I | 06-14 13:10:50 |  train   | step=5812, pmove=0.53, energy=-47.2387+0.0010j
I | 06-14 13:10:51 |  train   | step=5813, pmove=0.52, energy=-47.2440+0.0012j
I | 06-14 13:10:52 |  train   | step=5814, pmove=0.53, energy=-47.2377-0.0019j
I | 06-14 13:10:52 |  train   | step=5815, pmove=0.53, energy=-47.2007+0.0074j
I | 06-14 13:10:53 |  train   | step=5816, pmove=0.52, energy=-47.2274-0.0025j
I | 06-14 13:10:53 |  train   | step=5817, pmove=0.53, energy=-47.2473+0.0002j
I | 06-14 13:10:54 |  train   | step=5818, pmove=0.53, energy=-47.2477+0.0016j
I | 06-14 13:10:55 |  train   | step=5819, pmove=0.53, energy=-47.2331-0.0022j
I | 06-14 13:10:55 |  train   | step=5820, pmove=0.53, energy=-47.2247+0.0017j
I | 06-14 13:10:56 |  train   | step=5821, pmove=0.53, energy=-47.2225+0.0004j
I | 06-14 13:10:57 |  train   | step=5822, pmove=0.53, energy=-47.2205+0.0021j
I | 06-14 13:10:57 |  train   | step=5823, pmove=0.53, energy=-47.2194-0.0012j
I | 06-14 13:10:58 |  train   | step=5824, pmove=0.52, energy=-47.2144+0.0030j
I | 06-14 13:10:59 |  train   | step=5825, pmove=0.52, energy=-47.2398-0.0049j
I | 06-14 13:10:59 |  train   | step=5826, pmove=0.53, energy=-47.2504-0.0039j
I | 06-14 13:11:00 |  train   | step=5827, pmove=0.52, energy=-47.2400-0.0031j
I | 06-14 13:11:00 |  train   | step=5828, pmove=0.53, energy=-47.1780-0.0044j
I | 06-14 13:11:01 |  train   | step=5829, pmove=0.52, energy=-47.2388-0.0018j
I | 06-14 13:11:02 |  train   | step=5830, pmove=0.53, energy=-47.2440-0.0017j
I | 06-14 13:11:02 |  train   | step=5831, pmove=0.53, energy=-47.2373+0.0018j
I | 06-14 13:11:03 |  train   | step=5832, pmove=0.53, energy=-47.2372-0.0037j
I | 06-14 13:11:04 |  train   | step=5833, pmove=0.52, energy=-47.2166-0.0003j
I | 06-14 13:11:04 |  train   | step=5834, pmove=0.53, energy=-47.2282-0.0013j
I | 06-14 13:11:05 |  train   | step=5835, pmove=0.52, energy=-47.2235-0.0014j
I | 06-14 13:11:06 |  train   | step=5836, pmove=0.53, energy=-47.2266+0.0082j
I | 06-14 13:11:06 |  train   | step=5837, pmove=0.53, energy=-47.2153+0.0064j
I | 06-14 13:11:07 |  train   | step=5838, pmove=0.53, energy=-47.2374+0.0014j
I | 06-14 13:11:08 |  train   | step=5839, pmove=0.53, energy=-47.2515+0.0011j
I | 06-14 13:11:08 |  train   | step=5840, pmove=0.53, energy=-47.2227-0.0024j
I | 06-14 13:11:09 |  train   | step=5841, pmove=0.52, energy=-47.2187-0.0002j
I | 06-14 13:11:10 |  train   | step=5842, pmove=0.53, energy=-47.2189-0.0000j
I | 06-14 13:11:10 |  train   | step=5843, pmove=0.53, energy=-47.2235+0.0026j
I | 06-14 13:11:11 |  train   | step=5844, pmove=0.52, energy=-47.2323+0.0016j
I | 06-14 13:11:11 |  train   | step=5845, pmove=0.53, energy=-47.2285+0.0026j
I | 06-14 13:11:12 |  train   | step=5846, pmove=0.52, energy=-47.2199+0.0037j
I | 06-14 13:11:13 |  train   | step=5847, pmove=0.52, energy=-47.2497+0.0011j
I | 06-14 13:11:13 |  train   | step=5848, pmove=0.53, energy=-47.2318+0.0044j
I | 06-14 13:11:14 |  train   | step=5849, pmove=0.53, energy=-47.2592-0.0029j
I | 06-14 13:11:15 |  train   | step=5850, pmove=0.53, energy=-47.2457+0.0000j
I | 06-14 13:11:15 |  train   | step=5851, pmove=0.52, energy=-47.2407-0.0044j
I | 06-14 13:11:16 |  train   | step=5852, pmove=0.53, energy=-47.2014+0.0013j
I | 06-14 13:11:17 |  train   | step=5853, pmove=0.53, energy=-47.2294+0.0008j
I | 06-14 13:11:17 |  train   | step=5854, pmove=0.53, energy=-47.2155-0.0054j
I | 06-14 13:11:18 |  train   | step=5855, pmove=0.52, energy=-47.2259+0.0023j
I | 06-14 13:11:19 |  train   | step=5856, pmove=0.52, energy=-47.2488-0.0004j
I | 06-14 13:11:19 |  train   | step=5857, pmove=0.52, energy=-47.2267+0.0043j
I | 06-14 13:11:20 |  train   | step=5858, pmove=0.53, energy=-47.2420+0.0025j
I | 06-14 13:11:20 |  train   | step=5859, pmove=0.52, energy=-47.2411+0.0080j
I | 06-14 13:11:21 |  train   | step=5860, pmove=0.53, energy=-47.2463-0.0024j
I | 06-14 13:11:22 |  train   | step=5861, pmove=0.53, energy=-47.2415+0.0022j
I | 06-14 13:11:22 |  train   | step=5862, pmove=0.53, energy=-47.2155+0.0022j
I | 06-14 13:11:23 |  train   | step=5863, pmove=0.53, energy=-47.2251+0.0010j
I | 06-14 13:11:24 |  train   | step=5864, pmove=0.52, energy=-47.1955+0.0060j
I | 06-14 13:11:24 |  train   | step=5865, pmove=0.53, energy=-47.2343-0.0002j
I | 06-14 13:11:25 |  train   | step=5866, pmove=0.53, energy=-47.2402+0.0008j
I | 06-14 13:11:26 |  train   | step=5867, pmove=0.53, energy=-47.2198-0.0020j
I | 06-14 13:11:26 |  train   | step=5868, pmove=0.52, energy=-47.2239+0.0031j
I | 06-14 13:11:27 |  train   | step=5869, pmove=0.52, energy=-47.2413-0.0034j
I | 06-14 13:11:27 |  train   | step=5870, pmove=0.53, energy=-47.2129-0.0037j
I | 06-14 13:11:28 |  train   | step=5871, pmove=0.53, energy=-47.2328-0.0020j
I | 06-14 13:11:29 |  train   | step=5872, pmove=0.53, energy=-47.2296-0.0001j
I | 06-14 13:11:29 |  train   | step=5873, pmove=0.53, energy=-47.2422+0.0025j
I | 06-14 13:11:30 |  train   | step=5874, pmove=0.53, energy=-47.2333-0.0017j
I | 06-14 13:11:31 |  train   | step=5875, pmove=0.53, energy=-47.2170-0.0008j
I | 06-14 13:11:31 |  train   | step=5876, pmove=0.53, energy=-47.2384-0.0032j
I | 06-14 13:11:32 |  train   | step=5877, pmove=0.53, energy=-47.2285+0.0011j
I | 06-14 13:11:33 |  train   | step=5878, pmove=0.53, energy=-47.2207+0.0007j
I | 06-14 13:11:33 |  train   | step=5879, pmove=0.53, energy=-47.2023-0.0037j
I | 06-14 13:11:34 |  train   | step=5880, pmove=0.52, energy=-47.2322+0.0016j
I | 06-14 13:11:34 |  train   | step=5881, pmove=0.53, energy=-47.2210-0.0028j
I | 06-14 13:11:35 |  train   | step=5882, pmove=0.52, energy=-47.2184-0.0000j
I | 06-14 13:11:36 |  train   | step=5883, pmove=0.53, energy=-47.2177-0.0021j
I | 06-14 13:11:36 |  train   | step=5884, pmove=0.53, energy=-47.2273-0.0014j
I | 06-14 13:11:37 |  train   | step=5885, pmove=0.53, energy=-47.2309-0.0044j
I | 06-14 13:11:38 |  train   | step=5886, pmove=0.53, energy=-47.1972+0.0034j
I | 06-14 13:11:38 |  train   | step=5887, pmove=0.53, energy=-47.2455-0.0081j
I | 06-14 13:11:39 |  train   | step=5888, pmove=0.53, energy=-47.2392-0.0004j
I | 06-14 13:11:40 |  train   | step=5889, pmove=0.53, energy=-47.2216-0.0049j
I | 06-14 13:11:40 |  train   | step=5890, pmove=0.53, energy=-47.2215+0.0012j
I | 06-14 13:11:41 |  train   | step=5891, pmove=0.53, energy=-47.2244-0.0079j
I | 06-14 13:11:41 |  train   | step=5892, pmove=0.52, energy=-47.2380+0.0010j
I | 06-14 13:11:42 |  train   | step=5893, pmove=0.53, energy=-47.2110-0.0016j
I | 06-14 13:11:43 |  train   | step=5894, pmove=0.53, energy=-47.2235+0.0058j
I | 06-14 13:11:43 |  train   | step=5895, pmove=0.53, energy=-47.2150-0.0031j
I | 06-14 13:11:44 |  train   | step=5896, pmove=0.53, energy=-47.2239+0.0001j
I | 06-14 13:11:45 |  train   | step=5897, pmove=0.52, energy=-47.2342+0.0046j
I | 06-14 13:11:45 |  train   | step=5898, pmove=0.53, energy=-47.2299-0.0040j
I | 06-14 13:11:46 |  train   | step=5899, pmove=0.53, energy=-47.2346+0.0020j
I | 06-14 13:11:47 |  train   | step=5900, pmove=0.53, energy=-47.2411+0.0013j
I | 06-14 13:11:47 |  train   | step=5901, pmove=0.53, energy=-47.2231-0.0002j
I | 06-14 13:11:48 |  train   | step=5902, pmove=0.53, energy=-47.2191+0.0003j
I | 06-14 13:11:48 |  train   | step=5903, pmove=0.53, energy=-47.2410-0.0012j
I | 06-14 13:11:49 |  train   | step=5904, pmove=0.53, energy=-47.2246+0.0023j
I | 06-14 13:11:50 |  train   | step=5905, pmove=0.53, energy=-47.2170+0.0007j
I | 06-14 13:11:50 |  train   | step=5906, pmove=0.52, energy=-47.2224+0.0012j
I | 06-14 13:11:51 |  train   | step=5907, pmove=0.52, energy=-47.1996-0.0003j
I | 06-14 13:11:52 |  train   | step=5908, pmove=0.52, energy=-47.2295+0.0018j
I | 06-14 13:11:52 |  train   | step=5909, pmove=0.53, energy=-47.2239+0.0016j
I | 06-14 13:11:53 |  train   | step=5910, pmove=0.53, energy=-47.2001-0.0032j
I | 06-14 13:11:54 |  train   | step=5911, pmove=0.53, energy=-47.2413+0.0001j
I | 06-14 13:11:54 |  train   | step=5912, pmove=0.53, energy=-47.2233-0.0033j
I | 06-14 13:11:55 |  train   | step=5913, pmove=0.53, energy=-47.2374+0.0029j
I | 06-14 13:11:55 |  train   | step=5914, pmove=0.53, energy=-47.2490-0.0000j
I | 06-14 13:11:56 |  train   | step=5915, pmove=0.53, energy=-47.2204+0.0040j
I | 06-14 13:11:57 |  train   | step=5916, pmove=0.53, energy=-47.2037+0.0001j
I | 06-14 13:11:57 |  train   | step=5917, pmove=0.53, energy=-47.2209+0.0015j
I | 06-14 13:11:58 |  train   | step=5918, pmove=0.52, energy=-47.2211-0.0013j
I | 06-14 13:11:59 |  train   | step=5919, pmove=0.52, energy=-47.2291+0.0011j
I | 06-14 13:11:59 |  train   | step=5920, pmove=0.53, energy=-47.2413-0.0040j
I | 06-14 13:12:00 |  train   | step=5921, pmove=0.53, energy=-47.2398-0.0056j
I | 06-14 13:12:00 |  train   | step=5922, pmove=0.53, energy=-47.2331+0.0012j
I | 06-14 13:12:01 |  train   | step=5923, pmove=0.52, energy=-47.2433-0.0027j
I | 06-14 13:12:02 |  train   | step=5924, pmove=0.53, energy=-47.2024-0.0008j
I | 06-14 13:12:02 |  train   | step=5925, pmove=0.53, energy=-47.2083-0.0027j
I | 06-14 13:12:03 |  train   | step=5926, pmove=0.53, energy=-47.2182+0.0013j
I | 06-14 13:12:04 |  train   | step=5927, pmove=0.52, energy=-47.2301+0.0030j
I | 06-14 13:12:04 |  train   | step=5928, pmove=0.53, energy=-47.2426-0.0016j
I | 06-14 13:12:05 |  train   | step=5929, pmove=0.53, energy=-47.2417-0.0037j
I | 06-14 13:12:06 |  train   | step=5930, pmove=0.53, energy=-47.2438-0.0000j
I | 06-14 13:12:06 |  train   | step=5931, pmove=0.52, energy=-47.2442+0.0019j
I | 06-14 13:12:07 |  train   | step=5932, pmove=0.53, energy=-47.2388-0.0018j
I | 06-14 13:12:07 |  train   | step=5933, pmove=0.53, energy=-47.2131-0.0025j
I | 06-14 13:12:08 |  train   | step=5934, pmove=0.53, energy=-47.1804-0.0050j
I | 06-14 13:12:09 |  train   | step=5935, pmove=0.52, energy=-47.2431+0.0024j
I | 06-14 13:12:09 |  train   | step=5936, pmove=0.53, energy=-47.2271-0.0009j
I | 06-14 13:12:10 |  train   | step=5937, pmove=0.53, energy=-47.2239+0.0002j
I | 06-14 13:12:11 |  train   | step=5938, pmove=0.53, energy=-47.2194-0.0001j
I | 06-14 13:12:11 |  train   | step=5939, pmove=0.53, energy=-47.2230+0.0011j
I | 06-14 13:12:12 |  train   | step=5940, pmove=0.53, energy=-47.2363-0.0010j
I | 06-14 13:12:13 |  train   | step=5941, pmove=0.52, energy=-47.2130+0.0008j
I | 06-14 13:12:13 |  train   | step=5942, pmove=0.52, energy=-47.2335-0.0011j
I | 06-14 13:12:14 |  train   | step=5943, pmove=0.52, energy=-47.2430-0.0029j
I | 06-14 13:12:14 |  train   | step=5944, pmove=0.53, energy=-47.2473-0.0025j
I | 06-14 13:12:15 |  train   | step=5945, pmove=0.53, energy=-47.2352+0.0019j
I | 06-14 13:12:16 |  train   | step=5946, pmove=0.53, energy=-47.2334+0.0022j
I | 06-14 13:12:16 |  train   | step=5947, pmove=0.52, energy=-47.2291-0.0045j
I | 06-14 13:12:17 |  train   | step=5948, pmove=0.53, energy=-47.2106+0.0065j
I | 06-14 13:12:18 |  train   | step=5949, pmove=0.53, energy=-47.2266-0.0002j
I | 06-14 13:12:18 |  train   | step=5950, pmove=0.53, energy=-47.2216-0.0006j
I | 06-14 13:12:19 |  train   | step=5951, pmove=0.52, energy=-47.2346+0.0009j
I | 06-14 13:12:20 |  train   | step=5952, pmove=0.53, energy=-47.2337-0.0055j
I | 06-14 13:12:20 |  train   | step=5953, pmove=0.52, energy=-47.2334+0.0029j
I | 06-14 13:12:21 |  train   | step=5954, pmove=0.53, energy=-47.2167+0.0015j
I | 06-14 13:12:21 |  train   | step=5955, pmove=0.52, energy=-47.2266-0.0004j
I | 06-14 13:12:22 |  train   | step=5956, pmove=0.53, energy=-47.2406-0.0014j
I | 06-14 13:12:23 |  train   | step=5957, pmove=0.53, energy=-47.2230-0.0021j
I | 06-14 13:12:23 |  train   | step=5958, pmove=0.53, energy=-47.2143-0.0001j
I | 06-14 13:12:24 |  train   | step=5959, pmove=0.53, energy=-47.2253-0.0038j
I | 06-14 13:12:25 |  train   | step=5960, pmove=0.53, energy=-47.2251-0.0017j
I | 06-14 13:12:25 |  train   | step=5961, pmove=0.53, energy=-47.2034-0.0025j
I | 06-14 13:12:26 |  train   | step=5962, pmove=0.53, energy=-47.2251+0.0024j
I | 06-14 13:12:27 |  train   | step=5963, pmove=0.53, energy=-47.2402-0.0028j
I | 06-14 13:12:27 |  train   | step=5964, pmove=0.52, energy=-47.2323-0.0005j
I | 06-14 13:12:28 |  train   | step=5965, pmove=0.53, energy=-47.2172+0.0010j
I | 06-14 13:12:28 |  train   | step=5966, pmove=0.53, energy=-47.2279+0.0001j
I | 06-14 13:12:29 |  train   | step=5967, pmove=0.52, energy=-47.2390-0.0005j
I | 06-14 13:12:30 |  train   | step=5968, pmove=0.53, energy=-47.2324+0.0041j
I | 06-14 13:12:30 |  train   | step=5969, pmove=0.53, energy=-47.2491-0.0052j
I | 06-14 13:12:31 |  train   | step=5970, pmove=0.53, energy=-47.2336+0.0021j
I | 06-14 13:12:32 |  train   | step=5971, pmove=0.52, energy=-47.2299+0.0001j
I | 06-14 13:12:32 |  train   | step=5972, pmove=0.53, energy=-47.2174-0.0015j
I | 06-14 13:12:33 |  train   | step=5973, pmove=0.52, energy=-47.2277-0.0025j
I | 06-14 13:12:34 |  train   | step=5974, pmove=0.53, energy=-47.2232+0.0009j
I | 06-14 13:12:34 |  train   | step=5975, pmove=0.53, energy=-47.2293-0.0010j
I | 06-14 13:12:35 |  train   | step=5976, pmove=0.53, energy=-47.2333-0.0011j
I | 06-14 13:12:37 |  train   | step=5977, pmove=0.53, energy=-47.1927+0.0048j
I | 06-14 13:12:38 |  train   | step=5978, pmove=0.53, energy=-47.2247+0.0061j
I | 06-14 13:12:38 |  train   | step=5979, pmove=0.52, energy=-47.2160-0.0001j
I | 06-14 13:12:39 |  train   | step=5980, pmove=0.53, energy=-47.2345+0.0044j
I | 06-14 13:12:39 |  train   | step=5981, pmove=0.53, energy=-47.2422-0.0031j
I | 06-14 13:12:40 |  train   | step=5982, pmove=0.53, energy=-47.2308-0.0000j
I | 06-14 13:12:41 |  train   | step=5983, pmove=0.53, energy=-47.2195-0.0001j
I | 06-14 13:12:41 |  train   | step=5984, pmove=0.53, energy=-47.2438+0.0030j
I | 06-14 13:12:42 |  train   | step=5985, pmove=0.53, energy=-47.2230+0.0022j
I | 06-14 13:12:43 |  train   | step=5986, pmove=0.53, energy=-47.2295+0.0027j
I | 06-14 13:12:43 |  train   | step=5987, pmove=0.52, energy=-47.2399+0.0025j
I | 06-14 13:12:44 |  train   | step=5988, pmove=0.52, energy=-47.2318+0.0011j
I | 06-14 13:12:45 |  train   | step=5989, pmove=0.53, energy=-47.2404+0.0012j
I | 06-14 13:12:45 |  train   | step=5990, pmove=0.53, energy=-47.2238+0.0013j
I | 06-14 13:12:46 |  train   | step=5991, pmove=0.53, energy=-47.2581+0.0026j
I | 06-14 13:12:46 |  train   | step=5992, pmove=0.52, energy=-47.2297-0.0014j
I | 06-14 13:12:47 |  train   | step=5993, pmove=0.53, energy=-47.2114+0.0017j
I | 06-14 13:12:48 |  train   | step=5994, pmove=0.53, energy=-47.2393+0.0028j
I | 06-14 13:12:48 |  train   | step=5995, pmove=0.53, energy=-47.2240+0.0013j
I | 06-14 13:12:49 |  train   | step=5996, pmove=0.52, energy=-47.2382+0.0006j
I | 06-14 13:12:50 |  train   | step=5997, pmove=0.52, energy=-47.2114+0.0003j
I | 06-14 13:12:50 |  train   | step=5998, pmove=0.53, energy=-47.2272-0.0001j
I | 06-14 13:12:51 |  train   | step=5999, pmove=0.53, energy=-47.2198+0.0044j
I | 06-14 13:12:53 |checkpoint| Saving checkpoint /rds/user/jc2405/hpc-work/JaQMC/jaqmc/runs/sc_h_chain_3.78_spin_6_6/train_ckpt_005999.npz
I | 06-14 13:12:54 |  train   | step=6000, pmove=0.53, energy=-47.2414+0.0020j
I | 06-14 13:12:55 |  train   | step=6001, pmove=0.53, energy=-47.2417+0.0015j
I | 06-14 13:12:55 |  train   | step=6002, pmove=0.52, energy=-47.2515-0.0064j
I | 06-14 13:12:56 |  train   | step=6003, pmove=0.53, energy=-47.2242-0.0008j
I | 06-14 13:12:56 |  train   | step=6004, pmove=0.52, energy=-47.2480+0.0004j
I | 06-14 13:12:57 |  train   | step=6005, pmove=0.53, energy=-47.2150-0.0011j
I | 06-14 13:12:58 |  train   | step=6006, pmove=0.53, energy=-47.2308-0.0012j
I | 06-14 13:12:58 |  train   | step=6007, pmove=0.53, energy=-47.2238+0.0039j
I | 06-14 13:12:59 |  train   | step=6008, pmove=0.52, energy=-47.2355-0.0039j
I | 06-14 13:13:00 |  train   | step=6009, pmove=0.53, energy=-47.2113+0.0039j
I | 06-14 13:13:00 |  train   | step=6010, pmove=0.52, energy=-47.2211+0.0089j
I | 06-14 13:13:01 |  train   | step=6011, pmove=0.53, energy=-47.2279+0.0036j
I | 06-14 13:13:02 |  train   | step=6012, pmove=0.52, energy=-47.2191-0.0049j
I | 06-14 13:13:02 |  train   | step=6013, pmove=0.53, energy=-47.2398-0.0035j
I | 06-14 13:13:03 |  train   | step=6014, pmove=0.53, energy=-47.2309-0.0046j
I | 06-14 13:13:03 |  train   | step=6015, pmove=0.53, energy=-47.2322-0.0008j
I | 06-14 13:13:04 |  train   | step=6016, pmove=0.52, energy=-47.2312-0.0021j
I | 06-14 13:13:05 |  train   | step=6017, pmove=0.53, energy=-47.2224-0.0005j
I | 06-14 13:13:05 |  train   | step=6018, pmove=0.52, energy=-47.2454-0.0034j
I | 06-14 13:13:06 |  train   | step=6019, pmove=0.53, energy=-47.2097+0.0002j
I | 06-14 13:13:07 |  train   | step=6020, pmove=0.52, energy=-47.2282+0.0009j
I | 06-14 13:13:07 |  train   | step=6021, pmove=0.52, energy=-47.2325-0.0003j
I | 06-14 13:13:08 |  train   | step=6022, pmove=0.52, energy=-47.2258-0.0019j
I | 06-14 13:13:09 |  train   | step=6023, pmove=0.53, energy=-47.2143+0.0001j
I | 06-14 13:13:09 |  train   | step=6024, pmove=0.53, energy=-47.2309+0.0031j
I | 06-14 13:13:10 |  train   | step=6025, pmove=0.52, energy=-47.2323+0.0016j
I | 06-14 13:13:10 |  train   | step=6026, pmove=0.52, energy=-47.2211-0.0006j
I | 06-14 13:13:11 |  train   | step=6027, pmove=0.53, energy=-47.2225-0.0004j
I | 06-14 13:13:12 |  train   | step=6028, pmove=0.53, energy=-47.2523-0.0023j
I | 06-14 13:13:12 |  train   | step=6029, pmove=0.52, energy=-47.2458+0.0016j
I | 06-14 13:13:13 |  train   | step=6030, pmove=0.52, energy=-47.2088-0.0014j
I | 06-14 13:13:14 |  train   | step=6031, pmove=0.53, energy=-47.2503-0.0010j
I | 06-14 13:13:14 |  train   | step=6032, pmove=0.53, energy=-47.2377+0.0010j
I | 06-14 13:13:15 |  train   | step=6033, pmove=0.53, energy=-47.2264+0.0015j
I | 06-14 13:13:16 |  train   | step=6034, pmove=0.53, energy=-47.2189-0.0003j
I | 06-14 13:13:16 |  train   | step=6035, pmove=0.52, energy=-47.2350-0.0006j
I | 06-14 13:13:17 |  train   | step=6036, pmove=0.53, energy=-47.2287-0.0021j
I | 06-14 13:13:17 |  train   | step=6037, pmove=0.53, energy=-47.2147-0.0005j
I | 06-14 13:13:18 |  train   | step=6038, pmove=0.52, energy=-47.2411+0.0025j
I | 06-14 13:13:19 |  train   | step=6039, pmove=0.53, energy=-47.1965+0.0003j
I | 06-14 13:13:19 |  train   | step=6040, pmove=0.52, energy=-47.2385+0.0045j
I | 06-14 13:13:20 |  train   | step=6041, pmove=0.52, energy=-47.2341+0.0018j
I | 06-14 13:13:21 |  train   | step=6042, pmove=0.52, energy=-47.2383+0.0005j
I | 06-14 13:13:21 |  train   | step=6043, pmove=0.53, energy=-47.2297+0.0023j
I | 06-14 13:13:22 |  train   | step=6044, pmove=0.53, energy=-47.2269-0.0007j
I | 06-14 13:13:23 |  train   | step=6045, pmove=0.53, energy=-47.2259+0.0041j
I | 06-14 13:13:23 |  train   | step=6046, pmove=0.52, energy=-47.2275+0.0003j
I | 06-14 13:13:24 |  train   | step=6047, pmove=0.52, energy=-47.2154-0.0051j
I | 06-14 13:13:24 |  train   | step=6048, pmove=0.52, energy=-47.2350-0.0017j
I | 06-14 13:13:25 |  train   | step=6049, pmove=0.53, energy=-47.2207-0.0018j
I | 06-14 13:13:26 |  train   | step=6050, pmove=0.53, energy=-47.2485+0.0037j
I | 06-14 13:13:26 |  train   | step=6051, pmove=0.53, energy=-47.2104-0.0012j
I | 06-14 13:13:27 |  train   | step=6052, pmove=0.52, energy=-47.2393+0.0014j
I | 06-14 13:13:28 |  train   | step=6053, pmove=0.53, energy=-47.2179+0.0013j
I | 06-14 13:13:28 |  train   | step=6054, pmove=0.53, energy=-47.2182+0.0041j
I | 06-14 13:13:29 |  train   | step=6055, pmove=0.53, energy=-47.2193-0.0015j
I | 06-14 13:13:30 |  train   | step=6056, pmove=0.53, energy=-47.2409+0.0034j
I | 06-14 13:13:30 |  train   | step=6057, pmove=0.53, energy=-47.2527-0.0028j
I | 06-14 13:13:31 |  train   | step=6058, pmove=0.53, energy=-47.2295+0.0009j
I | 06-14 13:13:31 |  train   | step=6059, pmove=0.53, energy=-47.2310+0.0012j
I | 06-14 13:13:32 |  train   | step=6060, pmove=0.53, energy=-47.2563+0.0032j
I | 06-14 13:13:33 |  train   | step=6061, pmove=0.53, energy=-47.2243-0.0013j
I | 06-14 13:13:33 |  train   | step=6062, pmove=0.52, energy=-47.2442+0.0026j
I | 06-14 13:13:34 |  train   | step=6063, pmove=0.53, energy=-47.2096-0.0001j
I | 06-14 13:13:35 |  train   | step=6064, pmove=0.53, energy=-47.2244+0.0002j
I | 06-14 13:13:35 |  train   | step=6065, pmove=0.53, energy=-47.2293-0.0032j
I | 06-14 13:13:36 |  train   | step=6066, pmove=0.52, energy=-47.2264-0.0010j
I | 06-14 13:13:36 |  train   | step=6067, pmove=0.53, energy=-47.2343-0.0016j
I | 06-14 13:13:37 |  train   | step=6068, pmove=0.52, energy=-47.2377+0.0009j
I | 06-14 13:13:38 |  train   | step=6069, pmove=0.53, energy=-47.2241-0.0030j
I | 06-14 13:13:38 |  train   | step=6070, pmove=0.53, energy=-47.2246+0.0024j
I | 06-14 13:13:39 |  train   | step=6071, pmove=0.52, energy=-47.2090-0.0019j
I | 06-14 13:13:40 |  train   | step=6072, pmove=0.53, energy=-47.2435-0.0042j
I | 06-14 13:13:40 |  train   | step=6073, pmove=0.53, energy=-47.2254+0.0032j
I | 06-14 13:13:41 |  train   | step=6074, pmove=0.53, energy=-47.2094-0.0020j
I | 06-14 13:13:42 |  train   | step=6075, pmove=0.53, energy=-47.2452-0.0026j
I | 06-14 13:13:42 |  train   | step=6076, pmove=0.53, energy=-47.2306-0.0012j
I | 06-14 13:13:43 |  train   | step=6077, pmove=0.53, energy=-47.2400+0.0010j
I | 06-14 13:13:43 |  train   | step=6078, pmove=0.52, energy=-47.2321+0.0025j
I | 06-14 13:13:44 |  train   | step=6079, pmove=0.53, energy=-47.2353-0.0052j
I | 06-14 13:13:45 |  train   | step=6080, pmove=0.53, energy=-47.2283-0.0013j
I | 06-14 13:13:45 |  train   | step=6081, pmove=0.53, energy=-47.2338-0.0018j
I | 06-14 13:13:46 |  train   | step=6082, pmove=0.53, energy=-47.2237-0.0043j
I | 06-14 13:13:47 |  train   | step=6083, pmove=0.53, energy=-47.2276-0.0022j
I | 06-14 13:13:47 |  train   | step=6084, pmove=0.53, energy=-47.2228+0.0010j
I | 06-14 13:13:48 |  train   | step=6085, pmove=0.53, energy=-47.2496+0.0000j
I | 06-14 13:13:49 |  train   | step=6086, pmove=0.53, energy=-47.2288-0.0015j
I | 06-14 13:13:49 |  train   | step=6087, pmove=0.53, energy=-47.2108+0.0000j
I | 06-14 13:13:50 |  train   | step=6088, pmove=0.53, energy=-47.2355+0.0048j
I | 06-14 13:13:50 |  train   | step=6089, pmove=0.53, energy=-47.2341+0.0009j
I | 06-14 13:13:51 |  train   | step=6090, pmove=0.52, energy=-47.2329-0.0018j
I | 06-14 13:13:52 |  train   | step=6091, pmove=0.52, energy=-47.2348+0.0024j
I | 06-14 13:13:52 |  train   | step=6092, pmove=0.53, energy=-47.2046-0.0000j
I | 06-14 13:13:53 |  train   | step=6093, pmove=0.53, energy=-47.2163-0.0054j
I | 06-14 13:13:54 |  train   | step=6094, pmove=0.53, energy=-47.2168-0.0025j
I | 06-14 13:13:54 |  train   | step=6095, pmove=0.53, energy=-47.2506+0.0045j
I | 06-14 13:13:55 |  train   | step=6096, pmove=0.53, energy=-47.2417-0.0030j
I | 06-14 13:13:56 |  train   | step=6097, pmove=0.53, energy=-47.2297+0.0022j
I | 06-14 13:13:56 |  train   | step=6098, pmove=0.53, energy=-47.2271-0.0005j
I | 06-14 13:13:57 |  train   | step=6099, pmove=0.53, energy=-47.2179+0.0024j
I | 06-14 13:13:57 |  train   | step=6100, pmove=0.53, energy=-47.1982+0.0001j
I | 06-14 13:13:58 |  train   | step=6101, pmove=0.53, energy=-47.2217+0.0028j
I | 06-14 13:13:59 |  train   | step=6102, pmove=0.53, energy=-47.2274+0.0029j
I | 06-14 13:13:59 |  train   | step=6103, pmove=0.53, energy=-47.2298-0.0007j
I | 06-14 13:14:00 |  train   | step=6104, pmove=0.53, energy=-47.2049-0.0006j
I | 06-14 13:14:01 |  train   | step=6105, pmove=0.53, energy=-47.2142+0.0029j
I | 06-14 13:14:01 |  train   | step=6106, pmove=0.53, energy=-47.2179-0.0003j
I | 06-14 13:14:02 |  train   | step=6107, pmove=0.52, energy=-47.2391+0.0008j
I | 06-14 13:14:03 |  train   | step=6108, pmove=0.52, energy=-47.2163-0.0026j
I | 06-14 13:14:03 |  train   | step=6109, pmove=0.53, energy=-47.2082+0.0013j
I | 06-14 13:14:04 |  train   | step=6110, pmove=0.52, energy=-47.2232-0.0054j
I | 06-14 13:14:04 |  train   | step=6111, pmove=0.53, energy=-47.2632-0.0160j
I | 06-14 13:14:05 |  train   | step=6112, pmove=0.53, energy=-47.2230-0.0023j
I | 06-14 13:14:06 |  train   | step=6113, pmove=0.52, energy=-47.2391+0.0013j
I | 06-14 13:14:06 |  train   | step=6114, pmove=0.53, energy=-47.2106+0.0007j
I | 06-14 13:14:07 |  train   | step=6115, pmove=0.53, energy=-47.2298+0.0029j
I | 06-14 13:14:08 |  train   | step=6116, pmove=0.53, energy=-47.2470+0.0005j
I | 06-14 13:14:08 |  train   | step=6117, pmove=0.52, energy=-47.2328-0.0032j
I | 06-14 13:14:09 |  train   | step=6118, pmove=0.53, energy=-47.2367-0.0025j
I | 06-14 13:14:10 |  train   | step=6119, pmove=0.52, energy=-47.2319-0.0009j
I | 06-14 13:14:10 |  train   | step=6120, pmove=0.53, energy=-47.2126-0.0005j
I | 06-14 13:14:11 |  train   | step=6121, pmove=0.53, energy=-47.2266-0.0038j
I | 06-14 13:14:11 |  train   | step=6122, pmove=0.53, energy=-47.2542-0.0010j
I | 06-14 13:14:12 |  train   | step=6123, pmove=0.53, energy=-47.2097-0.0077j
I | 06-14 13:14:13 |  train   | step=6124, pmove=0.53, energy=-47.2193+0.0051j
I | 06-14 13:14:13 |  train   | step=6125, pmove=0.53, energy=-47.2309-0.0018j
I | 06-14 13:14:14 |  train   | step=6126, pmove=0.53, energy=-47.2201+0.0009j
I | 06-14 13:14:15 |  train   | step=6127, pmove=0.53, energy=-47.2172+0.0039j
I | 06-14 13:14:15 |  train   | step=6128, pmove=0.53, energy=-47.2273+0.0010j
I | 06-14 13:14:16 |  train   | step=6129, pmove=0.52, energy=-47.2383-0.0016j
I | 06-14 13:14:17 |  train   | step=6130, pmove=0.53, energy=-47.2413-0.0049j
I | 06-14 13:14:17 |  train   | step=6131, pmove=0.53, energy=-47.2255-0.0027j
I | 06-14 13:14:18 |  train   | step=6132, pmove=0.52, energy=-47.2360-0.0066j
I | 06-14 13:14:18 |  train   | step=6133, pmove=0.53, energy=-47.2391+0.0009j
I | 06-14 13:14:19 |  train   | step=6134, pmove=0.53, energy=-47.2185+0.0031j
I | 06-14 13:14:20 |  train   | step=6135, pmove=0.53, energy=-47.2139+0.0005j
I | 06-14 13:14:20 |  train   | step=6136, pmove=0.53, energy=-47.2282+0.0007j
I | 06-14 13:14:21 |  train   | step=6137, pmove=0.53, energy=-47.2474-0.0008j
I | 06-14 13:14:22 |  train   | step=6138, pmove=0.52, energy=-47.2190-0.0006j
I | 06-14 13:14:22 |  train   | step=6139, pmove=0.52, energy=-47.2213+0.0014j
I | 06-14 13:14:23 |  train   | step=6140, pmove=0.52, energy=-47.2081+0.0033j
I | 06-14 13:14:23 |  train   | step=6141, pmove=0.52, energy=-47.2229+0.0064j
I | 06-14 13:14:24 |  train   | step=6142, pmove=0.53, energy=-47.2338+0.0087j
I | 06-14 13:14:25 |  train   | step=6143, pmove=0.53, energy=-47.2355+0.0006j
I | 06-14 13:14:25 |  train   | step=6144, pmove=0.52, energy=-47.2334-0.0003j
I | 06-14 13:14:26 |  train   | step=6145, pmove=0.53, energy=-47.2193-0.0025j
I | 06-14 13:14:27 |  train   | step=6146, pmove=0.53, energy=-47.2114-0.0093j
I | 06-14 13:14:27 |  train   | step=6147, pmove=0.53, energy=-47.2233+0.0019j
I | 06-14 13:14:28 |  train   | step=6148, pmove=0.53, energy=-47.2193+0.0028j
I | 06-14 13:14:29 |  train   | step=6149, pmove=0.53, energy=-47.2404-0.0012j
I | 06-14 13:14:29 |  train   | step=6150, pmove=0.53, energy=-47.2210+0.0054j
I | 06-14 13:14:30 |  train   | step=6151, pmove=0.53, energy=-47.2223+0.0005j
I | 06-14 13:14:30 |  train   | step=6152, pmove=0.53, energy=-47.1946+0.0003j
I | 06-14 13:14:31 |  train   | step=6153, pmove=0.52, energy=-47.2306+0.0020j
I | 06-14 13:14:32 |  train   | step=6154, pmove=0.53, energy=-47.1973+0.0029j
I | 06-14 13:14:32 |  train   | step=6155, pmove=0.52, energy=-47.2224-0.0022j
I | 06-14 13:14:33 |  train   | step=6156, pmove=0.52, energy=-47.2564-0.0124j
I | 06-14 13:14:34 |  train   | step=6157, pmove=0.53, energy=-47.2279-0.0048j
I | 06-14 13:14:34 |  train   | step=6158, pmove=0.53, energy=-47.2028+0.0024j
I | 06-14 13:14:35 |  train   | step=6159, pmove=0.53, energy=-47.2344-0.0001j
I | 06-14 13:14:36 |  train   | step=6160, pmove=0.53, energy=-47.2213-0.0037j
I | 06-14 13:14:36 |  train   | step=6161, pmove=0.52, energy=-47.2258-0.0056j
I | 06-14 13:14:37 |  train   | step=6162, pmove=0.53, energy=-47.2227+0.0051j
I | 06-14 13:14:37 |  train   | step=6163, pmove=0.53, energy=-47.2313+0.0013j
I | 06-14 13:14:38 |  train   | step=6164, pmove=0.53, energy=-47.2155+0.0019j
I | 06-14 13:14:39 |  train   | step=6165, pmove=0.53, energy=-47.2613-0.0036j
I | 06-14 13:14:39 |  train   | step=6166, pmove=0.53, energy=-47.2226+0.0033j
I | 06-14 13:14:40 |  train   | step=6167, pmove=0.52, energy=-47.2011+0.0008j
I | 06-14 13:14:41 |  train   | step=6168, pmove=0.52, energy=-47.2160-0.0017j
I | 06-14 13:14:41 |  train   | step=6169, pmove=0.53, energy=-47.2347-0.0051j
I | 06-14 13:14:42 |  train   | step=6170, pmove=0.52, energy=-47.2407+0.0015j
I | 06-14 13:14:43 |  train   | step=6171, pmove=0.53, energy=-47.2166-0.0023j
I | 06-14 13:14:43 |  train   | step=6172, pmove=0.53, energy=-47.2280-0.0010j
I | 06-14 13:14:44 |  train   | step=6173, pmove=0.53, energy=-47.2337-0.0019j
I | 06-14 13:14:44 |  train   | step=6174, pmove=0.53, energy=-47.2406+0.0048j
I | 06-14 13:14:45 |  train   | step=6175, pmove=0.53, energy=-47.2342+0.0032j
I | 06-14 13:14:46 |  train   | step=6176, pmove=0.53, energy=-47.2382+0.0006j
I | 06-14 13:14:46 |  train   | step=6177, pmove=0.53, energy=-47.2301+0.0025j
I | 06-14 13:14:47 |  train   | step=6178, pmove=0.52, energy=-47.2228+0.0025j
I | 06-14 13:14:48 |  train   | step=6179, pmove=0.53, energy=-47.2460+0.0042j
I | 06-14 13:14:48 |  train   | step=6180, pmove=0.53, energy=-47.2399+0.0012j
I | 06-14 13:14:49 |  train   | step=6181, pmove=0.52, energy=-47.2442-0.0005j
I | 06-14 13:14:50 |  train   | step=6182, pmove=0.53, energy=-47.2437-0.0005j
I | 06-14 13:14:50 |  train   | step=6183, pmove=0.53, energy=-47.2361-0.0014j
I | 06-14 13:14:51 |  train   | step=6184, pmove=0.53, energy=-47.2262-0.0039j
I | 06-14 13:14:51 |  train   | step=6185, pmove=0.52, energy=-47.2227-0.0049j
I | 06-14 13:14:52 |  train   | step=6186, pmove=0.52, energy=-47.2180-0.0033j
I | 06-14 13:14:53 |  train   | step=6187, pmove=0.53, energy=-47.2161+0.0002j
I | 06-14 13:14:53 |  train   | step=6188, pmove=0.53, energy=-47.2467+0.0004j
I | 06-14 13:14:54 |  train   | step=6189, pmove=0.53, energy=-47.2399+0.0005j
I | 06-14 13:14:55 |  train   | step=6190, pmove=0.52, energy=-47.2266+0.0014j
I | 06-14 13:14:55 |  train   | step=6191, pmove=0.53, energy=-47.2277+0.0025j
I | 06-14 13:14:56 |  train   | step=6192, pmove=0.52, energy=-47.2389-0.0017j
I | 06-14 13:14:56 |  train   | step=6193, pmove=0.52, energy=-47.2234-0.0023j
I | 06-14 13:14:57 |  train   | step=6194, pmove=0.52, energy=-47.2215+0.0032j
I | 06-14 13:14:58 |  train   | step=6195, pmove=0.52, energy=-47.2289-0.0004j
I | 06-14 13:14:58 |  train   | step=6196, pmove=0.52, energy=-47.2205-0.0000j
I | 06-14 13:14:59 |  train   | step=6197, pmove=0.52, energy=-47.2295+0.0001j
I | 06-14 13:15:00 |  train   | step=6198, pmove=0.52, energy=-47.2301-0.0017j
I | 06-14 13:15:00 |  train   | step=6199, pmove=0.53, energy=-47.2253+0.0004j
I | 06-14 13:15:01 |  train   | step=6200, pmove=0.53, energy=-47.2363-0.0036j
I | 06-14 13:15:02 |  train   | step=6201, pmove=0.52, energy=-47.2336+0.0030j
I | 06-14 13:15:02 |  train   | step=6202, pmove=0.52, energy=-47.2374-0.0024j
I | 06-14 13:15:03 |  train   | step=6203, pmove=0.52, energy=-47.2103+0.0025j
I | 06-14 13:15:03 |  train   | step=6204, pmove=0.52, energy=-47.2387-0.0004j
I | 06-14 13:15:04 |  train   | step=6205, pmove=0.53, energy=-47.1742+0.0019j
I | 06-14 13:15:05 |  train   | step=6206, pmove=0.52, energy=-47.2192-0.0018j
I | 06-14 13:15:05 |  train   | step=6207, pmove=0.52, energy=-47.2443+0.0050j
I | 06-14 13:15:06 |  train   | step=6208, pmove=0.53, energy=-47.2518+0.0058j
I | 06-14 13:15:07 |  train   | step=6209, pmove=0.53, energy=-47.2410+0.0028j
I | 06-14 13:15:07 |  train   | step=6210, pmove=0.53, energy=-47.2420+0.0045j
I | 06-14 13:15:08 |  train   | step=6211, pmove=0.53, energy=-47.2296-0.0011j
I | 06-14 13:15:09 |  train   | step=6212, pmove=0.53, energy=-47.2218+0.0006j
I | 06-14 13:15:09 |  train   | step=6213, pmove=0.52, energy=-47.1985+0.0013j
I | 06-14 13:15:10 |  train   | step=6214, pmove=0.53, energy=-47.2430+0.0145j
I | 06-14 13:15:10 |  train   | step=6215, pmove=0.52, energy=-47.2268+0.0010j
I | 06-14 13:15:11 |  train   | step=6216, pmove=0.52, energy=-47.2091+0.0002j
I | 06-14 13:15:12 |  train   | step=6217, pmove=0.53, energy=-47.2304-0.0019j
I | 06-14 13:15:12 |  train   | step=6218, pmove=0.52, energy=-47.2352-0.0025j
I | 06-14 13:15:13 |  train   | step=6219, pmove=0.53, energy=-47.2197+0.0032j
I | 06-14 13:15:14 |  train   | step=6220, pmove=0.52, energy=-47.2359+0.0018j
I | 06-14 13:15:14 |  train   | step=6221, pmove=0.53, energy=-47.2161+0.0050j
I | 06-14 13:15:15 |  train   | step=6222, pmove=0.53, energy=-47.2279-0.0008j
I | 06-14 13:15:16 |  train   | step=6223, pmove=0.53, energy=-47.2411-0.0036j
I | 06-14 13:15:16 |  train   | step=6224, pmove=0.53, energy=-47.2460-0.0040j
I | 06-14 13:15:17 |  train   | step=6225, pmove=0.53, energy=-47.2183-0.0005j
I | 06-14 13:15:17 |  train   | step=6226, pmove=0.53, energy=-47.2275-0.0039j
I | 06-14 13:15:18 |  train   | step=6227, pmove=0.53, energy=-47.2237+0.0013j
I | 06-14 13:15:19 |  train   | step=6228, pmove=0.52, energy=-47.2429+0.0027j
I | 06-14 13:15:19 |  train   | step=6229, pmove=0.53, energy=-47.2531-0.0040j
I | 06-14 13:15:20 |  train   | step=6230, pmove=0.53, energy=-47.2361-0.0027j
I | 06-14 13:15:21 |  train   | step=6231, pmove=0.52, energy=-47.2425+0.0006j
I | 06-14 13:15:21 |  train   | step=6232, pmove=0.53, energy=-47.2301+0.0026j
I | 06-14 13:15:22 |  train   | step=6233, pmove=0.53, energy=-47.2307-0.0001j
I | 06-14 13:15:23 |  train   | step=6234, pmove=0.52, energy=-47.2396-0.0046j
I | 06-14 13:15:23 |  train   | step=6235, pmove=0.53, energy=-47.2225-0.0028j
I | 06-14 13:15:24 |  train   | step=6236, pmove=0.53, energy=-47.2057-0.0015j
I | 06-14 13:15:24 |  train   | step=6237, pmove=0.53, energy=-47.2470+0.0007j
I | 06-14 13:15:25 |  train   | step=6238, pmove=0.53, energy=-47.2229-0.0064j
I | 06-14 13:15:26 |  train   | step=6239, pmove=0.52, energy=-47.2146-0.0058j
I | 06-14 13:15:26 |  train   | step=6240, pmove=0.53, energy=-47.2376-0.0003j
I | 06-14 13:15:27 |  train   | step=6241, pmove=0.52, energy=-47.2150-0.0033j
I | 06-14 13:15:28 |  train   | step=6242, pmove=0.53, energy=-47.2601+0.0013j
I | 06-14 13:15:28 |  train   | step=6243, pmove=0.53, energy=-47.2128+0.0020j
I | 06-14 13:15:29 |  train   | step=6244, pmove=0.53, energy=-47.2195+0.0014j
I | 06-14 13:15:29 |  train   | step=6245, pmove=0.52, energy=-47.2189+0.0019j
I | 06-14 13:15:30 |  train   | step=6246, pmove=0.53, energy=-47.2269-0.0000j
I | 06-14 13:15:31 |  train   | step=6247, pmove=0.53, energy=-47.2327+0.0025j
I | 06-14 13:15:31 |  train   | step=6248, pmove=0.52, energy=-47.2353+0.0029j
I | 06-14 13:15:32 |  train   | step=6249, pmove=0.52, energy=-47.2280+0.0027j
I | 06-14 13:15:33 |  train   | step=6250, pmove=0.53, energy=-47.2189-0.0027j
I | 06-14 13:15:33 |  train   | step=6251, pmove=0.53, energy=-47.2273-0.0010j
I | 06-14 13:15:34 |  train   | step=6252, pmove=0.53, energy=-47.2433-0.0037j
I | 06-14 13:15:35 |  train   | step=6253, pmove=0.53, energy=-47.2242-0.0009j
I | 06-14 13:15:35 |  train   | step=6254, pmove=0.52, energy=-47.2255-0.0019j
I | 06-14 13:15:36 |  train   | step=6255, pmove=0.52, energy=-47.2600+0.0005j
I | 06-14 13:15:36 |  train   | step=6256, pmove=0.53, energy=-47.2356-0.0026j
I | 06-14 13:15:37 |  train   | step=6257, pmove=0.52, energy=-47.2198+0.0018j
I | 06-14 13:15:38 |  train   | step=6258, pmove=0.53, energy=-47.2328-0.0013j
I | 06-14 13:15:38 |  train   | step=6259, pmove=0.52, energy=-47.2291-0.0066j
I | 06-14 13:15:39 |  train   | step=6260, pmove=0.53, energy=-47.2363+0.0048j
I | 06-14 13:15:40 |  train   | step=6261, pmove=0.52, energy=-47.2358+0.0023j
I | 06-14 13:15:40 |  train   | step=6262, pmove=0.53, energy=-47.2266+0.0026j
I | 06-14 13:15:41 |  train   | step=6263, pmove=0.52, energy=-47.2372-0.0015j
I | 06-14 13:15:42 |  train   | step=6264, pmove=0.53, energy=-47.2438+0.0030j
I | 06-14 13:15:42 |  train   | step=6265, pmove=0.53, energy=-47.2387+0.0023j
I | 06-14 13:15:43 |  train   | step=6266, pmove=0.53, energy=-47.2188-0.0027j
I | 06-14 13:15:43 |  train   | step=6267, pmove=0.53, energy=-47.2201-0.0052j
I | 06-14 13:15:44 |  train   | step=6268, pmove=0.53, energy=-47.2115-0.0075j
I | 06-14 13:15:45 |  train   | step=6269, pmove=0.52, energy=-47.2343+0.0007j
I | 06-14 13:15:45 |  train   | step=6270, pmove=0.52, energy=-47.2160-0.0011j
I | 06-14 13:15:46 |  train   | step=6271, pmove=0.53, energy=-47.2432+0.0032j
I | 06-14 13:15:47 |  train   | step=6272, pmove=0.53, energy=-47.2337+0.0022j
I | 06-14 13:15:47 |  train   | step=6273, pmove=0.53, energy=-47.2230+0.0002j
I | 06-14 13:15:48 |  train   | step=6274, pmove=0.53, energy=-47.2298+0.0007j
I | 06-14 13:15:49 |  train   | step=6275, pmove=0.52, energy=-47.2300-0.0007j
I | 06-14 13:15:49 |  train   | step=6276, pmove=0.53, energy=-47.2536+0.0038j
I | 06-14 13:15:50 |  train   | step=6277, pmove=0.53, energy=-47.1971-0.0022j
I | 06-14 13:15:50 |  train   | step=6278, pmove=0.53, energy=-47.2364+0.0017j
I | 06-14 13:15:51 |  train   | step=6279, pmove=0.53, energy=-47.2320-0.0003j
I | 06-14 13:15:52 |  train   | step=6280, pmove=0.53, energy=-47.2231+0.0019j
I | 06-14 13:15:52 |  train   | step=6281, pmove=0.53, energy=-47.2346-0.0006j
I | 06-14 13:15:53 |  train   | step=6282, pmove=0.52, energy=-47.1839-0.0128j
I | 06-14 13:15:54 |  train   | step=6283, pmove=0.53, energy=-47.2053+0.0022j
I | 06-14 13:15:54 |  train   | step=6284, pmove=0.53, energy=-47.2494-0.0026j
I | 06-14 13:15:55 |  train   | step=6285, pmove=0.53, energy=-47.2146+0.0002j
I | 06-14 13:15:56 |  train   | step=6286, pmove=0.52, energy=-47.2281-0.0036j
I | 06-14 13:15:56 |  train   | step=6287, pmove=0.52, energy=-47.1983-0.0024j
I | 06-14 13:15:57 |  train   | step=6288, pmove=0.53, energy=-47.2301-0.0018j
I | 06-14 13:15:57 |  train   | step=6289, pmove=0.53, energy=-47.2338+0.0010j
I | 06-14 13:15:58 |  train   | step=6290, pmove=0.53, energy=-47.2198-0.0041j
I | 06-14 13:15:59 |  train   | step=6291, pmove=0.53, energy=-47.2226+0.0018j
I | 06-14 13:15:59 |  train   | step=6292, pmove=0.52, energy=-47.2418-0.0022j
I | 06-14 13:16:00 |  train   | step=6293, pmove=0.52, energy=-47.2434-0.0014j
I | 06-14 13:16:01 |  train   | step=6294, pmove=0.52, energy=-47.2243-0.0046j
I | 06-14 13:16:01 |  train   | step=6295, pmove=0.53, energy=-47.2375-0.0019j
I | 06-14 13:16:02 |  train   | step=6296, pmove=0.53, energy=-47.2336-0.0006j
I | 06-14 13:16:03 |  train   | step=6297, pmove=0.53, energy=-47.2258+0.0007j
I | 06-14 13:16:03 |  train   | step=6298, pmove=0.52, energy=-47.2198+0.0007j
I | 06-14 13:16:04 |  train   | step=6299, pmove=0.52, energy=-47.2046-0.0046j
I | 06-14 13:16:04 |  train   | step=6300, pmove=0.53, energy=-47.2425-0.0009j
I | 06-14 13:16:05 |  train   | step=6301, pmove=0.52, energy=-47.2289+0.0036j
I | 06-14 13:16:06 |  train   | step=6302, pmove=0.53, energy=-47.2240+0.0043j
I | 06-14 13:16:06 |  train   | step=6303, pmove=0.53, energy=-47.2332+0.0009j
I | 06-14 13:16:07 |  train   | step=6304, pmove=0.53, energy=-47.2296-0.0034j
I | 06-14 13:16:08 |  train   | step=6305, pmove=0.52, energy=-47.2164+0.0060j
I | 06-14 13:16:08 |  train   | step=6306, pmove=0.53, energy=-47.2265+0.0042j
I | 06-14 13:16:09 |  train   | step=6307, pmove=0.53, energy=-47.2377-0.0042j
I | 06-14 13:16:09 |  train   | step=6308, pmove=0.53, energy=-47.2174-0.0009j
I | 06-14 13:16:10 |  train   | step=6309, pmove=0.53, energy=-47.2321+0.0047j
I | 06-14 13:16:11 |  train   | step=6310, pmove=0.53, energy=-47.2094+0.0004j
I | 06-14 13:16:11 |  train   | step=6311, pmove=0.53, energy=-47.2412+0.0016j
I | 06-14 13:16:12 |  train   | step=6312, pmove=0.53, energy=-47.2404+0.0037j
I | 06-14 13:16:13 |  train   | step=6313, pmove=0.53, energy=-47.2418+0.0019j
I | 06-14 13:16:13 |  train   | step=6314, pmove=0.53, energy=-47.2292+0.0007j
I | 06-14 13:16:14 |  train   | step=6315, pmove=0.53, energy=-47.2148-0.0002j
I | 06-14 13:16:15 |  train   | step=6316, pmove=0.53, energy=-47.2242+0.0021j
I | 06-14 13:16:15 |  train   | step=6317, pmove=0.53, energy=-47.2242+0.0007j
I | 06-14 13:16:16 |  train   | step=6318, pmove=0.53, energy=-47.2245+0.0016j
I | 06-14 13:16:16 |  train   | step=6319, pmove=0.53, energy=-47.2255+0.0010j
I | 06-14 13:16:17 |  train   | step=6320, pmove=0.52, energy=-47.2158-0.0034j
I | 06-14 13:16:18 |  train   | step=6321, pmove=0.53, energy=-47.2338-0.0022j
I | 06-14 13:16:18 |  train   | step=6322, pmove=0.53, energy=-47.2263+0.0048j
I | 06-14 13:16:19 |  train   | step=6323, pmove=0.52, energy=-47.2292+0.0002j
I | 06-14 13:16:20 |  train   | step=6324, pmove=0.53, energy=-47.2281+0.0000j
I | 06-14 13:16:20 |  train   | step=6325, pmove=0.53, energy=-47.2396-0.0009j
I | 06-14 13:16:21 |  train   | step=6326, pmove=0.53, energy=-47.2241+0.0025j
I | 06-14 13:16:22 |  train   | step=6327, pmove=0.53, energy=-47.2456-0.0005j
I | 06-14 13:16:22 |  train   | step=6328, pmove=0.53, energy=-47.2363+0.0018j
I | 06-14 13:16:23 |  train   | step=6329, pmove=0.52, energy=-47.2515+0.0024j
I | 06-14 13:16:23 |  train   | step=6330, pmove=0.53, energy=-47.2404-0.0034j
I | 06-14 13:16:24 |  train   | step=6331, pmove=0.53, energy=-47.2155-0.0020j
I | 06-14 13:16:25 |  train   | step=6332, pmove=0.53, energy=-47.2402+0.0017j
I | 06-14 13:16:25 |  train   | step=6333, pmove=0.52, energy=-47.2309+0.0042j
I | 06-14 13:16:26 |  train   | step=6334, pmove=0.53, energy=-47.2204+0.0023j
I | 06-14 13:16:27 |  train   | step=6335, pmove=0.53, energy=-47.2289+0.0015j
I | 06-14 13:16:27 |  train   | step=6336, pmove=0.52, energy=-47.2196-0.0031j
I | 06-14 13:16:28 |  train   | step=6337, pmove=0.53, energy=-47.2147-0.0022j
I | 06-14 13:16:29 |  train   | step=6338, pmove=0.53, energy=-47.2057-0.0008j
I | 06-14 13:16:29 |  train   | step=6339, pmove=0.53, energy=-47.2307+0.0038j
I | 06-14 13:16:30 |  train   | step=6340, pmove=0.53, energy=-47.2316+0.0006j
I | 06-14 13:16:30 |  train   | step=6341, pmove=0.53, energy=-47.2409-0.0014j
I | 06-14 13:16:31 |  train   | step=6342, pmove=0.52, energy=-47.2022-0.0022j
I | 06-14 13:16:32 |  train   | step=6343, pmove=0.53, energy=-47.2457+0.0067j
I | 06-14 13:16:32 |  train   | step=6344, pmove=0.53, energy=-47.2047-0.0011j
I | 06-14 13:16:33 |  train   | step=6345, pmove=0.52, energy=-47.2425-0.0013j
I | 06-14 13:16:34 |  train   | step=6346, pmove=0.53, energy=-47.2191-0.0035j
I | 06-14 13:16:34 |  train   | step=6347, pmove=0.53, energy=-47.2219+0.0045j
I | 06-14 13:16:35 |  train   | step=6348, pmove=0.52, energy=-47.2438-0.0027j
I | 06-14 13:16:36 |  train   | step=6349, pmove=0.52, energy=-47.2377+0.0013j
I | 06-14 13:16:36 |  train   | step=6350, pmove=0.53, energy=-47.2393+0.0003j
I | 06-14 13:16:37 |  train   | step=6351, pmove=0.52, energy=-47.2275+0.0007j
I | 06-14 13:16:37 |  train   | step=6352, pmove=0.53, energy=-47.2276+0.0004j
I | 06-14 13:16:38 |  train   | step=6353, pmove=0.53, energy=-47.2235+0.0024j
I | 06-14 13:16:39 |  train   | step=6354, pmove=0.53, energy=-47.2199+0.0010j
I | 06-14 13:16:39 |  train   | step=6355, pmove=0.53, energy=-47.2345-0.0013j
I | 06-14 13:16:40 |  train   | step=6356, pmove=0.53, energy=-47.2193+0.0011j
I | 06-14 13:16:41 |  train   | step=6357, pmove=0.53, energy=-47.2426-0.0017j
I | 06-14 13:16:41 |  train   | step=6358, pmove=0.53, energy=-47.2222-0.0003j
I | 06-14 13:16:42 |  train   | step=6359, pmove=0.53, energy=-47.2183-0.0015j
I | 06-14 13:16:43 |  train   | step=6360, pmove=0.53, energy=-47.2283-0.0005j
I | 06-14 13:16:43 |  train   | step=6361, pmove=0.53, energy=-47.2418-0.0038j
I | 06-14 13:16:44 |  train   | step=6362, pmove=0.53, energy=-47.2271-0.0008j
I | 06-14 13:16:44 |  train   | step=6363, pmove=0.53, energy=-47.2259-0.0003j
I | 06-14 13:16:45 |  train   | step=6364, pmove=0.53, energy=-47.2275-0.0022j
I | 06-14 13:16:46 |  train   | step=6365, pmove=0.52, energy=-47.2424-0.0016j
I | 06-14 13:16:46 |  train   | step=6366, pmove=0.53, energy=-47.2166-0.0066j
I | 06-14 13:16:47 |  train   | step=6367, pmove=0.52, energy=-47.2334-0.0005j
I | 06-14 13:16:48 |  train   | step=6368, pmove=0.53, energy=-47.2137+0.0002j
I | 06-14 13:16:48 |  train   | step=6369, pmove=0.52, energy=-47.2196+0.0003j
I | 06-14 13:16:49 |  train   | step=6370, pmove=0.53, energy=-47.2189+0.0028j
I | 06-14 13:16:49 |  train   | step=6371, pmove=0.53, energy=-47.2189-0.0043j
I | 06-14 13:16:50 |  train   | step=6372, pmove=0.53, energy=-47.2201-0.0027j
I | 06-14 13:16:51 |  train   | step=6373, pmove=0.53, energy=-47.2290+0.0005j
I | 06-14 13:16:51 |  train   | step=6374, pmove=0.52, energy=-47.2489-0.0021j
I | 06-14 13:16:52 |  train   | step=6375, pmove=0.53, energy=-47.2514-0.0021j
I | 06-14 13:16:53 |  train   | step=6376, pmove=0.53, energy=-47.2245-0.0079j
I | 06-14 13:16:53 |  train   | step=6377, pmove=0.53, energy=-47.2267-0.0020j
I | 06-14 13:16:54 |  train   | step=6378, pmove=0.52, energy=-47.2400+0.0010j
I | 06-14 13:16:55 |  train   | step=6379, pmove=0.53, energy=-47.2179-0.0051j
I | 06-14 13:16:55 |  train   | step=6380, pmove=0.53, energy=-47.2376-0.0022j
I | 06-14 13:16:56 |  train   | step=6381, pmove=0.53, energy=-47.2455-0.0017j
I | 06-14 13:16:56 |  train   | step=6382, pmove=0.53, energy=-47.2214-0.0002j
I | 06-14 13:16:57 |  train   | step=6383, pmove=0.53, energy=-47.2216-0.0012j
I | 06-14 13:16:58 |  train   | step=6384, pmove=0.53, energy=-47.2377-0.0027j
I | 06-14 13:16:58 |  train   | step=6385, pmove=0.53, energy=-47.2322+0.0016j
I | 06-14 13:16:59 |  train   | step=6386, pmove=0.53, energy=-47.2176-0.0022j
I | 06-14 13:17:00 |  train   | step=6387, pmove=0.53, energy=-47.2489-0.0004j
I | 06-14 13:17:00 |  train   | step=6388, pmove=0.53, energy=-47.2232+0.0009j
I | 06-14 13:17:01 |  train   | step=6389, pmove=0.53, energy=-47.2266-0.0010j
I | 06-14 13:17:02 |  train   | step=6390, pmove=0.52, energy=-47.2283-0.0022j
I | 06-14 13:17:02 |  train   | step=6391, pmove=0.53, energy=-47.2313-0.0019j
I | 06-14 13:17:03 |  train   | step=6392, pmove=0.53, energy=-47.2523-0.0295j
I | 06-14 13:17:03 |  train   | step=6393, pmove=0.53, energy=-47.2236+0.0041j
I | 06-14 13:17:04 |  train   | step=6394, pmove=0.52, energy=-47.2328-0.0027j
I | 06-14 13:17:05 |  train   | step=6395, pmove=0.53, energy=-47.2275+0.0024j
I | 06-14 13:17:05 |  train   | step=6396, pmove=0.52, energy=-47.2480+0.0033j
I | 06-14 13:17:06 |  train   | step=6397, pmove=0.53, energy=-47.2245+0.0023j
I | 06-14 13:17:07 |  train   | step=6398, pmove=0.53, energy=-47.2251-0.0018j
I | 06-14 13:17:07 |  train   | step=6399, pmove=0.53, energy=-47.2092+0.0015j
I | 06-14 13:17:08 |  train   | step=6400, pmove=0.53, energy=-47.2242+0.0027j
I | 06-14 13:17:09 |  train   | step=6401, pmove=0.53, energy=-47.2170+0.0040j
I | 06-14 13:17:09 |  train   | step=6402, pmove=0.53, energy=-47.2424+0.0044j
I | 06-14 13:17:10 |  train   | step=6403, pmove=0.53, energy=-47.2477-0.0012j
I | 06-14 13:17:10 |  train   | step=6404, pmove=0.53, energy=-47.2326+0.0032j
I | 06-14 13:17:11 |  train   | step=6405, pmove=0.53, energy=-47.2477-0.0015j
I | 06-14 13:17:12 |  train   | step=6406, pmove=0.52, energy=-47.2368-0.0024j
I | 06-14 13:17:12 |  train   | step=6407, pmove=0.52, energy=-47.2326+0.0000j
I | 06-14 13:17:13 |  train   | step=6408, pmove=0.53, energy=-47.2204-0.0010j
I | 06-14 13:17:14 |  train   | step=6409, pmove=0.53, energy=-47.2218+0.0011j
I | 06-14 13:17:14 |  train   | step=6410, pmove=0.53, energy=-47.2300+0.0014j
I | 06-14 13:17:15 |  train   | step=6411, pmove=0.53, energy=-47.2354-0.0033j
I | 06-14 13:17:16 |  train   | step=6412, pmove=0.53, energy=-47.2386+0.0004j
I | 06-14 13:17:16 |  train   | step=6413, pmove=0.53, energy=-47.2347+0.0014j
I | 06-14 13:17:17 |  train   | step=6414, pmove=0.52, energy=-47.2483+0.0016j
I | 06-14 13:17:17 |  train   | step=6415, pmove=0.53, energy=-47.2230+0.0020j
I | 06-14 13:17:18 |  train   | step=6416, pmove=0.53, energy=-47.2315-0.0007j
I | 06-14 13:17:19 |  train   | step=6417, pmove=0.52, energy=-47.2372-0.0021j
I | 06-14 13:17:19 |  train   | step=6418, pmove=0.53, energy=-47.2411-0.0015j
I | 06-14 13:17:20 |  train   | step=6419, pmove=0.53, energy=-47.2359+0.0019j
I | 06-14 13:17:21 |  train   | step=6420, pmove=0.53, energy=-47.2266-0.0016j
I | 06-14 13:17:21 |  train   | step=6421, pmove=0.52, energy=-47.2345+0.0003j
I | 06-14 13:17:22 |  train   | step=6422, pmove=0.53, energy=-47.2342-0.0048j
I | 06-14 13:17:23 |  train   | step=6423, pmove=0.53, energy=-47.2514+0.0031j
I | 06-14 13:17:23 |  train   | step=6424, pmove=0.52, energy=-47.2429-0.0037j
I | 06-14 13:17:24 |  train   | step=6425, pmove=0.53, energy=-47.2256+0.0021j
I | 06-14 13:17:24 |  train   | step=6426, pmove=0.53, energy=-47.2153+0.0020j
I | 06-14 13:17:25 |  train   | step=6427, pmove=0.53, energy=-47.2419+0.0019j
I | 06-14 13:17:26 |  train   | step=6428, pmove=0.53, energy=-47.2320-0.0020j
I | 06-14 13:17:26 |  train   | step=6429, pmove=0.53, energy=-47.2211+0.0018j
I | 06-14 13:17:27 |  train   | step=6430, pmove=0.52, energy=-47.2156+0.0032j
I | 06-14 13:17:28 |  train   | step=6431, pmove=0.52, energy=-47.2231+0.0034j
I | 06-14 13:17:28 |  train   | step=6432, pmove=0.53, energy=-47.2469+0.0032j
I | 06-14 13:17:29 |  train   | step=6433, pmove=0.53, energy=-47.2024+0.0054j
I | 06-14 13:17:29 |  train   | step=6434, pmove=0.53, energy=-47.2202+0.0005j
I | 06-14 13:17:30 |  train   | step=6435, pmove=0.53, energy=-47.2440+0.0001j
I | 06-14 13:17:31 |  train   | step=6436, pmove=0.52, energy=-47.2148-0.0008j
I | 06-14 13:17:31 |  train   | step=6437, pmove=0.53, energy=-47.2226-0.0042j
I | 06-14 13:17:32 |  train   | step=6438, pmove=0.52, energy=-47.2412+0.0008j
I | 06-14 13:17:33 |  train   | step=6439, pmove=0.53, energy=-47.2273-0.0045j
I | 06-14 13:17:33 |  train   | step=6440, pmove=0.53, energy=-47.2236-0.0057j
I | 06-14 13:17:34 |  train   | step=6441, pmove=0.53, energy=-47.2319-0.0024j
I | 06-14 13:17:35 |  train   | step=6442, pmove=0.52, energy=-47.2442-0.0049j
I | 06-14 13:17:35 |  train   | step=6443, pmove=0.52, energy=-47.2165+0.0035j
I | 06-14 13:17:36 |  train   | step=6444, pmove=0.52, energy=-47.2319-0.0037j
I | 06-14 13:17:36 |  train   | step=6445, pmove=0.53, energy=-47.2312+0.0037j
I | 06-14 13:17:37 |  train   | step=6446, pmove=0.52, energy=-47.2467+0.0021j
I | 06-14 13:17:38 |  train   | step=6447, pmove=0.53, energy=-47.2524-0.0006j
I | 06-14 13:17:38 |  train   | step=6448, pmove=0.52, energy=-47.2424-0.0020j
I | 06-14 13:17:39 |  train   | step=6449, pmove=0.53, energy=-47.2308+0.0012j
I | 06-14 13:17:40 |  train   | step=6450, pmove=0.52, energy=-47.2337+0.0043j
I | 06-14 13:17:40 |  train   | step=6451, pmove=0.53, energy=-47.2164+0.0008j
I | 06-14 13:17:41 |  train   | step=6452, pmove=0.53, energy=-47.2331+0.0002j
I | 06-14 13:17:42 |  train   | step=6453, pmove=0.53, energy=-47.2324+0.0001j
I | 06-14 13:17:42 |  train   | step=6454, pmove=0.53, energy=-47.2245-0.0015j
I | 06-14 13:17:43 |  train   | step=6455, pmove=0.52, energy=-47.2230-0.0027j
I | 06-14 13:17:43 |  train   | step=6456, pmove=0.53, energy=-47.2455-0.0037j
I | 06-14 13:17:44 |  train   | step=6457, pmove=0.53, energy=-47.2359-0.0057j
I | 06-14 13:17:45 |  train   | step=6458, pmove=0.53, energy=-47.2239+0.0044j
I | 06-14 13:17:45 |  train   | step=6459, pmove=0.53, energy=-47.2315+0.0012j
I | 06-14 13:17:46 |  train   | step=6460, pmove=0.53, energy=-47.2351-0.0008j
I | 06-14 13:17:47 |  train   | step=6461, pmove=0.53, energy=-47.2341+0.0049j
I | 06-14 13:17:47 |  train   | step=6462, pmove=0.52, energy=-47.2503+0.0053j
I | 06-14 13:17:48 |  train   | step=6463, pmove=0.52, energy=-47.2347+0.0043j
I | 06-14 13:17:49 |  train   | step=6464, pmove=0.53, energy=-47.2483+0.0072j
I | 06-14 13:17:49 |  train   | step=6465, pmove=0.53, energy=-47.2572+0.0006j
I | 06-14 13:17:50 |  train   | step=6466, pmove=0.52, energy=-47.2267-0.0012j
I | 06-14 13:17:50 |  train   | step=6467, pmove=0.52, energy=-47.2182-0.0000j
I | 06-14 13:17:51 |  train   | step=6468, pmove=0.53, energy=-47.2499-0.0106j
I | 06-14 13:17:52 |  train   | step=6469, pmove=0.52, energy=-47.2167+0.0024j
I | 06-14 13:17:52 |  train   | step=6470, pmove=0.53, energy=-47.2322-0.0002j
I | 06-14 13:17:53 |  train   | step=6471, pmove=0.52, energy=-47.2408+0.0010j
I | 06-14 13:17:54 |  train   | step=6472, pmove=0.52, energy=-47.2253+0.0001j
I | 06-14 13:17:54 |  train   | step=6473, pmove=0.52, energy=-47.2355-0.0002j
I | 06-14 13:17:55 |  train   | step=6474, pmove=0.53, energy=-47.2289-0.0000j
I | 06-14 13:17:56 |  train   | step=6475, pmove=0.52, energy=-47.2327-0.0013j
I | 06-14 13:17:56 |  train   | step=6476, pmove=0.53, energy=-47.2366-0.0005j
I | 06-14 13:17:57 |  train   | step=6477, pmove=0.53, energy=-47.2218+0.0003j
I | 06-14 13:17:57 |  train   | step=6478, pmove=0.53, energy=-47.2111+0.0015j
I | 06-14 13:17:58 |  train   | step=6479, pmove=0.53, energy=-47.2395+0.0007j
I | 06-14 13:17:59 |  train   | step=6480, pmove=0.52, energy=-47.2142+0.0029j
I | 06-14 13:17:59 |  train   | step=6481, pmove=0.52, energy=-47.2477-0.0001j
I | 06-14 13:18:00 |  train   | step=6482, pmove=0.53, energy=-47.2154+0.0004j
I | 06-14 13:18:01 |  train   | step=6483, pmove=0.53, energy=-47.2322-0.0006j
I | 06-14 13:18:01 |  train   | step=6484, pmove=0.52, energy=-47.2435-0.0021j
I | 06-14 13:18:02 |  train   | step=6485, pmove=0.52, energy=-47.2253+0.0012j
I | 06-14 13:18:02 |  train   | step=6486, pmove=0.52, energy=-47.2359+0.0005j
I | 06-14 13:18:03 |  train   | step=6487, pmove=0.52, energy=-47.2351+0.0010j
I | 06-14 13:18:04 |  train   | step=6488, pmove=0.52, energy=-47.2334+0.0006j
I | 06-14 13:18:04 |  train   | step=6489, pmove=0.52, energy=-47.2460-0.0065j
I | 06-14 13:18:05 |  train   | step=6490, pmove=0.53, energy=-47.2370-0.0017j
I | 06-14 13:18:06 |  train   | step=6491, pmove=0.53, energy=-47.2278-0.0026j
I | 06-14 13:18:06 |  train   | step=6492, pmove=0.52, energy=-47.2285-0.0044j
I | 06-14 13:18:07 |  train   | step=6493, pmove=0.53, energy=-47.2308-0.0030j
I | 06-14 13:18:08 |  train   | step=6494, pmove=0.52, energy=-47.2158+0.0051j
I | 06-14 13:18:08 |  train   | step=6495, pmove=0.53, energy=-47.2491-0.0006j
I | 06-14 13:18:09 |  train   | step=6496, pmove=0.53, energy=-47.2342-0.0012j
I | 06-14 13:18:09 |  train   | step=6497, pmove=0.53, energy=-47.2238+0.0022j
I | 06-14 13:18:10 |  train   | step=6498, pmove=0.52, energy=-47.2217+0.0043j
I | 06-14 13:18:11 |  train   | step=6499, pmove=0.52, energy=-47.2172-0.0000j
I | 06-14 13:18:11 |  train   | step=6500, pmove=0.53, energy=-47.2372-0.0007j
I | 06-14 13:18:12 |  train   | step=6501, pmove=0.52, energy=-47.2252-0.0014j
I | 06-14 13:18:13 |  train   | step=6502, pmove=0.52, energy=-47.2357+0.0002j
I | 06-14 13:18:13 |  train   | step=6503, pmove=0.52, energy=-47.2517+0.0022j
I | 06-14 13:18:14 |  train   | step=6504, pmove=0.53, energy=-47.2219+0.0000j
I | 06-14 13:18:15 |  train   | step=6505, pmove=0.52, energy=-47.2370-0.0018j
I | 06-14 13:18:15 |  train   | step=6506, pmove=0.53, energy=-47.2256+0.0020j
I | 06-14 13:18:16 |  train   | step=6507, pmove=0.53, energy=-47.2318+0.0017j
I | 06-14 13:18:16 |  train   | step=6508, pmove=0.53, energy=-47.2192-0.0023j
I | 06-14 13:18:17 |  train   | step=6509, pmove=0.52, energy=-47.2348-0.0029j
I | 06-14 13:18:18 |  train   | step=6510, pmove=0.53, energy=-47.2475-0.0020j
I | 06-14 13:18:18 |  train   | step=6511, pmove=0.53, energy=-47.2372-0.0018j
I | 06-14 13:18:19 |  train   | step=6512, pmove=0.52, energy=-47.2236+0.0007j
I | 06-14 13:18:20 |  train   | step=6513, pmove=0.52, energy=-47.2423+0.0028j
I | 06-14 13:18:20 |  train   | step=6514, pmove=0.53, energy=-47.2198+0.0016j
I | 06-14 13:18:21 |  train   | step=6515, pmove=0.53, energy=-47.2167-0.0028j
I | 06-14 13:18:22 |  train   | step=6516, pmove=0.53, energy=-47.2223-0.0037j
I | 06-14 13:18:22 |  train   | step=6517, pmove=0.52, energy=-47.2368+0.0025j
I | 06-14 13:18:23 |  train   | step=6518, pmove=0.53, energy=-47.2457-0.0013j
I | 06-14 13:18:23 |  train   | step=6519, pmove=0.52, energy=-47.2253-0.0016j
I | 06-14 13:18:24 |  train   | step=6520, pmove=0.53, energy=-47.2353-0.0002j
I | 06-14 13:18:25 |  train   | step=6521, pmove=0.52, energy=-47.2235-0.0015j
I | 06-14 13:18:25 |  train   | step=6522, pmove=0.53, energy=-47.2255-0.0021j
I | 06-14 13:18:26 |  train   | step=6523, pmove=0.53, energy=-47.2381+0.0021j
I | 06-14 13:18:27 |  train   | step=6524, pmove=0.53, energy=-47.2276+0.0011j
I | 06-14 13:18:27 |  train   | step=6525, pmove=0.53, energy=-47.2309-0.0001j
I | 06-14 13:18:28 |  train   | step=6526, pmove=0.52, energy=-47.2492+0.0016j
I | 06-14 13:18:29 |  train   | step=6527, pmove=0.53, energy=-47.2322+0.0023j
I | 06-14 13:18:29 |  train   | step=6528, pmove=0.53, energy=-47.2277-0.0048j
I | 06-14 13:18:30 |  train   | step=6529, pmove=0.53, energy=-47.2427-0.0027j
I | 06-14 13:18:30 |  train   | step=6530, pmove=0.53, energy=-47.2578-0.0068j
I | 06-14 13:18:31 |  train   | step=6531, pmove=0.52, energy=-47.2102-0.0011j
I | 06-14 13:18:32 |  train   | step=6532, pmove=0.52, energy=-47.2156-0.0011j
I | 06-14 13:18:32 |  train   | step=6533, pmove=0.53, energy=-47.2235-0.0002j
I | 06-14 13:18:33 |  train   | step=6534, pmove=0.53, energy=-47.2392-0.0007j
I | 06-14 13:18:34 |  train   | step=6535, pmove=0.53, energy=-47.2340-0.0019j
I | 06-14 13:18:34 |  train   | step=6536, pmove=0.53, energy=-47.2369-0.0021j
I | 06-14 13:18:35 |  train   | step=6537, pmove=0.53, energy=-47.2065+0.0011j
I | 06-14 13:18:35 |  train   | step=6538, pmove=0.53, energy=-47.2384+0.0024j
I | 06-14 13:18:36 |  train   | step=6539, pmove=0.53, energy=-47.2399+0.0031j
I | 06-14 13:18:37 |  train   | step=6540, pmove=0.52, energy=-47.2294-0.0025j
I | 06-14 13:18:37 |  train   | step=6541, pmove=0.53, energy=-47.2335-0.0021j
I | 06-14 13:18:38 |  train   | step=6542, pmove=0.53, energy=-47.2238+0.0027j
I | 06-14 13:18:39 |  train   | step=6543, pmove=0.53, energy=-47.2261+0.0019j
I | 06-14 13:18:39 |  train   | step=6544, pmove=0.53, energy=-47.2616-0.0013j
I | 06-14 13:18:40 |  train   | step=6545, pmove=0.53, energy=-47.2229+0.0031j
I | 06-14 13:18:41 |  train   | step=6546, pmove=0.53, energy=-47.2309-0.0005j
I | 06-14 13:18:41 |  train   | step=6547, pmove=0.53, energy=-47.2464-0.0025j
I | 06-14 13:18:42 |  train   | step=6548, pmove=0.53, energy=-47.2232-0.0019j
I | 06-14 13:18:42 |  train   | step=6549, pmove=0.53, energy=-47.2405-0.0014j
I | 06-14 13:18:43 |  train   | step=6550, pmove=0.53, energy=-47.2430-0.0050j
I | 06-14 13:18:44 |  train   | step=6551, pmove=0.53, energy=-47.2451+0.0006j
I | 06-14 13:18:44 |  train   | step=6552, pmove=0.52, energy=-47.2281+0.0007j
I | 06-14 13:18:45 |  train   | step=6553, pmove=0.53, energy=-47.2289-0.0007j
I | 06-14 13:18:46 |  train   | step=6554, pmove=0.53, energy=-47.2309+0.0009j
I | 06-14 13:18:46 |  train   | step=6555, pmove=0.53, energy=-47.2312-0.0020j
I | 06-14 13:18:47 |  train   | step=6556, pmove=0.53, energy=-47.2273+0.0027j
I | 06-14 13:18:48 |  train   | step=6557, pmove=0.53, energy=-47.2436-0.0081j
I | 06-14 13:18:48 |  train   | step=6558, pmove=0.52, energy=-47.2614+0.0005j
I | 06-14 13:18:49 |  train   | step=6559, pmove=0.53, energy=-47.2256-0.0038j
I | 06-14 13:18:49 |  train   | step=6560, pmove=0.53, energy=-47.2330-0.0012j
I | 06-14 13:18:50 |  train   | step=6561, pmove=0.53, energy=-47.2000+0.0025j
I | 06-14 13:18:51 |  train   | step=6562, pmove=0.52, energy=-47.2180+0.0027j
I | 06-14 13:18:51 |  train   | step=6563, pmove=0.53, energy=-47.2402+0.0017j
I | 06-14 13:18:52 |  train   | step=6564, pmove=0.52, energy=-47.2326-0.0011j
I | 06-14 13:18:53 |  train   | step=6565, pmove=0.53, energy=-47.2315+0.0001j
I | 06-14 13:18:53 |  train   | step=6566, pmove=0.53, energy=-47.2288-0.0008j
I | 06-14 13:18:54 |  train   | step=6567, pmove=0.53, energy=-47.2121+0.0069j
I | 06-14 13:18:55 |  train   | step=6568, pmove=0.53, energy=-47.2395+0.0002j
I | 06-14 13:18:55 |  train   | step=6569, pmove=0.52, energy=-47.2206-0.0037j
I | 06-14 13:18:56 |  train   | step=6570, pmove=0.52, energy=-47.2294+0.0005j
I | 06-14 13:18:56 |  train   | step=6571, pmove=0.52, energy=-47.2223+0.0012j
I | 06-14 13:18:57 |  train   | step=6572, pmove=0.53, energy=-47.2114+0.0007j
I | 06-14 13:18:58 |  train   | step=6573, pmove=0.53, energy=-47.2292-0.0048j
I | 06-14 13:18:58 |  train   | step=6574, pmove=0.53, energy=-47.2270-0.0018j
I | 06-14 13:18:59 |  train   | step=6575, pmove=0.53, energy=-47.2178+0.0019j
I | 06-14 13:19:00 |  train   | step=6576, pmove=0.53, energy=-47.2325-0.0029j
I | 06-14 13:19:00 |  train   | step=6577, pmove=0.53, energy=-47.2210-0.0007j
I | 06-14 13:19:01 |  train   | step=6578, pmove=0.53, energy=-47.2118+0.0013j
I | 06-14 13:19:02 |  train   | step=6579, pmove=0.53, energy=-47.2258+0.0017j
I | 06-14 13:19:02 |  train   | step=6580, pmove=0.53, energy=-47.2255+0.0002j
I | 06-14 13:19:03 |  train   | step=6581, pmove=0.53, energy=-47.2274+0.0015j
I | 06-14 13:19:03 |  train   | step=6582, pmove=0.53, energy=-47.2416+0.0009j
I | 06-14 13:19:04 |  train   | step=6583, pmove=0.53, energy=-47.2243+0.0010j
I | 06-14 13:19:05 |  train   | step=6584, pmove=0.53, energy=-47.2406-0.0009j
I | 06-14 13:19:05 |  train   | step=6585, pmove=0.53, energy=-47.2173-0.0043j
I | 06-14 13:19:06 |  train   | step=6586, pmove=0.53, energy=-47.2124+0.0054j
I | 06-14 13:19:07 |  train   | step=6587, pmove=0.53, energy=-47.2293+0.0039j
I | 06-14 13:19:07 |  train   | step=6588, pmove=0.52, energy=-47.2442-0.0035j
I | 06-14 13:19:08 |  train   | step=6589, pmove=0.53, energy=-47.2211-0.0030j
I | 06-14 13:19:08 |  train   | step=6590, pmove=0.52, energy=-47.2192-0.0006j
I | 06-14 13:19:09 |  train   | step=6591, pmove=0.52, energy=-47.2291-0.0002j
I | 06-14 13:19:10 |  train   | step=6592, pmove=0.52, energy=-47.2377-0.0031j
I | 06-14 13:19:10 |  train   | step=6593, pmove=0.53, energy=-47.2372-0.0015j
I | 06-14 13:19:11 |  train   | step=6594, pmove=0.53, energy=-47.2361-0.0030j
I | 06-14 13:19:12 |  train   | step=6595, pmove=0.53, energy=-47.2346+0.0043j
I | 06-14 13:19:12 |  train   | step=6596, pmove=0.53, energy=-47.2169-0.0004j
I | 06-14 13:19:13 |  train   | step=6597, pmove=0.52, energy=-47.2317-0.0010j
I | 06-14 13:19:14 |  train   | step=6598, pmove=0.52, energy=-47.2181+0.0033j
I | 06-14 13:19:14 |  train   | step=6599, pmove=0.53, energy=-47.2347-0.0061j
I | 06-14 13:19:15 |  train   | step=6600, pmove=0.52, energy=-47.2259-0.0011j
I | 06-14 13:19:15 |  train   | step=6601, pmove=0.53, energy=-47.2258+0.0007j
I | 06-14 13:19:16 |  train   | step=6602, pmove=0.52, energy=-47.2201+0.0002j
I | 06-14 13:19:17 |  train   | step=6603, pmove=0.53, energy=-47.2097-0.0032j
I | 06-14 13:19:17 |  train   | step=6604, pmove=0.53, energy=-47.2305+0.0013j
I | 06-14 13:19:18 |  train   | step=6605, pmove=0.53, energy=-47.2140-0.0038j
I | 06-14 13:19:19 |  train   | step=6606, pmove=0.53, energy=-47.2437-0.0001j
I | 06-14 13:19:19 |  train   | step=6607, pmove=0.53, energy=-47.2358+0.0013j
I | 06-14 13:19:20 |  train   | step=6608, pmove=0.52, energy=-47.2293-0.0006j
I | 06-14 13:19:21 |  train   | step=6609, pmove=0.53, energy=-47.2382+0.0008j
I | 06-14 13:19:21 |  train   | step=6610, pmove=0.53, energy=-47.2427+0.0003j
I | 06-14 13:19:22 |  train   | step=6611, pmove=0.52, energy=-47.2216+0.0018j
I | 06-14 13:19:22 |  train   | step=6612, pmove=0.52, energy=-47.2348-0.0000j
I | 06-14 13:19:23 |  train   | step=6613, pmove=0.53, energy=-47.2408-0.0018j
I | 06-14 13:19:24 |  train   | step=6614, pmove=0.53, energy=-47.2408+0.0035j
I | 06-14 13:19:24 |  train   | step=6615, pmove=0.52, energy=-47.2323-0.0004j
I | 06-14 13:19:25 |  train   | step=6616, pmove=0.53, energy=-47.2329+0.0018j
I | 06-14 13:19:26 |  train   | step=6617, pmove=0.53, energy=-47.2193-0.0043j
I | 06-14 13:19:26 |  train   | step=6618, pmove=0.52, energy=-47.2398+0.0041j
I | 06-14 13:19:27 |  train   | step=6619, pmove=0.53, energy=-47.2443+0.0013j
I | 06-14 13:19:28 |  train   | step=6620, pmove=0.53, energy=-47.2406+0.0057j
I | 06-14 13:19:28 |  train   | step=6621, pmove=0.53, energy=-47.2341+0.0025j
I | 06-14 13:19:29 |  train   | step=6622, pmove=0.52, energy=-47.2193-0.0002j
I | 06-14 13:19:29 |  train   | step=6623, pmove=0.52, energy=-47.2331-0.0031j
I | 06-14 13:19:30 |  train   | step=6624, pmove=0.53, energy=-47.2263-0.0019j
I | 06-14 13:19:31 |  train   | step=6625, pmove=0.53, energy=-47.2257-0.0033j
I | 06-14 13:19:31 |  train   | step=6626, pmove=0.52, energy=-47.2301+0.0004j
I | 06-14 13:19:32 |  train   | step=6627, pmove=0.53, energy=-47.2307-0.0034j
I | 06-14 13:19:33 |  train   | step=6628, pmove=0.53, energy=-47.2315-0.0019j
I | 06-14 13:19:33 |  train   | step=6629, pmove=0.53, energy=-47.2199-0.0005j
I | 06-14 13:19:34 |  train   | step=6630, pmove=0.52, energy=-47.2381-0.0008j
I | 06-14 13:19:35 |  train   | step=6631, pmove=0.53, energy=-47.2230-0.0021j
I | 06-14 13:19:35 |  train   | step=6632, pmove=0.53, energy=-47.2079+0.0012j
I | 06-14 13:19:36 |  train   | step=6633, pmove=0.53, energy=-47.2338-0.0018j
I | 06-14 13:19:36 |  train   | step=6634, pmove=0.53, energy=-47.2358+0.0019j
I | 06-14 13:19:37 |  train   | step=6635, pmove=0.53, energy=-47.2297-0.0003j
I | 06-14 13:19:38 |  train   | step=6636, pmove=0.53, energy=-47.2560-0.0008j
I | 06-14 13:19:38 |  train   | step=6637, pmove=0.53, energy=-47.2458-0.0004j
I | 06-14 13:19:39 |  train   | step=6638, pmove=0.53, energy=-47.2223-0.0025j
I | 06-14 13:19:40 |  train   | step=6639, pmove=0.53, energy=-47.2387-0.0027j
I | 06-14 13:19:40 |  train   | step=6640, pmove=0.52, energy=-47.2145-0.0029j
I | 06-14 13:19:41 |  train   | step=6641, pmove=0.52, energy=-47.2326+0.0002j
I | 06-14 13:19:42 |  train   | step=6642, pmove=0.52, energy=-47.2436-0.0008j
I | 06-14 13:19:42 |  train   | step=6643, pmove=0.52, energy=-47.2376+0.0070j
I | 06-14 13:19:43 |  train   | step=6644, pmove=0.52, energy=-47.2304+0.0004j
I | 06-14 13:19:43 |  train   | step=6645, pmove=0.53, energy=-47.2406-0.0039j
I | 06-14 13:19:44 |  train   | step=6646, pmove=0.53, energy=-47.2209-0.0009j
I | 06-14 13:19:45 |  train   | step=6647, pmove=0.53, energy=-47.2364+0.0066j
I | 06-14 13:19:45 |  train   | step=6648, pmove=0.52, energy=-47.2164-0.0043j
I | 06-14 13:19:46 |  train   | step=6649, pmove=0.53, energy=-47.2363-0.0002j
I | 06-14 13:19:47 |  train   | step=6650, pmove=0.53, energy=-47.2155-0.0010j
I | 06-14 13:19:47 |  train   | step=6651, pmove=0.52, energy=-47.2351-0.0026j
I | 06-14 13:19:48 |  train   | step=6652, pmove=0.53, energy=-47.2482-0.0051j
I | 06-14 13:19:48 |  train   | step=6653, pmove=0.52, energy=-47.2378+0.0004j
I | 06-14 13:19:49 |  train   | step=6654, pmove=0.53, energy=-47.2273+0.0014j
I | 06-14 13:19:50 |  train   | step=6655, pmove=0.52, energy=-47.2000+0.0018j
I | 06-14 13:19:50 |  train   | step=6656, pmove=0.52, energy=-47.2318+0.0013j
I | 06-14 13:19:51 |  train   | step=6657, pmove=0.52, energy=-47.2339+0.0023j
I | 06-14 13:19:52 |  train   | step=6658, pmove=0.53, energy=-47.2408-0.0013j
I | 06-14 13:19:52 |  train   | step=6659, pmove=0.53, energy=-47.2149-0.0010j
I | 06-14 13:19:53 |  train   | step=6660, pmove=0.53, energy=-47.2255-0.0044j
I | 06-14 13:19:54 |  train   | step=6661, pmove=0.53, energy=-47.2490-0.0026j
I | 06-14 13:19:54 |  train   | step=6662, pmove=0.53, energy=-47.2450+0.0022j
I | 06-14 13:19:55 |  train   | step=6663, pmove=0.53, energy=-47.2260-0.0028j
I | 06-14 13:19:55 |  train   | step=6664, pmove=0.53, energy=-47.2436+0.0040j
I | 06-14 13:19:56 |  train   | step=6665, pmove=0.53, energy=-47.2227-0.0017j
I | 06-14 13:19:57 |  train   | step=6666, pmove=0.53, energy=-47.2531+0.0010j
I | 06-14 13:19:57 |  train   | step=6667, pmove=0.53, energy=-47.2204-0.0051j
I | 06-14 13:19:58 |  train   | step=6668, pmove=0.52, energy=-47.2300-0.0019j
I | 06-14 13:19:59 |  train   | step=6669, pmove=0.53, energy=-47.2199+0.0008j
I | 06-14 13:19:59 |  train   | step=6670, pmove=0.52, energy=-47.2146-0.0017j
I | 06-14 13:20:00 |  train   | step=6671, pmove=0.53, energy=-47.2284+0.0004j
I | 06-14 13:20:01 |  train   | step=6672, pmove=0.53, energy=-47.2340+0.0015j
I | 06-14 13:20:01 |  train   | step=6673, pmove=0.53, energy=-47.2416+0.0009j
I | 06-14 13:20:02 |  train   | step=6674, pmove=0.53, energy=-47.2249+0.0008j
I | 06-14 13:20:02 |  train   | step=6675, pmove=0.53, energy=-47.2128+0.0033j
I | 06-14 13:20:03 |  train   | step=6676, pmove=0.53, energy=-47.2241-0.0017j
I | 06-14 13:20:04 |  train   | step=6677, pmove=0.52, energy=-47.2159+0.0017j
I | 06-14 13:20:04 |  train   | step=6678, pmove=0.53, energy=-47.2136-0.0030j
I | 06-14 13:20:05 |  train   | step=6679, pmove=0.52, energy=-47.2202-0.0020j
I | 06-14 13:20:06 |  train   | step=6680, pmove=0.53, energy=-47.2295-0.0028j
I | 06-14 13:20:06 |  train   | step=6681, pmove=0.53, energy=-47.2123+0.0014j
I | 06-14 13:20:07 |  train   | step=6682, pmove=0.53, energy=-47.2434+0.0009j
I | 06-14 13:20:08 |  train   | step=6683, pmove=0.53, energy=-47.2414-0.0023j
I | 06-14 13:20:08 |  train   | step=6684, pmove=0.53, energy=-47.2497+0.0050j
I | 06-14 13:20:09 |  train   | step=6685, pmove=0.53, energy=-47.2420-0.0020j
I | 06-14 13:20:09 |  train   | step=6686, pmove=0.53, energy=-47.2282+0.0031j
I | 06-14 13:20:10 |  train   | step=6687, pmove=0.52, energy=-47.2449+0.0006j
I | 06-14 13:20:11 |  train   | step=6688, pmove=0.53, energy=-47.2266+0.0001j
I | 06-14 13:20:11 |  train   | step=6689, pmove=0.53, energy=-47.2242-0.0025j
I | 06-14 13:20:12 |  train   | step=6690, pmove=0.52, energy=-47.2309-0.0003j
I | 06-14 13:20:13 |  train   | step=6691, pmove=0.53, energy=-47.2245+0.0017j
I | 06-14 13:20:13 |  train   | step=6692, pmove=0.52, energy=-47.2210-0.0018j
I | 06-14 13:20:14 |  train   | step=6693, pmove=0.52, energy=-47.2144-0.0056j
I | 06-14 13:20:15 |  train   | step=6694, pmove=0.53, energy=-47.2517-0.0041j
I | 06-14 13:20:15 |  train   | step=6695, pmove=0.53, energy=-47.2344-0.0011j
I | 06-14 13:20:16 |  train   | step=6696, pmove=0.52, energy=-47.2393-0.0010j
I | 06-14 13:20:16 |  train   | step=6697, pmove=0.53, energy=-47.2299-0.0024j
I | 06-14 13:20:17 |  train   | step=6698, pmove=0.53, energy=-47.2295+0.0025j
I | 06-14 13:20:18 |  train   | step=6699, pmove=0.53, energy=-47.2397-0.0027j
I | 06-14 13:20:18 |  train   | step=6700, pmove=0.53, energy=-47.2276-0.0002j
I | 06-14 13:20:19 |  train   | step=6701, pmove=0.53, energy=-47.1874-0.0056j
I | 06-14 13:20:20 |  train   | step=6702, pmove=0.53, energy=-47.2332-0.0025j
I | 06-14 13:20:20 |  train   | step=6703, pmove=0.53, energy=-47.2435-0.0032j
I | 06-14 13:20:21 |  train   | step=6704, pmove=0.53, energy=-47.2418+0.0024j
I | 06-14 13:20:22 |  train   | step=6705, pmove=0.52, energy=-47.2367+0.0016j
I | 06-14 13:20:22 |  train   | step=6706, pmove=0.53, energy=-47.2322+0.0027j
I | 06-14 13:20:23 |  train   | step=6707, pmove=0.53, energy=-47.2313-0.0017j
I | 06-14 13:20:23 |  train   | step=6708, pmove=0.53, energy=-47.2626-0.0027j
I | 06-14 13:20:24 |  train   | step=6709, pmove=0.53, energy=-47.2292-0.0032j
I | 06-14 13:20:25 |  train   | step=6710, pmove=0.52, energy=-47.2438+0.0024j
I | 06-14 13:20:25 |  train   | step=6711, pmove=0.52, energy=-47.2501+0.0008j
I | 06-14 13:20:26 |  train   | step=6712, pmove=0.52, energy=-47.2219-0.0004j
I | 06-14 13:20:27 |  train   | step=6713, pmove=0.53, energy=-47.2494+0.0042j
I | 06-14 13:20:27 |  train   | step=6714, pmove=0.53, energy=-47.2435-0.0046j
I | 06-14 13:20:28 |  train   | step=6715, pmove=0.52, energy=-47.2159-0.0051j
I | 06-14 13:20:28 |  train   | step=6716, pmove=0.52, energy=-47.2068-0.0064j
I | 06-14 13:20:29 |  train   | step=6717, pmove=0.52, energy=-47.2329+0.0000j
I | 06-14 13:20:30 |  train   | step=6718, pmove=0.53, energy=-47.2202-0.0002j
I | 06-14 13:20:30 |  train   | step=6719, pmove=0.52, energy=-47.2261-0.0015j
I | 06-14 13:20:31 |  train   | step=6720, pmove=0.52, energy=-47.2123-0.0038j
I | 06-14 13:20:32 |  train   | step=6721, pmove=0.52, energy=-47.2352-0.0003j
I | 06-14 13:20:32 |  train   | step=6722, pmove=0.52, energy=-47.2284-0.0002j
I | 06-14 13:20:33 |  train   | step=6723, pmove=0.52, energy=-47.2241-0.0027j
I | 06-14 13:20:34 |  train   | step=6724, pmove=0.53, energy=-47.2334+0.0017j
I | 06-14 13:20:34 |  train   | step=6725, pmove=0.53, energy=-47.2350-0.0007j
I | 06-14 13:20:35 |  train   | step=6726, pmove=0.53, energy=-47.2391-0.0039j
I | 06-14 13:20:35 |  train   | step=6727, pmove=0.53, energy=-47.2274-0.0085j
I | 06-14 13:20:36 |  train   | step=6728, pmove=0.53, energy=-47.2104-0.0013j
I | 06-14 13:20:37 |  train   | step=6729, pmove=0.53, energy=-47.2424+0.0010j
I | 06-14 13:20:37 |  train   | step=6730, pmove=0.53, energy=-47.2269+0.0001j
I | 06-14 13:20:38 |  train   | step=6731, pmove=0.52, energy=-47.1940-0.0047j
I | 06-14 13:20:39 |  train   | step=6732, pmove=0.53, energy=-47.2268+0.0003j
I | 06-14 13:20:39 |  train   | step=6733, pmove=0.53, energy=-47.2225+0.0009j
I | 06-14 13:20:40 |  train   | step=6734, pmove=0.53, energy=-47.2209-0.0012j
I | 06-14 13:20:41 |  train   | step=6735, pmove=0.53, energy=-47.2319-0.0046j
I | 06-14 13:20:41 |  train   | step=6736, pmove=0.53, energy=-47.2189-0.0020j
I | 06-14 13:20:42 |  train   | step=6737, pmove=0.53, energy=-47.2153-0.0003j
I | 06-14 13:20:42 |  train   | step=6738, pmove=0.53, energy=-47.2324-0.0003j
I | 06-14 13:20:43 |  train   | step=6739, pmove=0.53, energy=-47.2275+0.0034j
I | 06-14 13:20:44 |  train   | step=6740, pmove=0.52, energy=-47.1961-0.0097j
I | 06-14 13:20:44 |  train   | step=6741, pmove=0.52, energy=-47.2338-0.0041j
I | 06-14 13:20:45 |  train   | step=6742, pmove=0.52, energy=-47.2272+0.0017j
I | 06-14 13:20:46 |  train   | step=6743, pmove=0.52, energy=-47.2174-0.0033j
I | 06-14 13:20:46 |  train   | step=6744, pmove=0.52, energy=-47.2361-0.0010j
I | 06-14 13:20:47 |  train   | step=6745, pmove=0.53, energy=-47.2264+0.0020j
I | 06-14 13:20:48 |  train   | step=6746, pmove=0.53, energy=-47.2289-0.0024j
I | 06-14 13:20:48 |  train   | step=6747, pmove=0.53, energy=-47.2155+0.0043j
I | 06-14 13:20:49 |  train   | step=6748, pmove=0.53, energy=-47.2016+0.0027j
I | 06-14 13:20:49 |  train   | step=6749, pmove=0.53, energy=-47.2362+0.0017j
I | 06-14 13:20:50 |  train   | step=6750, pmove=0.53, energy=-47.2153+0.0025j
I | 06-14 13:20:51 |  train   | step=6751, pmove=0.53, energy=-47.2283-0.0030j
I | 06-14 13:20:51 |  train   | step=6752, pmove=0.53, energy=-47.2344+0.0047j
I | 06-14 13:20:52 |  train   | step=6753, pmove=0.52, energy=-47.2301+0.0016j
I | 06-14 13:20:53 |  train   | step=6754, pmove=0.52, energy=-47.2352+0.0030j
I | 06-14 13:20:53 |  train   | step=6755, pmove=0.53, energy=-47.2285-0.0003j
I | 06-14 13:20:54 |  train   | step=6756, pmove=0.53, energy=-47.2345+0.0014j
I | 06-14 13:20:55 |  train   | step=6757, pmove=0.53, energy=-47.2237+0.0018j
I | 06-14 13:20:55 |  train   | step=6758, pmove=0.52, energy=-47.2176+0.0021j
I | 06-14 13:20:56 |  train   | step=6759, pmove=0.52, energy=-47.2131-0.0007j
I | 06-14 13:20:56 |  train   | step=6760, pmove=0.53, energy=-47.2234-0.0025j
I | 06-14 13:20:57 |  train   | step=6761, pmove=0.53, energy=-47.2249+0.0004j
I | 06-14 13:20:58 |  train   | step=6762, pmove=0.52, energy=-47.2291+0.0036j
I | 06-14 13:20:58 |  train   | step=6763, pmove=0.53, energy=-47.2323-0.0022j
I | 06-14 13:20:59 |  train   | step=6764, pmove=0.52, energy=-47.2230+0.0007j
I | 06-14 13:21:00 |  train   | step=6765, pmove=0.53, energy=-47.2173+0.0006j
I | 06-14 13:21:00 |  train   | step=6766, pmove=0.53, energy=-47.2239-0.0006j
I | 06-14 13:21:01 |  train   | step=6767, pmove=0.53, energy=-47.2030-0.0002j
I | 06-14 13:21:01 |  train   | step=6768, pmove=0.53, energy=-47.2041+0.0001j
I | 06-14 13:21:02 |  train   | step=6769, pmove=0.52, energy=-47.2242-0.0067j
I | 06-14 13:21:03 |  train   | step=6770, pmove=0.53, energy=-47.2274-0.0056j
I | 06-14 13:21:03 |  train   | step=6771, pmove=0.53, energy=-47.2173-0.0001j
I | 06-14 13:21:04 |  train   | step=6772, pmove=0.53, energy=-47.2448+0.0018j
I | 06-14 13:21:05 |  train   | step=6773, pmove=0.52, energy=-47.2369+0.0020j
I | 06-14 13:21:05 |  train   | step=6774, pmove=0.52, energy=-47.2243+0.0028j
I | 06-14 13:21:06 |  train   | step=6775, pmove=0.52, energy=-47.2322-0.0029j
I | 06-14 13:21:07 |  train   | step=6776, pmove=0.53, energy=-47.2491-0.0012j
I | 06-14 13:21:07 |  train   | step=6777, pmove=0.52, energy=-47.2310-0.0046j
I | 06-14 13:21:08 |  train   | step=6778, pmove=0.53, energy=-47.2392-0.0055j
I | 06-14 13:21:08 |  train   | step=6779, pmove=0.53, energy=-47.2273-0.0019j
I | 06-14 13:21:09 |  train   | step=6780, pmove=0.53, energy=-47.2539-0.0067j
I | 06-14 13:21:10 |  train   | step=6781, pmove=0.52, energy=-47.2497-0.0022j
I | 06-14 13:21:10 |  train   | step=6782, pmove=0.52, energy=-47.2146-0.0048j
I | 06-14 13:21:11 |  train   | step=6783, pmove=0.53, energy=-47.2168-0.0001j
I | 06-14 13:21:12 |  train   | step=6784, pmove=0.53, energy=-47.2313-0.0025j
I | 06-14 13:21:12 |  train   | step=6785, pmove=0.53, energy=-47.2327-0.0027j
I | 06-14 13:21:13 |  train   | step=6786, pmove=0.53, energy=-47.2282-0.0044j
I | 06-14 13:21:14 |  train   | step=6787, pmove=0.52, energy=-47.2419+0.0019j
I | 06-14 13:21:14 |  train   | step=6788, pmove=0.53, energy=-47.2217+0.0001j
I | 06-14 13:21:15 |  train   | step=6789, pmove=0.53, energy=-47.2372+0.0003j
I | 06-14 13:21:15 |  train   | step=6790, pmove=0.53, energy=-47.2253+0.0014j
I | 06-14 13:21:16 |  train   | step=6791, pmove=0.53, energy=-47.2268-0.0027j
I | 06-14 13:21:17 |  train   | step=6792, pmove=0.52, energy=-47.2218+0.0022j
I | 06-14 13:21:17 |  train   | step=6793, pmove=0.52, energy=-47.2296-0.0001j
I | 06-14 13:21:18 |  train   | step=6794, pmove=0.53, energy=-47.2314+0.0001j
I | 06-14 13:21:19 |  train   | step=6795, pmove=0.52, energy=-47.2378-0.0017j
I | 06-14 13:21:19 |  train   | step=6796, pmove=0.53, energy=-47.2427+0.0017j
I | 06-14 13:21:20 |  train   | step=6797, pmove=0.53, energy=-47.2247-0.0007j
I | 06-14 13:21:21 |  train   | step=6798, pmove=0.52, energy=-47.2303+0.0040j
I | 06-14 13:21:21 |  train   | step=6799, pmove=0.53, energy=-47.2119+0.0036j
I | 06-14 13:21:22 |  train   | step=6800, pmove=0.53, energy=-47.2432+0.0017j
I | 06-14 13:21:22 |  train   | step=6801, pmove=0.53, energy=-47.2371-0.0014j
I | 06-14 13:21:23 |  train   | step=6802, pmove=0.52, energy=-47.2179-0.0016j
I | 06-14 13:21:24 |  train   | step=6803, pmove=0.53, energy=-47.2186-0.0002j
I | 06-14 13:21:24 |  train   | step=6804, pmove=0.53, energy=-47.2293+0.0010j
I | 06-14 13:21:25 |  train   | step=6805, pmove=0.53, energy=-47.2492-0.0038j
I | 06-14 13:21:26 |  train   | step=6806, pmove=0.53, energy=-47.2146-0.0015j
I | 06-14 13:21:26 |  train   | step=6807, pmove=0.53, energy=-47.2308+0.0015j
I | 06-14 13:21:27 |  train   | step=6808, pmove=0.53, energy=-47.2371-0.0029j
I | 06-14 13:21:28 |  train   | step=6809, pmove=0.53, energy=-47.2321+0.0010j
I | 06-14 13:21:28 |  train   | step=6810, pmove=0.52, energy=-47.2369+0.0003j
I | 06-14 13:21:29 |  train   | step=6811, pmove=0.53, energy=-47.2388-0.0014j
I | 06-14 13:21:29 |  train   | step=6812, pmove=0.52, energy=-47.2447-0.0028j
I | 06-14 13:21:30 |  train   | step=6813, pmove=0.53, energy=-47.2562+0.0010j
I | 06-14 13:21:31 |  train   | step=6814, pmove=0.52, energy=-47.2159+0.0005j
I | 06-14 13:21:31 |  train   | step=6815, pmove=0.52, energy=-47.2308-0.0049j
I | 06-14 13:21:32 |  train   | step=6816, pmove=0.53, energy=-47.2497+0.0021j
I | 06-14 13:21:33 |  train   | step=6817, pmove=0.53, energy=-47.2168+0.0017j
I | 06-14 13:21:33 |  train   | step=6818, pmove=0.53, energy=-47.2155-0.0020j
I | 06-14 13:21:34 |  train   | step=6819, pmove=0.52, energy=-47.2074+0.0015j
I | 06-14 13:21:34 |  train   | step=6820, pmove=0.53, energy=-47.2316-0.0007j
I | 06-14 13:21:35 |  train   | step=6821, pmove=0.52, energy=-47.2319+0.0014j
I | 06-14 13:21:36 |  train   | step=6822, pmove=0.53, energy=-47.2361+0.0024j
I | 06-14 13:21:36 |  train   | step=6823, pmove=0.53, energy=-47.2189-0.0006j
I | 06-14 13:21:37 |  train   | step=6824, pmove=0.53, energy=-47.2596+0.0218j
I | 06-14 13:21:38 |  train   | step=6825, pmove=0.53, energy=-47.2309+0.0005j
I | 06-14 13:21:38 |  train   | step=6826, pmove=0.53, energy=-47.2027+0.0022j
I | 06-14 13:21:39 |  train   | step=6827, pmove=0.53, energy=-47.2275+0.0018j
I | 06-14 13:21:40 |  train   | step=6828, pmove=0.52, energy=-47.2479-0.0031j
I | 06-14 13:21:40 |  train   | step=6829, pmove=0.52, energy=-47.2281-0.0006j
I | 06-14 13:21:41 |  train   | step=6830, pmove=0.53, energy=-47.2418-0.0022j
I | 06-14 13:21:41 |  train   | step=6831, pmove=0.53, energy=-47.2409-0.0033j
I | 06-14 13:21:42 |  train   | step=6832, pmove=0.52, energy=-47.2346-0.0051j
I | 06-14 13:21:43 |  train   | step=6833, pmove=0.53, energy=-47.2294+0.0036j
I | 06-14 13:21:43 |  train   | step=6834, pmove=0.52, energy=-47.2115+0.0020j
I | 06-14 13:21:44 |  train   | step=6835, pmove=0.52, energy=-47.2347+0.0003j
I | 06-14 13:21:45 |  train   | step=6836, pmove=0.53, energy=-47.2255-0.0028j
I | 06-14 13:21:45 |  train   | step=6837, pmove=0.53, energy=-47.2178+0.0002j
I | 06-14 13:21:46 |  train   | step=6838, pmove=0.53, energy=-47.2305+0.0008j
I | 06-14 13:21:47 |  train   | step=6839, pmove=0.53, energy=-47.2278+0.0019j
I | 06-14 13:21:47 |  train   | step=6840, pmove=0.53, energy=-47.2315+0.0020j
I | 06-14 13:21:48 |  train   | step=6841, pmove=0.53, energy=-47.2362+0.0003j
I | 06-14 13:21:48 |  train   | step=6842, pmove=0.52, energy=-47.2311+0.0016j
I | 06-14 13:21:49 |  train   | step=6843, pmove=0.52, energy=-47.2396+0.0016j
I | 06-14 13:21:50 |  train   | step=6844, pmove=0.53, energy=-47.2331+0.0014j
I | 06-14 13:21:50 |  train   | step=6845, pmove=0.53, energy=-47.2224-0.0031j
I | 06-14 13:21:51 |  train   | step=6846, pmove=0.53, energy=-47.2259+0.0010j
I | 06-14 13:21:52 |  train   | step=6847, pmove=0.53, energy=-47.2209-0.0013j
I | 06-14 13:21:52 |  train   | step=6848, pmove=0.53, energy=-47.2238+0.0013j
I | 06-14 13:21:53 |  train   | step=6849, pmove=0.53, energy=-47.2359+0.0010j
I | 06-14 13:21:54 |  train   | step=6850, pmove=0.53, energy=-47.2412+0.0009j
I | 06-14 13:21:54 |  train   | step=6851, pmove=0.53, energy=-47.2287+0.0003j
I | 06-14 13:21:55 |  train   | step=6852, pmove=0.53, energy=-47.2300-0.0034j
I | 06-14 13:21:55 |  train   | step=6853, pmove=0.52, energy=-47.2317+0.0024j
I | 06-14 13:21:56 |  train   | step=6854, pmove=0.53, energy=-47.2215-0.0015j
I | 06-14 13:21:57 |  train   | step=6855, pmove=0.53, energy=-47.2322+0.0020j
I | 06-14 13:21:57 |  train   | step=6856, pmove=0.53, energy=-47.2244-0.0033j
I | 06-14 13:21:58 |  train   | step=6857, pmove=0.53, energy=-47.2303-0.0019j
I | 06-14 13:21:59 |  train   | step=6858, pmove=0.53, energy=-47.2304-0.0012j
I | 06-14 13:21:59 |  train   | step=6859, pmove=0.53, energy=-47.2275-0.0061j
I | 06-14 13:22:00 |  train   | step=6860, pmove=0.53, energy=-47.2118-0.0004j
I | 06-14 13:22:01 |  train   | step=6861, pmove=0.53, energy=-47.2266-0.0024j
I | 06-14 13:22:01 |  train   | step=6862, pmove=0.52, energy=-47.2412-0.0019j
I | 06-14 13:22:02 |  train   | step=6863, pmove=0.52, energy=-47.2398-0.0055j
I | 06-14 13:22:02 |  train   | step=6864, pmove=0.53, energy=-47.2309-0.0002j
I | 06-14 13:22:03 |  train   | step=6865, pmove=0.52, energy=-47.2132-0.0020j
I | 06-14 13:22:04 |  train   | step=6866, pmove=0.53, energy=-47.2327-0.0037j
I | 06-14 13:22:04 |  train   | step=6867, pmove=0.52, energy=-47.2364-0.0015j
I | 06-14 13:22:05 |  train   | step=6868, pmove=0.53, energy=-47.2529+0.0022j
I | 06-14 13:22:06 |  train   | step=6869, pmove=0.52, energy=-47.2291+0.0033j
I | 06-14 13:22:06 |  train   | step=6870, pmove=0.53, energy=-47.2414-0.0017j
I | 06-14 13:22:07 |  train   | step=6871, pmove=0.53, energy=-47.2403+0.0022j
I | 06-14 13:22:08 |  train   | step=6872, pmove=0.53, energy=-47.2284-0.0000j
I | 06-14 13:22:08 |  train   | step=6873, pmove=0.53, energy=-47.2366-0.0012j
I | 06-14 13:22:09 |  train   | step=6874, pmove=0.52, energy=-47.2301+0.0022j
I | 06-14 13:22:09 |  train   | step=6875, pmove=0.53, energy=-47.2409+0.0004j
I | 06-14 13:22:10 |  train   | step=6876, pmove=0.52, energy=-47.2244-0.0023j
I | 06-14 13:22:11 |  train   | step=6877, pmove=0.53, energy=-47.2264+0.0090j
I | 06-14 13:22:11 |  train   | step=6878, pmove=0.52, energy=-47.2338+0.0010j
I | 06-14 13:22:12 |  train   | step=6879, pmove=0.52, energy=-47.2164-0.0012j
I | 06-14 13:22:13 |  train   | step=6880, pmove=0.52, energy=-47.2320+0.0032j
I | 06-14 13:22:13 |  train   | step=6881, pmove=0.53, energy=-47.2311-0.0024j
I | 06-14 13:22:14 |  train   | step=6882, pmove=0.52, energy=-47.2160-0.0032j
I | 06-14 13:22:14 |  train   | step=6883, pmove=0.53, energy=-47.2279+0.0036j
I | 06-14 13:22:15 |  train   | step=6884, pmove=0.53, energy=-47.2415+0.0045j
I | 06-14 13:22:16 |  train   | step=6885, pmove=0.52, energy=-47.2270+0.0012j
I | 06-14 13:22:16 |  train   | step=6886, pmove=0.53, energy=-47.2303+0.0034j
I | 06-14 13:22:17 |  train   | step=6887, pmove=0.53, energy=-47.2227-0.0008j
I | 06-14 13:22:18 |  train   | step=6888, pmove=0.52, energy=-47.2484-0.0007j
I | 06-14 13:22:18 |  train   | step=6889, pmove=0.53, energy=-47.2413+0.0013j
I | 06-14 13:22:19 |  train   | step=6890, pmove=0.52, energy=-47.2242-0.0083j
I | 06-14 13:22:20 |  train   | step=6891, pmove=0.53, energy=-47.2248+0.0048j
I | 06-14 13:22:20 |  train   | step=6892, pmove=0.52, energy=-47.2209-0.0011j
I | 06-14 13:22:21 |  train   | step=6893, pmove=0.53, energy=-47.2221-0.0017j
I | 06-14 13:22:21 |  train   | step=6894, pmove=0.53, energy=-47.2384+0.0009j
I | 06-14 13:22:22 |  train   | step=6895, pmove=0.52, energy=-47.2338-0.0002j
I | 06-14 13:22:23 |  train   | step=6896, pmove=0.53, energy=-47.2412-0.0012j
I | 06-14 13:22:23 |  train   | step=6897, pmove=0.53, energy=-47.2257-0.0035j
I | 06-14 13:22:24 |  train   | step=6898, pmove=0.53, energy=-47.2303+0.0010j
I | 06-14 13:22:25 |  train   | step=6899, pmove=0.52, energy=-47.2212+0.0030j
I | 06-14 13:22:25 |  train   | step=6900, pmove=0.53, energy=-47.2483+0.0019j
I | 06-14 13:22:26 |  train   | step=6901, pmove=0.53, energy=-47.2069+0.0030j
I | 06-14 13:22:27 |  train   | step=6902, pmove=0.53, energy=-47.2372-0.0006j
I | 06-14 13:22:27 |  train   | step=6903, pmove=0.53, energy=-47.2119+0.0045j
I | 06-14 13:22:28 |  train   | step=6904, pmove=0.52, energy=-47.2289+0.0019j
I | 06-14 13:22:28 |  train   | step=6905, pmove=0.53, energy=-47.2413-0.0009j
I | 06-14 13:22:29 |  train   | step=6906, pmove=0.53, energy=-47.2351-0.0029j
I | 06-14 13:22:30 |  train   | step=6907, pmove=0.53, energy=-47.2454-0.0036j
I | 06-14 13:22:30 |  train   | step=6908, pmove=0.52, energy=-47.2316+0.0015j
I | 06-14 13:22:31 |  train   | step=6909, pmove=0.52, energy=-47.2338+0.0003j
I | 06-14 13:22:32 |  train   | step=6910, pmove=0.52, energy=-47.2158-0.0046j
I | 06-14 13:22:32 |  train   | step=6911, pmove=0.53, energy=-47.2452-0.0004j
I | 06-14 13:22:33 |  train   | step=6912, pmove=0.53, energy=-47.2339+0.0026j
I | 06-14 13:22:34 |  train   | step=6913, pmove=0.53, energy=-47.2368+0.0002j
I | 06-14 13:22:34 |  train   | step=6914, pmove=0.52, energy=-47.2305+0.0017j
I | 06-14 13:22:35 |  train   | step=6915, pmove=0.53, energy=-47.2439-0.0003j
I | 06-14 13:22:35 |  train   | step=6916, pmove=0.53, energy=-47.2477-0.0009j
I | 06-14 13:22:36 |  train   | step=6917, pmove=0.52, energy=-47.2255+0.0017j
I | 06-14 13:22:37 |  train   | step=6918, pmove=0.53, energy=-47.2403+0.0040j
I | 06-14 13:22:37 |  train   | step=6919, pmove=0.52, energy=-47.2356+0.0034j
I | 06-14 13:22:38 |  train   | step=6920, pmove=0.53, energy=-47.2185-0.0007j
I | 06-14 13:22:39 |  train   | step=6921, pmove=0.52, energy=-47.2315+0.0012j
I | 06-14 13:22:39 |  train   | step=6922, pmove=0.52, energy=-47.2394-0.0003j
I | 06-14 13:22:40 |  train   | step=6923, pmove=0.52, energy=-47.2488-0.0012j
I | 06-14 13:22:41 |  train   | step=6924, pmove=0.53, energy=-47.2255+0.0042j
I | 06-14 13:22:41 |  train   | step=6925, pmove=0.53, energy=-47.2254+0.0014j
I | 06-14 13:22:42 |  train   | step=6926, pmove=0.53, energy=-47.2365-0.0030j
I | 06-14 13:22:42 |  train   | step=6927, pmove=0.53, energy=-47.2321-0.0036j
I | 06-14 13:22:43 |  train   | step=6928, pmove=0.53, energy=-47.2405-0.0011j
I | 06-14 13:22:44 |  train   | step=6929, pmove=0.53, energy=-47.2343+0.0040j
I | 06-14 13:22:44 |  train   | step=6930, pmove=0.53, energy=-47.2433-0.0068j
I | 06-14 13:22:45 |  train   | step=6931, pmove=0.53, energy=-47.2205-0.0006j
I | 06-14 13:22:46 |  train   | step=6932, pmove=0.52, energy=-47.2388-0.0022j
I | 06-14 13:22:46 |  train   | step=6933, pmove=0.52, energy=-47.2347+0.0009j
I | 06-14 13:22:47 |  train   | step=6934, pmove=0.53, energy=-47.2283-0.0017j
I | 06-14 13:22:47 |  train   | step=6935, pmove=0.53, energy=-47.2414-0.0038j
I | 06-14 13:22:48 |  train   | step=6936, pmove=0.53, energy=-47.2424-0.0011j
I | 06-14 13:22:49 |  train   | step=6937, pmove=0.52, energy=-47.2378-0.0007j
I | 06-14 13:22:49 |  train   | step=6938, pmove=0.53, energy=-47.2431-0.0017j
I | 06-14 13:22:50 |  train   | step=6939, pmove=0.53, energy=-47.2455-0.0020j
I | 06-14 13:22:51 |  train   | step=6940, pmove=0.53, energy=-47.2511+0.0012j
I | 06-14 13:22:51 |  train   | step=6941, pmove=0.52, energy=-47.2391-0.0000j
I | 06-14 13:22:52 |  train   | step=6942, pmove=0.53, energy=-47.2523+0.0007j
I | 06-14 13:22:53 |  train   | step=6943, pmove=0.52, energy=-47.2371-0.0040j
I | 06-14 13:22:53 |  train   | step=6944, pmove=0.53, energy=-47.2313+0.0005j
I | 06-14 13:22:54 |  train   | step=6945, pmove=0.53, energy=-47.2412+0.0012j
I | 06-14 13:22:54 |  train   | step=6946, pmove=0.52, energy=-47.2075+0.0002j
I | 06-14 13:22:55 |  train   | step=6947, pmove=0.53, energy=-47.2121-0.0006j
I | 06-14 13:22:56 |  train   | step=6948, pmove=0.53, energy=-47.2271-0.0026j
I | 06-14 13:22:56 |  train   | step=6949, pmove=0.53, energy=-47.2126-0.0044j
I | 06-14 13:22:57 |  train   | step=6950, pmove=0.52, energy=-47.2295+0.0049j
I | 06-14 13:22:58 |  train   | step=6951, pmove=0.52, energy=-47.2587+0.0029j
I | 06-14 13:22:58 |  train   | step=6952, pmove=0.53, energy=-47.2249+0.0050j
I | 06-14 13:22:59 |  train   | step=6953, pmove=0.52, energy=-47.2298+0.0014j
I | 06-14 13:23:00 |  train   | step=6954, pmove=0.53, energy=-47.2457-0.0024j
I | 06-14 13:23:00 |  train   | step=6955, pmove=0.53, energy=-47.2207-0.0009j
I | 06-14 13:23:01 |  train   | step=6956, pmove=0.53, energy=-47.2261+0.0040j
I | 06-14 13:23:01 |  train   | step=6957, pmove=0.53, energy=-47.2206-0.0024j
I | 06-14 13:23:02 |  train   | step=6958, pmove=0.53, energy=-47.2228+0.0017j
I | 06-14 13:23:03 |  train   | step=6959, pmove=0.53, energy=-47.2217+0.0043j
I | 06-14 13:23:03 |  train   | step=6960, pmove=0.53, energy=-47.2314+0.0031j
I | 06-14 13:23:04 |  train   | step=6961, pmove=0.53, energy=-47.2269-0.0000j
I | 06-14 13:23:05 |  train   | step=6962, pmove=0.53, energy=-47.2242+0.0029j
I | 06-14 13:23:05 |  train   | step=6963, pmove=0.52, energy=-47.2117+0.0001j
I | 06-14 13:23:06 |  train   | step=6964, pmove=0.53, energy=-47.2265+0.0004j
I | 06-14 13:23:07 |  train   | step=6965, pmove=0.52, energy=-47.2356+0.0015j
I | 06-14 13:23:07 |  train   | step=6966, pmove=0.53, energy=-47.2351+0.0021j
I | 06-14 13:23:08 |  train   | step=6967, pmove=0.52, energy=-47.2176+0.0020j
I | 06-14 13:23:08 |  train   | step=6968, pmove=0.52, energy=-47.2308+0.0012j
I | 06-14 13:23:09 |  train   | step=6969, pmove=0.53, energy=-47.1673-0.0003j
I | 06-14 13:23:10 |  train   | step=6970, pmove=0.52, energy=-47.2045+0.0028j
I | 06-14 13:23:10 |  train   | step=6971, pmove=0.53, energy=-47.2325+0.0018j
I | 06-14 13:23:11 |  train   | step=6972, pmove=0.52, energy=-47.2402+0.0041j
I | 06-14 13:23:12 |  train   | step=6973, pmove=0.53, energy=-47.2181+0.0001j
I | 06-14 13:23:12 |  train   | step=6974, pmove=0.53, energy=-47.2429-0.0021j
I | 06-14 13:23:13 |  train   | step=6975, pmove=0.53, energy=-47.2161+0.0016j
I | 06-14 13:23:14 |  train   | step=6976, pmove=0.53, energy=-47.2360+0.0005j
I | 06-14 13:23:14 |  train   | step=6977, pmove=0.52, energy=-47.2493+0.0007j
I | 06-14 13:23:15 |  train   | step=6978, pmove=0.53, energy=-47.2468+0.0013j
I | 06-14 13:23:15 |  train   | step=6979, pmove=0.53, energy=-47.2277-0.0021j
I | 06-14 13:23:16 |  train   | step=6980, pmove=0.53, energy=-47.2365-0.0008j
I | 06-14 13:23:17 |  train   | step=6981, pmove=0.53, energy=-47.2415-0.0039j
I | 06-14 13:23:17 |  train   | step=6982, pmove=0.52, energy=-47.2456-0.0038j
I | 06-14 13:23:18 |  train   | step=6983, pmove=0.52, energy=-47.2133-0.0007j
I | 06-14 13:23:19 |  train   | step=6984, pmove=0.53, energy=-47.2206+0.0028j
I | 06-14 13:23:19 |  train   | step=6985, pmove=0.52, energy=-47.2428+0.0024j
I | 06-14 13:23:20 |  train   | step=6986, pmove=0.52, energy=-47.2428+0.0055j
I | 06-14 13:23:20 |  train   | step=6987, pmove=0.52, energy=-47.2390+0.0014j
I | 06-14 13:23:21 |  train   | step=6988, pmove=0.52, energy=-47.2492+0.0004j
I | 06-14 13:23:22 |  train   | step=6989, pmove=0.52, energy=-47.2112-0.0009j
I | 06-14 13:23:22 |  train   | step=6990, pmove=0.52, energy=-47.2349-0.0022j
I | 06-14 13:23:23 |  train   | step=6991, pmove=0.52, energy=-47.2189-0.0028j
I | 06-14 13:23:24 |  train   | step=6992, pmove=0.53, energy=-47.2414+0.0006j
I | 06-14 13:23:24 |  train   | step=6993, pmove=0.52, energy=-47.2406+0.0025j
I | 06-14 13:23:25 |  train   | step=6994, pmove=0.52, energy=-47.2259+0.0037j
I | 06-14 13:23:26 |  train   | step=6995, pmove=0.52, energy=-47.2106-0.0001j
I | 06-14 13:23:26 |  train   | step=6996, pmove=0.53, energy=-47.2311-0.0021j
I | 06-14 13:23:27 |  train   | step=6997, pmove=0.53, energy=-47.2255+0.0026j
I | 06-14 13:23:27 |  train   | step=6998, pmove=0.53, energy=-47.2330-0.0022j
I | 06-14 13:23:28 |  train   | step=6999, pmove=0.53, energy=-47.2538+0.0041j
I | 06-14 13:23:28 |checkpoint| Saving checkpoint /rds/user/jc2405/hpc-work/JaQMC/jaqmc/runs/sc_h_chain_3.78_spin_6_6/train_ckpt_006999.npz
I | 06-14 13:23:29 |  train   | step=7000, pmove=0.53, energy=-47.2522+0.0055j
I | 06-14 13:23:30 |  train   | step=7001, pmove=0.52, energy=-47.2448+0.0029j
I | 06-14 13:23:31 |  train   | step=7002, pmove=0.53, energy=-47.2381-0.0010j
I | 06-14 13:23:31 |  train   | step=7003, pmove=0.53, energy=-47.2265+0.0015j
I | 06-14 13:23:32 |  train   | step=7004, pmove=0.52, energy=-47.2304+0.0053j
I | 06-14 13:23:33 |  train   | step=7005, pmove=0.53, energy=-47.2137+0.0002j
I | 06-14 13:23:33 |  train   | step=7006, pmove=0.53, energy=-47.2339+0.0001j
I | 06-14 13:23:34 |  train   | step=7007, pmove=0.52, energy=-47.2291-0.0028j
I | 06-14 13:23:34 |  train   | step=7008, pmove=0.53, energy=-47.2369+0.0053j
I | 06-14 13:23:35 |  train   | step=7009, pmove=0.53, energy=-47.2622-0.0010j
I | 06-14 13:23:36 |  train   | step=7010, pmove=0.53, energy=-47.2289-0.0011j
I | 06-14 13:23:36 |  train   | step=7011, pmove=0.53, energy=-47.2509+0.0004j
I | 06-14 13:23:37 |  train   | step=7012, pmove=0.53, energy=-47.2253-0.0043j
I | 06-14 13:23:38 |  train   | step=7013, pmove=0.52, energy=-47.2164+0.0002j
I | 06-14 13:23:38 |  train   | step=7014, pmove=0.53, energy=-47.2393+0.0004j
I | 06-14 13:23:39 |  train   | step=7015, pmove=0.53, energy=-47.2366+0.0025j
I | 06-14 13:23:40 |  train   | step=7016, pmove=0.52, energy=-47.2354+0.0004j
I | 06-14 13:23:40 |  train   | step=7017, pmove=0.52, energy=-47.2379-0.0029j
I | 06-14 13:23:41 |  train   | step=7018, pmove=0.53, energy=-47.2345+0.0040j
I | 06-14 13:23:41 |  train   | step=7019, pmove=0.52, energy=-47.2378-0.0022j
I | 06-14 13:23:42 |  train   | step=7020, pmove=0.53, energy=-47.2075+0.0006j
I | 06-14 13:23:43 |  train   | step=7021, pmove=0.53, energy=-47.2251-0.0019j
I | 06-14 13:23:43 |  train   | step=7022, pmove=0.53, energy=-47.2218-0.0058j
I | 06-14 13:23:44 |  train   | step=7023, pmove=0.52, energy=-47.2375+0.0017j
I | 06-14 13:23:45 |  train   | step=7024, pmove=0.53, energy=-47.2238-0.0058j
I | 06-14 13:23:45 |  train   | step=7025, pmove=0.53, energy=-47.2221-0.0013j
I | 06-14 13:23:46 |  train   | step=7026, pmove=0.52, energy=-47.2225+0.0004j
I | 06-14 13:23:47 |  train   | step=7027, pmove=0.53, energy=-47.2374-0.0046j
I | 06-14 13:23:47 |  train   | step=7028, pmove=0.52, energy=-47.2359+0.0004j
I | 06-14 13:23:48 |  train   | step=7029, pmove=0.53, energy=-47.2344-0.0014j
I | 06-14 13:23:48 |  train   | step=7030, pmove=0.53, energy=-47.2291+0.0024j
I | 06-14 13:23:49 |  train   | step=7031, pmove=0.53, energy=-47.2412-0.0015j
I | 06-14 13:23:50 |  train   | step=7032, pmove=0.52, energy=-47.2319-0.0003j
I | 06-14 13:23:50 |  train   | step=7033, pmove=0.52, energy=-47.2280+0.0010j
I | 06-14 13:23:51 |  train   | step=7034, pmove=0.53, energy=-47.2127+0.0103j
I | 06-14 13:23:52 |  train   | step=7035, pmove=0.53, energy=-47.2248+0.0039j
I | 06-14 13:23:52 |  train   | step=7036, pmove=0.53, energy=-47.2291-0.0031j
I | 06-14 13:23:53 |  train   | step=7037, pmove=0.52, energy=-47.2513-0.0032j
I | 06-14 13:23:54 |  train   | step=7038, pmove=0.53, energy=-47.1949+0.0012j
I | 06-14 13:23:54 |  train   | step=7039, pmove=0.53, energy=-47.2335-0.0033j
I | 06-14 13:23:55 |  train   | step=7040, pmove=0.53, energy=-47.2356-0.0041j
I | 06-14 13:23:55 |  train   | step=7041, pmove=0.53, energy=-47.2258-0.0004j
I | 06-14 13:23:56 |  train   | step=7042, pmove=0.53, energy=-47.2387+0.0005j
I | 06-14 13:23:57 |  train   | step=7043, pmove=0.53, energy=-47.2261+0.0044j
I | 06-14 13:23:57 |  train   | step=7044, pmove=0.53, energy=-47.2404+0.0028j
I | 06-14 13:23:58 |  train   | step=7045, pmove=0.53, energy=-47.2383-0.0001j
I | 06-14 13:23:59 |  train   | step=7046, pmove=0.53, energy=-47.2343+0.0023j
I | 06-14 13:23:59 |  train   | step=7047, pmove=0.52, energy=-47.2319-0.0035j
I | 06-14 13:24:00 |  train   | step=7048, pmove=0.53, energy=-47.2301+0.0011j
I | 06-14 13:24:01 |  train   | step=7049, pmove=0.53, energy=-47.1946+0.0025j
I | 06-14 13:24:01 |  train   | step=7050, pmove=0.52, energy=-47.2390-0.0020j
I | 06-14 13:24:02 |  train   | step=7051, pmove=0.53, energy=-47.2072+0.0042j
I | 06-14 13:24:02 |  train   | step=7052, pmove=0.52, energy=-47.2355+0.0062j
I | 06-14 13:24:03 |  train   | step=7053, pmove=0.53, energy=-47.2275+0.0030j
I | 06-14 13:24:04 |  train   | step=7054, pmove=0.53, energy=-47.2433+0.0030j
I | 06-14 13:24:04 |  train   | step=7055, pmove=0.53, energy=-47.2258+0.0024j
I | 06-14 13:24:05 |  train   | step=7056, pmove=0.53, energy=-47.2428-0.0025j
I | 06-14 13:24:06 |  train   | step=7057, pmove=0.52, energy=-47.2257-0.0017j
I | 06-14 13:24:06 |  train   | step=7058, pmove=0.53, energy=-47.2224-0.0010j
I | 06-14 13:24:07 |  train   | step=7059, pmove=0.52, energy=-47.2465-0.0012j
I | 06-14 13:24:08 |  train   | step=7060, pmove=0.53, energy=-47.2330-0.0056j
I | 06-14 13:24:08 |  train   | step=7061, pmove=0.53, energy=-47.2338-0.0018j
I | 06-14 13:24:09 |  train   | step=7062, pmove=0.52, energy=-47.2368+0.0021j
I | 06-14 13:24:09 |  train   | step=7063, pmove=0.53, energy=-47.2209+0.0026j
I | 06-14 13:24:10 |  train   | step=7064, pmove=0.53, energy=-47.2510-0.0045j
I | 06-14 13:24:11 |  train   | step=7065, pmove=0.52, energy=-47.2373+0.0006j
I | 06-14 13:24:11 |  train   | step=7066, pmove=0.53, energy=-47.2534+0.0004j
I | 06-14 13:24:12 |  train   | step=7067, pmove=0.52, energy=-47.2236+0.0019j
I | 06-14 13:24:13 |  train   | step=7068, pmove=0.52, energy=-47.2548-0.0034j
I | 06-14 13:24:13 |  train   | step=7069, pmove=0.52, energy=-47.2188-0.0002j
I | 06-14 13:24:14 |  train   | step=7070, pmove=0.53, energy=-47.2431+0.0012j
I | 06-14 13:24:14 |  train   | step=7071, pmove=0.53, energy=-47.2342+0.0038j
I | 06-14 13:24:15 |  train   | step=7072, pmove=0.53, energy=-47.2116-0.0035j
I | 06-14 13:24:16 |  train   | step=7073, pmove=0.52, energy=-47.2259+0.0077j
I | 06-14 13:24:16 |  train   | step=7074, pmove=0.53, energy=-47.2166-0.0003j
I | 06-14 13:24:17 |  train   | step=7075, pmove=0.53, energy=-47.2303-0.0006j
I | 06-14 13:24:18 |  train   | step=7076, pmove=0.53, energy=-47.2394-0.0010j
I | 06-14 13:24:18 |  train   | step=7077, pmove=0.53, energy=-47.2309-0.0015j
I | 06-14 13:24:19 |  train   | step=7078, pmove=0.53, energy=-47.2269+0.0023j
I | 06-14 13:24:20 |  train   | step=7079, pmove=0.52, energy=-47.2505-0.0026j
I | 06-14 13:24:20 |  train   | step=7080, pmove=0.53, energy=-47.2293+0.0003j
I | 06-14 13:24:21 |  train   | step=7081, pmove=0.52, energy=-47.2505-0.0031j
I | 06-14 13:24:21 |  train   | step=7082, pmove=0.53, energy=-47.2398+0.0029j
I | 06-14 13:24:22 |  train   | step=7083, pmove=0.53, energy=-47.2309+0.0035j
I | 06-14 13:24:23 |  train   | step=7084, pmove=0.53, energy=-47.2088+0.0051j
I | 06-14 13:24:23 |  train   | step=7085, pmove=0.53, energy=-47.2148-0.0016j
I | 06-14 13:24:24 |  train   | step=7086, pmove=0.52, energy=-47.2062-0.0006j
I | 06-14 13:24:25 |  train   | step=7087, pmove=0.53, energy=-47.2352-0.0002j
I | 06-14 13:24:25 |  train   | step=7088, pmove=0.53, energy=-47.2182-0.0015j
I | 06-14 13:24:26 |  train   | step=7089, pmove=0.53, energy=-47.2254-0.0020j
I | 06-14 13:24:27 |  train   | step=7090, pmove=0.52, energy=-47.2459+0.0010j
I | 06-14 13:24:27 |  train   | step=7091, pmove=0.52, energy=-47.2332-0.0022j
I | 06-14 13:24:28 |  train   | step=7092, pmove=0.52, energy=-47.2359+0.0019j
I | 06-14 13:24:28 |  train   | step=7093, pmove=0.53, energy=-47.2237+0.0009j
I | 06-14 13:24:29 |  train   | step=7094, pmove=0.52, energy=-47.2090-0.0009j
I | 06-14 13:24:30 |  train   | step=7095, pmove=0.52, energy=-47.2443-0.0050j
I | 06-14 13:24:30 |  train   | step=7096, pmove=0.52, energy=-47.2528+0.0011j
I | 06-14 13:24:31 |  train   | step=7097, pmove=0.52, energy=-47.2315-0.0058j
I | 06-14 13:24:32 |  train   | step=7098, pmove=0.52, energy=-47.2132-0.0018j
I | 06-14 13:24:32 |  train   | step=7099, pmove=0.52, energy=-47.2226+0.0002j
I | 06-14 13:24:33 |  train   | step=7100, pmove=0.53, energy=-47.2330-0.0034j
I | 06-14 13:24:34 |  train   | step=7101, pmove=0.53, energy=-47.2436-0.0006j
I | 06-14 13:24:34 |  train   | step=7102, pmove=0.53, energy=-47.2430-0.0013j
I | 06-14 13:24:35 |  train   | step=7103, pmove=0.53, energy=-47.2304+0.0024j
I | 06-14 13:24:35 |  train   | step=7104, pmove=0.53, energy=-47.2345+0.0013j
I | 06-14 13:24:36 |  train   | step=7105, pmove=0.53, energy=-47.2278-0.0007j
I | 06-14 13:24:37 |  train   | step=7106, pmove=0.52, energy=-47.2262-0.0019j
I | 06-14 13:24:37 |  train   | step=7107, pmove=0.53, energy=-47.2211-0.0013j
I | 06-14 13:24:38 |  train   | step=7108, pmove=0.53, energy=-47.2361-0.0043j
I | 06-14 13:24:39 |  train   | step=7109, pmove=0.53, energy=-47.2513+0.0037j
I | 06-14 13:24:39 |  train   | step=7110, pmove=0.53, energy=-47.2088-0.0027j
I | 06-14 13:24:40 |  train   | step=7111, pmove=0.52, energy=-47.2413-0.0002j
I | 06-14 13:24:41 |  train   | step=7112, pmove=0.53, energy=-47.2164-0.0021j
I | 06-14 13:24:41 |  train   | step=7113, pmove=0.53, energy=-47.2356-0.0005j
I | 06-14 13:24:42 |  train   | step=7114, pmove=0.53, energy=-47.2211-0.0006j
I | 06-14 13:24:42 |  train   | step=7115, pmove=0.52, energy=-47.2203-0.0007j
I | 06-14 13:24:43 |  train   | step=7116, pmove=0.53, energy=-47.2152+0.0002j
I | 06-14 13:24:44 |  train   | step=7117, pmove=0.53, energy=-47.2290-0.0007j
I | 06-14 13:24:44 |  train   | step=7118, pmove=0.53, energy=-47.2434+0.0009j
I | 06-14 13:24:45 |  train   | step=7119, pmove=0.53, energy=-47.2250-0.0013j
I | 06-14 13:24:46 |  train   | step=7120, pmove=0.53, energy=-47.2365-0.0019j
I | 06-14 13:24:46 |  train   | step=7121, pmove=0.53, energy=-47.2347-0.0018j
I | 06-14 13:24:47 |  train   | step=7122, pmove=0.52, energy=-47.2331+0.0012j
I | 06-14 13:24:47 |  train   | step=7123, pmove=0.53, energy=-47.2404-0.0048j
I | 06-14 13:24:48 |  train   | step=7124, pmove=0.53, energy=-47.2159-0.0013j
I | 06-14 13:24:49 |  train   | step=7125, pmove=0.52, energy=-47.2340-0.0026j
I | 06-14 13:24:49 |  train   | step=7126, pmove=0.53, energy=-47.2438-0.0001j
I | 06-14 13:24:50 |  train   | step=7127, pmove=0.53, energy=-47.2224-0.0100j
I | 06-14 13:24:51 |  train   | step=7128, pmove=0.52, energy=-47.2344-0.0040j
I | 06-14 13:24:51 |  train   | step=7129, pmove=0.53, energy=-47.2507-0.0008j
I | 06-14 13:24:52 |  train   | step=7130, pmove=0.53, energy=-47.2216-0.0019j
I | 06-14 13:24:53 |  train   | step=7131, pmove=0.53, energy=-47.2297-0.0040j
I | 06-14 13:24:53 |  train   | step=7132, pmove=0.52, energy=-47.2241+0.0003j
I | 06-14 13:24:54 |  train   | step=7133, pmove=0.53, energy=-47.1981+0.0021j
I | 06-14 13:24:54 |  train   | step=7134, pmove=0.53, energy=-47.2301-0.0016j
I | 06-14 13:24:55 |  train   | step=7135, pmove=0.53, energy=-47.2451+0.0011j
I | 06-14 13:24:56 |  train   | step=7136, pmove=0.52, energy=-47.2392+0.0011j
I | 06-14 13:24:56 |  train   | step=7137, pmove=0.52, energy=-47.2284+0.0021j
I | 06-14 13:24:57 |  train   | step=7138, pmove=0.53, energy=-47.2498+0.0003j
I | 06-14 13:24:58 |  train   | step=7139, pmove=0.53, energy=-47.2144+0.0013j
I | 06-14 13:24:58 |  train   | step=7140, pmove=0.53, energy=-47.2411-0.0038j
I | 06-14 13:24:59 |  train   | step=7141, pmove=0.53, energy=-47.2407-0.0017j
I | 06-14 13:25:00 |  train   | step=7142, pmove=0.53, energy=-47.2677+0.0028j
I | 06-14 13:25:00 |  train   | step=7143, pmove=0.53, energy=-47.2334+0.0010j
I | 06-14 13:25:01 |  train   | step=7144, pmove=0.52, energy=-47.2222+0.0011j
I | 06-14 13:25:01 |  train   | step=7145, pmove=0.52, energy=-47.2191+0.0025j
I | 06-14 13:25:02 |  train   | step=7146, pmove=0.53, energy=-47.2261+0.0040j
I | 06-14 13:25:03 |  train   | step=7147, pmove=0.53, energy=-47.2371-0.0008j
I | 06-14 13:25:03 |  train   | step=7148, pmove=0.52, energy=-47.2332+0.0007j
I | 06-14 13:25:04 |  train   | step=7149, pmove=0.53, energy=-47.2340+0.0006j
I | 06-14 13:25:05 |  train   | step=7150, pmove=0.53, energy=-47.2376-0.0001j
I | 06-14 13:25:05 |  train   | step=7151, pmove=0.53, energy=-47.2207+0.0031j
I | 06-14 13:25:06 |  train   | step=7152, pmove=0.53, energy=-47.2118-0.0036j
I | 06-14 13:25:07 |  train   | step=7153, pmove=0.52, energy=-47.2270+0.0033j
I | 06-14 13:25:07 |  train   | step=7154, pmove=0.53, energy=-47.2374-0.0006j
I | 06-14 13:25:08 |  train   | step=7155, pmove=0.53, energy=-47.2510-0.0010j
I | 06-14 13:25:08 |  train   | step=7156, pmove=0.52, energy=-47.2378+0.0035j
I | 06-14 13:25:09 |  train   | step=7157, pmove=0.52, energy=-47.2240-0.0009j
I | 06-14 13:25:10 |  train   | step=7158, pmove=0.53, energy=-47.2398+0.0032j
I | 06-14 13:25:10 |  train   | step=7159, pmove=0.53, energy=-47.2497+0.0004j
I | 06-14 13:25:11 |  train   | step=7160, pmove=0.53, energy=-47.2377-0.0018j
I | 06-14 13:25:12 |  train   | step=7161, pmove=0.53, energy=-47.2362+0.0021j
I | 06-14 13:25:12 |  train   | step=7162, pmove=0.53, energy=-47.2239+0.0021j
I | 06-14 13:25:13 |  train   | step=7163, pmove=0.53, energy=-47.2299+0.0001j
I | 06-14 13:25:14 |  train   | step=7164, pmove=0.53, energy=-47.2309-0.0031j
I | 06-14 13:25:14 |  train   | step=7165, pmove=0.53, energy=-47.2402-0.0003j
I | 06-14 13:25:15 |  train   | step=7166, pmove=0.53, energy=-47.2431-0.0014j
I | 06-14 13:25:15 |  train   | step=7167, pmove=0.53, energy=-47.2379+0.0022j
I | 06-14 13:25:16 |  train   | step=7168, pmove=0.52, energy=-47.2347+0.0015j
I | 06-14 13:25:17 |  train   | step=7169, pmove=0.53, energy=-47.2450+0.0017j
I | 06-14 13:25:17 |  train   | step=7170, pmove=0.52, energy=-47.2351+0.0004j
I | 06-14 13:25:18 |  train   | step=7171, pmove=0.53, energy=-47.2498-0.0003j
I | 06-14 13:25:19 |  train   | step=7172, pmove=0.53, energy=-47.2324-0.0002j
I | 06-14 13:25:19 |  train   | step=7173, pmove=0.53, energy=-47.2367-0.0006j
I | 06-14 13:25:20 |  train   | step=7174, pmove=0.53, energy=-47.2126+0.0023j
I | 06-14 13:25:20 |  train   | step=7175, pmove=0.52, energy=-47.2225+0.0010j
I | 06-14 13:25:21 |  train   | step=7176, pmove=0.52, energy=-47.2201-0.0022j
I | 06-14 13:25:22 |  train   | step=7177, pmove=0.53, energy=-47.2404-0.0038j
I | 06-14 13:25:22 |  train   | step=7178, pmove=0.53, energy=-47.2498-0.0008j
I | 06-14 13:25:23 |  train   | step=7179, pmove=0.53, energy=-47.2417+0.0003j
I | 06-14 13:25:24 |  train   | step=7180, pmove=0.52, energy=-47.2307+0.0007j
I | 06-14 13:25:24 |  train   | step=7181, pmove=0.53, energy=-47.2305+0.0023j
I | 06-14 13:25:25 |  train   | step=7182, pmove=0.53, energy=-47.2207-0.0018j
I | 06-14 13:25:26 |  train   | step=7183, pmove=0.52, energy=-47.2424+0.0021j
I | 06-14 13:25:26 |  train   | step=7184, pmove=0.52, energy=-47.2171+0.0020j
I | 06-14 13:25:27 |  train   | step=7185, pmove=0.52, energy=-47.2661+0.0060j
I | 06-14 13:25:27 |  train   | step=7186, pmove=0.52, energy=-47.2227+0.0042j
I | 06-14 13:25:28 |  train   | step=7187, pmove=0.53, energy=-47.2207+0.0009j
I | 06-14 13:25:29 |  train   | step=7188, pmove=0.52, energy=-47.2191+0.0006j
I | 06-14 13:25:29 |  train   | step=7189, pmove=0.53, energy=-47.2397+0.0018j
I | 06-14 13:25:30 |  train   | step=7190, pmove=0.52, energy=-47.2179-0.0022j
I | 06-14 13:25:31 |  train   | step=7191, pmove=0.52, energy=-47.2102+0.0004j
I | 06-14 13:25:31 |  train   | step=7192, pmove=0.52, energy=-47.2183-0.0007j
I | 06-14 13:25:32 |  train   | step=7193, pmove=0.53, energy=-47.2318+0.0006j
I | 06-14 13:25:33 |  train   | step=7194, pmove=0.53, energy=-47.2391-0.0020j
I | 06-14 13:25:33 |  train   | step=7195, pmove=0.53, energy=-47.2410-0.0009j
I | 06-14 13:25:34 |  train   | step=7196, pmove=0.53, energy=-47.2376-0.0018j
I | 06-14 13:25:34 |  train   | step=7197, pmove=0.53, energy=-47.2276+0.0001j
I | 06-14 13:25:35 |  train   | step=7198, pmove=0.52, energy=-47.2195-0.0007j
I | 06-14 13:25:36 |  train   | step=7199, pmove=0.53, energy=-47.2500+0.0031j
I | 06-14 13:25:36 |  train   | step=7200, pmove=0.53, energy=-47.2192-0.0011j
I | 06-14 13:25:37 |  train   | step=7201, pmove=0.53, energy=-47.2405+0.0003j
I | 06-14 13:25:38 |  train   | step=7202, pmove=0.53, energy=-47.2178+0.0032j
I | 06-14 13:25:38 |  train   | step=7203, pmove=0.52, energy=-47.2360-0.0024j
I | 06-14 13:25:39 |  train   | step=7204, pmove=0.53, energy=-47.2105-0.0015j
I | 06-14 13:25:40 |  train   | step=7205, pmove=0.52, energy=-47.2075-0.0018j
I | 06-14 13:25:40 |  train   | step=7206, pmove=0.52, energy=-47.2360+0.0043j
I | 06-14 13:25:41 |  train   | step=7207, pmove=0.53, energy=-47.2361-0.0022j
I | 06-14 13:25:41 |  train   | step=7208, pmove=0.52, energy=-47.2304-0.0000j
I | 06-14 13:25:42 |  train   | step=7209, pmove=0.53, energy=-47.2335-0.0007j
I | 06-14 13:25:43 |  train   | step=7210, pmove=0.53, energy=-47.2173+0.0022j
I | 06-14 13:25:43 |  train   | step=7211, pmove=0.53, energy=-47.2153+0.0032j
I | 06-14 13:25:44 |  train   | step=7212, pmove=0.53, energy=-47.2303+0.0012j
I | 06-14 13:25:45 |  train   | step=7213, pmove=0.53, energy=-47.2285+0.0002j
I | 06-14 13:25:45 |  train   | step=7214, pmove=0.53, energy=-47.2230+0.0030j
I | 06-14 13:25:46 |  train   | step=7215, pmove=0.53, energy=-47.2663-0.0009j
I | 06-14 13:25:47 |  train   | step=7216, pmove=0.53, energy=-47.2396-0.0008j
I | 06-14 13:25:47 |  train   | step=7217, pmove=0.53, energy=-47.2471-0.0015j
I | 06-14 13:25:48 |  train   | step=7218, pmove=0.53, energy=-47.2191-0.0018j
I | 06-14 13:25:48 |  train   | step=7219, pmove=0.53, energy=-47.2182+0.0007j
I | 06-14 13:25:49 |  train   | step=7220, pmove=0.53, energy=-47.2376+0.0001j
I | 06-14 13:25:50 |  train   | step=7221, pmove=0.53, energy=-47.2164+0.0027j
I | 06-14 13:25:50 |  train   | step=7222, pmove=0.52, energy=-47.2167-0.0017j
I | 06-14 13:25:51 |  train   | step=7223, pmove=0.53, energy=-47.2415-0.0004j
I | 06-14 13:25:52 |  train   | step=7224, pmove=0.53, energy=-47.2277-0.0010j
I | 06-14 13:25:52 |  train   | step=7225, pmove=0.53, energy=-47.2394-0.0008j
I | 06-14 13:25:53 |  train   | step=7226, pmove=0.52, energy=-47.2210+0.0001j
I | 06-14 13:25:53 |  train   | step=7227, pmove=0.53, energy=-47.2181+0.0014j
I | 06-14 13:25:54 |  train   | step=7228, pmove=0.53, energy=-47.1445-0.0046j
I | 06-14 13:25:55 |  train   | step=7229, pmove=0.53, energy=-47.2373-0.0022j
I | 06-14 13:25:55 |  train   | step=7230, pmove=0.52, energy=-47.2355+0.0003j
I | 06-14 13:25:56 |  train   | step=7231, pmove=0.53, energy=-47.2255+0.0001j
I | 06-14 13:25:57 |  train   | step=7232, pmove=0.53, energy=-47.2199+0.0035j
I | 06-14 13:25:57 |  train   | step=7233, pmove=0.53, energy=-47.2285+0.0037j
I | 06-14 13:25:58 |  train   | step=7234, pmove=0.53, energy=-47.2335+0.0003j
I | 06-14 13:25:59 |  train   | step=7235, pmove=0.52, energy=-47.2378-0.0011j
I | 06-14 13:25:59 |  train   | step=7236, pmove=0.53, energy=-47.2237-0.0006j
I | 06-14 13:26:00 |  train   | step=7237, pmove=0.52, energy=-47.2277-0.0029j
I | 06-14 13:26:00 |  train   | step=7238, pmove=0.52, energy=-47.2404+0.0047j
I | 06-14 13:26:01 |  train   | step=7239, pmove=0.52, energy=-47.2345+0.0013j
I | 06-14 13:26:02 |  train   | step=7240, pmove=0.53, energy=-47.2391-0.0044j
I | 06-14 13:26:02 |  train   | step=7241, pmove=0.53, energy=-47.2153-0.0021j
I | 06-14 13:26:03 |  train   | step=7242, pmove=0.52, energy=-47.2230+0.0002j
I | 06-14 13:26:04 |  train   | step=7243, pmove=0.52, energy=-47.2261-0.0020j
I | 06-14 13:26:04 |  train   | step=7244, pmove=0.53, energy=-47.2213+0.0002j
I | 06-14 13:26:05 |  train   | step=7245, pmove=0.53, energy=-47.2300+0.0045j
I | 06-14 13:26:06 |  train   | step=7246, pmove=0.53, energy=-47.2090+0.0022j
I | 06-14 13:26:06 |  train   | step=7247, pmove=0.53, energy=-47.2193-0.0004j
I | 06-14 13:26:07 |  train   | step=7248, pmove=0.52, energy=-47.2357-0.0012j
I | 06-14 13:26:07 |  train   | step=7249, pmove=0.53, energy=-47.2432-0.0001j
I | 06-14 13:26:08 |  train   | step=7250, pmove=0.52, energy=-47.2311-0.0021j
I | 06-14 13:26:09 |  train   | step=7251, pmove=0.53, energy=-47.2280+0.0020j
I | 06-14 13:26:09 |  train   | step=7252, pmove=0.53, energy=-47.2236+0.0003j
I | 06-14 13:26:10 |  train   | step=7253, pmove=0.52, energy=-47.2303-0.0014j
I | 06-14 13:26:11 |  train   | step=7254, pmove=0.52, energy=-47.2319-0.0000j
I | 06-14 13:26:11 |  train   | step=7255, pmove=0.52, energy=-47.2352-0.0009j
I | 06-14 13:26:12 |  train   | step=7256, pmove=0.53, energy=-47.2204-0.0019j
I | 06-14 13:26:13 |  train   | step=7257, pmove=0.52, energy=-47.2321+0.0024j
I | 06-14 13:26:13 |  train   | step=7258, pmove=0.52, energy=-47.2196-0.0001j
I | 06-14 13:26:14 |  train   | step=7259, pmove=0.53, energy=-47.2151-0.0025j
I | 06-14 13:26:14 |  train   | step=7260, pmove=0.53, energy=-47.2262+0.0019j
I | 06-14 13:26:15 |  train   | step=7261, pmove=0.53, energy=-47.2143-0.0028j
I | 06-14 13:26:16 |  train   | step=7262, pmove=0.52, energy=-47.2393-0.0031j
I | 06-14 13:26:16 |  train   | step=7263, pmove=0.53, energy=-47.2321-0.0020j
I | 06-14 13:26:17 |  train   | step=7264, pmove=0.53, energy=-47.2408+0.0006j
I | 06-14 13:26:18 |  train   | step=7265, pmove=0.52, energy=-47.2288+0.0031j
I | 06-14 13:26:18 |  train   | step=7266, pmove=0.52, energy=-47.2193-0.0017j
I | 06-14 13:26:19 |  train   | step=7267, pmove=0.53, energy=-47.2403-0.0016j
I | 06-14 13:26:20 |  train   | step=7268, pmove=0.53, energy=-47.2280+0.0008j
I | 06-14 13:26:20 |  train   | step=7269, pmove=0.53, energy=-47.2294+0.0027j
I | 06-14 13:26:21 |  train   | step=7270, pmove=0.53, energy=-47.2371+0.0009j
I | 06-14 13:26:21 |  train   | step=7271, pmove=0.53, energy=-47.2446-0.0016j
I | 06-14 13:26:22 |  train   | step=7272, pmove=0.53, energy=-47.2324+0.0034j
I | 06-14 13:26:23 |  train   | step=7273, pmove=0.53, energy=-47.2351+0.0035j
I | 06-14 13:26:23 |  train   | step=7274, pmove=0.52, energy=-47.2337+0.0051j
I | 06-14 13:26:24 |  train   | step=7275, pmove=0.53, energy=-47.2232+0.0020j
I | 06-14 13:26:25 |  train   | step=7276, pmove=0.52, energy=-47.2181-0.0011j
I | 06-14 13:26:25 |  train   | step=7277, pmove=0.52, energy=-47.2399-0.0000j
I | 06-14 13:26:26 |  train   | step=7278, pmove=0.53, energy=-47.2215+0.0027j
I | 06-14 13:26:27 |  train   | step=7279, pmove=0.53, energy=-47.2370+0.0009j
I | 06-14 13:26:27 |  train   | step=7280, pmove=0.53, energy=-47.2286+0.0014j
I | 06-14 13:26:28 |  train   | step=7281, pmove=0.53, energy=-47.2432+0.0001j
I | 06-14 13:26:28 |  train   | step=7282, pmove=0.53, energy=-47.2322+0.0001j
I | 06-14 13:26:29 |  train   | step=7283, pmove=0.53, energy=-47.2300-0.0004j
I | 06-14 13:26:30 |  train   | step=7284, pmove=0.53, energy=-47.2389-0.0008j
I | 06-14 13:26:30 |  train   | step=7285, pmove=0.53, energy=-47.2329+0.0020j
I | 06-14 13:26:31 |  train   | step=7286, pmove=0.53, energy=-47.2200-0.0019j
I | 06-14 13:26:32 |  train   | step=7287, pmove=0.53, energy=-47.2175+0.0026j
I | 06-14 13:26:32 |  train   | step=7288, pmove=0.53, energy=-47.2452+0.0002j
I | 06-14 13:26:33 |  train   | step=7289, pmove=0.53, energy=-47.2436+0.0017j
I | 06-14 13:26:33 |  train   | step=7290, pmove=0.52, energy=-47.2244-0.0007j
I | 06-14 13:26:34 |  train   | step=7291, pmove=0.52, energy=-47.2388-0.0033j
I | 06-14 13:26:35 |  train   | step=7292, pmove=0.52, energy=-47.2464-0.0013j
I | 06-14 13:26:35 |  train   | step=7293, pmove=0.52, energy=-47.2157+0.0014j
I | 06-14 13:26:36 |  train   | step=7294, pmove=0.53, energy=-47.2372-0.0015j
I | 06-14 13:26:37 |  train   | step=7295, pmove=0.53, energy=-47.2330+0.0011j
I | 06-14 13:26:37 |  train   | step=7296, pmove=0.52, energy=-47.2348+0.0026j
I | 06-14 13:26:38 |  train   | step=7297, pmove=0.52, energy=-47.2147+0.0024j
I | 06-14 13:26:39 |  train   | step=7298, pmove=0.52, energy=-47.2498+0.0026j
I | 06-14 13:26:39 |  train   | step=7299, pmove=0.52, energy=-47.2278+0.0037j
I | 06-14 13:26:40 |  train   | step=7300, pmove=0.53, energy=-47.2117+0.0028j
I | 06-14 13:26:40 |  train   | step=7301, pmove=0.53, energy=-47.2284+0.0002j
I | 06-14 13:26:41 |  train   | step=7302, pmove=0.53, energy=-47.2156-0.0002j
I | 06-14 13:26:42 |  train   | step=7303, pmove=0.53, energy=-47.2369+0.0001j
I | 06-14 13:26:42 |  train   | step=7304, pmove=0.53, energy=-47.2253+0.0038j
I | 06-14 13:26:43 |  train   | step=7305, pmove=0.53, energy=-47.2090-0.0004j
I | 06-14 13:26:44 |  train   | step=7306, pmove=0.53, energy=-47.2548+0.0020j
I | 06-14 13:26:44 |  train   | step=7307, pmove=0.53, energy=-47.2300-0.0019j
I | 06-14 13:26:45 |  train   | step=7308, pmove=0.53, energy=-47.2285+0.0041j
I | 06-14 13:26:46 |  train   | step=7309, pmove=0.53, energy=-47.2525-0.0036j
I | 06-14 13:26:46 |  train   | step=7310, pmove=0.52, energy=-47.2424+0.0005j
I | 06-14 13:26:47 |  train   | step=7311, pmove=0.53, energy=-47.2370+0.0027j
I | 06-14 13:26:47 |  train   | step=7312, pmove=0.52, energy=-47.2380-0.0025j
I | 06-14 13:26:48 |  train   | step=7313, pmove=0.52, energy=-47.2394-0.0004j
I | 06-14 13:26:49 |  train   | step=7314, pmove=0.53, energy=-47.2315-0.0049j
I | 06-14 13:26:49 |  train   | step=7315, pmove=0.52, energy=-47.2165+0.0040j
I | 06-14 13:26:50 |  train   | step=7316, pmove=0.53, energy=-47.2316+0.0003j
I | 06-14 13:26:51 |  train   | step=7317, pmove=0.53, energy=-47.2299-0.0012j
I | 06-14 13:26:51 |  train   | step=7318, pmove=0.53, energy=-47.2327-0.0002j
I | 06-14 13:26:52 |  train   | step=7319, pmove=0.53, energy=-47.2421+0.0004j
I | 06-14 13:26:53 |  train   | step=7320, pmove=0.53, energy=-47.2336-0.0014j
I | 06-14 13:26:53 |  train   | step=7321, pmove=0.53, energy=-47.2435-0.0010j
I | 06-14 13:26:54 |  train   | step=7322, pmove=0.53, energy=-47.2722+0.0168j
I | 06-14 13:26:54 |  train   | step=7323, pmove=0.53, energy=-47.2393+0.0010j
I | 06-14 13:26:55 |  train   | step=7324, pmove=0.52, energy=-47.2341-0.0026j
I | 06-14 13:26:56 |  train   | step=7325, pmove=0.53, energy=-47.2236+0.0029j
I | 06-14 13:26:56 |  train   | step=7326, pmove=0.52, energy=-47.2254+0.0003j
I | 06-14 13:26:57 |  train   | step=7327, pmove=0.53, energy=-47.2207+0.0013j
I | 06-14 13:26:58 |  train   | step=7328, pmove=0.52, energy=-47.2243-0.0011j
I | 06-14 13:26:58 |  train   | step=7329, pmove=0.53, energy=-47.2260+0.0001j
I | 06-14 13:26:59 |  train   | step=7330, pmove=0.53, energy=-47.2380-0.0011j
I | 06-14 13:27:00 |  train   | step=7331, pmove=0.53, energy=-47.2416-0.0033j
I | 06-14 13:27:00 |  train   | step=7332, pmove=0.53, energy=-47.2100+0.0007j
I | 06-14 13:27:01 |  train   | step=7333, pmove=0.53, energy=-47.2327+0.0004j
I | 06-14 13:27:01 |  train   | step=7334, pmove=0.52, energy=-47.2290+0.0030j
I | 06-14 13:27:02 |  train   | step=7335, pmove=0.53, energy=-47.2262-0.0002j
I | 06-14 13:27:03 |  train   | step=7336, pmove=0.53, energy=-47.1999+0.0047j
I | 06-14 13:27:03 |  train   | step=7337, pmove=0.52, energy=-47.2468-0.0027j
I | 06-14 13:27:04 |  train   | step=7338, pmove=0.53, energy=-47.2147+0.0016j
I | 06-14 13:27:05 |  train   | step=7339, pmove=0.52, energy=-47.2286-0.0026j
I | 06-14 13:27:05 |  train   | step=7340, pmove=0.53, energy=-47.2406-0.0001j
I | 06-14 13:27:06 |  train   | step=7341, pmove=0.52, energy=-47.2308-0.0002j
I | 06-14 13:27:06 |  train   | step=7342, pmove=0.53, energy=-47.2303-0.0030j
I | 06-14 13:27:07 |  train   | step=7343, pmove=0.53, energy=-47.2322-0.0053j
I | 06-14 13:27:08 |  train   | step=7344, pmove=0.53, energy=-47.2045-0.0039j
I | 06-14 13:27:08 |  train   | step=7345, pmove=0.52, energy=-47.2245-0.0024j
I | 06-14 13:27:09 |  train   | step=7346, pmove=0.53, energy=-47.2147-0.0008j
I | 06-14 13:27:10 |  train   | step=7347, pmove=0.52, energy=-47.2194-0.0124j
I | 06-14 13:27:10 |  train   | step=7348, pmove=0.53, energy=-47.2134-0.0011j
I | 06-14 13:27:11 |  train   | step=7349, pmove=0.53, energy=-47.2304-0.0030j
I | 06-14 13:27:12 |  train   | step=7350, pmove=0.53, energy=-47.2423+0.0003j
I | 06-14 13:27:12 |  train   | step=7351, pmove=0.52, energy=-47.2292-0.0010j
I | 06-14 13:27:13 |  train   | step=7352, pmove=0.53, energy=-47.2404-0.0006j
I | 06-14 13:27:13 |  train   | step=7353, pmove=0.53, energy=-47.2424-0.0005j
I | 06-14 13:27:14 |  train   | step=7354, pmove=0.53, energy=-47.2175+0.0002j
I | 06-14 13:27:15 |  train   | step=7355, pmove=0.52, energy=-47.2430-0.0016j
I | 06-14 13:27:15 |  train   | step=7356, pmove=0.53, energy=-47.2454-0.0022j
I | 06-14 13:27:16 |  train   | step=7357, pmove=0.53, energy=-47.2275+0.0029j
I | 06-14 13:27:17 |  train   | step=7358, pmove=0.52, energy=-47.2320+0.0035j
I | 06-14 13:27:17 |  train   | step=7359, pmove=0.52, energy=-47.2418+0.0006j
I | 06-14 13:27:18 |  train   | step=7360, pmove=0.52, energy=-47.2439-0.0020j
I | 06-14 13:27:19 |  train   | step=7361, pmove=0.53, energy=-47.2274-0.0021j
I | 06-14 13:27:19 |  train   | step=7362, pmove=0.53, energy=-47.2449+0.0060j
I | 06-14 13:27:20 |  train   | step=7363, pmove=0.52, energy=-47.2360-0.0025j
I | 06-14 13:27:20 |  train   | step=7364, pmove=0.53, energy=-47.2253+0.0007j
I | 06-14 13:27:21 |  train   | step=7365, pmove=0.53, energy=-47.2246+0.0015j
I | 06-14 13:27:22 |  train   | step=7366, pmove=0.53, energy=-47.2226+0.0019j
I | 06-14 13:27:22 |  train   | step=7367, pmove=0.52, energy=-47.2160-0.0010j
I | 06-14 13:27:23 |  train   | step=7368, pmove=0.53, energy=-47.2479-0.0021j
I | 06-14 13:27:24 |  train   | step=7369, pmove=0.52, energy=-47.2365+0.0029j
I | 06-14 13:27:24 |  train   | step=7370, pmove=0.52, energy=-47.2218+0.0023j
I | 06-14 13:27:25 |  train   | step=7371, pmove=0.53, energy=-47.2171-0.0011j
I | 06-14 13:27:26 |  train   | step=7372, pmove=0.53, energy=-47.2314+0.0027j
I | 06-14 13:27:26 |  train   | step=7373, pmove=0.53, energy=-47.2340-0.0022j
I | 06-14 13:27:27 |  train   | step=7374, pmove=0.53, energy=-47.2247+0.0018j
I | 06-14 13:27:27 |  train   | step=7375, pmove=0.53, energy=-47.2393+0.0014j
I | 06-14 13:27:28 |  train   | step=7376, pmove=0.53, energy=-47.2361+0.0003j
I | 06-14 13:27:29 |  train   | step=7377, pmove=0.52, energy=-47.2255+0.0034j
I | 06-14 13:27:29 |  train   | step=7378, pmove=0.52, energy=-47.2256+0.0038j
I | 06-14 13:27:30 |  train   | step=7379, pmove=0.52, energy=-47.2374+0.0023j
I | 06-14 13:27:31 |  train   | step=7380, pmove=0.52, energy=-47.2375-0.0024j
I | 06-14 13:27:31 |  train   | step=7381, pmove=0.53, energy=-47.2289-0.0020j
I | 06-14 13:27:32 |  train   | step=7382, pmove=0.53, energy=-47.2235+0.0013j
I | 06-14 13:27:33 |  train   | step=7383, pmove=0.53, energy=-47.2293+0.0021j
I | 06-14 13:27:33 |  train   | step=7384, pmove=0.53, energy=-47.2180-0.0001j
I | 06-14 13:27:34 |  train   | step=7385, pmove=0.53, energy=-47.2046-0.0025j
I | 06-14 13:27:34 |  train   | step=7386, pmove=0.53, energy=-47.2341+0.0010j
I | 06-14 13:27:35 |  train   | step=7387, pmove=0.53, energy=-47.2359-0.0036j
I | 06-14 13:27:36 |  train   | step=7388, pmove=0.53, energy=-47.2300-0.0044j
I | 06-14 13:27:36 |  train   | step=7389, pmove=0.53, energy=-47.2301-0.0002j
I | 06-14 13:27:37 |  train   | step=7390, pmove=0.53, energy=-47.2248-0.0010j
I | 06-14 13:27:38 |  train   | step=7391, pmove=0.52, energy=-47.2181-0.0006j
I | 06-14 13:27:38 |  train   | step=7392, pmove=0.52, energy=-47.2428+0.0009j
I | 06-14 13:27:39 |  train   | step=7393, pmove=0.52, energy=-47.2208+0.0003j
I | 06-14 13:27:39 |  train   | step=7394, pmove=0.52, energy=-47.2074+0.0009j
I | 06-14 13:27:40 |  train   | step=7395, pmove=0.53, energy=-47.2305+0.0002j
I | 06-14 13:27:41 |  train   | step=7396, pmove=0.53, energy=-47.2264+0.0007j
I | 06-14 13:27:41 |  train   | step=7397, pmove=0.52, energy=-47.2276+0.0054j
I | 06-14 13:27:42 |  train   | step=7398, pmove=0.53, energy=-47.2310-0.0026j
I | 06-14 13:27:43 |  train   | step=7399, pmove=0.53, energy=-47.2460+0.0021j
I | 06-14 13:27:43 |  train   | step=7400, pmove=0.53, energy=-47.2383+0.0016j
I | 06-14 13:27:44 |  train   | step=7401, pmove=0.53, energy=-47.2484+0.0029j
I | 06-14 13:27:45 |  train   | step=7402, pmove=0.53, energy=-47.2480+0.0007j
I | 06-14 13:27:45 |  train   | step=7403, pmove=0.52, energy=-47.2263+0.0015j
I | 06-14 13:27:46 |  train   | step=7404, pmove=0.53, energy=-47.2431-0.0007j
I | 06-14 13:27:46 |  train   | step=7405, pmove=0.53, energy=-47.2447-0.0010j
I | 06-14 13:27:47 |  train   | step=7406, pmove=0.52, energy=-47.2175-0.0011j
I | 06-14 13:27:48 |  train   | step=7407, pmove=0.52, energy=-47.2246+0.0016j
I | 06-14 13:27:48 |  train   | step=7408, pmove=0.52, energy=-47.2299+0.0011j
I | 06-14 13:27:49 |  train   | step=7409, pmove=0.52, energy=-47.2419-0.0004j
I | 06-14 13:27:50 |  train   | step=7410, pmove=0.53, energy=-47.2373-0.0012j
I | 06-14 13:27:50 |  train   | step=7411, pmove=0.52, energy=-47.2311-0.0006j
I | 06-14 13:27:51 |  train   | step=7412, pmove=0.53, energy=-47.2328+0.0033j
I | 06-14 13:27:52 |  train   | step=7413, pmove=0.53, energy=-47.2342-0.0028j
I | 06-14 13:27:52 |  train   | step=7414, pmove=0.52, energy=-47.2402-0.0016j
I | 06-14 13:27:53 |  train   | step=7415, pmove=0.53, energy=-47.2542+0.0024j
I | 06-14 13:27:53 |  train   | step=7416, pmove=0.52, energy=-47.2262+0.0029j
I | 06-14 13:27:54 |  train   | step=7417, pmove=0.53, energy=-47.2352-0.0031j
I | 06-14 13:27:55 |  train   | step=7418, pmove=0.52, energy=-47.2502-0.0018j
I | 06-14 13:27:55 |  train   | step=7419, pmove=0.52, energy=-47.2428-0.0036j
I | 06-14 13:27:56 |  train   | step=7420, pmove=0.52, energy=-47.2529+0.0004j
I | 06-14 13:27:57 |  train   | step=7421, pmove=0.52, energy=-47.2313+0.0025j
I | 06-14 13:27:57 |  train   | step=7422, pmove=0.52, energy=-47.2396+0.0021j
I | 06-14 13:27:58 |  train   | step=7423, pmove=0.52, energy=-47.2190+0.0013j
I | 06-14 13:27:59 |  train   | step=7424, pmove=0.53, energy=-47.2616-0.0084j
I | 06-14 13:27:59 |  train   | step=7425, pmove=0.52, energy=-47.2235-0.0015j
I | 06-14 13:28:00 |  train   | step=7426, pmove=0.53, energy=-47.2435+0.0045j
I | 06-14 13:28:00 |  train   | step=7427, pmove=0.53, energy=-47.2390-0.0006j
I | 06-14 13:28:01 |  train   | step=7428, pmove=0.52, energy=-47.2288+0.0018j
I | 06-14 13:28:02 |  train   | step=7429, pmove=0.53, energy=-47.2226-0.0005j
I | 06-14 13:28:02 |  train   | step=7430, pmove=0.52, energy=-47.2514+0.0013j
I | 06-14 13:28:03 |  train   | step=7431, pmove=0.53, energy=-47.2425-0.0038j
I | 06-14 13:28:04 |  train   | step=7432, pmove=0.53, energy=-47.2291+0.0023j
I | 06-14 13:28:04 |  train   | step=7433, pmove=0.52, energy=-47.2213+0.0014j
I | 06-14 13:28:05 |  train   | step=7434, pmove=0.52, energy=-47.2204+0.0022j
I | 06-14 13:28:06 |  train   | step=7435, pmove=0.53, energy=-47.2331+0.0015j
I | 06-14 13:28:06 |  train   | step=7436, pmove=0.52, energy=-47.2463-0.0029j
I | 06-14 13:28:07 |  train   | step=7437, pmove=0.52, energy=-47.1849-0.0065j
I | 06-14 13:28:07 |  train   | step=7438, pmove=0.53, energy=-47.2209-0.0030j
I | 06-14 13:28:08 |  train   | step=7439, pmove=0.53, energy=-47.2363+0.0017j
I | 06-14 13:28:09 |  train   | step=7440, pmove=0.53, energy=-47.2263+0.0017j
I | 06-14 13:28:09 |  train   | step=7441, pmove=0.53, energy=-47.2190+0.0010j
I | 06-14 13:28:10 |  train   | step=7442, pmove=0.53, energy=-47.2079+0.0019j
I | 06-14 13:28:11 |  train   | step=7443, pmove=0.53, energy=-47.2254-0.0011j
I | 06-14 13:28:11 |  train   | step=7444, pmove=0.52, energy=-47.2262+0.0013j
I | 06-14 13:28:12 |  train   | step=7445, pmove=0.53, energy=-47.2290+0.0046j
I | 06-14 13:28:13 |  train   | step=7446, pmove=0.53, energy=-47.2538+0.0023j
I | 06-14 13:28:13 |  train   | step=7447, pmove=0.53, energy=-47.2386+0.0016j
I | 06-14 13:28:14 |  train   | step=7448, pmove=0.52, energy=-47.2319+0.0006j
I | 06-14 13:28:14 |  train   | step=7449, pmove=0.52, energy=-47.2296-0.0004j
I | 06-14 13:28:15 |  train   | step=7450, pmove=0.52, energy=-47.2249-0.0021j
I | 06-14 13:28:16 |  train   | step=7451, pmove=0.52, energy=-47.2418+0.0019j
I | 06-14 13:28:16 |  train   | step=7452, pmove=0.52, energy=-47.2211-0.0001j
I | 06-14 13:28:17 |  train   | step=7453, pmove=0.53, energy=-47.2289-0.0037j
I | 06-14 13:28:18 |  train   | step=7454, pmove=0.53, energy=-47.2268-0.0016j
I | 06-14 13:28:18 |  train   | step=7455, pmove=0.52, energy=-47.2189+0.0003j
I | 06-14 13:28:19 |  train   | step=7456, pmove=0.53, energy=-47.2402+0.0063j
I | 06-14 13:28:19 |  train   | step=7457, pmove=0.53, energy=-47.2227-0.0014j
I | 06-14 13:28:20 |  train   | step=7458, pmove=0.53, energy=-47.2446+0.0021j
I | 06-14 13:28:21 |  train   | step=7459, pmove=0.52, energy=-47.2298+0.0039j
I | 06-14 13:28:21 |  train   | step=7460, pmove=0.53, energy=-47.2282+0.0001j
I | 06-14 13:28:22 |  train   | step=7461, pmove=0.53, energy=-47.2307+0.0013j
I | 06-14 13:28:23 |  train   | step=7462, pmove=0.53, energy=-47.2415-0.0016j
I | 06-14 13:28:23 |  train   | step=7463, pmove=0.53, energy=-47.2424-0.0077j
I | 06-14 13:28:24 |  train   | step=7464, pmove=0.52, energy=-47.2271-0.0034j
I | 06-14 13:28:25 |  train   | step=7465, pmove=0.53, energy=-47.2205-0.0006j
I | 06-14 13:28:25 |  train   | step=7466, pmove=0.52, energy=-47.2257+0.0025j
I | 06-14 13:28:26 |  train   | step=7467, pmove=0.53, energy=-47.2182-0.0012j
I | 06-14 13:28:26 |  train   | step=7468, pmove=0.52, energy=-47.2217+0.0016j
I | 06-14 13:28:27 |  train   | step=7469, pmove=0.53, energy=-47.2292+0.0023j
I | 06-14 13:28:28 |  train   | step=7470, pmove=0.53, energy=-47.2325-0.0115j
I | 06-14 13:28:28 |  train   | step=7471, pmove=0.52, energy=-47.2350+0.0024j
I | 06-14 13:28:29 |  train   | step=7472, pmove=0.52, energy=-47.2126+0.0002j
I | 06-14 13:28:30 |  train   | step=7473, pmove=0.53, energy=-47.2153+0.0010j
I | 06-14 13:28:30 |  train   | step=7474, pmove=0.53, energy=-47.2234-0.0009j
I | 06-14 13:28:31 |  train   | step=7475, pmove=0.53, energy=-47.2314-0.0018j
I | 06-14 13:28:32 |  train   | step=7476, pmove=0.53, energy=-47.2277+0.0041j
I | 06-14 13:28:32 |  train   | step=7477, pmove=0.53, energy=-47.2435-0.0004j
I | 06-14 13:28:33 |  train   | step=7478, pmove=0.52, energy=-47.2281+0.0034j
I | 06-14 13:28:33 |  train   | step=7479, pmove=0.52, energy=-47.2278-0.0040j
I | 06-14 13:28:34 |  train   | step=7480, pmove=0.52, energy=-47.2687-0.0004j
I | 06-14 13:28:35 |  train   | step=7481, pmove=0.53, energy=-47.2227+0.0004j
I | 06-14 13:28:35 |  train   | step=7482, pmove=0.52, energy=-47.2357-0.0019j
I | 06-14 13:28:36 |  train   | step=7483, pmove=0.53, energy=-47.2369+0.0013j
I | 06-14 13:28:37 |  train   | step=7484, pmove=0.53, energy=-47.2259-0.0008j
I | 06-14 13:28:37 |  train   | step=7485, pmove=0.53, energy=-47.2466+0.0019j
I | 06-14 13:28:38 |  train   | step=7486, pmove=0.52, energy=-47.2080+0.0047j
I | 06-14 13:28:39 |  train   | step=7487, pmove=0.52, energy=-47.2387-0.0006j
I | 06-14 13:28:39 |  train   | step=7488, pmove=0.53, energy=-47.2470-0.0037j
I | 06-14 13:28:40 |  train   | step=7489, pmove=0.53, energy=-47.2409-0.0047j
I | 06-14 13:28:40 |  train   | step=7490, pmove=0.52, energy=-47.2277+0.0032j
I | 06-14 13:28:41 |  train   | step=7491, pmove=0.53, energy=-47.2230+0.0050j
I | 06-14 13:28:42 |  train   | step=7492, pmove=0.53, energy=-47.2207+0.0009j
I | 06-14 13:28:42 |  train   | step=7493, pmove=0.53, energy=-47.2232+0.0046j
I | 06-14 13:28:43 |  train   | step=7494, pmove=0.53, energy=-47.2389-0.0011j
I | 06-14 13:28:44 |  train   | step=7495, pmove=0.53, energy=-47.2331+0.0014j
I | 06-14 13:28:44 |  train   | step=7496, pmove=0.53, energy=-47.2375-0.0015j
I | 06-14 13:28:45 |  train   | step=7497, pmove=0.53, energy=-47.2254+0.0017j
I | 06-14 13:28:46 |  train   | step=7498, pmove=0.52, energy=-47.2387+0.0030j
I | 06-14 13:28:46 |  train   | step=7499, pmove=0.52, energy=-47.2423-0.0000j
I | 06-14 13:28:47 |  train   | step=7500, pmove=0.53, energy=-47.2170-0.0016j
I | 06-14 13:28:47 |  train   | step=7501, pmove=0.53, energy=-47.2194+0.0000j
I | 06-14 13:28:48 |  train   | step=7502, pmove=0.53, energy=-47.2279+0.0003j
I | 06-14 13:28:49 |  train   | step=7503, pmove=0.53, energy=-47.2341+0.0045j
I | 06-14 13:28:49 |  train   | step=7504, pmove=0.53, energy=-47.2343-0.0056j
I | 06-14 13:28:50 |  train   | step=7505, pmove=0.53, energy=-47.2434+0.0134j
I | 06-14 13:28:51 |  train   | step=7506, pmove=0.53, energy=-47.2368+0.0011j
I | 06-14 13:28:51 |  train   | step=7507, pmove=0.53, energy=-47.2452-0.0031j
I | 06-14 13:28:52 |  train   | step=7508, pmove=0.53, energy=-47.2281+0.0005j
I | 06-14 13:28:52 |  train   | step=7509, pmove=0.53, energy=-47.2232-0.0001j
I | 06-14 13:28:53 |  train   | step=7510, pmove=0.53, energy=-47.2408-0.0011j
I | 06-14 13:28:54 |  train   | step=7511, pmove=0.53, energy=-47.2299-0.0007j
I | 06-14 13:28:54 |  train   | step=7512, pmove=0.53, energy=-47.2330+0.0022j
I | 06-14 13:28:55 |  train   | step=7513, pmove=0.53, energy=-47.2362-0.0026j
I | 06-14 13:28:56 |  train   | step=7514, pmove=0.52, energy=-47.2340+0.0007j
I | 06-14 13:28:56 |  train   | step=7515, pmove=0.53, energy=-47.2494+0.0051j
I | 06-14 13:28:57 |  train   | step=7516, pmove=0.52, energy=-47.2356-0.0017j
I | 06-14 13:28:58 |  train   | step=7517, pmove=0.52, energy=-47.2275-0.0010j
I | 06-14 13:28:58 |  train   | step=7518, pmove=0.53, energy=-47.2304+0.0028j
I | 06-14 13:28:59 |  train   | step=7519, pmove=0.53, energy=-47.2252+0.0006j
I | 06-14 13:28:59 |  train   | step=7520, pmove=0.53, energy=-47.2334-0.0038j
I | 06-14 13:29:00 |  train   | step=7521, pmove=0.53, energy=-47.2472+0.0009j
I | 06-14 13:29:01 |  train   | step=7522, pmove=0.53, energy=-47.2500+0.0004j
I | 06-14 13:29:01 |  train   | step=7523, pmove=0.53, energy=-47.2252+0.0016j
I | 06-14 13:29:02 |  train   | step=7524, pmove=0.53, energy=-47.2488-0.0048j
I | 06-14 13:29:03 |  train   | step=7525, pmove=0.53, energy=-47.2379+0.0008j
I | 06-14 13:29:03 |  train   | step=7526, pmove=0.52, energy=-47.2310-0.0003j
I | 06-14 13:29:04 |  train   | step=7527, pmove=0.52, energy=-47.2437+0.0029j
I | 06-14 13:29:05 |  train   | step=7528, pmove=0.53, energy=-47.2285-0.0019j
I | 06-14 13:29:05 |  train   | step=7529, pmove=0.52, energy=-47.2264-0.0009j
I | 06-14 13:29:06 |  train   | step=7530, pmove=0.53, energy=-47.2442+0.0008j
I | 06-14 13:29:06 |  train   | step=7531, pmove=0.52, energy=-47.2305+0.0010j
I | 06-14 13:29:07 |  train   | step=7532, pmove=0.53, energy=-47.2278-0.0016j
I | 06-14 13:29:08 |  train   | step=7533, pmove=0.53, energy=-47.2313-0.0037j
I | 06-14 13:29:08 |  train   | step=7534, pmove=0.53, energy=-47.2256-0.0019j
I | 06-14 13:29:09 |  train   | step=7535, pmove=0.52, energy=-47.2271-0.0005j
I | 06-14 13:29:10 |  train   | step=7536, pmove=0.52, energy=-47.2276+0.0004j
I | 06-14 13:29:10 |  train   | step=7537, pmove=0.53, energy=-47.2520+0.0131j
I | 06-14 13:29:11 |  train   | step=7538, pmove=0.53, energy=-47.2048+0.0035j
I | 06-14 13:29:12 |  train   | step=7539, pmove=0.52, energy=-47.2122-0.0015j
I | 06-14 13:29:12 |  train   | step=7540, pmove=0.52, energy=-47.2273+0.0019j
I | 06-14 13:29:13 |  train   | step=7541, pmove=0.53, energy=-47.2354+0.0000j
I | 06-14 13:29:13 |  train   | step=7542, pmove=0.53, energy=-47.2589-0.0029j
I | 06-14 13:29:14 |  train   | step=7543, pmove=0.53, energy=-47.2353-0.0015j
I | 06-14 13:29:15 |  train   | step=7544, pmove=0.52, energy=-47.2172-0.0025j
I | 06-14 13:29:15 |  train   | step=7545, pmove=0.53, energy=-47.2027-0.0006j
I | 06-14 13:29:16 |  train   | step=7546, pmove=0.53, energy=-47.2405-0.0034j
I | 06-14 13:29:17 |  train   | step=7547, pmove=0.53, energy=-47.2132-0.0006j
I | 06-14 13:29:17 |  train   | step=7548, pmove=0.53, energy=-47.2382+0.0001j
I | 06-14 13:29:18 |  train   | step=7549, pmove=0.53, energy=-47.2157+0.0004j
I | 06-14 13:29:19 |  train   | step=7550, pmove=0.52, energy=-47.2176+0.0029j
I | 06-14 13:29:19 |  train   | step=7551, pmove=0.53, energy=-47.2464+0.0018j
I | 06-14 13:29:20 |  train   | step=7552, pmove=0.52, energy=-47.2398+0.0019j
I | 06-14 13:29:20 |  train   | step=7553, pmove=0.52, energy=-47.2208+0.0001j
I | 06-14 13:29:21 |  train   | step=7554, pmove=0.52, energy=-47.2332-0.0021j
I | 06-14 13:29:22 |  train   | step=7555, pmove=0.52, energy=-47.2400-0.0025j
I | 06-14 13:29:22 |  train   | step=7556, pmove=0.52, energy=-47.2269-0.0010j
I | 06-14 13:29:23 |  train   | step=7557, pmove=0.53, energy=-47.2236-0.0001j
I | 06-14 13:29:24 |  train   | step=7558, pmove=0.53, energy=-47.2323-0.0007j
I | 06-14 13:29:24 |  train   | step=7559, pmove=0.53, energy=-47.2581+0.0003j
I | 06-14 13:29:25 |  train   | step=7560, pmove=0.53, energy=-47.2383+0.0019j
I | 06-14 13:29:25 |  train   | step=7561, pmove=0.52, energy=-47.2471+0.0028j
I | 06-14 13:29:26 |  train   | step=7562, pmove=0.52, energy=-47.2512+0.0023j
I | 06-14 13:29:27 |  train   | step=7563, pmove=0.52, energy=-47.2354-0.0010j
I | 06-14 13:29:27 |  train   | step=7564, pmove=0.53, energy=-47.2360-0.0004j
I | 06-14 13:29:28 |  train   | step=7565, pmove=0.52, energy=-47.2241-0.0021j
I | 06-14 13:29:29 |  train   | step=7566, pmove=0.53, energy=-47.2225+0.0017j
I | 06-14 13:29:29 |  train   | step=7567, pmove=0.53, energy=-47.2426-0.0046j
I | 06-14 13:29:30 |  train   | step=7568, pmove=0.53, energy=-47.2262+0.0002j
I | 06-14 13:29:31 |  train   | step=7569, pmove=0.53, energy=-47.2324-0.0068j
I | 06-14 13:29:31 |  train   | step=7570, pmove=0.52, energy=-47.2366-0.0022j
I | 06-14 13:29:32 |  train   | step=7571, pmove=0.52, energy=-47.2483-0.0037j
I | 06-14 13:29:32 |  train   | step=7572, pmove=0.53, energy=-47.2364+0.0023j
I | 06-14 13:29:33 |  train   | step=7573, pmove=0.52, energy=-47.2366-0.0006j
I | 06-14 13:29:34 |  train   | step=7574, pmove=0.52, energy=-47.2509+0.0035j
I | 06-14 13:29:34 |  train   | step=7575, pmove=0.53, energy=-47.2344-0.0003j
I | 06-14 13:29:35 |  train   | step=7576, pmove=0.52, energy=-47.2450-0.0014j
I | 06-14 13:29:36 |  train   | step=7577, pmove=0.53, energy=-47.2300-0.0009j
I | 06-14 13:29:36 |  train   | step=7578, pmove=0.52, energy=-47.2290-0.0034j
I | 06-14 13:29:37 |  train   | step=7579, pmove=0.52, energy=-47.2353-0.0039j
I | 06-14 13:29:38 |  train   | step=7580, pmove=0.52, energy=-47.2347-0.0020j
I | 06-14 13:29:38 |  train   | step=7581, pmove=0.52, energy=-47.2102+0.0025j
I | 06-14 13:29:39 |  train   | step=7582, pmove=0.52, energy=-47.2313-0.0039j
I | 06-14 13:29:39 |  train   | step=7583, pmove=0.53, energy=-47.2567-0.0015j
I | 06-14 13:29:40 |  train   | step=7584, pmove=0.53, energy=-47.2297-0.0003j
I | 06-14 13:29:41 |  train   | step=7585, pmove=0.52, energy=-47.2279-0.0023j
I | 06-14 13:29:41 |  train   | step=7586, pmove=0.53, energy=-47.2313+0.0042j
I | 06-14 13:29:42 |  train   | step=7587, pmove=0.53, energy=-47.2111+0.0051j
I | 06-14 13:29:43 |  train   | step=7588, pmove=0.53, energy=-47.2210+0.0052j
I | 06-14 13:29:43 |  train   | step=7589, pmove=0.53, energy=-47.2379-0.0041j
I | 06-14 13:29:44 |  train   | step=7590, pmove=0.53, energy=-47.2283+0.0001j
I | 06-14 13:29:45 |  train   | step=7591, pmove=0.53, energy=-47.2113+0.0012j
I | 06-14 13:29:45 |  train   | step=7592, pmove=0.52, energy=-47.2376-0.0018j
I | 06-14 13:29:46 |  train   | step=7593, pmove=0.53, energy=-47.2296+0.0006j
I | 06-14 13:29:46 |  train   | step=7594, pmove=0.53, energy=-47.2369-0.0004j
I | 06-14 13:29:47 |  train   | step=7595, pmove=0.53, energy=-47.2422+0.0013j
I | 06-14 13:29:48 |  train   | step=7596, pmove=0.53, energy=-47.2414+0.0011j
I | 06-14 13:29:48 |  train   | step=7597, pmove=0.53, energy=-47.2222+0.0008j
I | 06-14 13:29:49 |  train   | step=7598, pmove=0.52, energy=-47.2204-0.0009j
I | 06-14 13:29:50 |  train   | step=7599, pmove=0.53, energy=-47.2033-0.0007j
I | 06-14 13:29:50 |  train   | step=7600, pmove=0.53, energy=-47.2168-0.0049j
I | 06-14 13:29:51 |  train   | step=7601, pmove=0.53, energy=-47.2361-0.0001j
I | 06-14 13:29:52 |  train   | step=7602, pmove=0.53, energy=-47.2400+0.0017j
I | 06-14 13:29:52 |  train   | step=7603, pmove=0.52, energy=-47.2261-0.0010j
I | 06-14 13:29:53 |  train   | step=7604, pmove=0.52, energy=-47.2306-0.0022j
I | 06-14 13:29:53 |  train   | step=7605, pmove=0.52, energy=-47.2446+0.0026j
I | 06-14 13:29:54 |  train   | step=7606, pmove=0.53, energy=-47.2250+0.0007j
I | 06-14 13:29:55 |  train   | step=7607, pmove=0.53, energy=-47.2325-0.0005j
I | 06-14 13:29:55 |  train   | step=7608, pmove=0.52, energy=-47.2365-0.0010j
I | 06-14 13:29:56 |  train   | step=7609, pmove=0.52, energy=-47.2297-0.0005j
I | 06-14 13:29:57 |  train   | step=7610, pmove=0.53, energy=-47.2302-0.0001j
I | 06-14 13:29:57 |  train   | step=7611, pmove=0.53, energy=-47.2539-0.0026j
I | 06-14 13:29:58 |  train   | step=7612, pmove=0.52, energy=-47.2322-0.0023j
I | 06-14 13:29:59 |  train   | step=7613, pmove=0.53, energy=-47.2258+0.0008j
I | 06-14 13:29:59 |  train   | step=7614, pmove=0.53, energy=-47.2339-0.0016j
I | 06-14 13:30:00 |  train   | step=7615, pmove=0.53, energy=-47.2203-0.0010j
I | 06-14 13:30:00 |  train   | step=7616, pmove=0.53, energy=-47.2433-0.0008j
I | 06-14 13:30:01 |  train   | step=7617, pmove=0.52, energy=-47.2342-0.0002j
I | 06-14 13:30:02 |  train   | step=7618, pmove=0.53, energy=-47.2262-0.0025j
I | 06-14 13:30:02 |  train   | step=7619, pmove=0.53, energy=-47.2324-0.0015j
I | 06-14 13:30:03 |  train   | step=7620, pmove=0.52, energy=-47.2408-0.0000j
I | 06-14 13:30:04 |  train   | step=7621, pmove=0.53, energy=-47.2473+0.0011j
I | 06-14 13:30:04 |  train   | step=7622, pmove=0.52, energy=-47.2412-0.0035j
I | 06-14 13:30:05 |  train   | step=7623, pmove=0.53, energy=-47.2284+0.0015j
I | 06-14 13:30:05 |  train   | step=7624, pmove=0.52, energy=-47.2405-0.0028j
I | 06-14 13:30:06 |  train   | step=7625, pmove=0.53, energy=-47.2221-0.0027j
I | 06-14 13:30:07 |  train   | step=7626, pmove=0.52, energy=-47.2295+0.0007j
I | 06-14 13:30:07 |  train   | step=7627, pmove=0.53, energy=-47.2534-0.0003j
I | 06-14 13:30:08 |  train   | step=7628, pmove=0.53, energy=-47.2343-0.0004j
I | 06-14 13:30:09 |  train   | step=7629, pmove=0.53, energy=-47.2177-0.0008j
I | 06-14 13:30:09 |  train   | step=7630, pmove=0.53, energy=-47.2214+0.0036j
I | 06-14 13:30:10 |  train   | step=7631, pmove=0.53, energy=-47.2319+0.0011j
I | 06-14 13:30:11 |  train   | step=7632, pmove=0.52, energy=-47.2436-0.0007j
I | 06-14 13:30:11 |  train   | step=7633, pmove=0.52, energy=-47.2313-0.0024j
I | 06-14 13:30:12 |  train   | step=7634, pmove=0.53, energy=-47.2425+0.0004j
I | 06-14 13:30:12 |  train   | step=7635, pmove=0.53, energy=-47.2403+0.0022j
I | 06-14 13:30:13 |  train   | step=7636, pmove=0.52, energy=-47.2240+0.0037j
I | 06-14 13:30:14 |  train   | step=7637, pmove=0.53, energy=-47.2230+0.0019j
I | 06-14 13:30:14 |  train   | step=7638, pmove=0.52, energy=-47.2398+0.0048j
I | 06-14 13:30:15 |  train   | step=7639, pmove=0.52, energy=-47.2401-0.0041j
I | 06-14 13:30:16 |  train   | step=7640, pmove=0.52, energy=-47.2357-0.0024j
I | 06-14 13:30:16 |  train   | step=7641, pmove=0.53, energy=-47.2213-0.0008j
I | 06-14 13:30:17 |  train   | step=7642, pmove=0.52, energy=-47.2307+0.0010j
I | 06-14 13:30:18 |  train   | step=7643, pmove=0.53, energy=-47.2358+0.0035j
I | 06-14 13:30:18 |  train   | step=7644, pmove=0.53, energy=-47.2341-0.0003j
I | 06-14 13:30:19 |  train   | step=7645, pmove=0.52, energy=-47.2209+0.0035j
I | 06-14 13:30:19 |  train   | step=7646, pmove=0.53, energy=-47.2162+0.0031j
I | 06-14 13:30:20 |  train   | step=7647, pmove=0.52, energy=-47.2503+0.0009j
I | 06-14 13:30:21 |  train   | step=7648, pmove=0.52, energy=-47.2337-0.0003j
I | 06-14 13:30:21 |  train   | step=7649, pmove=0.52, energy=-47.2314+0.0022j
I | 06-14 13:30:22 |  train   | step=7650, pmove=0.52, energy=-47.2386-0.0030j
I | 06-14 13:30:23 |  train   | step=7651, pmove=0.53, energy=-47.2231-0.0005j
I | 06-14 13:30:23 |  train   | step=7652, pmove=0.52, energy=-47.2397+0.0038j
I | 06-14 13:30:24 |  train   | step=7653, pmove=0.53, energy=-47.2315-0.0022j
I | 06-14 13:30:25 |  train   | step=7654, pmove=0.52, energy=-47.2178-0.0059j
I | 06-14 13:30:25 |  train   | step=7655, pmove=0.53, energy=-47.2410-0.0002j
I | 06-14 13:30:26 |  train   | step=7656, pmove=0.53, energy=-47.2301-0.0011j
I | 06-14 13:30:26 |  train   | step=7657, pmove=0.52, energy=-47.2282-0.0032j
I | 06-14 13:30:27 |  train   | step=7658, pmove=0.53, energy=-47.2370-0.0010j
I | 06-14 13:30:28 |  train   | step=7659, pmove=0.52, energy=-47.2482+0.0009j
I | 06-14 13:30:28 |  train   | step=7660, pmove=0.52, energy=-47.2325+0.0010j
I | 06-14 13:30:29 |  train   | step=7661, pmove=0.53, energy=-47.2515-0.0044j
I | 06-14 13:30:30 |  train   | step=7662, pmove=0.52, energy=-47.2385-0.0021j
I | 06-14 13:30:30 |  train   | step=7663, pmove=0.52, energy=-47.2304-0.0022j
I | 06-14 13:30:31 |  train   | step=7664, pmove=0.53, energy=-47.2283+0.0037j
I | 06-14 13:30:32 |  train   | step=7665, pmove=0.52, energy=-47.2405-0.0057j
I | 06-14 13:30:32 |  train   | step=7666, pmove=0.52, energy=-47.2276-0.0022j
I | 06-14 13:30:33 |  train   | step=7667, pmove=0.53, energy=-47.2265-0.0019j
I | 06-14 13:30:33 |  train   | step=7668, pmove=0.53, energy=-47.2308+0.0021j
I | 06-14 13:30:34 |  train   | step=7669, pmove=0.53, energy=-47.2491-0.0035j
I | 06-14 13:30:35 |  train   | step=7670, pmove=0.53, energy=-47.2271-0.0031j
I | 06-14 13:30:35 |  train   | step=7671, pmove=0.52, energy=-47.2326-0.0016j
I | 06-14 13:30:36 |  train   | step=7672, pmove=0.53, energy=-47.2305+0.0020j
I | 06-14 13:30:37 |  train   | step=7673, pmove=0.53, energy=-47.2437+0.0011j
I | 06-14 13:30:37 |  train   | step=7674, pmove=0.52, energy=-47.2413+0.0002j
I | 06-14 13:30:38 |  train   | step=7675, pmove=0.53, energy=-47.2256-0.0011j
I | 06-14 13:30:39 |  train   | step=7676, pmove=0.53, energy=-47.2269-0.0045j
I | 06-14 13:30:39 |  train   | step=7677, pmove=0.53, energy=-47.2398-0.0017j
I | 06-14 13:30:40 |  train   | step=7678, pmove=0.53, energy=-47.2268-0.0036j
I | 06-14 13:30:40 |  train   | step=7679, pmove=0.52, energy=-47.2190+0.0015j
I | 06-14 13:30:41 |  train   | step=7680, pmove=0.53, energy=-47.2373-0.0011j
I | 06-14 13:30:42 |  train   | step=7681, pmove=0.52, energy=-47.2330+0.0025j
I | 06-14 13:30:42 |  train   | step=7682, pmove=0.53, energy=-47.2289-0.0008j
I | 06-14 13:30:43 |  train   | step=7683, pmove=0.53, energy=-47.2270+0.0030j
I | 06-14 13:30:44 |  train   | step=7684, pmove=0.53, energy=-47.2407+0.0092j
I | 06-14 13:30:44 |  train   | step=7685, pmove=0.53, energy=-47.2310+0.0008j
I | 06-14 13:30:45 |  train   | step=7686, pmove=0.53, energy=-47.2416+0.0020j
I | 06-14 13:30:45 |  train   | step=7687, pmove=0.53, energy=-47.2216+0.0049j
I | 06-14 13:30:46 |  train   | step=7688, pmove=0.52, energy=-47.2371-0.0012j
I | 06-14 13:30:47 |  train   | step=7689, pmove=0.53, energy=-47.2378+0.0014j
I | 06-14 13:30:47 |  train   | step=7690, pmove=0.53, energy=-47.2329+0.0013j
I | 06-14 13:30:48 |  train   | step=7691, pmove=0.53, energy=-47.2253-0.0042j
I | 06-14 13:30:49 |  train   | step=7692, pmove=0.53, energy=-47.2493-0.0022j
I | 06-14 13:30:49 |  train   | step=7693, pmove=0.53, energy=-47.2273-0.0022j
I | 06-14 13:30:50 |  train   | step=7694, pmove=0.53, energy=-47.2314-0.0001j
I | 06-14 13:30:51 |  train   | step=7695, pmove=0.53, energy=-47.2428-0.0004j
I | 06-14 13:30:51 |  train   | step=7696, pmove=0.53, energy=-47.2384-0.0013j
I | 06-14 13:30:52 |  train   | step=7697, pmove=0.52, energy=-47.2425+0.0040j
I | 06-14 13:30:52 |  train   | step=7698, pmove=0.52, energy=-47.2263-0.0017j
I | 06-14 13:30:53 |  train   | step=7699, pmove=0.53, energy=-47.2340+0.0036j
I | 06-14 13:30:54 |  train   | step=7700, pmove=0.53, energy=-47.2362+0.0060j
I | 06-14 13:30:54 |  train   | step=7701, pmove=0.53, energy=-47.2382-0.0004j
I | 06-14 13:30:55 |  train   | step=7702, pmove=0.53, energy=-47.2306-0.0026j
I | 06-14 13:30:56 |  train   | step=7703, pmove=0.53, energy=-47.2607+0.0016j
I | 06-14 13:30:56 |  train   | step=7704, pmove=0.52, energy=-47.2285+0.0003j
I | 06-14 13:30:57 |  train   | step=7705, pmove=0.53, energy=-47.2380-0.0003j
I | 06-14 13:30:58 |  train   | step=7706, pmove=0.52, energy=-47.2431-0.0016j
I | 06-14 13:30:58 |  train   | step=7707, pmove=0.52, energy=-47.2289+0.0003j
I | 06-14 13:30:59 |  train   | step=7708, pmove=0.53, energy=-47.2377+0.0020j
I | 06-14 13:30:59 |  train   | step=7709, pmove=0.52, energy=-47.2353-0.0001j
I | 06-14 13:31:00 |  train   | step=7710, pmove=0.52, energy=-47.2264+0.0002j
I | 06-14 13:31:01 |  train   | step=7711, pmove=0.52, energy=-47.2249+0.0043j
I | 06-14 13:31:01 |  train   | step=7712, pmove=0.52, energy=-47.2244+0.0002j
I | 06-14 13:31:02 |  train   | step=7713, pmove=0.52, energy=-47.2274+0.0019j
I | 06-14 13:31:03 |  train   | step=7714, pmove=0.53, energy=-47.2370-0.0021j
I | 06-14 13:31:03 |  train   | step=7715, pmove=0.53, energy=-47.2027-0.0016j
I | 06-14 13:31:04 |  train   | step=7716, pmove=0.53, energy=-47.2207+0.0007j
I | 06-14 13:31:05 |  train   | step=7717, pmove=0.53, energy=-47.2280-0.0011j
I | 06-14 13:31:05 |  train   | step=7718, pmove=0.53, energy=-47.2393+0.0020j
I | 06-14 13:31:06 |  train   | step=7719, pmove=0.53, energy=-47.2119-0.0011j
I | 06-14 13:31:06 |  train   | step=7720, pmove=0.53, energy=-47.2262-0.0001j
I | 06-14 13:31:07 |  train   | step=7721, pmove=0.53, energy=-47.2220-0.0014j
I | 06-14 13:31:08 |  train   | step=7722, pmove=0.52, energy=-47.2279-0.0004j
I | 06-14 13:31:08 |  train   | step=7723, pmove=0.53, energy=-47.2417+0.0017j
I | 06-14 13:31:09 |  train   | step=7724, pmove=0.52, energy=-47.2556+0.0073j
I | 06-14 13:31:10 |  train   | step=7725, pmove=0.52, energy=-47.2276+0.0011j
I | 06-14 13:31:10 |  train   | step=7726, pmove=0.52, energy=-47.2107-0.0019j
I | 06-14 13:31:11 |  train   | step=7727, pmove=0.52, energy=-47.2246-0.0011j
I | 06-14 13:31:12 |  train   | step=7728, pmove=0.53, energy=-47.2243-0.0005j
I | 06-14 13:31:12 |  train   | step=7729, pmove=0.53, energy=-47.2328+0.0003j
I | 06-14 13:31:13 |  train   | step=7730, pmove=0.53, energy=-47.2204+0.0007j
I | 06-14 13:31:13 |  train   | step=7731, pmove=0.53, energy=-47.2380+0.0008j
I | 06-14 13:31:14 |  train   | step=7732, pmove=0.52, energy=-47.2434+0.0009j
I | 06-14 13:31:15 |  train   | step=7733, pmove=0.53, energy=-47.2324+0.0008j
I | 06-14 13:31:15 |  train   | step=7734, pmove=0.53, energy=-47.2379-0.0014j
I | 06-14 13:31:16 |  train   | step=7735, pmove=0.53, energy=-47.2539+0.0027j
I | 06-14 13:31:17 |  train   | step=7736, pmove=0.53, energy=-47.2402-0.0008j
I | 06-14 13:31:17 |  train   | step=7737, pmove=0.53, energy=-47.2093-0.0005j
I | 06-14 13:31:18 |  train   | step=7738, pmove=0.53, energy=-47.2298-0.0030j
I | 06-14 13:31:19 |  train   | step=7739, pmove=0.53, energy=-47.2440+0.0010j
I | 06-14 13:31:19 |  train   | step=7740, pmove=0.53, energy=-47.2423+0.0021j
I | 06-14 13:31:20 |  train   | step=7741, pmove=0.53, energy=-47.2246+0.0004j
I | 06-14 13:31:20 |  train   | step=7742, pmove=0.53, energy=-47.2444-0.0002j
I | 06-14 13:31:21 |  train   | step=7743, pmove=0.53, energy=-47.2226+0.0026j
I | 06-14 13:31:22 |  train   | step=7744, pmove=0.52, energy=-47.2281-0.0007j
I | 06-14 13:31:22 |  train   | step=7745, pmove=0.53, energy=-47.2170-0.0020j
I | 06-14 13:31:23 |  train   | step=7746, pmove=0.52, energy=-47.2313-0.0032j
I | 06-14 13:31:24 |  train   | step=7747, pmove=0.52, energy=-47.2232+0.0004j
I | 06-14 13:31:24 |  train   | step=7748, pmove=0.53, energy=-47.2267-0.0028j
I | 06-14 13:31:25 |  train   | step=7749, pmove=0.53, energy=-47.2186+0.0043j
I | 06-14 13:31:25 |  train   | step=7750, pmove=0.52, energy=-47.2536+0.0023j
I | 06-14 13:31:26 |  train   | step=7751, pmove=0.52, energy=-47.2229+0.0011j
I | 06-14 13:31:27 |  train   | step=7752, pmove=0.53, energy=-47.2262+0.0080j
I | 06-14 13:31:27 |  train   | step=7753, pmove=0.53, energy=-47.2364+0.0023j
I | 06-14 13:31:28 |  train   | step=7754, pmove=0.53, energy=-47.2259-0.0008j
I | 06-14 13:31:29 |  train   | step=7755, pmove=0.52, energy=-47.2427+0.0024j
I | 06-14 13:31:29 |  train   | step=7756, pmove=0.53, energy=-47.2122-0.0016j
I | 06-14 13:31:30 |  train   | step=7757, pmove=0.52, energy=-47.2342+0.0020j
I | 06-14 13:31:31 |  train   | step=7758, pmove=0.53, energy=-47.2349-0.0022j
I | 06-14 13:31:31 |  train   | step=7759, pmove=0.53, energy=-47.2352-0.0003j
I | 06-14 13:31:32 |  train   | step=7760, pmove=0.52, energy=-47.2343-0.0000j
I | 06-14 13:31:32 |  train   | step=7761, pmove=0.52, energy=-47.2338-0.0015j
I | 06-14 13:31:33 |  train   | step=7762, pmove=0.52, energy=-47.2234-0.0016j
I | 06-14 13:31:34 |  train   | step=7763, pmove=0.53, energy=-47.2448+0.0032j
I | 06-14 13:31:34 |  train   | step=7764, pmove=0.52, energy=-47.2320-0.0022j
I | 06-14 13:31:35 |  train   | step=7765, pmove=0.53, energy=-47.2414+0.0039j
I | 06-14 13:31:36 |  train   | step=7766, pmove=0.53, energy=-47.2324-0.0017j
I | 06-14 13:31:36 |  train   | step=7767, pmove=0.53, energy=-47.2329+0.0011j
I | 06-14 13:31:37 |  train   | step=7768, pmove=0.53, energy=-47.2384+0.0003j
I | 06-14 13:31:38 |  train   | step=7769, pmove=0.53, energy=-47.2406+0.0009j
I | 06-14 13:31:38 |  train   | step=7770, pmove=0.52, energy=-47.2341-0.0006j
I | 06-14 13:31:39 |  train   | step=7771, pmove=0.52, energy=-47.2411-0.0001j
I | 06-14 13:31:39 |  train   | step=7772, pmove=0.53, energy=-47.2404-0.0007j
I | 06-14 13:31:40 |  train   | step=7773, pmove=0.53, energy=-47.2257-0.0029j
I | 06-14 13:31:41 |  train   | step=7774, pmove=0.53, energy=-47.2459-0.0034j
I | 06-14 13:31:41 |  train   | step=7775, pmove=0.53, energy=-47.2305-0.0027j
I | 06-14 13:31:42 |  train   | step=7776, pmove=0.53, energy=-47.2073+0.0011j
I | 06-14 13:31:43 |  train   | step=7777, pmove=0.52, energy=-47.2310+0.0007j
I | 06-14 13:31:43 |  train   | step=7778, pmove=0.53, energy=-47.2249-0.0017j
I | 06-14 13:31:44 |  train   | step=7779, pmove=0.53, energy=-47.2296-0.0015j
I | 06-14 13:31:45 |  train   | step=7780, pmove=0.53, energy=-47.2221+0.0024j
I | 06-14 13:31:45 |  train   | step=7781, pmove=0.52, energy=-47.2164-0.0004j
I | 06-14 13:31:46 |  train   | step=7782, pmove=0.53, energy=-47.2254+0.0007j
I | 06-14 13:31:46 |  train   | step=7783, pmove=0.52, energy=-47.2483-0.0028j
I | 06-14 13:31:47 |  train   | step=7784, pmove=0.53, energy=-47.2317+0.0006j
I | 06-14 13:31:48 |  train   | step=7785, pmove=0.53, energy=-47.2281+0.0002j
I | 06-14 13:31:48 |  train   | step=7786, pmove=0.53, energy=-47.2510+0.0019j
I | 06-14 13:31:49 |  train   | step=7787, pmove=0.53, energy=-47.2319-0.0024j
I | 06-14 13:31:50 |  train   | step=7788, pmove=0.53, energy=-47.2282-0.0027j
I | 06-14 13:31:50 |  train   | step=7789, pmove=0.53, energy=-47.2261-0.0024j
I | 06-14 13:31:51 |  train   | step=7790, pmove=0.53, energy=-47.2448+0.0003j
I | 06-14 13:31:52 |  train   | step=7791, pmove=0.52, energy=-47.2185+0.0024j
I | 06-14 13:31:52 |  train   | step=7792, pmove=0.53, energy=-47.2488-0.0043j
I | 06-14 13:31:53 |  train   | step=7793, pmove=0.52, energy=-47.2352-0.0009j
I | 06-14 13:31:53 |  train   | step=7794, pmove=0.53, energy=-47.2272-0.0009j
I | 06-14 13:31:54 |  train   | step=7795, pmove=0.53, energy=-47.2339-0.0029j
I | 06-14 13:31:55 |  train   | step=7796, pmove=0.53, energy=-47.2378-0.0007j
I | 06-14 13:31:55 |  train   | step=7797, pmove=0.52, energy=-47.2471+0.0009j
I | 06-14 13:31:56 |  train   | step=7798, pmove=0.53, energy=-47.2350-0.0011j
I | 06-14 13:31:57 |  train   | step=7799, pmove=0.53, energy=-47.2430-0.0006j
I | 06-14 13:31:57 |  train   | step=7800, pmove=0.52, energy=-47.2311-0.0011j
I | 06-14 13:31:58 |  train   | step=7801, pmove=0.53, energy=-47.2398-0.0059j
I | 06-14 13:31:59 |  train   | step=7802, pmove=0.53, energy=-47.2180-0.0006j
I | 06-14 13:31:59 |  train   | step=7803, pmove=0.53, energy=-47.2310-0.0033j
I | 06-14 13:32:00 |  train   | step=7804, pmove=0.53, energy=-47.2289-0.0001j
I | 06-14 13:32:00 |  train   | step=7805, pmove=0.53, energy=-47.2485-0.0017j
I | 06-14 13:32:01 |  train   | step=7806, pmove=0.53, energy=-47.2389+0.0017j
I | 06-14 13:32:02 |  train   | step=7807, pmove=0.53, energy=-47.2338-0.0044j
I | 06-14 13:32:02 |  train   | step=7808, pmove=0.53, energy=-47.2381-0.0028j
I | 06-14 13:32:03 |  train   | step=7809, pmove=0.52, energy=-47.2405+0.0003j
I | 06-14 13:32:04 |  train   | step=7810, pmove=0.53, energy=-47.2250-0.0046j
I | 06-14 13:32:04 |  train   | step=7811, pmove=0.53, energy=-47.2226+0.0012j
I | 06-14 13:32:05 |  train   | step=7812, pmove=0.53, energy=-47.2201-0.0019j
I | 06-14 13:32:05 |  train   | step=7813, pmove=0.52, energy=-47.2479+0.0007j
I | 06-14 13:32:06 |  train   | step=7814, pmove=0.52, energy=-47.2361-0.0056j
I | 06-14 13:32:07 |  train   | step=7815, pmove=0.53, energy=-47.2350-0.0006j
I | 06-14 13:32:07 |  train   | step=7816, pmove=0.52, energy=-47.2477-0.0271j
I | 06-14 13:32:08 |  train   | step=7817, pmove=0.52, energy=-47.2353+0.0020j
I | 06-14 13:32:09 |  train   | step=7818, pmove=0.53, energy=-47.2304-0.0022j
I | 06-14 13:32:09 |  train   | step=7819, pmove=0.52, energy=-47.2460-0.0004j
I | 06-14 13:32:10 |  train   | step=7820, pmove=0.52, energy=-47.2240+0.0002j
I | 06-14 13:32:11 |  train   | step=7821, pmove=0.53, energy=-47.2235-0.0024j
I | 06-14 13:32:11 |  train   | step=7822, pmove=0.52, energy=-47.2345-0.0027j
I | 06-14 13:32:12 |  train   | step=7823, pmove=0.53, energy=-47.2489-0.0006j
I | 06-14 13:32:12 |  train   | step=7824, pmove=0.52, energy=-47.2105+0.0004j
I | 06-14 13:32:13 |  train   | step=7825, pmove=0.52, energy=-47.2284-0.0043j
I | 06-14 13:32:14 |  train   | step=7826, pmove=0.53, energy=-47.2311+0.0002j
I | 06-14 13:32:14 |  train   | step=7827, pmove=0.53, energy=-47.2377+0.0014j
I | 06-14 13:32:15 |  train   | step=7828, pmove=0.52, energy=-47.2287+0.0042j
I | 06-14 13:32:16 |  train   | step=7829, pmove=0.53, energy=-47.2142+0.0013j
I | 06-14 13:32:16 |  train   | step=7830, pmove=0.53, energy=-47.2400-0.0045j
I | 06-14 13:32:17 |  train   | step=7831, pmove=0.53, energy=-47.2411-0.0017j
I | 06-14 13:32:18 |  train   | step=7832, pmove=0.53, energy=-47.2322-0.0022j
I | 06-14 13:32:18 |  train   | step=7833, pmove=0.52, energy=-47.2340+0.0033j
I | 06-14 13:32:19 |  train   | step=7834, pmove=0.52, energy=-47.2327-0.0018j
I | 06-14 13:32:19 |  train   | step=7835, pmove=0.52, energy=-47.2401+0.0039j
I | 06-14 13:32:20 |  train   | step=7836, pmove=0.53, energy=-47.2417+0.0032j
I | 06-14 13:32:21 |  train   | step=7837, pmove=0.53, energy=-47.2224-0.0003j
I | 06-14 13:32:21 |  train   | step=7838, pmove=0.53, energy=-47.2317+0.0011j
I | 06-14 13:32:22 |  train   | step=7839, pmove=0.53, energy=-47.2223-0.0016j
I | 06-14 13:32:23 |  train   | step=7840, pmove=0.52, energy=-47.2405+0.0007j
I | 06-14 13:32:23 |  train   | step=7841, pmove=0.53, energy=-47.2279+0.0051j
I | 06-14 13:32:24 |  train   | step=7842, pmove=0.52, energy=-47.2267+0.0044j
I | 06-14 13:32:25 |  train   | step=7843, pmove=0.52, energy=-47.2257+0.0019j
I | 06-14 13:32:25 |  train   | step=7844, pmove=0.52, energy=-47.2236+0.0030j
I | 06-14 13:32:26 |  train   | step=7845, pmove=0.53, energy=-47.2382+0.0030j
I | 06-14 13:32:26 |  train   | step=7846, pmove=0.53, energy=-47.2292+0.0033j
I | 06-14 13:32:27 |  train   | step=7847, pmove=0.53, energy=-47.2380-0.0018j
I | 06-14 13:32:28 |  train   | step=7848, pmove=0.52, energy=-47.2362+0.0035j
I | 06-14 13:32:28 |  train   | step=7849, pmove=0.52, energy=-47.2457+0.0009j
I | 06-14 13:32:29 |  train   | step=7850, pmove=0.52, energy=-47.2207+0.0013j
I | 06-14 13:32:30 |  train   | step=7851, pmove=0.52, energy=-47.2171+0.0018j
I | 06-14 13:32:30 |  train   | step=7852, pmove=0.53, energy=-47.2324+0.0021j
I | 06-14 13:32:31 |  train   | step=7853, pmove=0.52, energy=-47.2499-0.0014j
I | 06-14 13:32:32 |  train   | step=7854, pmove=0.53, energy=-47.2212-0.0002j
I | 06-14 13:32:32 |  train   | step=7855, pmove=0.52, energy=-47.2203+0.0047j
I | 06-14 13:32:33 |  train   | step=7856, pmove=0.53, energy=-47.2344-0.0041j
I | 06-14 13:32:33 |  train   | step=7857, pmove=0.53, energy=-47.2450-0.0031j
I | 06-14 13:32:34 |  train   | step=7858, pmove=0.53, energy=-47.2399-0.0027j
I | 06-14 13:32:35 |  train   | step=7859, pmove=0.52, energy=-47.2132-0.0010j
I | 06-14 13:32:35 |  train   | step=7860, pmove=0.52, energy=-47.2457+0.0033j
I | 06-14 13:32:36 |  train   | step=7861, pmove=0.53, energy=-47.2424+0.0081j
I | 06-14 13:32:37 |  train   | step=7862, pmove=0.52, energy=-47.2489+0.0009j
I | 06-14 13:32:37 |  train   | step=7863, pmove=0.53, energy=-47.2462+0.0008j
I | 06-14 13:32:38 |  train   | step=7864, pmove=0.53, energy=-47.2395-0.0039j
I | 06-14 13:32:39 |  train   | step=7865, pmove=0.53, energy=-47.2469-0.0009j
I | 06-14 13:32:39 |  train   | step=7866, pmove=0.53, energy=-47.2406+0.0010j
I | 06-14 13:32:40 |  train   | step=7867, pmove=0.52, energy=-47.2075-0.0034j
I | 06-14 13:32:40 |  train   | step=7868, pmove=0.52, energy=-47.2560+0.0019j
I | 06-14 13:32:41 |  train   | step=7869, pmove=0.53, energy=-47.2217+0.0011j
I | 06-14 13:32:42 |  train   | step=7870, pmove=0.53, energy=-47.2351+0.0028j
I | 06-14 13:32:42 |  train   | step=7871, pmove=0.53, energy=-47.2383-0.0018j
I | 06-14 13:32:43 |  train   | step=7872, pmove=0.53, energy=-47.2332+0.0002j
I | 06-14 13:32:44 |  train   | step=7873, pmove=0.53, energy=-47.2403-0.0036j
I | 06-14 13:32:44 |  train   | step=7874, pmove=0.53, energy=-47.2285-0.0035j
I | 06-14 13:32:45 |  train   | step=7875, pmove=0.53, energy=-47.2248-0.0011j
I | 06-14 13:32:45 |  train   | step=7876, pmove=0.52, energy=-47.2326-0.0007j
I | 06-14 13:32:46 |  train   | step=7877, pmove=0.53, energy=-47.2307+0.0024j
I | 06-14 13:32:47 |  train   | step=7878, pmove=0.53, energy=-47.2376+0.0004j
I | 06-14 13:32:47 |  train   | step=7879, pmove=0.53, energy=-47.2323+0.0008j
I | 06-14 13:32:48 |  train   | step=7880, pmove=0.52, energy=-47.2464-0.0040j
I | 06-14 13:32:49 |  train   | step=7881, pmove=0.53, energy=-47.2156-0.0018j
I | 06-14 13:32:49 |  train   | step=7882, pmove=0.53, energy=-47.2486-0.0041j
I | 06-14 13:32:50 |  train   | step=7883, pmove=0.53, energy=-47.2355-0.0015j
I | 06-14 13:32:51 |  train   | step=7884, pmove=0.52, energy=-47.2417-0.0010j
I | 06-14 13:32:51 |  train   | step=7885, pmove=0.53, energy=-47.2392-0.0018j
I | 06-14 13:32:52 |  train   | step=7886, pmove=0.53, energy=-47.2209-0.0001j
I | 06-14 13:32:52 |  train   | step=7887, pmove=0.53, energy=-47.2334-0.0004j
I | 06-14 13:32:53 |  train   | step=7888, pmove=0.53, energy=-47.2300+0.0009j
I | 06-14 13:32:54 |  train   | step=7889, pmove=0.52, energy=-47.2340-0.0016j
I | 06-14 13:32:54 |  train   | step=7890, pmove=0.53, energy=-47.2365+0.0047j
I | 06-14 13:32:55 |  train   | step=7891, pmove=0.53, energy=-47.2399+0.0072j
I | 06-14 13:32:56 |  train   | step=7892, pmove=0.52, energy=-47.2322-0.0004j
I | 06-14 13:32:56 |  train   | step=7893, pmove=0.53, energy=-47.2432+0.0031j
I | 06-14 13:32:57 |  train   | step=7894, pmove=0.53, energy=-47.2123+0.0001j
I | 06-14 13:32:58 |  train   | step=7895, pmove=0.53, energy=-47.2168-0.0179j
I | 06-14 13:32:58 |  train   | step=7896, pmove=0.52, energy=-47.2310+0.0001j
I | 06-14 13:32:59 |  train   | step=7897, pmove=0.53, energy=-47.2425-0.0008j
I | 06-14 13:32:59 |  train   | step=7898, pmove=0.53, energy=-47.2295+0.0016j
I | 06-14 13:33:00 |  train   | step=7899, pmove=0.53, energy=-47.2378+0.0012j
I | 06-14 13:33:01 |  train   | step=7900, pmove=0.52, energy=-47.2355-0.0079j
I | 06-14 13:33:01 |  train   | step=7901, pmove=0.53, energy=-47.2352-0.0036j
I | 06-14 13:33:02 |  train   | step=7902, pmove=0.53, energy=-47.2473-0.0031j
I | 06-14 13:33:03 |  train   | step=7903, pmove=0.52, energy=-47.2406-0.0007j
I | 06-14 13:33:03 |  train   | step=7904, pmove=0.53, energy=-47.2141-0.0027j
I | 06-14 13:33:04 |  train   | step=7905, pmove=0.53, energy=-47.2168-0.0012j
I | 06-14 13:33:05 |  train   | step=7906, pmove=0.53, energy=-47.2323+0.0055j
I | 06-14 13:33:05 |  train   | step=7907, pmove=0.52, energy=-47.2251-0.0050j
I | 06-14 13:33:06 |  train   | step=7908, pmove=0.53, energy=-47.2331-0.0015j
I | 06-14 13:33:06 |  train   | step=7909, pmove=0.52, energy=-47.2354-0.0005j
I | 06-14 13:33:07 |  train   | step=7910, pmove=0.53, energy=-47.2288-0.0001j
I | 06-14 13:33:08 |  train   | step=7911, pmove=0.53, energy=-47.2341+0.0017j
I | 06-14 13:33:08 |  train   | step=7912, pmove=0.53, energy=-47.2434+0.0019j
I | 06-14 13:33:09 |  train   | step=7913, pmove=0.53, energy=-47.2328-0.0014j
I | 06-14 13:33:10 |  train   | step=7914, pmove=0.53, energy=-47.2245+0.0001j
I | 06-14 13:33:10 |  train   | step=7915, pmove=0.53, energy=-47.2081+0.0005j
I | 06-14 13:33:11 |  train   | step=7916, pmove=0.52, energy=-47.2360-0.0006j
I | 06-14 13:33:12 |  train   | step=7917, pmove=0.53, energy=-47.2447+0.0012j
I | 06-14 13:33:12 |  train   | step=7918, pmove=0.53, energy=-47.2423+0.0019j
I | 06-14 13:33:13 |  train   | step=7919, pmove=0.52, energy=-47.2199-0.0007j
I | 06-14 13:33:13 |  train   | step=7920, pmove=0.52, energy=-47.2120-0.0005j
I | 06-14 13:33:14 |  train   | step=7921, pmove=0.53, energy=-47.2104-0.0083j
I | 06-14 13:33:15 |  train   | step=7922, pmove=0.53, energy=-47.2375+0.0018j
I | 06-14 13:33:15 |  train   | step=7923, pmove=0.52, energy=-47.2441-0.0012j
I | 06-14 13:33:16 |  train   | step=7924, pmove=0.52, energy=-47.2409+0.0001j
I | 06-14 13:33:17 |  train   | step=7925, pmove=0.53, energy=-47.2269-0.0000j
I | 06-14 13:33:17 |  train   | step=7926, pmove=0.53, energy=-47.2381+0.0046j
I | 06-14 13:33:18 |  train   | step=7927, pmove=0.53, energy=-47.2434-0.0011j
I | 06-14 13:33:19 |  train   | step=7928, pmove=0.53, energy=-47.2276-0.0008j
I | 06-14 13:33:19 |  train   | step=7929, pmove=0.53, energy=-47.2227-0.0019j
I | 06-14 13:33:20 |  train   | step=7930, pmove=0.53, energy=-47.2370-0.0011j
I | 06-14 13:33:20 |  train   | step=7931, pmove=0.53, energy=-47.2419-0.0014j
I | 06-14 13:33:21 |  train   | step=7932, pmove=0.52, energy=-47.2341-0.0019j
I | 06-14 13:33:22 |  train   | step=7933, pmove=0.52, energy=-47.2255+0.0055j
I | 06-14 13:33:22 |  train   | step=7934, pmove=0.53, energy=-47.2170+0.0012j
I | 06-14 13:33:23 |  train   | step=7935, pmove=0.53, energy=-47.2416-0.0005j
I | 06-14 13:33:24 |  train   | step=7936, pmove=0.53, energy=-47.2232-0.0038j
I | 06-14 13:33:24 |  train   | step=7937, pmove=0.53, energy=-47.2105-0.0036j
I | 06-14 13:33:25 |  train   | step=7938, pmove=0.53, energy=-47.2449+0.0001j
I | 06-14 13:33:25 |  train   | step=7939, pmove=0.53, energy=-47.2313+0.0017j
I | 06-14 13:33:26 |  train   | step=7940, pmove=0.52, energy=-47.2391-0.0030j
I | 06-14 13:33:27 |  train   | step=7941, pmove=0.53, energy=-47.2268-0.0022j
I | 06-14 13:33:27 |  train   | step=7942, pmove=0.52, energy=-47.2393+0.0016j
I | 06-14 13:33:28 |  train   | step=7943, pmove=0.52, energy=-47.2490+0.0001j
I | 06-14 13:33:29 |  train   | step=7944, pmove=0.52, energy=-47.2368+0.0008j
I | 06-14 13:33:29 |  train   | step=7945, pmove=0.53, energy=-47.2308+0.0005j
I | 06-14 13:33:30 |  train   | step=7946, pmove=0.52, energy=-47.2346-0.0013j
I | 06-14 13:33:31 |  train   | step=7947, pmove=0.52, energy=-47.2414+0.0012j
I | 06-14 13:33:31 |  train   | step=7948, pmove=0.53, energy=-47.2391+0.0104j
I | 06-14 13:33:32 |  train   | step=7949, pmove=0.53, energy=-47.2302+0.0004j
I | 06-14 13:33:32 |  train   | step=7950, pmove=0.53, energy=-47.2367-0.0013j
I | 06-14 13:33:33 |  train   | step=7951, pmove=0.52, energy=-47.2319-0.0002j
I | 06-14 13:33:34 |  train   | step=7952, pmove=0.53, energy=-47.2370-0.0011j
I | 06-14 13:33:34 |  train   | step=7953, pmove=0.53, energy=-47.2246-0.0016j
I | 06-14 13:33:35 |  train   | step=7954, pmove=0.53, energy=-47.2172+0.0046j
I | 06-14 13:33:36 |  train   | step=7955, pmove=0.53, energy=-47.2248+0.0018j
I | 06-14 13:33:36 |  train   | step=7956, pmove=0.53, energy=-47.2137+0.0004j
I | 06-14 13:33:37 |  train   | step=7957, pmove=0.53, energy=-47.2325+0.0004j
I | 06-14 13:33:38 |  train   | step=7958, pmove=0.52, energy=-47.2209+0.0006j
I | 06-14 13:33:38 |  train   | step=7959, pmove=0.53, energy=-47.2435-0.0010j
I | 06-14 13:33:39 |  train   | step=7960, pmove=0.53, energy=-47.2331-0.0059j
I | 06-14 13:33:39 |  train   | step=7961, pmove=0.52, energy=-47.2277-0.0045j
I | 06-14 13:33:40 |  train   | step=7962, pmove=0.53, energy=-47.2330+0.0011j
I | 06-14 13:33:41 |  train   | step=7963, pmove=0.52, energy=-47.2232+0.0001j
I | 06-14 13:33:41 |  train   | step=7964, pmove=0.53, energy=-47.2137+0.0025j
I | 06-14 13:33:42 |  train   | step=7965, pmove=0.53, energy=-47.2296-0.0007j
I | 06-14 13:33:43 |  train   | step=7966, pmove=0.53, energy=-47.2213+0.0021j
I | 06-14 13:33:43 |  train   | step=7967, pmove=0.53, energy=-47.2343+0.0001j
I | 06-14 13:33:44 |  train   | step=7968, pmove=0.53, energy=-47.2241-0.0010j
I | 06-14 13:33:45 |  train   | step=7969, pmove=0.53, energy=-47.2204-0.0015j
I | 06-14 13:33:45 |  train   | step=7970, pmove=0.52, energy=-47.2278-0.0008j
I | 06-14 13:33:46 |  train   | step=7971, pmove=0.52, energy=-47.2420-0.0047j
I | 06-14 13:33:46 |  train   | step=7972, pmove=0.52, energy=-47.2412-0.0023j
I | 06-14 13:33:47 |  train   | step=7973, pmove=0.53, energy=-47.2363-0.0045j
I | 06-14 13:33:48 |  train   | step=7974, pmove=0.52, energy=-47.2294-0.0033j
I | 06-14 13:33:48 |  train   | step=7975, pmove=0.52, energy=-47.2132+0.0034j
I | 06-14 13:33:49 |  train   | step=7976, pmove=0.53, energy=-47.2331+0.0017j
I | 06-14 13:33:50 |  train   | step=7977, pmove=0.53, energy=-47.2336-0.0023j
I | 06-14 13:33:50 |  train   | step=7978, pmove=0.53, energy=-47.2407+0.0032j
I | 06-14 13:33:51 |  train   | step=7979, pmove=0.53, energy=-47.2327-0.0009j
I | 06-14 13:33:52 |  train   | step=7980, pmove=0.52, energy=-47.2309+0.0016j
I | 06-14 13:33:52 |  train   | step=7981, pmove=0.53, energy=-47.2420-0.0010j
I | 06-14 13:33:53 |  train   | step=7982, pmove=0.53, energy=-47.2331-0.0001j
I | 06-14 13:33:53 |  train   | step=7983, pmove=0.52, energy=-47.2391+0.0070j
I | 06-14 13:33:54 |  train   | step=7984, pmove=0.52, energy=-47.2386+0.0053j
I | 06-14 13:33:55 |  train   | step=7985, pmove=0.53, energy=-47.2439+0.0027j
I | 06-14 13:33:55 |  train   | step=7986, pmove=0.53, energy=-47.2423+0.0007j
I | 06-14 13:33:56 |  train   | step=7987, pmove=0.52, energy=-47.2387-0.0025j
I | 06-14 13:33:57 |  train   | step=7988, pmove=0.53, energy=-47.2173+0.0066j
I | 06-14 13:33:57 |  train   | step=7989, pmove=0.52, energy=-47.2350-0.0015j
I | 06-14 13:33:58 |  train   | step=7990, pmove=0.53, energy=-47.2426-0.0060j
I | 06-14 13:33:59 |  train   | step=7991, pmove=0.52, energy=-47.2448-0.0004j
I | 06-14 13:33:59 |  train   | step=7992, pmove=0.52, energy=-47.2352-0.0022j
I | 06-14 13:34:00 |  train   | step=7993, pmove=0.52, energy=-47.2334+0.0023j
I | 06-14 13:34:00 |  train   | step=7994, pmove=0.53, energy=-47.2518-0.0014j
I | 06-14 13:34:01 |  train   | step=7995, pmove=0.52, energy=-47.2151+0.0014j
I | 06-14 13:34:02 |  train   | step=7996, pmove=0.52, energy=-47.2448+0.0013j
I | 06-14 13:34:02 |  train   | step=7997, pmove=0.53, energy=-47.2526-0.0019j
I | 06-14 13:34:03 |  train   | step=7998, pmove=0.53, energy=-47.2129+0.0024j
I | 06-14 13:34:04 |  train   | step=7999, pmove=0.53, energy=-47.2357-0.0015j
I | 06-14 13:34:04 |checkpoint| Saving checkpoint /rds/user/jc2405/hpc-work/JaQMC/jaqmc/runs/sc_h_chain_3.78_spin_6_6/train_ckpt_007999.npz
I | 06-14 13:34:05 |  train   | step=8000, pmove=0.53, energy=-47.2234-0.0034j
I | 06-14 13:34:06 |  train   | step=8001, pmove=0.53, energy=-47.2356-0.0007j
I | 06-14 13:34:06 |  train   | step=8002, pmove=0.52, energy=-47.2390-0.0040j
I | 06-14 13:34:07 |  train   | step=8003, pmove=0.53, energy=-47.2401-0.0035j
I | 06-14 13:34:07 |  train   | step=8004, pmove=0.53, energy=-47.2535+0.0034j
I | 06-14 13:34:08 |  train   | step=8005, pmove=0.52, energy=-47.2470+0.0032j
I | 06-14 13:34:09 |  train   | step=8006, pmove=0.53, energy=-47.2349-0.0005j
I | 06-14 13:34:09 |  train   | step=8007, pmove=0.52, energy=-47.2271+0.0014j
I | 06-14 13:34:10 |  train   | step=8008, pmove=0.53, energy=-47.2056+0.0030j
I | 06-14 13:34:11 |  train   | step=8009, pmove=0.52, energy=-47.2180-0.0001j
I | 06-14 13:34:11 |  train   | step=8010, pmove=0.53, energy=-47.2293-0.0004j
I | 06-14 13:34:12 |  train   | step=8011, pmove=0.52, energy=-47.2385-0.0024j
I | 06-14 13:34:13 |  train   | step=8012, pmove=0.52, energy=-47.2336-0.0020j
I | 06-14 13:34:13 |  train   | step=8013, pmove=0.53, energy=-47.2161+0.0027j
I | 06-14 13:34:14 |  train   | step=8014, pmove=0.53, energy=-47.2278-0.0005j
I | 06-14 13:34:14 |  train   | step=8015, pmove=0.53, energy=-47.2535-0.0046j
I | 06-14 13:34:15 |  train   | step=8016, pmove=0.52, energy=-47.2269+0.0017j
I | 06-14 13:34:16 |  train   | step=8017, pmove=0.52, energy=-47.2365+0.0010j
I | 06-14 13:34:16 |  train   | step=8018, pmove=0.53, energy=-47.2322+0.0019j
I | 06-14 13:34:17 |  train   | step=8019, pmove=0.52, energy=-47.2390+0.0066j
I | 06-14 13:34:18 |  train   | step=8020, pmove=0.53, energy=-47.2228-0.0011j
I | 06-14 13:34:18 |  train   | step=8021, pmove=0.53, energy=-47.2219+0.0036j
I | 06-14 13:34:19 |  train   | step=8022, pmove=0.53, energy=-47.2213+0.0005j
I | 06-14 13:34:20 |  train   | step=8023, pmove=0.53, energy=-47.2238+0.0029j
I | 06-14 13:34:20 |  train   | step=8024, pmove=0.53, energy=-47.2147+0.0014j
I | 06-14 13:34:21 |  train   | step=8025, pmove=0.52, energy=-47.2397+0.0046j
I | 06-14 13:34:21 |  train   | step=8026, pmove=0.53, energy=-47.2248+0.0040j
I | 06-14 13:34:22 |  train   | step=8027, pmove=0.53, energy=-47.2251-0.0017j
I | 06-14 13:34:23 |  train   | step=8028, pmove=0.53, energy=-47.2289+0.0000j
I | 06-14 13:34:23 |  train   | step=8029, pmove=0.53, energy=-47.2090-0.0020j
I | 06-14 13:34:24 |  train   | step=8030, pmove=0.52, energy=-47.2411+0.0019j
I | 06-14 13:34:25 |  train   | step=8031, pmove=0.53, energy=-47.2120+0.0009j
I | 06-14 13:34:25 |  train   | step=8032, pmove=0.53, energy=-47.2410+0.0018j
I | 06-14 13:34:26 |  train   | step=8033, pmove=0.52, energy=-47.2468+0.0110j
I | 06-14 13:34:26 |  train   | step=8034, pmove=0.53, energy=-47.2341+0.0012j
I | 06-14 13:34:27 |  train   | step=8035, pmove=0.53, energy=-47.2283-0.0025j
I | 06-14 13:34:28 |  train   | step=8036, pmove=0.53, energy=-47.2419-0.0011j
I | 06-14 13:34:28 |  train   | step=8037, pmove=0.53, energy=-47.2403-0.0003j
I | 06-14 13:34:29 |  train   | step=8038, pmove=0.53, energy=-47.2299-0.0027j
I | 06-14 13:34:30 |  train   | step=8039, pmove=0.53, energy=-47.2347+0.0022j
I | 06-14 13:34:30 |  train   | step=8040, pmove=0.52, energy=-47.2430-0.0013j
I | 06-14 13:34:31 |  train   | step=8041, pmove=0.53, energy=-47.2306-0.0023j
I | 06-14 13:34:32 |  train   | step=8042, pmove=0.52, energy=-47.2454-0.0011j
I | 06-14 13:34:32 |  train   | step=8043, pmove=0.53, energy=-47.2367-0.0035j
I | 06-14 13:34:33 |  train   | step=8044, pmove=0.53, energy=-47.2452-0.0004j
I | 06-14 13:34:33 |  train   | step=8045, pmove=0.53, energy=-47.2434+0.0010j
I | 06-14 13:34:34 |  train   | step=8046, pmove=0.53, energy=-47.2257-0.0046j
I | 06-14 13:34:35 |  train   | step=8047, pmove=0.53, energy=-47.2396+0.0016j
I | 06-14 13:34:35 |  train   | step=8048, pmove=0.52, energy=-47.2274-0.0013j
I | 06-14 13:34:36 |  train   | step=8049, pmove=0.52, energy=-47.2350-0.0043j
I | 06-14 13:34:37 |  train   | step=8050, pmove=0.52, energy=-47.2362+0.0008j
I | 06-14 13:34:37 |  train   | step=8051, pmove=0.52, energy=-47.2552-0.0007j
I | 06-14 13:34:38 |  train   | step=8052, pmove=0.52, energy=-47.2467+0.0002j
I | 06-14 13:34:39 |  train   | step=8053, pmove=0.53, energy=-47.2243-0.0000j
I | 06-14 13:34:39 |  train   | step=8054, pmove=0.53, energy=-47.2343-0.0043j
I | 06-14 13:34:40 |  train   | step=8055, pmove=0.53, energy=-47.2313+0.0031j
I | 06-14 13:34:40 |  train   | step=8056, pmove=0.53, energy=-47.2294+0.0027j
I | 06-14 13:34:41 |  train   | step=8057, pmove=0.53, energy=-47.2442+0.0020j
I | 06-14 13:34:42 |  train   | step=8058, pmove=0.53, energy=-47.2245-0.0057j
I | 06-14 13:34:42 |  train   | step=8059, pmove=0.53, energy=-47.2399+0.0012j
I | 06-14 13:34:43 |  train   | step=8060, pmove=0.53, energy=-47.2409-0.0012j
I | 06-14 13:34:44 |  train   | step=8061, pmove=0.53, energy=-47.2251+0.0017j
I | 06-14 13:34:44 |  train   | step=8062, pmove=0.53, energy=-47.2317+0.0006j
I | 06-14 13:34:45 |  train   | step=8063, pmove=0.52, energy=-47.2337-0.0006j
I | 06-14 13:34:46 |  train   | step=8064, pmove=0.53, energy=-47.2148+0.0019j
I | 06-14 13:34:46 |  train   | step=8065, pmove=0.53, energy=-47.2353+0.0010j
I | 06-14 13:34:47 |  train   | step=8066, pmove=0.53, energy=-47.2383-0.0010j
I | 06-14 13:34:47 |  train   | step=8067, pmove=0.53, energy=-47.2485-0.0034j
I | 06-14 13:34:48 |  train   | step=8068, pmove=0.53, energy=-47.2461+0.0011j
I | 06-14 13:34:49 |  train   | step=8069, pmove=0.52, energy=-47.2298-0.0009j
I | 06-14 13:34:49 |  train   | step=8070, pmove=0.52, energy=-47.2467+0.0010j
I | 06-14 13:34:50 |  train   | step=8071, pmove=0.53, energy=-47.2370-0.0001j
I | 06-14 13:34:51 |  train   | step=8072, pmove=0.52, energy=-47.2395-0.0030j
I | 06-14 13:34:51 |  train   | step=8073, pmove=0.53, energy=-47.2381-0.0008j
I | 06-14 13:34:52 |  train   | step=8074, pmove=0.53, energy=-47.2137-0.0001j
I | 06-14 13:34:53 |  train   | step=8075, pmove=0.53, energy=-47.2422-0.0041j
I | 06-14 13:34:53 |  train   | step=8076, pmove=0.52, energy=-47.2377-0.0048j
I | 06-14 13:34:54 |  train   | step=8077, pmove=0.53, energy=-47.2321-0.0001j
I | 06-14 13:34:54 |  train   | step=8078, pmove=0.53, energy=-47.2431+0.0028j
I | 06-14 13:34:55 |  train   | step=8079, pmove=0.53, energy=-47.2358-0.0036j
I | 06-14 13:34:56 |  train   | step=8080, pmove=0.53, energy=-47.2201+0.0010j
I | 06-14 13:34:56 |  train   | step=8081, pmove=0.52, energy=-47.2375+0.0008j
I | 06-14 13:34:57 |  train   | step=8082, pmove=0.53, energy=-47.2335+0.0019j
I | 06-14 13:34:58 |  train   | step=8083, pmove=0.53, energy=-47.2242+0.0025j
I | 06-14 13:34:58 |  train   | step=8084, pmove=0.53, energy=-47.2171+0.0003j
I | 06-14 13:34:59 |  train   | step=8085, pmove=0.53, energy=-47.2262+0.0036j
I | 06-14 13:35:00 |  train   | step=8086, pmove=0.52, energy=-47.2292+0.0008j
I | 06-14 13:35:00 |  train   | step=8087, pmove=0.53, energy=-47.2374-0.0024j
I | 06-14 13:35:01 |  train   | step=8088, pmove=0.53, energy=-47.2873+0.0004j
I | 06-14 13:35:01 |  train   | step=8089, pmove=0.53, energy=-47.2304+0.0006j
I | 06-14 13:35:02 |  train   | step=8090, pmove=0.53, energy=-47.2223+0.0021j
I | 06-14 13:35:03 |  train   | step=8091, pmove=0.52, energy=-47.2368-0.0053j
I | 06-14 13:35:03 |  train   | step=8092, pmove=0.53, energy=-47.2344-0.0029j
I | 06-14 13:35:04 |  train   | step=8093, pmove=0.52, energy=-47.2131-0.0006j
I | 06-14 13:35:05 |  train   | step=8094, pmove=0.53, energy=-47.2289+0.0011j
I | 06-14 13:35:05 |  train   | step=8095, pmove=0.52, energy=-47.2308+0.0012j
I | 06-14 13:35:06 |  train   | step=8096, pmove=0.53, energy=-47.2320+0.0014j
I | 06-14 13:35:06 |  train   | step=8097, pmove=0.52, energy=-47.2418-0.0002j
I | 06-14 13:35:07 |  train   | step=8098, pmove=0.53, energy=-47.2341+0.0016j
I | 06-14 13:35:08 |  train   | step=8099, pmove=0.52, energy=-47.2367+0.0004j
I | 06-14 13:35:08 |  train   | step=8100, pmove=0.53, energy=-47.2306-0.0023j
I | 06-14 13:35:09 |  train   | step=8101, pmove=0.53, energy=-47.2388+0.0001j
I | 06-14 13:35:10 |  train   | step=8102, pmove=0.52, energy=-47.2375+0.0011j
I | 06-14 13:35:10 |  train   | step=8103, pmove=0.52, energy=-47.2405+0.0014j
I | 06-14 13:35:11 |  train   | step=8104, pmove=0.52, energy=-47.2407+0.0017j
I | 06-14 13:35:12 |  train   | step=8105, pmove=0.52, energy=-47.2273+0.0001j
I | 06-14 13:35:12 |  train   | step=8106, pmove=0.52, energy=-47.2567+0.0018j
I | 06-14 13:35:13 |  train   | step=8107, pmove=0.53, energy=-47.2432-0.0029j
I | 06-14 13:35:13 |  train   | step=8108, pmove=0.53, energy=-47.2311+0.0008j
I | 06-14 13:35:14 |  train   | step=8109, pmove=0.53, energy=-47.2254+0.0014j
I | 06-14 13:35:15 |  train   | step=8110, pmove=0.52, energy=-47.2322+0.0029j
I | 06-14 13:35:15 |  train   | step=8111, pmove=0.53, energy=-47.2369-0.0100j
I | 06-14 13:35:16 |  train   | step=8112, pmove=0.53, energy=-47.2239-0.0027j
I | 06-14 13:35:17 |  train   | step=8113, pmove=0.53, energy=-47.2441+0.0007j
I | 06-14 13:35:17 |  train   | step=8114, pmove=0.53, energy=-47.2200+0.0003j
I | 06-14 13:35:18 |  train   | step=8115, pmove=0.52, energy=-47.2212-0.0032j
I | 06-14 13:35:19 |  train   | step=8116, pmove=0.52, energy=-47.2223+0.0009j
I | 06-14 13:35:19 |  train   | step=8117, pmove=0.53, energy=-47.2400+0.0023j
I | 06-14 13:35:20 |  train   | step=8118, pmove=0.53, energy=-47.2367-0.0012j
I | 06-14 13:35:20 |  train   | step=8119, pmove=0.52, energy=-47.2331-0.0012j
I | 06-14 13:35:21 |  train   | step=8120, pmove=0.52, energy=-47.2173+0.0010j
I | 06-14 13:35:22 |  train   | step=8121, pmove=0.53, energy=-47.2193-0.0001j
I | 06-14 13:35:22 |  train   | step=8122, pmove=0.53, energy=-47.2320+0.0014j
I | 06-14 13:35:23 |  train   | step=8123, pmove=0.52, energy=-47.2306+0.0008j
I | 06-14 13:35:24 |  train   | step=8124, pmove=0.52, energy=-47.2301+0.0019j
I | 06-14 13:35:24 |  train   | step=8125, pmove=0.52, energy=-47.2318+0.0003j
I | 06-14 13:35:25 |  train   | step=8126, pmove=0.53, energy=-47.2387-0.0002j
I | 06-14 13:35:26 |  train   | step=8127, pmove=0.52, energy=-47.2310-0.0010j
I | 06-14 13:35:26 |  train   | step=8128, pmove=0.53, energy=-47.2143+0.0038j
I | 06-14 13:35:27 |  train   | step=8129, pmove=0.53, energy=-47.2191-0.0012j
I | 06-14 13:35:27 |  train   | step=8130, pmove=0.53, energy=-47.2238-0.0065j
I | 06-14 13:35:28 |  train   | step=8131, pmove=0.53, energy=-47.2148-0.0029j
I | 06-14 13:35:29 |  train   | step=8132, pmove=0.53, energy=-47.2380+0.0006j
I | 06-14 13:35:29 |  train   | step=8133, pmove=0.53, energy=-47.2366+0.0018j
I | 06-14 13:35:30 |  train   | step=8134, pmove=0.52, energy=-47.2240+0.0020j
I | 06-14 13:35:31 |  train   | step=8135, pmove=0.52, energy=-47.2368-0.0003j
I | 06-14 13:35:31 |  train   | step=8136, pmove=0.53, energy=-47.2298+0.0042j
I | 06-14 13:35:32 |  train   | step=8137, pmove=0.52, energy=-47.2359-0.0023j
I | 06-14 13:35:33 |  train   | step=8138, pmove=0.53, energy=-47.2331+0.0016j
I | 06-14 13:35:33 |  train   | step=8139, pmove=0.53, energy=-47.2326-0.0034j
I | 06-14 13:35:34 |  train   | step=8140, pmove=0.53, energy=-47.2345+0.0002j
I | 06-14 13:35:34 |  train   | step=8141, pmove=0.52, energy=-47.2159+0.0011j
I | 06-14 13:35:35 |  train   | step=8142, pmove=0.53, energy=-47.2265+0.0021j
I | 06-14 13:35:36 |  train   | step=8143, pmove=0.53, energy=-47.2302-0.0025j
I | 06-14 13:35:36 |  train   | step=8144, pmove=0.52, energy=-47.2215-0.0010j
I | 06-14 13:35:37 |  train   | step=8145, pmove=0.53, energy=-47.2446-0.0011j
I | 06-14 13:35:38 |  train   | step=8146, pmove=0.52, energy=-47.2312-0.0008j
I | 06-14 13:35:38 |  train   | step=8147, pmove=0.53, energy=-47.2293-0.0006j
I | 06-14 13:35:39 |  train   | step=8148, pmove=0.53, energy=-47.2310-0.0006j
I | 06-14 13:35:39 |  train   | step=8149, pmove=0.52, energy=-47.2454-0.0006j
I | 06-14 13:35:40 |  train   | step=8150, pmove=0.52, energy=-47.2208-0.0006j
I | 06-14 13:35:41 |  train   | step=8151, pmove=0.52, energy=-47.2275+0.0019j
I | 06-14 13:35:41 |  train   | step=8152, pmove=0.52, energy=-47.2347+0.0002j
I | 06-14 13:35:42 |  train   | step=8153, pmove=0.53, energy=-47.2388-0.0037j
I | 06-14 13:35:43 |  train   | step=8154, pmove=0.53, energy=-47.2361-0.0012j
I | 06-14 13:35:43 |  train   | step=8155, pmove=0.52, energy=-47.2055-0.0024j
I | 06-14 13:35:44 |  train   | step=8156, pmove=0.53, energy=-47.2294+0.0012j
I | 06-14 13:35:45 |  train   | step=8157, pmove=0.53, energy=-47.2360-0.0012j
I | 06-14 13:35:45 |  train   | step=8158, pmove=0.52, energy=-47.2371+0.0002j
I | 06-14 13:35:46 |  train   | step=8159, pmove=0.52, energy=-47.2259-0.0000j
I | 06-14 13:35:46 |  train   | step=8160, pmove=0.53, energy=-47.2281-0.0007j
I | 06-14 13:35:47 |  train   | step=8161, pmove=0.53, energy=-47.2257-0.0051j
I | 06-14 13:35:48 |  train   | step=8162, pmove=0.52, energy=-47.2393+0.0002j
I | 06-14 13:35:48 |  train   | step=8163, pmove=0.52, energy=-47.2444+0.0014j
I | 06-14 13:35:49 |  train   | step=8164, pmove=0.53, energy=-47.2367+0.0028j
I | 06-14 13:35:50 |  train   | step=8165, pmove=0.53, energy=-47.2300+0.0021j
I | 06-14 13:35:50 |  train   | step=8166, pmove=0.53, energy=-47.2360+0.0026j
I | 06-14 13:35:51 |  train   | step=8167, pmove=0.52, energy=-47.2419+0.0007j
I | 06-14 13:35:52 |  train   | step=8168, pmove=0.53, energy=-47.2297-0.0029j
I | 06-14 13:35:52 |  train   | step=8169, pmove=0.53, energy=-47.2342-0.0033j
I | 06-14 13:35:53 |  train   | step=8170, pmove=0.53, energy=-47.2189-0.0002j
I | 06-14 13:35:53 |  train   | step=8171, pmove=0.52, energy=-47.2229-0.0001j
I | 06-14 13:35:54 |  train   | step=8172, pmove=0.53, energy=-47.2403+0.0009j
I | 06-14 13:35:55 |  train   | step=8173, pmove=0.53, energy=-47.2348+0.0003j
I | 06-14 13:35:55 |  train   | step=8174, pmove=0.53, energy=-47.2289-0.0035j
I | 06-14 13:35:56 |  train   | step=8175, pmove=0.53, energy=-47.2279-0.0006j
I | 06-14 13:35:57 |  train   | step=8176, pmove=0.53, energy=-47.2350-0.0028j
I | 06-14 13:35:57 |  train   | step=8177, pmove=0.53, energy=-47.2433-0.0052j
I | 06-14 13:35:58 |  train   | step=8178, pmove=0.53, energy=-47.2233+0.0092j
I | 06-14 13:35:59 |  train   | step=8179, pmove=0.53, energy=-47.2198+0.0011j
I | 06-14 13:35:59 |  train   | step=8180, pmove=0.52, energy=-47.2165+0.0009j
I | 06-14 13:36:00 |  train   | step=8181, pmove=0.52, energy=-47.2432+0.0013j
I | 06-14 13:36:00 |  train   | step=8182, pmove=0.53, energy=-47.2400+0.0024j
I | 06-14 13:36:01 |  train   | step=8183, pmove=0.53, energy=-47.2227-0.0007j
I | 06-14 13:36:02 |  train   | step=8184, pmove=0.52, energy=-47.2187+0.0027j
I | 06-14 13:36:02 |  train   | step=8185, pmove=0.52, energy=-47.2303+0.0001j
I | 06-14 13:36:03 |  train   | step=8186, pmove=0.53, energy=-47.2240+0.0005j
I | 06-14 13:36:04 |  train   | step=8187, pmove=0.53, energy=-47.2262+0.0018j
I | 06-14 13:36:04 |  train   | step=8188, pmove=0.53, energy=-47.2407+0.0019j
I | 06-14 13:36:05 |  train   | step=8189, pmove=0.53, energy=-47.2276+0.0032j
I | 06-14 13:36:06 |  train   | step=8190, pmove=0.52, energy=-47.2200+0.0039j
I | 06-14 13:36:06 |  train   | step=8191, pmove=0.53, energy=-47.2290+0.0013j
I | 06-14 13:36:07 |  train   | step=8192, pmove=0.52, energy=-47.2136-0.0004j
I | 06-14 13:36:07 |  train   | step=8193, pmove=0.53, energy=-47.2437-0.0014j
I | 06-14 13:36:08 |  train   | step=8194, pmove=0.53, energy=-47.2441+0.0017j
I | 06-14 13:36:09 |  train   | step=8195, pmove=0.53, energy=-47.2399-0.0028j
I | 06-14 13:36:09 |  train   | step=8196, pmove=0.53, energy=-47.2343+0.0008j
I | 06-14 13:36:10 |  train   | step=8197, pmove=0.53, energy=-47.2567-0.0002j
I | 06-14 13:36:11 |  train   | step=8198, pmove=0.52, energy=-47.2263-0.0029j
I | 06-14 13:36:11 |  train   | step=8199, pmove=0.53, energy=-47.2416+0.0026j
I | 06-14 13:36:12 |  train   | step=8200, pmove=0.52, energy=-47.2321-0.0001j
I | 06-14 13:36:12 |  train   | step=8201, pmove=0.53, energy=-47.2362-0.0017j
I | 06-14 13:36:13 |  train   | step=8202, pmove=0.53, energy=-47.2381+0.0006j
I | 06-14 13:36:14 |  train   | step=8203, pmove=0.53, energy=-47.2223+0.0033j
I | 06-14 13:36:14 |  train   | step=8204, pmove=0.53, energy=-47.2248-0.0020j
I | 06-14 13:36:15 |  train   | step=8205, pmove=0.53, energy=-47.2320+0.0003j
I | 06-14 13:36:16 |  train   | step=8206, pmove=0.52, energy=-47.2401-0.0027j
I | 06-14 13:36:16 |  train   | step=8207, pmove=0.52, energy=-47.2342-0.0030j
I | 06-14 13:36:17 |  train   | step=8208, pmove=0.53, energy=-47.2137+0.0007j
I | 06-14 13:36:18 |  train   | step=8209, pmove=0.53, energy=-47.2170+0.0006j
I | 06-14 13:36:18 |  train   | step=8210, pmove=0.53, energy=-47.2430-0.0013j
I | 06-14 13:36:19 |  train   | step=8211, pmove=0.52, energy=-47.2467+0.0009j
I | 06-14 13:36:19 |  train   | step=8212, pmove=0.53, energy=-47.2250+0.0008j
I | 06-14 13:36:20 |  train   | step=8213, pmove=0.53, energy=-47.2434+0.0018j
I | 06-14 13:36:21 |  train   | step=8214, pmove=0.53, energy=-47.2396+0.0024j
I | 06-14 13:36:21 |  train   | step=8215, pmove=0.53, energy=-47.2367-0.0015j
I | 06-14 13:36:22 |  train   | step=8216, pmove=0.53, energy=-47.2335+0.0013j
I | 06-14 13:36:23 |  train   | step=8217, pmove=0.53, energy=-47.2345-0.0005j
I | 06-14 13:36:23 |  train   | step=8218, pmove=0.53, energy=-47.2310+0.0033j
I | 06-14 13:36:24 |  train   | step=8219, pmove=0.53, energy=-47.2439+0.0013j
I | 06-14 13:36:25 |  train   | step=8220, pmove=0.53, energy=-47.2576+0.0061j
I | 06-14 13:36:25 |  train   | step=8221, pmove=0.53, energy=-47.2364+0.0016j
I | 06-14 13:36:26 |  train   | step=8222, pmove=0.53, energy=-47.2367-0.0029j
I | 06-14 13:36:26 |  train   | step=8223, pmove=0.53, energy=-47.2235+0.0037j
I | 06-14 13:36:27 |  train   | step=8224, pmove=0.52, energy=-47.2472-0.0011j
I | 06-14 13:36:28 |  train   | step=8225, pmove=0.53, energy=-47.2437-0.0007j
I | 06-14 13:36:28 |  train   | step=8226, pmove=0.52, energy=-47.2080-0.0037j
I | 06-14 13:36:29 |  train   | step=8227, pmove=0.53, energy=-47.2274-0.0035j
I | 06-14 13:36:30 |  train   | step=8228, pmove=0.53, energy=-47.2285+0.0003j
I | 06-14 13:36:30 |  train   | step=8229, pmove=0.53, energy=-47.2197-0.0027j
I | 06-14 13:36:31 |  train   | step=8230, pmove=0.52, energy=-47.2317-0.0011j
I | 06-14 13:36:32 |  train   | step=8231, pmove=0.52, energy=-47.2444+0.0033j
I | 06-14 13:36:32 |  train   | step=8232, pmove=0.53, energy=-47.2317-0.0026j
I | 06-14 13:36:33 |  train   | step=8233, pmove=0.53, energy=-47.2345-0.0010j
I | 06-14 13:36:33 |  train   | step=8234, pmove=0.53, energy=-47.2307-0.0001j
I | 06-14 13:36:34 |  train   | step=8235, pmove=0.52, energy=-47.2109+0.0013j
I | 06-14 13:36:35 |  train   | step=8236, pmove=0.52, energy=-47.2419+0.0021j
I | 06-14 13:36:35 |  train   | step=8237, pmove=0.53, energy=-47.2320-0.0073j
I | 06-14 13:36:36 |  train   | step=8238, pmove=0.53, energy=-47.2185-0.0022j
I | 06-14 13:36:37 |  train   | step=8239, pmove=0.53, energy=-47.2352+0.0017j
I | 06-14 13:36:37 |  train   | step=8240, pmove=0.52, energy=-47.2181-0.0010j
I | 06-14 13:36:38 |  train   | step=8241, pmove=0.53, energy=-47.2361+0.0021j
I | 06-14 13:36:39 |  train   | step=8242, pmove=0.53, energy=-47.2333-0.0009j
I | 06-14 13:36:39 |  train   | step=8243, pmove=0.52, energy=-47.2263+0.0014j
I | 06-14 13:36:40 |  train   | step=8244, pmove=0.53, energy=-47.2394+0.0020j
I | 06-14 13:36:40 |  train   | step=8245, pmove=0.53, energy=-47.2271-0.0027j
I | 06-14 13:36:41 |  train   | step=8246, pmove=0.52, energy=-47.2316-0.0005j
I | 06-14 13:36:42 |  train   | step=8247, pmove=0.52, energy=-47.2371-0.0051j
I | 06-14 13:36:42 |  train   | step=8248, pmove=0.53, energy=-47.2218-0.0006j
I | 06-14 13:36:43 |  train   | step=8249, pmove=0.53, energy=-47.2105-0.0011j
I | 06-14 13:36:44 |  train   | step=8250, pmove=0.53, energy=-47.2400-0.0002j
I | 06-14 13:36:44 |  train   | step=8251, pmove=0.52, energy=-47.2381-0.0060j
I | 06-14 13:36:45 |  train   | step=8252, pmove=0.52, energy=-47.2319+0.0046j
I | 06-14 13:36:46 |  train   | step=8253, pmove=0.53, energy=-47.2444-0.0034j
I | 06-14 13:36:46 |  train   | step=8254, pmove=0.53, energy=-47.2287-0.0021j
I | 06-14 13:36:47 |  train   | step=8255, pmove=0.52, energy=-47.2222-0.0016j
I | 06-14 13:36:47 |  train   | step=8256, pmove=0.52, energy=-47.2305-0.0026j
I | 06-14 13:36:48 |  train   | step=8257, pmove=0.52, energy=-47.2211+0.0006j
I | 06-14 13:36:49 |  train   | step=8258, pmove=0.52, energy=-47.2491+0.0003j
I | 06-14 13:36:49 |  train   | step=8259, pmove=0.53, energy=-47.2318+0.0019j
I | 06-14 13:36:50 |  train   | step=8260, pmove=0.53, energy=-47.2158-0.0023j
I | 06-14 13:36:51 |  train   | step=8261, pmove=0.52, energy=-47.2322+0.0163j
I | 06-14 13:36:51 |  train   | step=8262, pmove=0.53, energy=-47.2396+0.0036j
I | 06-14 13:36:52 |  train   | step=8263, pmove=0.53, energy=-47.2413-0.0030j
I | 06-14 13:36:52 |  train   | step=8264, pmove=0.53, energy=-47.2421+0.0000j
I | 06-14 13:36:53 |  train   | step=8265, pmove=0.53, energy=-47.2259+0.0004j
I | 06-14 13:36:54 |  train   | step=8266, pmove=0.52, energy=-47.2407-0.0018j
I | 06-14 13:36:54 |  train   | step=8267, pmove=0.53, energy=-47.2356+0.0001j
I | 06-14 13:36:55 |  train   | step=8268, pmove=0.53, energy=-47.2531-0.0014j
I | 06-14 13:36:56 |  train   | step=8269, pmove=0.52, energy=-47.2215-0.0034j
I | 06-14 13:36:56 |  train   | step=8270, pmove=0.52, energy=-47.2485+0.0006j
I | 06-14 13:36:57 |  train   | step=8271, pmove=0.53, energy=-47.2464+0.0003j
I | 06-14 13:36:58 |  train   | step=8272, pmove=0.52, energy=-47.2437+0.0013j
I | 06-14 13:36:58 |  train   | step=8273, pmove=0.53, energy=-47.2416+0.0002j
I | 06-14 13:36:59 |  train   | step=8274, pmove=0.52, energy=-47.2423-0.0036j
I | 06-14 13:36:59 |  train   | step=8275, pmove=0.52, energy=-47.2308+0.0006j
I | 06-14 13:37:00 |  train   | step=8276, pmove=0.52, energy=-47.2438-0.0006j
I | 06-14 13:37:01 |  train   | step=8277, pmove=0.52, energy=-47.2229+0.0011j
I | 06-14 13:37:01 |  train   | step=8278, pmove=0.53, energy=-47.2380-0.0006j
I | 06-14 13:37:02 |  train   | step=8279, pmove=0.53, energy=-47.2494+0.0019j
I | 06-14 13:37:03 |  train   | step=8280, pmove=0.53, energy=-47.2524+0.0029j
I | 06-14 13:37:03 |  train   | step=8281, pmove=0.53, energy=-47.2298+0.0015j
I | 06-14 13:37:04 |  train   | step=8282, pmove=0.52, energy=-47.2338+0.0015j
I | 06-14 13:37:05 |  train   | step=8283, pmove=0.53, energy=-47.2244-0.0020j
I | 06-14 13:37:05 |  train   | step=8284, pmove=0.53, energy=-47.2151+0.0074j
I | 06-14 13:37:06 |  train   | step=8285, pmove=0.53, energy=-47.2087-0.0018j
I | 06-14 13:37:06 |  train   | step=8286, pmove=0.53, energy=-47.2509+0.0013j
I | 06-14 13:37:07 |  train   | step=8287, pmove=0.53, energy=-47.2413+0.0023j
I | 06-14 13:37:08 |  train   | step=8288, pmove=0.53, energy=-47.2377-0.0004j
I | 06-14 13:37:08 |  train   | step=8289, pmove=0.53, energy=-47.2356-0.0005j
I | 06-14 13:37:09 |  train   | step=8290, pmove=0.52, energy=-47.2382+0.0023j
I | 06-14 13:37:10 |  train   | step=8291, pmove=0.53, energy=-47.2347-0.0004j
I | 06-14 13:37:10 |  train   | step=8292, pmove=0.53, energy=-47.2180+0.0017j
I | 06-14 13:37:11 |  train   | step=8293, pmove=0.52, energy=-47.2342+0.0011j
I | 06-14 13:37:12 |  train   | step=8294, pmove=0.53, energy=-47.2385+0.0035j
I | 06-14 13:37:12 |  train   | step=8295, pmove=0.53, energy=-47.2109-0.0028j
I | 06-14 13:37:13 |  train   | step=8296, pmove=0.52, energy=-47.2506-0.0006j
I | 06-14 13:37:13 |  train   | step=8297, pmove=0.53, energy=-47.2312+0.0013j
I | 06-14 13:37:14 |  train   | step=8298, pmove=0.53, energy=-47.2204-0.0010j
I | 06-14 13:37:15 |  train   | step=8299, pmove=0.53, energy=-47.2234-0.0005j
I | 06-14 13:37:15 |  train   | step=8300, pmove=0.53, energy=-47.2532-0.0015j
I | 06-14 13:37:16 |  train   | step=8301, pmove=0.53, energy=-47.2406+0.0016j
I | 06-14 13:37:17 |  train   | step=8302, pmove=0.53, energy=-47.2299-0.0046j
I | 06-14 13:37:17 |  train   | step=8303, pmove=0.53, energy=-47.2305+0.0005j
I | 06-14 13:37:18 |  train   | step=8304, pmove=0.52, energy=-47.2234-0.0024j
I | 06-14 13:37:19 |  train   | step=8305, pmove=0.52, energy=-47.2358-0.0029j
I | 06-14 13:37:19 |  train   | step=8306, pmove=0.53, energy=-47.2155-0.0016j
I | 06-14 13:37:20 |  train   | step=8307, pmove=0.52, energy=-47.2319-0.0043j
I | 06-14 13:37:20 |  train   | step=8308, pmove=0.53, energy=-47.2423-0.0005j
I | 06-14 13:37:21 |  train   | step=8309, pmove=0.53, energy=-47.2450-0.0005j
I | 06-14 13:37:22 |  train   | step=8310, pmove=0.53, energy=-47.2318+0.0011j
I | 06-14 13:37:22 |  train   | step=8311, pmove=0.53, energy=-47.2390+0.0024j
I | 06-14 13:37:23 |  train   | step=8312, pmove=0.52, energy=-47.2488-0.0009j
I | 06-14 13:37:24 |  train   | step=8313, pmove=0.53, energy=-47.2283+0.0007j
I | 06-14 13:37:24 |  train   | step=8314, pmove=0.53, energy=-47.2292-0.0018j
I | 06-14 13:37:25 |  train   | step=8315, pmove=0.53, energy=-47.2250+0.0004j
I | 06-14 13:37:25 |  train   | step=8316, pmove=0.53, energy=-47.2243+0.0021j
I | 06-14 13:37:26 |  train   | step=8317, pmove=0.53, energy=-47.2469+0.0028j
I | 06-14 13:37:27 |  train   | step=8318, pmove=0.53, energy=-47.2353-0.0018j
I | 06-14 13:37:27 |  train   | step=8319, pmove=0.52, energy=-47.2431-0.0033j
I | 06-14 13:37:28 |  train   | step=8320, pmove=0.52, energy=-47.2223-0.0009j
I | 06-14 13:37:29 |  train   | step=8321, pmove=0.53, energy=-47.2364-0.0029j
I | 06-14 13:37:29 |  train   | step=8322, pmove=0.52, energy=-47.2326-0.0010j
I | 06-14 13:37:30 |  train   | step=8323, pmove=0.53, energy=-47.2389+0.0058j
I | 06-14 13:37:31 |  train   | step=8324, pmove=0.52, energy=-47.2501-0.0020j
I | 06-14 13:37:31 |  train   | step=8325, pmove=0.53, energy=-47.2375+0.0012j
I | 06-14 13:37:32 |  train   | step=8326, pmove=0.53, energy=-47.2331+0.0009j
I | 06-14 13:37:32 |  train   | step=8327, pmove=0.52, energy=-47.2394-0.0003j
I | 06-14 13:37:33 |  train   | step=8328, pmove=0.52, energy=-47.2585+0.0073j
I | 06-14 13:37:34 |  train   | step=8329, pmove=0.53, energy=-47.2376+0.0019j
I | 06-14 13:37:34 |  train   | step=8330, pmove=0.52, energy=-47.2326+0.0024j
I | 06-14 13:37:35 |  train   | step=8331, pmove=0.53, energy=-47.2555-0.0008j
I | 06-14 13:37:36 |  train   | step=8332, pmove=0.53, energy=-47.2368+0.0009j
I | 06-14 13:37:36 |  train   | step=8333, pmove=0.53, energy=-47.2536-0.0030j
I | 06-14 13:37:37 |  train   | step=8334, pmove=0.52, energy=-47.2301-0.0007j
I | 06-14 13:37:38 |  train   | step=8335, pmove=0.53, energy=-47.2109+0.0028j
I | 06-14 13:37:38 |  train   | step=8336, pmove=0.53, energy=-47.2337+0.0019j
I | 06-14 13:37:39 |  train   | step=8337, pmove=0.52, energy=-47.2487-0.0012j
I | 06-14 13:37:39 |  train   | step=8338, pmove=0.53, energy=-47.1829-0.0037j
I | 06-14 13:37:40 |  train   | step=8339, pmove=0.53, energy=-47.2163+0.0047j
I | 06-14 13:37:41 |  train   | step=8340, pmove=0.53, energy=-47.2334+0.0016j
I | 06-14 13:37:41 |  train   | step=8341, pmove=0.52, energy=-47.2467+0.0005j
I | 06-14 13:37:42 |  train   | step=8342, pmove=0.53, energy=-47.2462-0.0002j
I | 06-14 13:37:43 |  train   | step=8343, pmove=0.53, energy=-47.2287+0.0009j
I | 06-14 13:37:43 |  train   | step=8344, pmove=0.52, energy=-47.2449+0.0022j
I | 06-14 13:37:44 |  train   | step=8345, pmove=0.53, energy=-47.2421+0.0026j
I | 06-14 13:37:45 |  train   | step=8346, pmove=0.52, energy=-47.2467+0.0026j
I | 06-14 13:37:45 |  train   | step=8347, pmove=0.52, energy=-47.2346+0.0008j
I | 06-14 13:37:46 |  train   | step=8348, pmove=0.53, energy=-47.2204+0.0012j
I | 06-14 13:37:46 |  train   | step=8349, pmove=0.53, energy=-47.2469+0.0041j
I | 06-14 13:37:47 |  train   | step=8350, pmove=0.53, energy=-47.2470-0.0013j
I | 06-14 13:37:48 |  train   | step=8351, pmove=0.52, energy=-47.2463-0.0000j
I | 06-14 13:37:48 |  train   | step=8352, pmove=0.53, energy=-47.2427+0.0018j
I | 06-14 13:37:49 |  train   | step=8353, pmove=0.53, energy=-47.2431+0.0001j
I | 06-14 13:37:50 |  train   | step=8354, pmove=0.53, energy=-47.2356+0.0024j
I | 06-14 13:37:50 |  train   | step=8355, pmove=0.52, energy=-47.2358+0.0057j
I | 06-14 13:37:51 |  train   | step=8356, pmove=0.52, energy=-47.2272-0.0025j
I | 06-14 13:37:52 |  train   | step=8357, pmove=0.53, energy=-47.2421-0.0021j
I | 06-14 13:37:52 |  train   | step=8358, pmove=0.53, energy=-47.2304+0.0050j
I | 06-14 13:37:53 |  train   | step=8359, pmove=0.53, energy=-47.2379-0.0047j
I | 06-14 13:37:53 |  train   | step=8360, pmove=0.53, energy=-47.2271+0.0029j
I | 06-14 13:37:54 |  train   | step=8361, pmove=0.53, energy=-47.2342-0.0012j
I | 06-14 13:37:55 |  train   | step=8362, pmove=0.52, energy=-47.2229+0.0036j
I | 06-14 13:37:55 |  train   | step=8363, pmove=0.53, energy=-47.2100-0.0001j
I | 06-14 13:37:56 |  train   | step=8364, pmove=0.52, energy=-47.2343+0.0017j
I | 06-14 13:37:57 |  train   | step=8365, pmove=0.53, energy=-47.2223+0.0028j
I | 06-14 13:37:57 |  train   | step=8366, pmove=0.52, energy=-47.2347+0.0025j
I | 06-14 13:37:58 |  train   | step=8367, pmove=0.53, energy=-47.2277+0.0057j
I | 06-14 13:37:59 |  train   | step=8368, pmove=0.52, energy=-47.2314+0.0014j
I | 06-14 13:37:59 |  train   | step=8369, pmove=0.53, energy=-47.2368-0.0018j
I | 06-14 13:38:00 |  train   | step=8370, pmove=0.53, energy=-47.2306-0.0010j
I | 06-14 13:38:00 |  train   | step=8371, pmove=0.52, energy=-47.2383+0.0047j
I | 06-14 13:38:01 |  train   | step=8372, pmove=0.53, energy=-47.2320-0.0020j
I | 06-14 13:38:02 |  train   | step=8373, pmove=0.52, energy=-47.2404+0.0003j
I | 06-14 13:38:02 |  train   | step=8374, pmove=0.53, energy=-47.2493+0.0008j
I | 06-14 13:38:03 |  train   | step=8375, pmove=0.53, energy=-47.2312+0.0029j
I | 06-14 13:38:04 |  train   | step=8376, pmove=0.53, energy=-47.2317+0.0027j
I | 06-14 13:38:04 |  train   | step=8377, pmove=0.53, energy=-47.2554-0.0023j
I | 06-14 13:38:05 |  train   | step=8378, pmove=0.53, energy=-47.2307+0.0013j
I | 06-14 13:38:05 |  train   | step=8379, pmove=0.53, energy=-47.2437+0.0018j
I | 06-14 13:38:06 |  train   | step=8380, pmove=0.53, energy=-47.2260+0.0009j
I | 06-14 13:38:07 |  train   | step=8381, pmove=0.53, energy=-47.2592-0.0011j
I | 06-14 13:38:07 |  train   | step=8382, pmove=0.52, energy=-47.2157-0.0031j
I | 06-14 13:38:08 |  train   | step=8383, pmove=0.52, energy=-47.2319-0.0013j
I | 06-14 13:38:09 |  train   | step=8384, pmove=0.53, energy=-47.2377-0.0018j
I | 06-14 13:38:09 |  train   | step=8385, pmove=0.53, energy=-47.2386-0.0025j
I | 06-14 13:38:10 |  train   | step=8386, pmove=0.53, energy=-47.2357+0.0001j
I | 06-14 13:38:11 |  train   | step=8387, pmove=0.53, energy=-47.2199+0.0018j
I | 06-14 13:38:11 |  train   | step=8388, pmove=0.53, energy=-47.2320+0.0002j
I | 06-14 13:38:12 |  train   | step=8389, pmove=0.53, energy=-47.2293+0.0010j
I | 06-14 13:38:12 |  train   | step=8390, pmove=0.53, energy=-47.2361-0.0025j
I | 06-14 13:38:13 |  train   | step=8391, pmove=0.53, energy=-47.2372-0.0032j
I | 06-14 13:38:14 |  train   | step=8392, pmove=0.53, energy=-47.2298-0.0004j
I | 06-14 13:38:14 |  train   | step=8393, pmove=0.53, energy=-47.2420-0.0046j
I | 06-14 13:38:15 |  train   | step=8394, pmove=0.52, energy=-47.2394-0.0033j
I | 06-14 13:38:16 |  train   | step=8395, pmove=0.53, energy=-47.2165-0.0010j
I | 06-14 13:38:16 |  train   | step=8396, pmove=0.52, energy=-47.2411-0.0036j
I | 06-14 13:38:17 |  train   | step=8397, pmove=0.53, energy=-47.2420+0.0001j
I | 06-14 13:38:18 |  train   | step=8398, pmove=0.53, energy=-47.2272-0.0049j
I | 06-14 13:38:18 |  train   | step=8399, pmove=0.53, energy=-47.2278-0.0046j
I | 06-14 13:38:19 |  train   | step=8400, pmove=0.53, energy=-47.2673+0.0009j
I | 06-14 13:38:19 |  train   | step=8401, pmove=0.53, energy=-47.2199+0.0001j
I | 06-14 13:38:20 |  train   | step=8402, pmove=0.53, energy=-47.2367+0.0009j
I | 06-14 13:38:21 |  train   | step=8403, pmove=0.53, energy=-47.2481-0.0017j
I | 06-14 13:38:21 |  train   | step=8404, pmove=0.53, energy=-47.2533-0.0044j
I | 06-14 13:38:22 |  train   | step=8405, pmove=0.52, energy=-47.2439+0.0004j
I | 06-14 13:38:23 |  train   | step=8406, pmove=0.52, energy=-47.2404-0.0004j
I | 06-14 13:38:23 |  train   | step=8407, pmove=0.53, energy=-47.2284+0.0014j
I | 06-14 13:38:24 |  train   | step=8408, pmove=0.53, energy=-47.2166+0.0011j
I | 06-14 13:38:25 |  train   | step=8409, pmove=0.53, energy=-47.2273+0.0016j
I | 06-14 13:38:25 |  train   | step=8410, pmove=0.52, energy=-47.2387-0.0008j
I | 06-14 13:38:26 |  train   | step=8411, pmove=0.53, energy=-47.2277+0.0008j
I | 06-14 13:38:26 |  train   | step=8412, pmove=0.53, energy=-47.2248-0.0011j
I | 06-14 13:38:27 |  train   | step=8413, pmove=0.53, energy=-47.2301-0.0029j
I | 06-14 13:38:28 |  train   | step=8414, pmove=0.53, energy=-47.2487-0.0071j
I | 06-14 13:38:28 |  train   | step=8415, pmove=0.53, energy=-47.2208-0.0027j
I | 06-14 13:38:29 |  train   | step=8416, pmove=0.53, energy=-47.2420-0.0033j
I | 06-14 13:38:30 |  train   | step=8417, pmove=0.53, energy=-47.2347+0.0010j
I | 06-14 13:38:30 |  train   | step=8418, pmove=0.53, energy=-47.2402+0.0050j
I | 06-14 13:38:31 |  train   | step=8419, pmove=0.53, energy=-47.2417-0.0004j
I | 06-14 13:38:32 |  train   | step=8420, pmove=0.52, energy=-47.2273+0.0013j
I | 06-14 13:38:32 |  train   | step=8421, pmove=0.53, energy=-47.2302-0.0008j
I | 06-14 13:38:33 |  train   | step=8422, pmove=0.53, energy=-47.2307-0.0023j
I | 06-14 13:38:33 |  train   | step=8423, pmove=0.53, energy=-47.2152-0.0025j
I | 06-14 13:38:34 |  train   | step=8424, pmove=0.53, energy=-47.2461-0.0042j
I | 06-14 13:38:35 |  train   | step=8425, pmove=0.53, energy=-47.2184-0.0030j
I | 06-14 13:38:35 |  train   | step=8426, pmove=0.52, energy=-47.2181-0.0041j
I | 06-14 13:38:36 |  train   | step=8427, pmove=0.52, energy=-47.2357+0.0006j
I | 06-14 13:38:37 |  train   | step=8428, pmove=0.52, energy=-47.2397-0.0034j
I | 06-14 13:38:37 |  train   | step=8429, pmove=0.52, energy=-47.2225+0.0000j
I | 06-14 13:38:38 |  train   | step=8430, pmove=0.53, energy=-47.2406+0.0018j
I | 06-14 13:38:38 |  train   | step=8431, pmove=0.53, energy=-47.2372-0.0000j
I | 06-14 13:38:39 |  train   | step=8432, pmove=0.53, energy=-47.2400+0.0003j
I | 06-14 13:38:40 |  train   | step=8433, pmove=0.53, energy=-47.2267+0.0011j
I | 06-14 13:38:40 |  train   | step=8434, pmove=0.53, energy=-47.2219+0.0021j
I | 06-14 13:38:41 |  train   | step=8435, pmove=0.53, energy=-47.2332-0.0007j
I | 06-14 13:38:42 |  train   | step=8436, pmove=0.52, energy=-47.2457+0.0006j
I | 06-14 13:38:42 |  train   | step=8437, pmove=0.52, energy=-47.2321-0.0033j
I | 06-14 13:38:43 |  train   | step=8438, pmove=0.53, energy=-47.2403-0.0041j
I | 06-14 13:38:44 |  train   | step=8439, pmove=0.53, energy=-47.2476+0.0032j
I | 06-14 13:38:44 |  train   | step=8440, pmove=0.53, energy=-47.2317+0.0037j
I | 06-14 13:38:45 |  train   | step=8441, pmove=0.52, energy=-47.2306-0.0001j
I | 06-14 13:38:45 |  train   | step=8442, pmove=0.53, energy=-47.2407+0.0003j
I | 06-14 13:38:46 |  train   | step=8443, pmove=0.52, energy=-47.2404-0.0040j
I | 06-14 13:38:47 |  train   | step=8444, pmove=0.53, energy=-47.2399-0.0015j
I | 06-14 13:38:47 |  train   | step=8445, pmove=0.53, energy=-47.2487-0.0011j
I | 06-14 13:38:48 |  train   | step=8446, pmove=0.53, energy=-47.2282-0.0008j
I | 06-14 13:38:49 |  train   | step=8447, pmove=0.52, energy=-47.2393+0.0043j
I | 06-14 13:38:49 |  train   | step=8448, pmove=0.53, energy=-47.2296+0.0012j
I | 06-14 13:38:50 |  train   | step=8449, pmove=0.53, energy=-47.2285+0.0046j
I | 06-14 13:38:51 |  train   | step=8450, pmove=0.52, energy=-47.2358+0.0001j
I | 06-14 13:38:51 |  train   | step=8451, pmove=0.53, energy=-47.2222-0.0002j
I | 06-14 13:38:52 |  train   | step=8452, pmove=0.53, energy=-47.2232-0.0012j
I | 06-14 13:38:52 |  train   | step=8453, pmove=0.52, energy=-47.2443+0.0048j
I | 06-14 13:38:53 |  train   | step=8454, pmove=0.53, energy=-47.2449+0.0048j
I | 06-14 13:38:54 |  train   | step=8455, pmove=0.53, energy=-47.2267+0.0005j
I | 06-14 13:38:54 |  train   | step=8456, pmove=0.53, energy=-47.2359+0.0004j
I | 06-14 13:38:55 |  train   | step=8457, pmove=0.53, energy=-47.2259+0.0003j
I | 06-14 13:38:56 |  train   | step=8458, pmove=0.52, energy=-47.2272-0.0002j
I | 06-14 13:38:56 |  train   | step=8459, pmove=0.52, energy=-47.2449+0.0001j
I | 06-14 13:38:57 |  train   | step=8460, pmove=0.53, energy=-47.2397-0.0021j
I | 06-14 13:38:58 |  train   | step=8461, pmove=0.53, energy=-47.2234-0.0049j
I | 06-14 13:38:58 |  train   | step=8462, pmove=0.53, energy=-47.2480-0.0019j
I | 06-14 13:38:59 |  train   | step=8463, pmove=0.53, energy=-47.2169-0.0007j
I | 06-14 13:38:59 |  train   | step=8464, pmove=0.53, energy=-47.2341-0.0013j
I | 06-14 13:39:00 |  train   | step=8465, pmove=0.52, energy=-47.2447-0.0019j
I | 06-14 13:39:01 |  train   | step=8466, pmove=0.53, energy=-47.2326-0.0045j
I | 06-14 13:39:01 |  train   | step=8467, pmove=0.53, energy=-47.2394-0.0007j
I | 06-14 13:39:02 |  train   | step=8468, pmove=0.53, energy=-47.2270-0.0026j
I | 06-14 13:39:03 |  train   | step=8469, pmove=0.52, energy=-47.2333-0.0001j
I | 06-14 13:39:03 |  train   | step=8470, pmove=0.52, energy=-47.2270+0.0037j
I | 06-14 13:39:04 |  train   | step=8471, pmove=0.52, energy=-47.2294+0.0005j
I | 06-14 13:39:05 |  train   | step=8472, pmove=0.53, energy=-47.2342+0.0006j
I | 06-14 13:39:05 |  train   | step=8473, pmove=0.53, energy=-47.2280+0.0029j
I | 06-14 13:39:06 |  train   | step=8474, pmove=0.53, energy=-47.2251+0.0037j
I | 06-14 13:39:06 |  train   | step=8475, pmove=0.53, energy=-47.2098-0.0032j
I | 06-14 13:39:07 |  train   | step=8476, pmove=0.53, energy=-47.2155+0.0020j
I | 06-14 13:39:08 |  train   | step=8477, pmove=0.53, energy=-47.2199+0.0028j
I | 06-14 13:39:08 |  train   | step=8478, pmove=0.52, energy=-47.2365-0.0026j
I | 06-14 13:39:09 |  train   | step=8479, pmove=0.52, energy=-47.2462-0.0024j
I | 06-14 13:39:10 |  train   | step=8480, pmove=0.53, energy=-47.2264+0.0056j
I | 06-14 13:39:10 |  train   | step=8481, pmove=0.53, energy=-47.2592+0.0009j
I | 06-14 13:39:11 |  train   | step=8482, pmove=0.53, energy=-47.2079-0.0000j
I | 06-14 13:39:11 |  train   | step=8483, pmove=0.52, energy=-47.2338+0.0012j
I | 06-14 13:39:12 |  train   | step=8484, pmove=0.53, energy=-47.2237-0.0028j
I | 06-14 13:39:13 |  train   | step=8485, pmove=0.53, energy=-47.2394-0.0021j
I | 06-14 13:39:13 |  train   | step=8486, pmove=0.53, energy=-47.2464-0.0020j
I | 06-14 13:39:14 |  train   | step=8487, pmove=0.52, energy=-47.2325-0.0002j
I | 06-14 13:39:15 |  train   | step=8488, pmove=0.53, energy=-47.2339-0.0002j
I | 06-14 13:39:15 |  train   | step=8489, pmove=0.53, energy=-47.2243-0.0007j
I | 06-14 13:39:16 |  train   | step=8490, pmove=0.52, energy=-47.2341-0.0037j
I | 06-14 13:39:17 |  train   | step=8491, pmove=0.53, energy=-47.2474-0.0040j
I | 06-14 13:39:17 |  train   | step=8492, pmove=0.52, energy=-47.2326+0.0019j
I | 06-14 13:39:18 |  train   | step=8493, pmove=0.52, energy=-47.2244+0.0019j
I | 06-14 13:39:18 |  train   | step=8494, pmove=0.53, energy=-47.2365-0.0002j
I | 06-14 13:39:19 |  train   | step=8495, pmove=0.52, energy=-47.2275+0.0171j
I | 06-14 13:39:20 |  train   | step=8496, pmove=0.52, energy=-47.2215+0.0006j
I | 06-14 13:39:20 |  train   | step=8497, pmove=0.53, energy=-47.2408+0.0024j
I | 06-14 13:39:21 |  train   | step=8498, pmove=0.52, energy=-47.2355+0.0003j
I | 06-14 13:39:22 |  train   | step=8499, pmove=0.52, energy=-47.2339+0.0033j
I | 06-14 13:39:22 |  train   | step=8500, pmove=0.52, energy=-47.2429-0.0001j
I | 06-14 13:39:23 |  train   | step=8501, pmove=0.53, energy=-47.2538+0.0013j
I | 06-14 13:39:24 |  train   | step=8502, pmove=0.52, energy=-47.2086-0.0002j
I | 06-14 13:39:24 |  train   | step=8503, pmove=0.52, energy=-47.2130+0.0013j
I | 06-14 13:39:25 |  train   | step=8504, pmove=0.52, energy=-47.2391+0.0004j
I | 06-14 13:39:25 |  train   | step=8505, pmove=0.53, energy=-47.2492-0.0016j
I | 06-14 13:39:26 |  train   | step=8506, pmove=0.53, energy=-47.2304-0.0031j
I | 06-14 13:39:27 |  train   | step=8507, pmove=0.53, energy=-47.2400-0.0006j
I | 06-14 13:39:27 |  train   | step=8508, pmove=0.53, energy=-47.2277+0.0001j
I | 06-14 13:39:28 |  train   | step=8509, pmove=0.52, energy=-47.2514-0.0007j
I | 06-14 13:39:29 |  train   | step=8510, pmove=0.53, energy=-47.2154+0.0015j
I | 06-14 13:39:29 |  train   | step=8511, pmove=0.52, energy=-47.2269-0.0014j
I | 06-14 13:39:30 |  train   | step=8512, pmove=0.53, energy=-47.2347+0.0008j
I | 06-14 13:39:31 |  train   | step=8513, pmove=0.52, energy=-47.2144-0.0002j
I | 06-14 13:39:31 |  train   | step=8514, pmove=0.53, energy=-47.2310+0.0002j
I | 06-14 13:39:32 |  train   | step=8515, pmove=0.53, energy=-47.2406-0.0027j
I | 06-14 13:39:32 |  train   | step=8516, pmove=0.53, energy=-47.2465+0.0038j
I | 06-14 13:39:33 |  train   | step=8517, pmove=0.53, energy=-47.2384+0.0003j
I | 06-14 13:39:34 |  train   | step=8518, pmove=0.52, energy=-47.2572-0.0011j
I | 06-14 13:39:34 |  train   | step=8519, pmove=0.53, energy=-47.2436-0.0022j
I | 06-14 13:39:35 |  train   | step=8520, pmove=0.52, energy=-47.2272+0.0016j
I | 06-14 13:39:36 |  train   | step=8521, pmove=0.53, energy=-47.2372+0.0021j
I | 06-14 13:39:36 |  train   | step=8522, pmove=0.53, energy=-47.2377-0.0019j
I | 06-14 13:39:37 |  train   | step=8523, pmove=0.52, energy=-47.2433+0.0037j
I | 06-14 13:39:38 |  train   | step=8524, pmove=0.53, energy=-47.2725+0.0012j
I | 06-14 13:39:38 |  train   | step=8525, pmove=0.53, energy=-47.2231+0.0002j
I | 06-14 13:39:39 |  train   | step=8526, pmove=0.53, energy=-47.2308-0.0001j
I | 06-14 13:39:39 |  train   | step=8527, pmove=0.53, energy=-47.2380-0.0029j
I | 06-14 13:39:40 |  train   | step=8528, pmove=0.52, energy=-47.2377-0.0011j
I | 06-14 13:39:41 |  train   | step=8529, pmove=0.53, energy=-47.2592+0.0053j
I | 06-14 13:39:41 |  train   | step=8530, pmove=0.53, energy=-47.2346+0.0014j
I | 06-14 13:39:42 |  train   | step=8531, pmove=0.53, energy=-47.2508+0.0043j
I | 06-14 13:39:43 |  train   | step=8532, pmove=0.52, energy=-47.2360+0.0030j
I | 06-14 13:39:43 |  train   | step=8533, pmove=0.53, energy=-47.2484+0.0010j
I | 06-14 13:39:44 |  train   | step=8534, pmove=0.52, energy=-47.2245+0.0015j
I | 06-14 13:39:45 |  train   | step=8535, pmove=0.52, energy=-47.2176+0.0019j
I | 06-14 13:39:45 |  train   | step=8536, pmove=0.53, energy=-47.2405+0.0019j
I | 06-14 13:39:46 |  train   | step=8537, pmove=0.53, energy=-47.2335+0.0011j
I | 06-14 13:39:46 |  train   | step=8538, pmove=0.53, energy=-47.2397-0.0024j
I | 06-14 13:39:47 |  train   | step=8539, pmove=0.52, energy=-47.2347+0.0003j
I | 06-14 13:39:48 |  train   | step=8540, pmove=0.53, energy=-47.2489-0.0012j
I | 06-14 13:39:48 |  train   | step=8541, pmove=0.53, energy=-47.2564-0.0037j
I | 06-14 13:39:49 |  train   | step=8542, pmove=0.53, energy=-47.2332-0.0016j
I | 06-14 13:39:50 |  train   | step=8543, pmove=0.52, energy=-47.2575-0.0010j
I | 06-14 13:39:50 |  train   | step=8544, pmove=0.53, energy=-47.2608+0.0008j
I | 06-14 13:39:51 |  train   | step=8545, pmove=0.52, energy=-47.2085+0.0059j
I | 06-14 13:39:51 |  train   | step=8546, pmove=0.52, energy=-47.2406-0.0021j
I | 06-14 13:39:52 |  train   | step=8547, pmove=0.52, energy=-47.2373-0.0029j
I | 06-14 13:39:53 |  train   | step=8548, pmove=0.52, energy=-47.2260-0.0004j
I | 06-14 13:39:53 |  train   | step=8549, pmove=0.53, energy=-47.2413-0.0014j
I | 06-14 13:39:54 |  train   | step=8550, pmove=0.53, energy=-47.2242-0.0000j
I | 06-14 13:39:55 |  train   | step=8551, pmove=0.53, energy=-47.2335-0.0015j
I | 06-14 13:39:55 |  train   | step=8552, pmove=0.52, energy=-47.2119+0.0041j
I | 06-14 13:39:56 |  train   | step=8553, pmove=0.52, energy=-47.2312-0.0003j
I | 06-14 13:39:57 |  train   | step=8554, pmove=0.52, energy=-47.2297+0.0017j
I | 06-14 13:39:57 |  train   | step=8555, pmove=0.52, energy=-47.2292-0.0069j
I | 06-14 13:39:58 |  train   | step=8556, pmove=0.53, energy=-47.2117-0.0012j
I | 06-14 13:39:58 |  train   | step=8557, pmove=0.53, energy=-47.2226-0.0012j
I | 06-14 13:39:59 |  train   | step=8558, pmove=0.53, energy=-47.2446-0.0054j
I | 06-14 13:40:00 |  train   | step=8559, pmove=0.53, energy=-47.2466-0.0002j
I | 06-14 13:40:00 |  train   | step=8560, pmove=0.53, energy=-47.2492-0.0018j
I | 06-14 13:40:01 |  train   | step=8561, pmove=0.52, energy=-47.2332-0.0005j
I | 06-14 13:40:02 |  train   | step=8562, pmove=0.53, energy=-47.2289-0.0015j
I | 06-14 13:40:02 |  train   | step=8563, pmove=0.53, energy=-47.2327+0.0001j
I | 06-14 13:40:03 |  train   | step=8564, pmove=0.53, energy=-47.2260+0.0004j
I | 06-14 13:40:04 |  train   | step=8565, pmove=0.52, energy=-47.2302+0.0004j
I | 06-14 13:40:04 |  train   | step=8566, pmove=0.53, energy=-47.2334+0.0028j
I | 06-14 13:40:05 |  train   | step=8567, pmove=0.53, energy=-47.2318-0.0016j
I | 06-14 13:40:05 |  train   | step=8568, pmove=0.53, energy=-47.1913-0.0079j
I | 06-14 13:40:06 |  train   | step=8569, pmove=0.53, energy=-47.2381+0.0018j
I | 06-14 13:40:07 |  train   | step=8570, pmove=0.52, energy=-47.2289+0.0001j
I | 06-14 13:40:07 |  train   | step=8571, pmove=0.53, energy=-47.2158+0.0026j
I | 06-14 13:40:08 |  train   | step=8572, pmove=0.52, energy=-47.2414+0.0051j
I | 06-14 13:40:09 |  train   | step=8573, pmove=0.52, energy=-47.2377+0.0010j
I | 06-14 13:40:09 |  train   | step=8574, pmove=0.52, energy=-47.2404+0.0023j
I | 06-14 13:40:10 |  train   | step=8575, pmove=0.53, energy=-47.2374+0.0019j
I | 06-14 13:40:11 |  train   | step=8576, pmove=0.52, energy=-47.2265+0.0017j
I | 06-14 13:40:11 |  train   | step=8577, pmove=0.53, energy=-47.2235-0.0025j
I | 06-14 13:40:12 |  train   | step=8578, pmove=0.52, energy=-47.2312-0.0007j
I | 06-14 13:40:12 |  train   | step=8579, pmove=0.53, energy=-47.2395-0.0017j
I | 06-14 13:40:13 |  train   | step=8580, pmove=0.53, energy=-47.2449-0.0023j
I | 06-14 13:40:14 |  train   | step=8581, pmove=0.53, energy=-47.2541-0.0028j
I | 06-14 13:40:14 |  train   | step=8582, pmove=0.53, energy=-47.2410-0.0018j
I | 06-14 13:40:15 |  train   | step=8583, pmove=0.52, energy=-47.2400-0.0020j
I | 06-14 13:40:16 |  train   | step=8584, pmove=0.53, energy=-47.2210-0.0016j
I | 06-14 13:40:16 |  train   | step=8585, pmove=0.53, energy=-47.2270-0.0006j
I | 06-14 13:40:17 |  train   | step=8586, pmove=0.53, energy=-47.2471-0.0007j
I | 06-14 13:40:18 |  train   | step=8587, pmove=0.53, energy=-47.2298-0.0011j
I | 06-14 13:40:18 |  train   | step=8588, pmove=0.53, energy=-47.2354-0.0021j
I | 06-14 13:40:19 |  train   | step=8589, pmove=0.53, energy=-47.2383+0.0030j
I | 06-14 13:40:19 |  train   | step=8590, pmove=0.52, energy=-47.2281+0.0006j
I | 06-14 13:40:20 |  train   | step=8591, pmove=0.53, energy=-47.2298+0.0009j
I | 06-14 13:40:21 |  train   | step=8592, pmove=0.52, energy=-47.2315-0.0009j
I | 06-14 13:40:21 |  train   | step=8593, pmove=0.53, energy=-47.2252-0.0028j
I | 06-14 13:40:22 |  train   | step=8594, pmove=0.52, energy=-47.2444+0.0010j
I | 06-14 13:40:23 |  train   | step=8595, pmove=0.53, energy=-47.2368+0.0004j
I | 06-14 13:40:23 |  train   | step=8596, pmove=0.52, energy=-47.2334-0.0004j
I | 06-14 13:40:24 |  train   | step=8597, pmove=0.53, energy=-47.2294-0.0021j
I | 06-14 13:40:24 |  train   | step=8598, pmove=0.52, energy=-47.2214-0.0001j
I | 06-14 13:40:25 |  train   | step=8599, pmove=0.53, energy=-47.2369+0.0009j
I | 06-14 13:40:26 |  train   | step=8600, pmove=0.53, energy=-47.2251+0.0007j
I | 06-14 13:40:26 |  train   | step=8601, pmove=0.53, energy=-47.2349+0.0011j
I | 06-14 13:40:27 |  train   | step=8602, pmove=0.52, energy=-47.2373-0.0017j
I | 06-14 13:40:28 |  train   | step=8603, pmove=0.53, energy=-47.2292+0.0015j
I | 06-14 13:40:28 |  train   | step=8604, pmove=0.53, energy=-47.2152-0.0010j
I | 06-14 13:40:29 |  train   | step=8605, pmove=0.52, energy=-47.2266-0.0004j
I | 06-14 13:40:30 |  train   | step=8606, pmove=0.53, energy=-47.2137-0.0019j
I | 06-14 13:40:30 |  train   | step=8607, pmove=0.53, energy=-47.2289+0.0028j
I | 06-14 13:40:31 |  train   | step=8608, pmove=0.53, energy=-47.2295+0.0010j
I | 06-14 13:40:31 |  train   | step=8609, pmove=0.52, energy=-47.2131-0.0003j
I | 06-14 13:40:32 |  train   | step=8610, pmove=0.53, energy=-47.2155-0.0012j
I | 06-14 13:40:33 |  train   | step=8611, pmove=0.53, energy=-47.2374-0.0045j
I | 06-14 13:40:33 |  train   | step=8612, pmove=0.53, energy=-47.2175+0.0030j
I | 06-14 13:40:34 |  train   | step=8613, pmove=0.53, energy=-47.2338-0.0028j
I | 06-14 13:40:35 |  train   | step=8614, pmove=0.53, energy=-47.2399-0.0034j
I | 06-14 13:40:35 |  train   | step=8615, pmove=0.52, energy=-47.2267-0.0038j
I | 06-14 13:40:36 |  train   | step=8616, pmove=0.53, energy=-47.2330+0.0015j
I | 06-14 13:40:37 |  train   | step=8617, pmove=0.53, energy=-47.2407+0.0020j
I | 06-14 13:40:37 |  train   | step=8618, pmove=0.53, energy=-47.2442-0.0002j
I | 06-14 13:40:38 |  train   | step=8619, pmove=0.53, energy=-47.2334+0.0020j
I | 06-14 13:40:38 |  train   | step=8620, pmove=0.53, energy=-47.2471-0.0022j
I | 06-14 13:40:39 |  train   | step=8621, pmove=0.52, energy=-47.2325+0.0006j
I | 06-14 13:40:40 |  train   | step=8622, pmove=0.52, energy=-47.3308+0.0036j
I | 06-14 13:40:40 |  train   | step=8623, pmove=0.53, energy=-47.2271-0.0012j
I | 06-14 13:40:41 |  train   | step=8624, pmove=0.52, energy=-47.2476-0.0014j
I | 06-14 13:40:42 |  train   | step=8625, pmove=0.52, energy=-47.2441-0.0022j
I | 06-14 13:40:42 |  train   | step=8626, pmove=0.53, energy=-47.2310-0.0020j
I | 06-14 13:40:43 |  train   | step=8627, pmove=0.53, energy=-47.2208-0.0016j
I | 06-14 13:40:44 |  train   | step=8628, pmove=0.52, energy=-47.2222-0.0005j
I | 06-14 13:40:44 |  train   | step=8629, pmove=0.53, energy=-47.2369-0.0026j
I | 06-14 13:40:45 |  train   | step=8630, pmove=0.52, energy=-47.2432-0.0011j
I | 06-14 13:40:45 |  train   | step=8631, pmove=0.52, energy=-47.2297-0.0016j
I | 06-14 13:40:46 |  train   | step=8632, pmove=0.53, energy=-47.2148-0.0016j
I | 06-14 13:40:47 |  train   | step=8633, pmove=0.52, energy=-47.2375+0.0053j
I | 06-14 13:40:47 |  train   | step=8634, pmove=0.53, energy=-47.2241+0.0006j
I | 06-14 13:40:48 |  train   | step=8635, pmove=0.53, energy=-47.2275-0.0012j
I | 06-14 13:40:49 |  train   | step=8636, pmove=0.53, energy=-47.2349+0.0038j
I | 06-14 13:40:49 |  train   | step=8637, pmove=0.52, energy=-47.2522-0.0003j
I | 06-14 13:40:50 |  train   | step=8638, pmove=0.52, energy=-47.2597+0.0000j
I | 06-14 13:40:51 |  train   | step=8639, pmove=0.52, energy=-47.2387+0.0018j
I | 06-14 13:40:51 |  train   | step=8640, pmove=0.52, energy=-47.2188-0.0020j
I | 06-14 13:40:52 |  train   | step=8641, pmove=0.53, energy=-47.2090-0.0020j
I | 06-14 13:40:52 |  train   | step=8642, pmove=0.53, energy=-47.2317-0.0005j
I | 06-14 13:40:53 |  train   | step=8643, pmove=0.52, energy=-47.2216+0.0010j
I | 06-14 13:40:54 |  train   | step=8644, pmove=0.53, energy=-47.2396-0.0007j
I | 06-14 13:40:54 |  train   | step=8645, pmove=0.53, energy=-47.2306+0.0005j
I | 06-14 13:40:55 |  train   | step=8646, pmove=0.53, energy=-47.2177+0.0002j
I | 06-14 13:40:56 |  train   | step=8647, pmove=0.53, energy=-47.2306-0.0014j
I | 06-14 13:40:56 |  train   | step=8648, pmove=0.53, energy=-47.2256-0.0060j
I | 06-14 13:40:57 |  train   | step=8649, pmove=0.53, energy=-47.2356+0.0046j
I | 06-14 13:40:57 |  train   | step=8650, pmove=0.52, energy=-47.2354-0.0001j
I | 06-14 13:40:58 |  train   | step=8651, pmove=0.52, energy=-47.2320+0.0020j
I | 06-14 13:40:59 |  train   | step=8652, pmove=0.52, energy=-47.2503-0.0002j
I | 06-14 13:40:59 |  train   | step=8653, pmove=0.53, energy=-47.2312+0.0017j
I | 06-14 13:41:00 |  train   | step=8654, pmove=0.53, energy=-47.2323-0.0016j
I | 06-14 13:41:01 |  train   | step=8655, pmove=0.53, energy=-47.2307-0.0012j
I | 06-14 13:41:01 |  train   | step=8656, pmove=0.53, energy=-47.2418-0.0006j
I | 06-14 13:41:02 |  train   | step=8657, pmove=0.53, energy=-47.2433+0.0019j
I | 06-14 13:41:03 |  train   | step=8658, pmove=0.52, energy=-47.2214+0.0014j
I | 06-14 13:41:03 |  train   | step=8659, pmove=0.53, energy=-47.2376+0.0026j
I | 06-14 13:41:04 |  train   | step=8660, pmove=0.53, energy=-47.2274+0.0018j
I | 06-14 13:41:04 |  train   | step=8661, pmove=0.53, energy=-47.2325+0.0028j
I | 06-14 13:41:05 |  train   | step=8662, pmove=0.53, energy=-47.2372+0.0022j
I | 06-14 13:41:06 |  train   | step=8663, pmove=0.52, energy=-47.2468+0.0012j
I | 06-14 13:41:06 |  train   | step=8664, pmove=0.52, energy=-47.2299+0.0020j
I | 06-14 13:41:07 |  train   | step=8665, pmove=0.53, energy=-47.2195+0.0003j
I | 06-14 13:41:08 |  train   | step=8666, pmove=0.53, energy=-47.2357+0.0036j
I | 06-14 13:41:08 |  train   | step=8667, pmove=0.52, energy=-47.2336+0.0053j
I | 06-14 13:41:09 |  train   | step=8668, pmove=0.53, energy=-47.2411-0.0005j
I | 06-14 13:41:10 |  train   | step=8669, pmove=0.53, energy=-47.2211-0.0025j
I | 06-14 13:41:10 |  train   | step=8670, pmove=0.53, energy=-47.2277+0.0012j
I | 06-14 13:41:11 |  train   | step=8671, pmove=0.52, energy=-47.2224-0.0006j
I | 06-14 13:41:11 |  train   | step=8672, pmove=0.52, energy=-47.2330+0.0010j
I | 06-14 13:41:12 |  train   | step=8673, pmove=0.53, energy=-47.2240+0.0008j
I | 06-14 13:41:13 |  train   | step=8674, pmove=0.52, energy=-47.2252-0.0009j
I | 06-14 13:41:13 |  train   | step=8675, pmove=0.52, energy=-47.2352+0.0000j
I | 06-14 13:41:14 |  train   | step=8676, pmove=0.53, energy=-47.2414+0.0028j
I | 06-14 13:41:15 |  train   | step=8677, pmove=0.52, energy=-47.2480-0.0005j
I | 06-14 13:41:15 |  train   | step=8678, pmove=0.53, energy=-47.2416-0.0002j
I | 06-14 13:41:16 |  train   | step=8679, pmove=0.53, energy=-47.2434-0.0030j
I | 06-14 13:41:17 |  train   | step=8680, pmove=0.53, energy=-47.2125+0.0029j
I | 06-14 13:41:17 |  train   | step=8681, pmove=0.53, energy=-47.2393-0.0009j
I | 06-14 13:41:18 |  train   | step=8682, pmove=0.53, energy=-47.2429-0.0037j
I | 06-14 13:41:18 |  train   | step=8683, pmove=0.53, energy=-47.2412+0.0030j
I | 06-14 13:41:19 |  train   | step=8684, pmove=0.53, energy=-47.2532-0.0007j
I | 06-14 13:41:20 |  train   | step=8685, pmove=0.53, energy=-47.2325-0.0011j
I | 06-14 13:41:20 |  train   | step=8686, pmove=0.53, energy=-47.2368+0.0004j
I | 06-14 13:41:21 |  train   | step=8687, pmove=0.53, energy=-47.2467+0.0004j
I | 06-14 13:41:22 |  train   | step=8688, pmove=0.52, energy=-47.2295+0.0017j
I | 06-14 13:41:22 |  train   | step=8689, pmove=0.52, energy=-47.2293-0.0008j
I | 06-14 13:41:23 |  train   | step=8690, pmove=0.52, energy=-47.2431+0.0020j
I | 06-14 13:41:24 |  train   | step=8691, pmove=0.52, energy=-47.2290-0.0026j
I | 06-14 13:41:24 |  train   | step=8692, pmove=0.52, energy=-47.2541-0.0040j
I | 06-14 13:41:25 |  train   | step=8693, pmove=0.53, energy=-47.2291+0.0041j
I | 06-14 13:41:25 |  train   | step=8694, pmove=0.53, energy=-47.2365+0.0023j
I | 06-14 13:41:26 |  train   | step=8695, pmove=0.53, energy=-47.2225-0.0014j
I | 06-14 13:41:27 |  train   | step=8696, pmove=0.53, energy=-47.2257-0.0020j
I | 06-14 13:41:27 |  train   | step=8697, pmove=0.52, energy=-47.2325-0.0006j
I | 06-14 13:41:28 |  train   | step=8698, pmove=0.53, energy=-47.2193+0.0021j
I | 06-14 13:41:29 |  train   | step=8699, pmove=0.53, energy=-47.2429-0.0048j
I | 06-14 13:41:29 |  train   | step=8700, pmove=0.52, energy=-47.2298-0.0017j
I | 06-14 13:41:30 |  train   | step=8701, pmove=0.53, energy=-47.2442-0.0029j
I | 06-14 13:41:30 |  train   | step=8702, pmove=0.53, energy=-47.2161+0.0020j
I | 06-14 13:41:31 |  train   | step=8703, pmove=0.52, energy=-47.2367-0.0014j
I | 06-14 13:41:32 |  train   | step=8704, pmove=0.52, energy=-47.2318-0.0065j
I | 06-14 13:41:32 |  train   | step=8705, pmove=0.52, energy=-47.2336+0.0071j
I | 06-14 13:41:33 |  train   | step=8706, pmove=0.52, energy=-47.2428+0.0010j
I | 06-14 13:41:34 |  train   | step=8707, pmove=0.53, energy=-47.2271+0.0029j
I | 06-14 13:41:34 |  train   | step=8708, pmove=0.52, energy=-47.2053-0.0018j
I | 06-14 13:41:35 |  train   | step=8709, pmove=0.53, energy=-47.2435-0.0016j
I | 06-14 13:41:36 |  train   | step=8710, pmove=0.53, energy=-47.2483-0.0014j
I | 06-14 13:41:36 |  train   | step=8711, pmove=0.52, energy=-47.2275-0.0016j
I | 06-14 13:41:37 |  train   | step=8712, pmove=0.53, energy=-47.2359-0.0023j
I | 06-14 13:41:37 |  train   | step=8713, pmove=0.52, energy=-47.2379-0.0005j
I | 06-14 13:41:38 |  train   | step=8714, pmove=0.53, energy=-47.2528+0.0007j
I | 06-14 13:41:39 |  train   | step=8715, pmove=0.53, energy=-47.2479-0.0008j
I | 06-14 13:41:39 |  train   | step=8716, pmove=0.52, energy=-47.2479+0.0003j
I | 06-14 13:41:40 |  train   | step=8717, pmove=0.53, energy=-47.2275+0.0018j
I | 06-14 13:41:41 |  train   | step=8718, pmove=0.52, energy=-47.2326+0.0027j
I | 06-14 13:41:41 |  train   | step=8719, pmove=0.52, energy=-47.2430-0.0029j
I | 06-14 13:41:42 |  train   | step=8720, pmove=0.52, energy=-47.2208-0.0002j
I | 06-14 13:41:43 |  train   | step=8721, pmove=0.53, energy=-47.2287-0.0014j
I | 06-14 13:41:43 |  train   | step=8722, pmove=0.52, energy=-47.2388-0.0010j
I | 06-14 13:41:44 |  train   | step=8723, pmove=0.53, energy=-47.2333+0.0023j
I | 06-14 13:41:44 |  train   | step=8724, pmove=0.53, energy=-47.2360+0.0000j
I | 06-14 13:41:45 |  train   | step=8725, pmove=0.53, energy=-47.2333+0.0027j
I | 06-14 13:41:46 |  train   | step=8726, pmove=0.53, energy=-47.2326-0.0013j
I | 06-14 13:41:46 |  train   | step=8727, pmove=0.53, energy=-47.2455-0.0012j
I | 06-14 13:41:47 |  train   | step=8728, pmove=0.53, energy=-47.2272-0.0019j
I | 06-14 13:41:48 |  train   | step=8729, pmove=0.53, energy=-47.2227+0.0001j
I | 06-14 13:41:48 |  train   | step=8730, pmove=0.52, energy=-47.2285-0.0009j
I | 06-14 13:41:49 |  train   | step=8731, pmove=0.53, energy=-47.2474-0.0044j
I | 06-14 13:41:50 |  train   | step=8732, pmove=0.53, energy=-47.2420-0.0015j
I | 06-14 13:41:50 |  train   | step=8733, pmove=0.53, energy=-47.2391-0.0008j
I | 06-14 13:41:51 |  train   | step=8734, pmove=0.53, energy=-47.2240-0.0010j
I | 06-14 13:41:51 |  train   | step=8735, pmove=0.53, energy=-47.2147-0.0019j
I | 06-14 13:41:52 |  train   | step=8736, pmove=0.53, energy=-47.2390+0.0016j
I | 06-14 13:41:53 |  train   | step=8737, pmove=0.52, energy=-47.2241+0.0073j
I | 06-14 13:41:53 |  train   | step=8738, pmove=0.52, energy=-47.2334-0.0023j
I | 06-14 13:41:54 |  train   | step=8739, pmove=0.53, energy=-47.2535+0.0001j
I | 06-14 13:41:55 |  train   | step=8740, pmove=0.53, energy=-47.2309+0.0005j
I | 06-14 13:41:55 |  train   | step=8741, pmove=0.53, energy=-47.2448-0.0001j
I | 06-14 13:41:56 |  train   | step=8742, pmove=0.52, energy=-47.2274-0.0019j
I | 06-14 13:41:57 |  train   | step=8743, pmove=0.53, energy=-47.2255-0.0036j
I | 06-14 13:41:57 |  train   | step=8744, pmove=0.52, energy=-47.2229-0.0024j
I | 06-14 13:41:58 |  train   | step=8745, pmove=0.53, energy=-47.2388-0.0011j
I | 06-14 13:41:58 |  train   | step=8746, pmove=0.53, energy=-47.2230-0.0038j
I | 06-14 13:41:59 |  train   | step=8747, pmove=0.52, energy=-47.2458+0.0063j
I | 06-14 13:42:00 |  train   | step=8748, pmove=0.53, energy=-47.2264+0.0002j
I | 06-14 13:42:00 |  train   | step=8749, pmove=0.53, energy=-47.2354-0.0006j
I | 06-14 13:42:01 |  train   | step=8750, pmove=0.53, energy=-47.2273-0.0015j
I | 06-14 13:42:02 |  train   | step=8751, pmove=0.52, energy=-47.2234-0.0009j
I | 06-14 13:42:02 |  train   | step=8752, pmove=0.52, energy=-47.2282+0.0006j
I | 06-14 13:42:03 |  train   | step=8753, pmove=0.53, energy=-47.2480+0.0000j
I | 06-14 13:42:04 |  train   | step=8754, pmove=0.52, energy=-47.2389-0.0004j
I | 06-14 13:42:04 |  train   | step=8755, pmove=0.53, energy=-47.2275-0.0019j
I | 06-14 13:42:05 |  train   | step=8756, pmove=0.53, energy=-47.2193-0.0027j
I | 06-14 13:42:05 |  train   | step=8757, pmove=0.53, energy=-47.2271-0.0021j
I | 06-14 13:42:06 |  train   | step=8758, pmove=0.53, energy=-47.2295-0.0005j
I | 06-14 13:42:07 |  train   | step=8759, pmove=0.53, energy=-47.2184-0.0011j
I | 06-14 13:42:07 |  train   | step=8760, pmove=0.52, energy=-47.2304+0.0008j
I | 06-14 13:42:08 |  train   | step=8761, pmove=0.52, energy=-47.2367-0.0006j
I | 06-14 13:42:09 |  train   | step=8762, pmove=0.53, energy=-47.2160-0.0019j
I | 06-14 13:42:09 |  train   | step=8763, pmove=0.52, energy=-47.2495-0.0049j
I | 06-14 13:42:10 |  train   | step=8764, pmove=0.53, energy=-47.2253+0.0003j
I | 06-14 13:42:11 |  train   | step=8765, pmove=0.52, energy=-47.2186+0.0001j
I | 06-14 13:42:11 |  train   | step=8766, pmove=0.52, energy=-47.1710+0.0023j
I | 06-14 13:42:12 |  train   | step=8767, pmove=0.53, energy=-47.2448+0.0016j
I | 06-14 13:42:12 |  train   | step=8768, pmove=0.52, energy=-47.2364-0.0037j
I | 06-14 13:42:13 |  train   | step=8769, pmove=0.53, energy=-47.2421-0.0007j
I | 06-14 13:42:14 |  train   | step=8770, pmove=0.52, energy=-47.2300+0.0004j
I | 06-14 13:42:14 |  train   | step=8771, pmove=0.53, energy=-47.2526+0.0033j
I | 06-14 13:42:15 |  train   | step=8772, pmove=0.52, energy=-47.2338-0.0016j
I | 06-14 13:42:16 |  train   | step=8773, pmove=0.52, energy=-47.2487+0.0010j
I | 06-14 13:42:16 |  train   | step=8774, pmove=0.52, energy=-47.2338-0.0001j
I | 06-14 13:42:17 |  train   | step=8775, pmove=0.52, energy=-47.2353+0.0041j
I | 06-14 13:42:18 |  train   | step=8776, pmove=0.52, energy=-47.2492-0.0008j
I | 06-14 13:42:18 |  train   | step=8777, pmove=0.52, energy=-47.2386-0.0011j
I | 06-14 13:42:19 |  train   | step=8778, pmove=0.53, energy=-47.2360+0.0020j
I | 06-14 13:42:19 |  train   | step=8779, pmove=0.53, energy=-47.2258+0.0011j
I | 06-14 13:42:20 |  train   | step=8780, pmove=0.53, energy=-47.2153-0.0014j
I | 06-14 13:42:21 |  train   | step=8781, pmove=0.53, energy=-47.2446+0.0008j
I | 06-14 13:42:21 |  train   | step=8782, pmove=0.52, energy=-47.2438+0.0024j
I | 06-14 13:42:22 |  train   | step=8783, pmove=0.53, energy=-47.2327-0.0008j
I | 06-14 13:42:23 |  train   | step=8784, pmove=0.53, energy=-47.2123+0.0029j
I | 06-14 13:42:23 |  train   | step=8785, pmove=0.52, energy=-47.2253+0.0006j
I | 06-14 13:42:24 |  train   | step=8786, pmove=0.53, energy=-47.2265+0.0014j
I | 06-14 13:42:25 |  train   | step=8787, pmove=0.53, energy=-47.2256+0.0049j
I | 06-14 13:42:25 |  train   | step=8788, pmove=0.52, energy=-47.2366+0.0005j
I | 06-14 13:42:26 |  train   | step=8789, pmove=0.52, energy=-47.2254+0.0045j
I | 06-14 13:42:26 |  train   | step=8790, pmove=0.53, energy=-47.2448+0.0015j
I | 06-14 13:42:27 |  train   | step=8791, pmove=0.53, energy=-47.2083+0.0074j
I | 06-14 13:42:28 |  train   | step=8792, pmove=0.52, energy=-47.2421+0.0016j
I | 06-14 13:42:28 |  train   | step=8793, pmove=0.52, energy=-47.2511+0.0057j
I | 06-14 13:42:29 |  train   | step=8794, pmove=0.52, energy=-47.2278-0.0020j
I | 06-14 13:42:30 |  train   | step=8795, pmove=0.53, energy=-47.2192+0.0017j
I | 06-14 13:42:30 |  train   | step=8796, pmove=0.53, energy=-47.2188+0.0025j
I | 06-14 13:42:31 |  train   | step=8797, pmove=0.52, energy=-47.2271-0.0046j
I | 06-14 13:42:32 |  train   | step=8798, pmove=0.53, energy=-47.2273+0.0022j
I | 06-14 13:42:32 |  train   | step=8799, pmove=0.53, energy=-47.2295-0.0004j
I | 06-14 13:42:33 |  train   | step=8800, pmove=0.53, energy=-47.2452+0.0009j
I | 06-14 13:42:33 |  train   | step=8801, pmove=0.53, energy=-47.2265-0.0001j
I | 06-14 13:42:34 |  train   | step=8802, pmove=0.53, energy=-47.2431+0.0009j
I | 06-14 13:42:35 |  train   | step=8803, pmove=0.53, energy=-47.2148-0.0065j
I | 06-14 13:42:35 |  train   | step=8804, pmove=0.52, energy=-47.2007+0.0012j
I | 06-14 13:42:36 |  train   | step=8805, pmove=0.53, energy=-47.2361+0.0020j
I | 06-14 13:42:37 |  train   | step=8806, pmove=0.52, energy=-47.2407-0.0006j
I | 06-14 13:42:37 |  train   | step=8807, pmove=0.53, energy=-47.2286+0.0001j
I | 06-14 13:42:38 |  train   | step=8808, pmove=0.53, energy=-47.2481-0.0028j
I | 06-14 13:42:38 |  train   | step=8809, pmove=0.53, energy=-47.2358+0.0041j
I | 06-14 13:42:39 |  train   | step=8810, pmove=0.52, energy=-47.2469+0.0004j
I | 06-14 13:42:40 |  train   | step=8811, pmove=0.52, energy=-47.2393-0.0025j
I | 06-14 13:42:40 |  train   | step=8812, pmove=0.52, energy=-47.2082-0.0006j
I | 06-14 13:42:41 |  train   | step=8813, pmove=0.53, energy=-47.2173+0.0011j
I | 06-14 13:42:42 |  train   | step=8814, pmove=0.53, energy=-47.2263-0.0046j
I | 06-14 13:42:42 |  train   | step=8815, pmove=0.53, energy=-47.2250+0.0004j
I | 06-14 13:42:43 |  train   | step=8816, pmove=0.53, energy=-47.2249-0.0004j
I | 06-14 13:42:44 |  train   | step=8817, pmove=0.53, energy=-47.2234-0.0000j
I | 06-14 13:42:44 |  train   | step=8818, pmove=0.53, energy=-47.2204+0.0027j
I | 06-14 13:42:45 |  train   | step=8819, pmove=0.53, energy=-47.2527-0.0015j
I | 06-14 13:42:45 |  train   | step=8820, pmove=0.53, energy=-47.2460-0.0026j
I | 06-14 13:42:46 |  train   | step=8821, pmove=0.53, energy=-47.2306-0.0006j
I | 06-14 13:42:47 |  train   | step=8822, pmove=0.53, energy=-47.2333+0.0023j
I | 06-14 13:42:47 |  train   | step=8823, pmove=0.53, energy=-47.2326+0.0019j
I | 06-14 13:42:48 |  train   | step=8824, pmove=0.52, energy=-47.2434+0.0043j
I | 06-14 13:42:49 |  train   | step=8825, pmove=0.53, energy=-47.2422+0.0012j
I | 06-14 13:42:49 |  train   | step=8826, pmove=0.52, energy=-47.2372-0.0022j
I | 06-14 13:42:50 |  train   | step=8827, pmove=0.52, energy=-47.2276+0.0032j
I | 06-14 13:42:51 |  train   | step=8828, pmove=0.53, energy=-47.2390+0.0058j
I | 06-14 13:42:51 |  train   | step=8829, pmove=0.53, energy=-47.2364-0.0012j
I | 06-14 13:42:52 |  train   | step=8830, pmove=0.52, energy=-47.2295-0.0019j
I | 06-14 13:42:52 |  train   | step=8831, pmove=0.53, energy=-47.2234+0.0010j
I | 06-14 13:42:53 |  train   | step=8832, pmove=0.53, energy=-47.2313+0.0011j
I | 06-14 13:42:54 |  train   | step=8833, pmove=0.53, energy=-47.2166+0.0002j
I | 06-14 13:42:54 |  train   | step=8834, pmove=0.53, energy=-47.2276-0.0019j
I | 06-14 13:42:55 |  train   | step=8835, pmove=0.52, energy=-47.2269+0.0013j
I | 06-14 13:42:56 |  train   | step=8836, pmove=0.53, energy=-47.2140+0.0025j
I | 06-14 13:42:56 |  train   | step=8837, pmove=0.53, energy=-47.2252+0.0010j
I | 06-14 13:42:57 |  train   | step=8838, pmove=0.53, energy=-47.2203+0.0039j
I | 06-14 13:42:58 |  train   | step=8839, pmove=0.53, energy=-47.2350+0.0007j
I | 06-14 13:42:58 |  train   | step=8840, pmove=0.53, energy=-47.2357-0.0002j
I | 06-14 13:42:59 |  train   | step=8841, pmove=0.53, energy=-47.2334+0.0003j
I | 06-14 13:42:59 |  train   | step=8842, pmove=0.53, energy=-47.2357-0.0077j
I | 06-14 13:43:00 |  train   | step=8843, pmove=0.53, energy=-47.2443+0.0000j
I | 06-14 13:43:01 |  train   | step=8844, pmove=0.53, energy=-47.2160+0.0040j
I | 06-14 13:43:01 |  train   | step=8845, pmove=0.53, energy=-47.2360-0.0022j
I | 06-14 13:43:02 |  train   | step=8846, pmove=0.53, energy=-47.2238-0.0063j
I | 06-14 13:43:03 |  train   | step=8847, pmove=0.53, energy=-47.2499+0.0055j
I | 06-14 13:43:03 |  train   | step=8848, pmove=0.53, energy=-47.2151-0.0002j
I | 06-14 13:43:04 |  train   | step=8849, pmove=0.53, energy=-47.2319+0.0019j
I | 06-14 13:43:05 |  train   | step=8850, pmove=0.53, energy=-47.2332-0.0018j
I | 06-14 13:43:05 |  train   | step=8851, pmove=0.52, energy=-47.2416+0.0026j
I | 06-14 13:43:06 |  train   | step=8852, pmove=0.53, energy=-47.2142+0.0049j
I | 06-14 13:43:06 |  train   | step=8853, pmove=0.53, energy=-47.2291-0.0008j
I | 06-14 13:43:07 |  train   | step=8854, pmove=0.53, energy=-47.2317-0.0009j
I | 06-14 13:43:08 |  train   | step=8855, pmove=0.52, energy=-47.2314-0.0005j
I | 06-14 13:43:08 |  train   | step=8856, pmove=0.53, energy=-47.2358+0.0021j
I | 06-14 13:43:09 |  train   | step=8857, pmove=0.52, energy=-47.2357+0.0021j
I | 06-14 13:43:10 |  train   | step=8858, pmove=0.53, energy=-47.2280-0.0053j
I | 06-14 13:43:10 |  train   | step=8859, pmove=0.52, energy=-47.2453-0.0014j
I | 06-14 13:43:11 |  train   | step=8860, pmove=0.53, energy=-47.2395-0.0007j
I | 06-14 13:43:12 |  train   | step=8861, pmove=0.52, energy=-47.2278-0.0026j
I | 06-14 13:43:12 |  train   | step=8862, pmove=0.53, energy=-47.2301+0.0015j
I | 06-14 13:43:13 |  train   | step=8863, pmove=0.53, energy=-47.2244+0.0001j
I | 06-14 13:43:13 |  train   | step=8864, pmove=0.53, energy=-47.2414+0.0027j
I | 06-14 13:43:14 |  train   | step=8865, pmove=0.53, energy=-47.2394-0.0005j
I | 06-14 13:43:15 |  train   | step=8866, pmove=0.52, energy=-47.2259+0.0020j
I | 06-14 13:43:15 |  train   | step=8867, pmove=0.53, energy=-47.2241-0.0016j
I | 06-14 13:43:16 |  train   | step=8868, pmove=0.53, energy=-47.2239+0.0014j
I | 06-14 13:43:17 |  train   | step=8869, pmove=0.52, energy=-47.2358+0.0000j
I | 06-14 13:43:17 |  train   | step=8870, pmove=0.53, energy=-47.2205+0.0000j
I | 06-14 13:43:18 |  train   | step=8871, pmove=0.53, energy=-47.2453-0.0020j
I | 06-14 13:43:18 |  train   | step=8872, pmove=0.53, energy=-47.2233-0.0021j
I | 06-14 13:43:19 |  train   | step=8873, pmove=0.53, energy=-47.2225-0.0008j
I | 06-14 13:43:20 |  train   | step=8874, pmove=0.53, energy=-47.2231-0.0070j
I | 06-14 13:43:20 |  train   | step=8875, pmove=0.53, energy=-47.2411+0.0047j
I | 06-14 13:43:21 |  train   | step=8876, pmove=0.52, energy=-47.2511+0.0002j
I | 06-14 13:43:22 |  train   | step=8877, pmove=0.53, energy=-47.2145+0.0005j
I | 06-14 13:43:22 |  train   | step=8878, pmove=0.52, energy=-47.2267-0.0008j
I | 06-14 13:43:23 |  train   | step=8879, pmove=0.52, energy=-47.2332-0.0021j
I | 06-14 13:43:24 |  train   | step=8880, pmove=0.53, energy=-47.2286-0.0002j
I | 06-14 13:43:24 |  train   | step=8881, pmove=0.53, energy=-47.2269-0.0012j
I | 06-14 13:43:25 |  train   | step=8882, pmove=0.52, energy=-47.2531+0.0011j
I | 06-14 13:43:25 |  train   | step=8883, pmove=0.53, energy=-47.2383+0.0019j
I | 06-14 13:43:26 |  train   | step=8884, pmove=0.52, energy=-47.2383+0.0010j
I | 06-14 13:43:27 |  train   | step=8885, pmove=0.53, energy=-47.2309+0.0035j
I | 06-14 13:43:27 |  train   | step=8886, pmove=0.52, energy=-47.2491+0.0018j
I | 06-14 13:43:28 |  train   | step=8887, pmove=0.53, energy=-47.2405-0.0010j
I | 06-14 13:43:29 |  train   | step=8888, pmove=0.53, energy=-47.2239-0.0027j
I | 06-14 13:43:29 |  train   | step=8889, pmove=0.53, energy=-47.2280-0.0018j
I | 06-14 13:43:30 |  train   | step=8890, pmove=0.53, energy=-47.2363+0.0003j
I | 06-14 13:43:31 |  train   | step=8891, pmove=0.53, energy=-47.2310+0.0027j
I | 06-14 13:43:31 |  train   | step=8892, pmove=0.53, energy=-47.2357+0.0009j
I | 06-14 13:43:32 |  train   | step=8893, pmove=0.52, energy=-47.2392-0.0024j
I | 06-14 13:43:32 |  train   | step=8894, pmove=0.53, energy=-47.2357+0.0037j
I | 06-14 13:43:33 |  train   | step=8895, pmove=0.53, energy=-47.2402+0.0031j
I | 06-14 13:43:34 |  train   | step=8896, pmove=0.53, energy=-47.2420+0.0007j
I | 06-14 13:43:34 |  train   | step=8897, pmove=0.53, energy=-47.2387-0.0015j
I | 06-14 13:43:35 |  train   | step=8898, pmove=0.53, energy=-47.2226-0.0021j
I | 06-14 13:43:36 |  train   | step=8899, pmove=0.53, energy=-47.2345+0.0001j
I | 06-14 13:43:36 |  train   | step=8900, pmove=0.53, energy=-47.2312-0.0008j
I | 06-14 13:43:37 |  train   | step=8901, pmove=0.53, energy=-47.2324+0.0014j
I | 06-14 13:43:38 |  train   | step=8902, pmove=0.52, energy=-47.2317-0.0018j
I | 06-14 13:43:38 |  train   | step=8903, pmove=0.53, energy=-47.2364-0.0034j
I | 06-14 13:43:39 |  train   | step=8904, pmove=0.53, energy=-47.2331+0.0019j
I | 06-14 13:43:39 |  train   | step=8905, pmove=0.52, energy=-47.2313+0.0057j
I | 06-14 13:43:40 |  train   | step=8906, pmove=0.53, energy=-47.2228-0.0074j
I | 06-14 13:43:41 |  train   | step=8907, pmove=0.52, energy=-47.2208-0.0027j
I | 06-14 13:43:41 |  train   | step=8908, pmove=0.53, energy=-47.2375+0.0011j
I | 06-14 13:43:42 |  train   | step=8909, pmove=0.53, energy=-47.2265-0.0002j
I | 06-14 13:43:43 |  train   | step=8910, pmove=0.53, energy=-47.2180+0.0097j
I | 06-14 13:43:43 |  train   | step=8911, pmove=0.53, energy=-47.2342-0.0012j
I | 06-14 13:43:44 |  train   | step=8912, pmove=0.53, energy=-47.2481+0.0009j
I | 06-14 13:43:45 |  train   | step=8913, pmove=0.53, energy=-47.2279+0.0001j
I | 06-14 13:43:45 |  train   | step=8914, pmove=0.53, energy=-47.2431+0.0015j
I | 06-14 13:43:46 |  train   | step=8915, pmove=0.53, energy=-47.2302-0.0034j
I | 06-14 13:43:46 |  train   | step=8916, pmove=0.52, energy=-47.2421+0.0006j
I | 06-14 13:43:47 |  train   | step=8917, pmove=0.53, energy=-47.2455+0.0021j
I | 06-14 13:43:48 |  train   | step=8918, pmove=0.53, energy=-47.2297+0.0005j
I | 06-14 13:43:48 |  train   | step=8919, pmove=0.53, energy=-47.2593+0.0005j
I | 06-14 13:43:49 |  train   | step=8920, pmove=0.52, energy=-47.1988+0.0016j
I | 06-14 13:43:50 |  train   | step=8921, pmove=0.52, energy=-47.2259+0.0047j
I | 06-14 13:43:50 |  train   | step=8922, pmove=0.52, energy=-47.2324+0.0009j
I | 06-14 13:43:51 |  train   | step=8923, pmove=0.53, energy=-47.2379-0.0012j
I | 06-14 13:43:51 |  train   | step=8924, pmove=0.53, energy=-47.2488+0.0003j
I | 06-14 13:43:52 |  train   | step=8925, pmove=0.53, energy=-47.2058+0.0011j
I | 06-14 13:43:53 |  train   | step=8926, pmove=0.53, energy=-47.2314-0.0013j
I | 06-14 13:43:53 |  train   | step=8927, pmove=0.52, energy=-47.2172-0.0051j
I | 06-14 13:43:54 |  train   | step=8928, pmove=0.52, energy=-47.2583+0.0003j
I | 06-14 13:43:55 |  train   | step=8929, pmove=0.53, energy=-47.2378+0.0007j
I | 06-14 13:43:55 |  train   | step=8930, pmove=0.53, energy=-47.2436+0.0002j
I | 06-14 13:43:56 |  train   | step=8931, pmove=0.53, energy=-47.2373-0.0000j
I | 06-14 13:43:57 |  train   | step=8932, pmove=0.53, energy=-47.2402+0.0151j
I | 06-14 13:43:57 |  train   | step=8933, pmove=0.53, energy=-47.2369+0.0040j
I | 06-14 13:43:58 |  train   | step=8934, pmove=0.53, energy=-47.2240-0.0042j
I | 06-14 13:43:58 |  train   | step=8935, pmove=0.53, energy=-47.2276+0.0019j
I | 06-14 13:43:59 |  train   | step=8936, pmove=0.53, energy=-47.2345+0.0012j
I | 06-14 13:44:00 |  train   | step=8937, pmove=0.52, energy=-47.2247-0.0004j
I | 06-14 13:44:00 |  train   | step=8938, pmove=0.53, energy=-47.2256+0.0017j
I | 06-14 13:44:01 |  train   | step=8939, pmove=0.53, energy=-47.2330-0.0006j
I | 06-14 13:44:02 |  train   | step=8940, pmove=0.52, energy=-47.2443+0.0001j
I | 06-14 13:44:02 |  train   | step=8941, pmove=0.52, energy=-47.2360+0.0006j
I | 06-14 13:44:03 |  train   | step=8942, pmove=0.53, energy=-47.2290-0.0004j
I | 06-14 13:44:04 |  train   | step=8943, pmove=0.53, energy=-47.2414+0.0011j
I | 06-14 13:44:04 |  train   | step=8944, pmove=0.52, energy=-47.2562-0.0025j
I | 06-14 13:44:05 |  train   | step=8945, pmove=0.52, energy=-47.2160-0.0006j
I | 06-14 13:44:05 |  train   | step=8946, pmove=0.52, energy=-47.2330+0.0003j
I | 06-14 13:44:06 |  train   | step=8947, pmove=0.53, energy=-47.2023-0.0037j
I | 06-14 13:44:07 |  train   | step=8948, pmove=0.53, energy=-47.2388-0.0027j
I | 06-14 13:44:07 |  train   | step=8949, pmove=0.53, energy=-47.2432+0.0011j
I | 06-14 13:44:08 |  train   | step=8950, pmove=0.53, energy=-47.2320-0.0000j
I | 06-14 13:44:09 |  train   | step=8951, pmove=0.53, energy=-47.2246+0.0017j
I | 06-14 13:44:09 |  train   | step=8952, pmove=0.53, energy=-47.2350+0.0015j
I | 06-14 13:44:10 |  train   | step=8953, pmove=0.53, energy=-47.2126-0.0018j
I | 06-14 13:44:11 |  train   | step=8954, pmove=0.52, energy=-47.2288-0.0044j
I | 06-14 13:44:11 |  train   | step=8955, pmove=0.53, energy=-47.2322+0.0029j
I | 06-14 13:44:12 |  train   | step=8956, pmove=0.53, energy=-47.2458-0.0008j
I | 06-14 13:44:12 |  train   | step=8957, pmove=0.53, energy=-47.2389+0.0013j
I | 06-14 13:44:13 |  train   | step=8958, pmove=0.53, energy=-47.2240+0.0016j
I | 06-14 13:44:14 |  train   | step=8959, pmove=0.53, energy=-47.2193-0.0011j
I | 06-14 13:44:14 |  train   | step=8960, pmove=0.53, energy=-47.2177+0.0004j
I | 06-14 13:44:15 |  train   | step=8961, pmove=0.52, energy=-47.2354+0.0026j
I | 06-14 13:44:16 |  train   | step=8962, pmove=0.53, energy=-47.2316+0.0014j
I | 06-14 13:44:16 |  train   | step=8963, pmove=0.53, energy=-47.2378-0.0026j
I | 06-14 13:44:17 |  train   | step=8964, pmove=0.52, energy=-47.2532-0.0011j
I | 06-14 13:44:18 |  train   | step=8965, pmove=0.53, energy=-47.2255-0.0046j
I | 06-14 13:44:18 |  train   | step=8966, pmove=0.53, energy=-47.2556-0.0025j
I | 06-14 13:44:19 |  train   | step=8967, pmove=0.52, energy=-47.2159-0.0024j
I | 06-14 13:44:19 |  train   | step=8968, pmove=0.52, energy=-47.2476-0.0027j
I | 06-14 13:44:20 |  train   | step=8969, pmove=0.53, energy=-47.2253-0.0003j
I | 06-14 13:44:21 |  train   | step=8970, pmove=0.53, energy=-47.2460-0.0002j
I | 06-14 13:44:21 |  train   | step=8971, pmove=0.52, energy=-47.2457-0.0006j
I | 06-14 13:44:22 |  train   | step=8972, pmove=0.53, energy=-47.2461+0.0002j
I | 06-14 13:44:23 |  train   | step=8973, pmove=0.53, energy=-47.2380-0.0004j
I | 06-14 13:44:23 |  train   | step=8974, pmove=0.53, energy=-47.2408-0.0000j
I | 06-14 13:44:24 |  train   | step=8975, pmove=0.53, energy=-47.2422+0.0018j
I | 06-14 13:44:25 |  train   | step=8976, pmove=0.53, energy=-47.2512-0.0018j
I | 06-14 13:44:25 |  train   | step=8977, pmove=0.53, energy=-47.2422-0.0002j
I | 06-14 13:44:26 |  train   | step=8978, pmove=0.53, energy=-47.2322-0.0004j
I | 06-14 13:44:26 |  train   | step=8979, pmove=0.53, energy=-47.2336-0.0032j
I | 06-14 13:44:27 |  train   | step=8980, pmove=0.53, energy=-47.2471-0.0007j
I | 06-14 13:44:28 |  train   | step=8981, pmove=0.53, energy=-47.2224+0.0004j
I | 06-14 13:44:28 |  train   | step=8982, pmove=0.52, energy=-47.2267-0.0006j
I | 06-14 13:44:29 |  train   | step=8983, pmove=0.53, energy=-47.2275-0.0003j
I | 06-14 13:44:30 |  train   | step=8984, pmove=0.52, energy=-47.2484+0.0096j
I | 06-14 13:44:30 |  train   | step=8985, pmove=0.52, energy=-47.2289-0.0007j
I | 06-14 13:44:31 |  train   | step=8986, pmove=0.53, energy=-47.2345-0.0003j
I | 06-14 13:44:31 |  train   | step=8987, pmove=0.52, energy=-47.2351+0.0007j
I | 06-14 13:44:32 |  train   | step=8988, pmove=0.52, energy=-47.2378+0.0002j
I | 06-14 13:44:33 |  train   | step=8989, pmove=0.53, energy=-47.2327-0.0032j
I | 06-14 13:44:33 |  train   | step=8990, pmove=0.53, energy=-47.2298-0.0026j
I | 06-14 13:44:34 |  train   | step=8991, pmove=0.53, energy=-47.2566-0.0026j
I | 06-14 13:44:35 |  train   | step=8992, pmove=0.52, energy=-47.2442-0.0016j
I | 06-14 13:44:35 |  train   | step=8993, pmove=0.53, energy=-47.2446-0.0035j
I | 06-14 13:44:36 |  train   | step=8994, pmove=0.53, energy=-47.2139-0.0011j
I | 06-14 13:44:37 |  train   | step=8995, pmove=0.53, energy=-47.2288+0.0016j
I | 06-14 13:44:37 |  train   | step=8996, pmove=0.53, energy=-47.2450-0.0024j
I | 06-14 13:44:38 |  train   | step=8997, pmove=0.53, energy=-47.2304+0.0049j
I | 06-14 13:44:38 |  train   | step=8998, pmove=0.52, energy=-47.2302+0.0002j
I | 06-14 13:44:39 |  train   | step=8999, pmove=0.53, energy=-47.2327-0.0016j
I | 06-14 13:44:39 |checkpoint| Saving checkpoint /rds/user/jc2405/hpc-work/JaQMC/jaqmc/runs/sc_h_chain_3.78_spin_6_6/train_ckpt_008999.npz
I | 06-14 13:44:40 |  train   | step=9000, pmove=0.53, energy=-47.2315-0.0019j
I | 06-14 13:44:41 |  train   | step=9001, pmove=0.53, energy=-47.2359-0.0015j
I | 06-14 13:44:42 |  train   | step=9002, pmove=0.53, energy=-47.2361+0.0021j
I | 06-14 13:44:42 |  train   | step=9003, pmove=0.53, energy=-47.2338-0.0010j
I | 06-14 13:44:43 |  train   | step=9004, pmove=0.53, energy=-47.2183-0.0005j
I | 06-14 13:44:44 |  train   | step=9005, pmove=0.53, energy=-47.2248-0.0010j
I | 06-14 13:44:44 |  train   | step=9006, pmove=0.53, energy=-47.2396-0.0011j
I | 06-14 13:44:45 |  train   | step=9007, pmove=0.52, energy=-47.2195-0.0024j
I | 06-14 13:44:46 |  train   | step=9008, pmove=0.53, energy=-47.2207-0.0019j
I | 06-14 13:44:46 |  train   | step=9009, pmove=0.53, energy=-47.2414+0.0002j
I | 06-14 13:44:47 |  train   | step=9010, pmove=0.53, energy=-47.2531-0.0022j
I | 06-14 13:44:47 |  train   | step=9011, pmove=0.53, energy=-47.2342+0.0007j
I | 06-14 13:44:48 |  train   | step=9012, pmove=0.53, energy=-47.2362-0.0016j
I | 06-14 13:44:49 |  train   | step=9013, pmove=0.53, energy=-47.2374-0.0001j
I | 06-14 13:44:49 |  train   | step=9014, pmove=0.53, energy=-47.2275+0.0023j
I | 06-14 13:44:50 |  train   | step=9015, pmove=0.53, energy=-47.2229+0.0011j
I | 06-14 13:44:51 |  train   | step=9016, pmove=0.53, energy=-47.2269-0.0001j
I | 06-14 13:44:51 |  train   | step=9017, pmove=0.52, energy=-47.2341-0.0020j
I | 06-14 13:44:52 |  train   | step=9018, pmove=0.53, energy=-47.2132+0.0020j
I | 06-14 13:44:53 |  train   | step=9019, pmove=0.53, energy=-47.2339-0.0023j
I | 06-14 13:44:53 |  train   | step=9020, pmove=0.53, energy=-47.2088-0.0040j
I | 06-14 13:44:54 |  train   | step=9021, pmove=0.52, energy=-47.2187+0.0007j
I | 06-14 13:44:54 |  train   | step=9022, pmove=0.53, energy=-47.2316+0.0010j
I | 06-14 13:44:55 |  train   | step=9023, pmove=0.52, energy=-47.2113+0.0041j
I | 06-14 13:44:56 |  train   | step=9024, pmove=0.53, energy=-47.2239+0.0016j
I | 06-14 13:44:56 |  train   | step=9025, pmove=0.52, energy=-47.2346-0.0001j
I | 06-14 13:44:57 |  train   | step=9026, pmove=0.52, energy=-47.2234-0.0005j
I | 06-14 13:44:58 |  train   | step=9027, pmove=0.53, energy=-47.2327-0.0019j
I | 06-14 13:44:58 |  train   | step=9028, pmove=0.53, energy=-47.2236+0.0022j
I | 06-14 13:44:59 |  train   | step=9029, pmove=0.53, energy=-47.2377+0.0013j
I | 06-14 13:45:00 |  train   | step=9030, pmove=0.53, energy=-47.2485+0.0003j
I | 06-14 13:45:00 |  train   | step=9031, pmove=0.53, energy=-47.2340+0.0006j
I | 06-14 13:45:01 |  train   | step=9032, pmove=0.53, energy=-47.2431+0.0040j
I | 06-14 13:45:01 |  train   | step=9033, pmove=0.53, energy=-47.2256-0.0011j
I | 06-14 13:45:02 |  train   | step=9034, pmove=0.52, energy=-47.2228-0.0013j
I | 06-14 13:45:03 |  train   | step=9035, pmove=0.52, energy=-47.2218-0.0010j
I | 06-14 13:45:03 |  train   | step=9036, pmove=0.53, energy=-47.2412-0.0010j
I | 06-14 13:45:04 |  train   | step=9037, pmove=0.53, energy=-47.2421+0.0015j
I | 06-14 13:45:05 |  train   | step=9038, pmove=0.53, energy=-47.2377+0.0001j
I | 06-14 13:45:05 |  train   | step=9039, pmove=0.52, energy=-47.2435+0.0006j
I | 06-14 13:45:06 |  train   | step=9040, pmove=0.53, energy=-47.2403-0.0013j
I | 06-14 13:45:07 |  train   | step=9041, pmove=0.52, energy=-47.2378+0.0003j
I | 06-14 13:45:07 |  train   | step=9042, pmove=0.53, energy=-47.2386+0.0014j
I | 06-14 13:45:08 |  train   | step=9043, pmove=0.53, energy=-47.2408-0.0034j
I | 06-14 13:45:08 |  train   | step=9044, pmove=0.52, energy=-47.2322-0.0093j
I | 06-14 13:45:09 |  train   | step=9045, pmove=0.53, energy=-47.2448+0.0038j
I | 06-14 13:45:10 |  train   | step=9046, pmove=0.53, energy=-47.2271+0.0023j
I | 06-14 13:45:10 |  train   | step=9047, pmove=0.52, energy=-47.2346-0.0053j
I | 06-14 13:45:11 |  train   | step=9048, pmove=0.53, energy=-47.2204-0.0034j
I | 06-14 13:45:12 |  train   | step=9049, pmove=0.52, energy=-47.2488-0.0050j
I | 06-14 13:45:12 |  train   | step=9050, pmove=0.52, energy=-47.2460+0.0020j
I | 06-14 13:45:13 |  train   | step=9051, pmove=0.53, energy=-47.2517-0.0010j
I | 06-14 13:45:13 |  train   | step=9052, pmove=0.53, energy=-47.2284-0.0021j
I | 06-14 13:45:14 |  train   | step=9053, pmove=0.53, energy=-47.2338+0.0007j
I | 06-14 13:45:15 |  train   | step=9054, pmove=0.53, energy=-47.2298+0.0015j
I | 06-14 13:45:15 |  train   | step=9055, pmove=0.52, energy=-47.2146-0.0033j
I | 06-14 13:45:16 |  train   | step=9056, pmove=0.52, energy=-47.2140+0.0010j
I | 06-14 13:45:17 |  train   | step=9057, pmove=0.52, energy=-47.2187+0.0016j
I | 06-14 13:45:17 |  train   | step=9058, pmove=0.53, energy=-47.2376-0.0001j
I | 06-14 13:45:18 |  train   | step=9059, pmove=0.53, energy=-47.2247-0.0004j
I | 06-14 13:45:19 |  train   | step=9060, pmove=0.52, energy=-47.2524+0.0001j
I | 06-14 13:45:19 |  train   | step=9061, pmove=0.52, energy=-47.2298+0.0014j
I | 06-14 13:45:20 |  train   | step=9062, pmove=0.52, energy=-47.2416+0.0056j
I | 06-14 13:45:20 |  train   | step=9063, pmove=0.53, energy=-47.2198+0.0020j
I | 06-14 13:45:21 |  train   | step=9064, pmove=0.53, energy=-47.2293-0.0025j
I | 06-14 13:45:22 |  train   | step=9065, pmove=0.53, energy=-47.2365-0.0008j
I | 06-14 13:45:22 |  train   | step=9066, pmove=0.52, energy=-47.2346+0.0015j
I | 06-14 13:45:23 |  train   | step=9067, pmove=0.53, energy=-47.2272+0.0020j
I | 06-14 13:45:24 |  train   | step=9068, pmove=0.53, energy=-47.2297-0.0008j
I | 06-14 13:45:24 |  train   | step=9069, pmove=0.53, energy=-47.2273+0.0014j
I | 06-14 13:45:25 |  train   | step=9070, pmove=0.52, energy=-47.2319+0.0010j
I | 06-14 13:45:26 |  train   | step=9071, pmove=0.53, energy=-47.2288+0.0008j
I | 06-14 13:45:26 |  train   | step=9072, pmove=0.53, energy=-47.2308+0.0019j
I | 06-14 13:45:27 |  train   | step=9073, pmove=0.53, energy=-47.2251+0.0038j
I | 06-14 13:45:27 |  train   | step=9074, pmove=0.53, energy=-47.2380-0.0034j
I | 06-14 13:45:28 |  train   | step=9075, pmove=0.53, energy=-47.2257-0.0019j
I | 06-14 13:45:29 |  train   | step=9076, pmove=0.53, energy=-47.2204-0.0013j
I | 06-14 13:45:29 |  train   | step=9077, pmove=0.53, energy=-47.2408+0.0031j
I | 06-14 13:45:30 |  train   | step=9078, pmove=0.52, energy=-47.2529+0.0022j
I | 06-14 13:45:31 |  train   | step=9079, pmove=0.52, energy=-47.2337-0.0014j
I | 06-14 13:45:31 |  train   | step=9080, pmove=0.53, energy=-47.2386-0.0008j
I | 06-14 13:45:32 |  train   | step=9081, pmove=0.53, energy=-47.2352+0.0012j
I | 06-14 13:45:33 |  train   | step=9082, pmove=0.53, energy=-47.2255+0.0017j
I | 06-14 13:45:33 |  train   | step=9083, pmove=0.53, energy=-47.2359-0.0010j
I | 06-14 13:45:34 |  train   | step=9084, pmove=0.52, energy=-47.2372-0.0031j
I | 06-14 13:45:34 |  train   | step=9085, pmove=0.53, energy=-47.2338-0.0001j
I | 06-14 13:45:35 |  train   | step=9086, pmove=0.53, energy=-47.2268-0.0005j
I | 06-14 13:45:36 |  train   | step=9087, pmove=0.53, energy=-47.2349+0.0058j
I | 06-14 13:45:36 |  train   | step=9088, pmove=0.53, energy=-47.2472+0.0042j
I | 06-14 13:45:37 |  train   | step=9089, pmove=0.53, energy=-47.2348-0.0013j
I | 06-14 13:45:38 |  train   | step=9090, pmove=0.52, energy=-47.2379-0.0013j
I | 06-14 13:45:38 |  train   | step=9091, pmove=0.53, energy=-47.2494+0.0024j
I | 06-14 13:45:39 |  train   | step=9092, pmove=0.53, energy=-47.2406-0.0000j
I | 06-14 13:45:40 |  train   | step=9093, pmove=0.53, energy=-47.2429-0.0011j
I | 06-14 13:45:40 |  train   | step=9094, pmove=0.52, energy=-47.2330-0.0047j
I | 06-14 13:45:41 |  train   | step=9095, pmove=0.52, energy=-47.2174+0.0019j
I | 06-14 13:45:41 |  train   | step=9096, pmove=0.52, energy=-47.2500-0.0005j
I | 06-14 13:45:42 |  train   | step=9097, pmove=0.53, energy=-47.2385+0.0005j
I | 06-14 13:45:43 |  train   | step=9098, pmove=0.52, energy=-47.2313-0.0020j
I | 06-14 13:45:43 |  train   | step=9099, pmove=0.52, energy=-47.2331+0.0026j
I | 06-14 13:45:44 |  train   | step=9100, pmove=0.53, energy=-47.2378-0.0012j
I | 06-14 13:45:45 |  train   | step=9101, pmove=0.53, energy=-47.2362-0.0015j
I | 06-14 13:45:45 |  train   | step=9102, pmove=0.53, energy=-47.2246-0.0005j
I | 06-14 13:45:46 |  train   | step=9103, pmove=0.53, energy=-47.2447+0.0001j
I | 06-14 13:45:46 |  train   | step=9104, pmove=0.53, energy=-47.2258+0.0008j
I | 06-14 13:45:47 |  train   | step=9105, pmove=0.52, energy=-47.2435-0.0020j
I | 06-14 13:45:48 |  train   | step=9106, pmove=0.53, energy=-47.2366+0.0020j
I | 06-14 13:45:48 |  train   | step=9107, pmove=0.53, energy=-47.2387-0.0001j
I | 06-14 13:45:49 |  train   | step=9108, pmove=0.52, energy=-47.2465-0.0007j
I | 06-14 13:45:50 |  train   | step=9109, pmove=0.52, energy=-47.2374+0.0017j
I | 06-14 13:45:50 |  train   | step=9110, pmove=0.53, energy=-47.2433+0.0045j
I | 06-14 13:45:51 |  train   | step=9111, pmove=0.53, energy=-47.2311-0.0007j
I | 06-14 13:45:52 |  train   | step=9112, pmove=0.53, energy=-47.2252+0.0010j
I | 06-14 13:45:52 |  train   | step=9113, pmove=0.53, energy=-47.2412+0.0002j
I | 06-14 13:45:53 |  train   | step=9114, pmove=0.52, energy=-47.2414-0.0012j
I | 06-14 13:45:53 |  train   | step=9115, pmove=0.53, energy=-47.2436+0.0002j
I | 06-14 13:45:54 |  train   | step=9116, pmove=0.53, energy=-47.2657-0.0005j
I | 06-14 13:45:55 |  train   | step=9117, pmove=0.52, energy=-47.2450+0.0023j
I | 06-14 13:45:55 |  train   | step=9118, pmove=0.53, energy=-47.2523+0.0001j
I | 06-14 13:45:56 |  train   | step=9119, pmove=0.53, energy=-47.2199+0.0001j
I | 06-14 13:45:57 |  train   | step=9120, pmove=0.53, energy=-47.2265-0.0037j
I | 06-14 13:45:57 |  train   | step=9121, pmove=0.53, energy=-47.2406-0.0006j
I | 06-14 13:45:58 |  train   | step=9122, pmove=0.53, energy=-47.2338-0.0001j
I | 06-14 13:45:59 |  train   | step=9123, pmove=0.53, energy=-47.2436+0.0024j
I | 06-14 13:45:59 |  train   | step=9124, pmove=0.53, energy=-47.2486-0.0026j
I | 06-14 13:46:00 |  train   | step=9125, pmove=0.53, energy=-47.2342+0.0023j
I | 06-14 13:46:00 |  train   | step=9126, pmove=0.53, energy=-47.2401-0.0015j
I | 06-14 13:46:01 |  train   | step=9127, pmove=0.53, energy=-47.2366+0.0045j
I | 06-14 13:46:02 |  train   | step=9128, pmove=0.52, energy=-47.2383+0.0010j
I | 06-14 13:46:02 |  train   | step=9129, pmove=0.52, energy=-47.2299+0.0010j
I | 06-14 13:46:03 |  train   | step=9130, pmove=0.53, energy=-47.2266+0.0053j
I | 06-14 13:46:04 |  train   | step=9131, pmove=0.53, energy=-47.2349-0.0006j
I | 06-14 13:46:04 |  train   | step=9132, pmove=0.52, energy=-47.2338-0.0044j
I | 06-14 13:46:05 |  train   | step=9133, pmove=0.52, energy=-47.2374+0.0025j
I | 06-14 13:46:06 |  train   | step=9134, pmove=0.53, energy=-47.2471-0.0009j
I | 06-14 13:46:06 |  train   | step=9135, pmove=0.53, energy=-47.2349+0.0004j
I | 06-14 13:46:07 |  train   | step=9136, pmove=0.53, energy=-47.2341-0.0018j
I | 06-14 13:46:07 |  train   | step=9137, pmove=0.53, energy=-47.2176+0.0014j
I | 06-14 13:46:08 |  train   | step=9138, pmove=0.53, energy=-47.2388+0.0032j
I | 06-14 13:46:09 |  train   | step=9139, pmove=0.52, energy=-47.2363+0.0010j
I | 06-14 13:46:09 |  train   | step=9140, pmove=0.53, energy=-47.2253+0.0022j
I | 06-14 13:46:10 |  train   | step=9141, pmove=0.53, energy=-47.2298-0.0037j
I | 06-14 13:46:11 |  train   | step=9142, pmove=0.52, energy=-47.2243+0.0014j
I | 06-14 13:46:11 |  train   | step=9143, pmove=0.52, energy=-47.2319-0.0005j
I | 06-14 13:46:12 |  train   | step=9144, pmove=0.52, energy=-47.2411+0.0021j
I | 06-14 13:46:13 |  train   | step=9145, pmove=0.52, energy=-47.2391-0.0022j
I | 06-14 13:46:13 |  train   | step=9146, pmove=0.52, energy=-47.2441-0.0008j
I | 06-14 13:46:14 |  train   | step=9147, pmove=0.53, energy=-47.2548-0.0007j
I | 06-14 13:46:14 |  train   | step=9148, pmove=0.52, energy=-47.2172+0.0001j
I | 06-14 13:46:15 |  train   | step=9149, pmove=0.52, energy=-47.2353-0.0019j
I | 06-14 13:46:16 |  train   | step=9150, pmove=0.53, energy=-47.2288-0.0013j
I | 06-14 13:46:16 |  train   | step=9151, pmove=0.52, energy=-47.2337+0.0025j
I | 06-14 13:46:17 |  train   | step=9152, pmove=0.53, energy=-47.2233-0.0029j
I | 06-14 13:46:18 |  train   | step=9153, pmove=0.53, energy=-47.2389+0.0019j
I | 06-14 13:46:18 |  train   | step=9154, pmove=0.53, energy=-47.2289-0.0016j
I | 06-14 13:46:19 |  train   | step=9155, pmove=0.52, energy=-47.2437-0.0007j
I | 06-14 13:46:20 |  train   | step=9156, pmove=0.53, energy=-47.2621-0.0001j
I | 06-14 13:46:20 |  train   | step=9157, pmove=0.53, energy=-47.2320-0.0059j
I | 06-14 13:46:21 |  train   | step=9158, pmove=0.53, energy=-47.2426+0.0010j
I | 06-14 13:46:21 |  train   | step=9159, pmove=0.53, energy=-47.2348-0.0005j
I | 06-14 13:46:22 |  train   | step=9160, pmove=0.52, energy=-47.2418+0.0009j
I | 06-14 13:46:23 |  train   | step=9161, pmove=0.52, energy=-47.2169+0.0020j
I | 06-14 13:46:23 |  train   | step=9162, pmove=0.52, energy=-47.2259-0.0051j
I | 06-14 13:46:24 |  train   | step=9163, pmove=0.52, energy=-47.2390+0.0005j
I | 06-14 13:46:25 |  train   | step=9164, pmove=0.53, energy=-47.2367-0.0029j
I | 06-14 13:46:25 |  train   | step=9165, pmove=0.53, energy=-47.2412+0.0013j
I | 06-14 13:46:26 |  train   | step=9166, pmove=0.53, energy=-47.2318+0.0016j
I | 06-14 13:46:26 |  train   | step=9167, pmove=0.53, energy=-47.2369-0.0011j
I | 06-14 13:46:27 |  train   | step=9168, pmove=0.53, energy=-47.2414-0.0015j
I | 06-14 13:46:28 |  train   | step=9169, pmove=0.53, energy=-47.2350+0.0008j
I | 06-14 13:46:28 |  train   | step=9170, pmove=0.53, energy=-47.2385+0.0009j
I | 06-14 13:46:29 |  train   | step=9171, pmove=0.52, energy=-47.2426-0.0020j
I | 06-14 13:46:30 |  train   | step=9172, pmove=0.53, energy=-47.2154+0.0058j
I | 06-14 13:46:30 |  train   | step=9173, pmove=0.53, energy=-47.2286-0.0002j
I | 06-14 13:46:31 |  train   | step=9174, pmove=0.53, energy=-47.2272-0.0009j
I | 06-14 13:46:32 |  train   | step=9175, pmove=0.53, energy=-47.2396+0.0013j
I | 06-14 13:46:32 |  train   | step=9176, pmove=0.53, energy=-47.2420+0.0046j
I | 06-14 13:46:33 |  train   | step=9177, pmove=0.53, energy=-47.2345-0.0011j
I | 06-14 13:46:33 |  train   | step=9178, pmove=0.53, energy=-47.2512-0.0009j
I | 06-14 13:46:34 |  train   | step=9179, pmove=0.53, energy=-47.2301+0.0005j
I | 06-14 13:46:35 |  train   | step=9180, pmove=0.53, energy=-47.2626+0.0029j
I | 06-14 13:46:35 |  train   | step=9181, pmove=0.53, energy=-47.2301+0.0005j
I | 06-14 13:46:36 |  train   | step=9182, pmove=0.52, energy=-47.2215+0.0027j
I | 06-14 13:46:37 |  train   | step=9183, pmove=0.52, energy=-47.2413-0.0041j
I | 06-14 13:46:37 |  train   | step=9184, pmove=0.53, energy=-47.2290-0.0033j
I | 06-14 13:46:38 |  train   | step=9185, pmove=0.53, energy=-47.2443-0.0015j
I | 06-14 13:46:39 |  train   | step=9186, pmove=0.53, energy=-47.2406+0.0004j
I | 06-14 13:46:39 |  train   | step=9187, pmove=0.52, energy=-47.2359-0.0038j
I | 06-14 13:46:40 |  train   | step=9188, pmove=0.52, energy=-47.2323-0.0015j
I | 06-14 13:46:40 |  train   | step=9189, pmove=0.52, energy=-47.2361-0.0023j
I | 06-14 13:46:41 |  train   | step=9190, pmove=0.52, energy=-47.2221+0.0025j
I | 06-14 13:46:42 |  train   | step=9191, pmove=0.52, energy=-47.2505-0.0041j
I | 06-14 13:46:42 |  train   | step=9192, pmove=0.53, energy=-47.2184-0.0017j
I | 06-14 13:46:43 |  train   | step=9193, pmove=0.52, energy=-47.2382-0.0040j
I | 06-14 13:46:44 |  train   | step=9194, pmove=0.53, energy=-47.2371+0.0010j
I | 06-14 13:46:44 |  train   | step=9195, pmove=0.53, energy=-47.2407-0.0017j
I | 06-14 13:46:45 |  train   | step=9196, pmove=0.53, energy=-47.2290+0.0003j
I | 06-14 13:46:46 |  train   | step=9197, pmove=0.53, energy=-47.2347+0.0013j
I | 06-14 13:46:46 |  train   | step=9198, pmove=0.53, energy=-47.2301-0.0011j
I | 06-14 13:46:47 |  train   | step=9199, pmove=0.53, energy=-47.2444-0.0018j
I | 06-14 13:46:47 |  train   | step=9200, pmove=0.52, energy=-47.2166+0.0001j
I | 06-14 13:46:48 |  train   | step=9201, pmove=0.53, energy=-47.2131+0.0021j
I | 06-14 13:46:49 |  train   | step=9202, pmove=0.53, energy=-47.2369+0.0013j
I | 06-14 13:46:49 |  train   | step=9203, pmove=0.53, energy=-47.2343-0.0026j
I | 06-14 13:46:50 |  train   | step=9204, pmove=0.53, energy=-47.2226-0.0008j
I | 06-14 13:46:51 |  train   | step=9205, pmove=0.53, energy=-47.2285-0.0007j
I | 06-14 13:46:51 |  train   | step=9206, pmove=0.53, energy=-47.2436-0.0014j
I | 06-14 13:46:52 |  train   | step=9207, pmove=0.53, energy=-47.2405-0.0028j
I | 06-14 13:46:53 |  train   | step=9208, pmove=0.52, energy=-47.2264-0.0026j
I | 06-14 13:46:53 |  train   | step=9209, pmove=0.53, energy=-47.2389+0.0001j
I | 06-14 13:46:54 |  train   | step=9210, pmove=0.53, energy=-47.2301-0.0004j
I | 06-14 13:46:54 |  train   | step=9211, pmove=0.52, energy=-47.2245+0.0026j
I | 06-14 13:46:55 |  train   | step=9212, pmove=0.52, energy=-47.2442+0.0041j
I | 06-14 13:46:56 |  train   | step=9213, pmove=0.53, energy=-47.2297+0.0036j
I | 06-14 13:46:56 |  train   | step=9214, pmove=0.52, energy=-47.2502+0.0067j
I | 06-14 13:46:57 |  train   | step=9215, pmove=0.53, energy=-47.2582+0.0047j
I | 06-14 13:46:58 |  train   | step=9216, pmove=0.53, energy=-47.2391+0.0015j
I | 06-14 13:46:58 |  train   | step=9217, pmove=0.52, energy=-47.2519-0.0004j
I | 06-14 13:46:59 |  train   | step=9218, pmove=0.52, energy=-47.2435+0.0002j
I | 06-14 13:46:59 |  train   | step=9219, pmove=0.52, energy=-47.2343+0.0027j
I | 06-14 13:47:00 |  train   | step=9220, pmove=0.52, energy=-47.2372+0.0021j
I | 06-14 13:47:01 |  train   | step=9221, pmove=0.53, energy=-47.2486+0.0003j
I | 06-14 13:47:01 |  train   | step=9222, pmove=0.52, energy=-47.2234+0.0030j
I | 06-14 13:47:02 |  train   | step=9223, pmove=0.52, energy=-47.2137+0.0010j
I | 06-14 13:47:03 |  train   | step=9224, pmove=0.53, energy=-47.2217+0.0041j
I | 06-14 13:47:03 |  train   | step=9225, pmove=0.53, energy=-47.2284+0.0015j
I | 06-14 13:47:04 |  train   | step=9226, pmove=0.52, energy=-47.2494+0.0005j
I | 06-14 13:47:05 |  train   | step=9227, pmove=0.52, energy=-47.2287+0.0023j
I | 06-14 13:47:05 |  train   | step=9228, pmove=0.52, energy=-47.2548+0.0027j
I | 06-14 13:47:06 |  train   | step=9229, pmove=0.53, energy=-47.2386+0.0017j
I | 06-14 13:47:06 |  train   | step=9230, pmove=0.52, energy=-47.2374-0.0037j
I | 06-14 13:47:07 |  train   | step=9231, pmove=0.53, energy=-47.2305+0.0028j
I | 06-14 13:47:08 |  train   | step=9232, pmove=0.52, energy=-47.2083+0.0008j
I | 06-14 13:47:08 |  train   | step=9233, pmove=0.53, energy=-47.2415-0.0002j
I | 06-14 13:47:09 |  train   | step=9234, pmove=0.53, energy=-47.2268-0.0033j
I | 06-14 13:47:10 |  train   | step=9235, pmove=0.53, energy=-47.2222-0.0009j
I | 06-14 13:47:10 |  train   | step=9236, pmove=0.52, energy=-47.2370-0.0001j
I | 06-14 13:47:11 |  train   | step=9237, pmove=0.53, energy=-47.2242-0.0013j
I | 06-14 13:47:12 |  train   | step=9238, pmove=0.53, energy=-47.2492-0.0018j
I | 06-14 13:47:12 |  train   | step=9239, pmove=0.53, energy=-47.2397+0.0020j
I | 06-14 13:47:13 |  train   | step=9240, pmove=0.52, energy=-47.2362+0.0014j
I | 06-14 13:47:13 |  train   | step=9241, pmove=0.53, energy=-47.2270+0.0022j
I | 06-14 13:47:14 |  train   | step=9242, pmove=0.53, energy=-47.2242+0.0018j
I | 06-14 13:47:15 |  train   | step=9243, pmove=0.53, energy=-47.2336-0.0011j
I | 06-14 13:47:15 |  train   | step=9244, pmove=0.53, energy=-47.2440-0.0015j
I | 06-14 13:47:16 |  train   | step=9245, pmove=0.53, energy=-47.2219+0.0001j
I | 06-14 13:47:17 |  train   | step=9246, pmove=0.52, energy=-47.2432-0.0036j
I | 06-14 13:47:17 |  train   | step=9247, pmove=0.53, energy=-47.2080+0.0013j
I | 06-14 13:47:18 |  train   | step=9248, pmove=0.53, energy=-47.2294-0.0002j
I | 06-14 13:47:19 |  train   | step=9249, pmove=0.52, energy=-47.2236+0.0021j
I | 06-14 13:47:19 |  train   | step=9250, pmove=0.53, energy=-47.2444+0.0017j
I | 06-14 13:47:20 |  train   | step=9251, pmove=0.53, energy=-47.2405+0.0007j
I | 06-14 13:47:20 |  train   | step=9252, pmove=0.53, energy=-47.2303+0.0002j
I | 06-14 13:47:21 |  train   | step=9253, pmove=0.53, energy=-47.2337-0.0019j
I | 06-14 13:47:22 |  train   | step=9254, pmove=0.52, energy=-47.2267+0.0008j
I | 06-14 13:47:22 |  train   | step=9255, pmove=0.53, energy=-47.2469+0.0016j
I | 06-14 13:47:23 |  train   | step=9256, pmove=0.53, energy=-47.2394-0.0026j
I | 06-14 13:47:24 |  train   | step=9257, pmove=0.53, energy=-47.2473-0.0024j
I | 06-14 13:47:24 |  train   | step=9258, pmove=0.53, energy=-47.2458+0.0036j
I | 06-14 13:47:25 |  train   | step=9259, pmove=0.52, energy=-47.2355+0.0001j
I | 06-14 13:47:26 |  train   | step=9260, pmove=0.53, energy=-47.2260-0.0026j
I | 06-14 13:47:26 |  train   | step=9261, pmove=0.53, energy=-47.2327-0.0033j
I | 06-14 13:47:27 |  train   | step=9262, pmove=0.52, energy=-47.2254+0.0033j
I | 06-14 13:47:27 |  train   | step=9263, pmove=0.53, energy=-47.2268-0.0013j
I | 06-14 13:47:28 |  train   | step=9264, pmove=0.53, energy=-47.2142+0.0003j
I | 06-14 13:47:29 |  train   | step=9265, pmove=0.53, energy=-47.2469+0.0011j
I | 06-14 13:47:29 |  train   | step=9266, pmove=0.53, energy=-47.2287+0.0023j
I | 06-14 13:47:30 |  train   | step=9267, pmove=0.53, energy=-47.2285+0.0001j
I | 06-14 13:47:31 |  train   | step=9268, pmove=0.52, energy=-47.2415+0.0009j
I | 06-14 13:47:31 |  train   | step=9269, pmove=0.53, energy=-47.2369+0.0036j
I | 06-14 13:47:32 |  train   | step=9270, pmove=0.52, energy=-47.2384+0.0012j
I | 06-14 13:47:32 |  train   | step=9271, pmove=0.52, energy=-47.2408-0.0009j
I | 06-14 13:47:33 |  train   | step=9272, pmove=0.53, energy=-47.2529-0.0035j
I | 06-14 13:47:34 |  train   | step=9273, pmove=0.53, energy=-47.2354-0.0033j
I | 06-14 13:47:34 |  train   | step=9274, pmove=0.53, energy=-47.2368-0.0084j
I | 06-14 13:47:35 |  train   | step=9275, pmove=0.52, energy=-47.2249+0.0007j
I | 06-14 13:47:36 |  train   | step=9276, pmove=0.52, energy=-47.2444-0.0015j
I | 06-14 13:47:36 |  train   | step=9277, pmove=0.52, energy=-47.2404-0.0009j
I | 06-14 13:47:37 |  train   | step=9278, pmove=0.53, energy=-47.2344-0.0011j
I | 06-14 13:47:38 |  train   | step=9279, pmove=0.52, energy=-47.2277-0.0044j
I | 06-14 13:47:38 |  train   | step=9280, pmove=0.52, energy=-47.2582-0.0007j
I | 06-14 13:47:39 |  train   | step=9281, pmove=0.53, energy=-47.2429+0.0012j
I | 06-14 13:47:39 |  train   | step=9282, pmove=0.53, energy=-47.2408+0.0011j
I | 06-14 13:47:40 |  train   | step=9283, pmove=0.53, energy=-47.2145+0.0033j
I | 06-14 13:47:41 |  train   | step=9284, pmove=0.53, energy=-47.2302+0.0005j
I | 06-14 13:47:41 |  train   | step=9285, pmove=0.53, energy=-47.2371-0.0027j
I | 06-14 13:47:42 |  train   | step=9286, pmove=0.52, energy=-47.2334-0.0012j
I | 06-14 13:47:43 |  train   | step=9287, pmove=0.53, energy=-47.2349+0.0055j
I | 06-14 13:47:43 |  train   | step=9288, pmove=0.53, energy=-47.2393-0.0023j
I | 06-14 13:47:44 |  train   | step=9289, pmove=0.53, energy=-47.2303-0.0026j
I | 06-14 13:47:45 |  train   | step=9290, pmove=0.52, energy=-47.2470+0.0015j
I | 06-14 13:47:45 |  train   | step=9291, pmove=0.53, energy=-47.2313-0.0036j
I | 06-14 13:47:46 |  train   | step=9292, pmove=0.53, energy=-47.2072+0.0005j
I | 06-14 13:47:46 |  train   | step=9293, pmove=0.53, energy=-47.2310-0.0013j
I | 06-14 13:47:47 |  train   | step=9294, pmove=0.53, energy=-47.2299+0.0014j
I | 06-14 13:47:48 |  train   | step=9295, pmove=0.52, energy=-47.2390+0.0004j
I | 06-14 13:47:48 |  train   | step=9296, pmove=0.53, energy=-47.2383+0.0031j
I | 06-14 13:47:49 |  train   | step=9297, pmove=0.53, energy=-47.2443+0.0028j
I | 06-14 13:47:50 |  train   | step=9298, pmove=0.53, energy=-47.2327-0.0001j
I | 06-14 13:47:50 |  train   | step=9299, pmove=0.53, energy=-47.2374+0.0044j
I | 06-14 13:47:51 |  train   | step=9300, pmove=0.52, energy=-47.2420+0.0017j
I | 06-14 13:47:52 |  train   | step=9301, pmove=0.52, energy=-47.2375+0.0011j
I | 06-14 13:47:52 |  train   | step=9302, pmove=0.53, energy=-47.2406+0.0017j
I | 06-14 13:47:53 |  train   | step=9303, pmove=0.53, energy=-47.2376+0.0032j
I | 06-14 13:47:53 |  train   | step=9304, pmove=0.53, energy=-47.2393+0.0009j
I | 06-14 13:47:54 |  train   | step=9305, pmove=0.53, energy=-47.2262+0.0008j
I | 06-14 13:47:55 |  train   | step=9306, pmove=0.52, energy=-47.2484+0.0003j
I | 06-14 13:47:55 |  train   | step=9307, pmove=0.52, energy=-47.2403-0.0009j
I | 06-14 13:47:56 |  train   | step=9308, pmove=0.53, energy=-47.2355+0.0039j
I | 06-14 13:47:57 |  train   | step=9309, pmove=0.53, energy=-47.2601+0.0052j
I | 06-14 13:47:57 |  train   | step=9310, pmove=0.53, energy=-47.2362+0.0002j
I | 06-14 13:47:58 |  train   | step=9311, pmove=0.52, energy=-47.2467-0.0056j
I | 06-14 13:47:59 |  train   | step=9312, pmove=0.53, energy=-47.2228-0.0016j
I | 06-14 13:47:59 |  train   | step=9313, pmove=0.53, energy=-47.2329+0.0015j
I | 06-14 13:48:00 |  train   | step=9314, pmove=0.53, energy=-47.2107+0.0047j
I | 06-14 13:48:00 |  train   | step=9315, pmove=0.53, energy=-47.2256-0.0027j
I | 06-14 13:48:01 |  train   | step=9316, pmove=0.52, energy=-47.2325-0.0031j
I | 06-14 13:48:02 |  train   | step=9317, pmove=0.53, energy=-47.2226+0.0034j
I | 06-14 13:48:02 |  train   | step=9318, pmove=0.53, energy=-47.2271+0.0019j
I | 06-14 13:48:03 |  train   | step=9319, pmove=0.53, energy=-47.2265-0.0013j
I | 06-14 13:48:04 |  train   | step=9320, pmove=0.53, energy=-47.2127+0.0018j
I | 06-14 13:48:04 |  train   | step=9321, pmove=0.53, energy=-47.2310+0.0009j
I | 06-14 13:48:05 |  train   | step=9322, pmove=0.53, energy=-47.2396-0.0018j
I | 06-14 13:48:05 |  train   | step=9323, pmove=0.53, energy=-47.2121+0.0069j
I | 06-14 13:48:06 |  train   | step=9324, pmove=0.53, energy=-47.2379+0.0002j
I | 06-14 13:48:07 |  train   | step=9325, pmove=0.53, energy=-47.2413-0.0016j
I | 06-14 13:48:07 |  train   | step=9326, pmove=0.53, energy=-47.2288+0.0038j
I | 06-14 13:48:08 |  train   | step=9327, pmove=0.53, energy=-47.2084+0.0020j
I | 06-14 13:48:09 |  train   | step=9328, pmove=0.52, energy=-47.2318-0.0017j
I | 06-14 13:48:09 |  train   | step=9329, pmove=0.53, energy=-47.2137-0.0008j
I | 06-14 13:48:10 |  train   | step=9330, pmove=0.53, energy=-47.2299+0.0028j
I | 06-14 13:48:11 |  train   | step=9331, pmove=0.53, energy=-47.2348-0.0014j
I | 06-14 13:48:11 |  train   | step=9332, pmove=0.52, energy=-47.2099+0.0011j
I | 06-14 13:48:12 |  train   | step=9333, pmove=0.53, energy=-47.2364-0.0010j
I | 06-14 13:48:12 |  train   | step=9334, pmove=0.53, energy=-47.2252-0.0009j
I | 06-14 13:48:13 |  train   | step=9335, pmove=0.53, energy=-47.2467-0.0016j
I | 06-14 13:48:14 |  train   | step=9336, pmove=0.53, energy=-47.2446+0.0079j
I | 06-14 13:48:14 |  train   | step=9337, pmove=0.53, energy=-47.2321+0.0005j
I | 06-14 13:48:15 |  train   | step=9338, pmove=0.52, energy=-47.2362+0.0009j
I | 06-14 13:48:16 |  train   | step=9339, pmove=0.52, energy=-47.2356+0.0015j
I | 06-14 13:48:16 |  train   | step=9340, pmove=0.53, energy=-47.2335-0.0020j
I | 06-14 13:48:17 |  train   | step=9341, pmove=0.53, energy=-47.2287+0.0013j
I | 06-14 13:48:18 |  train   | step=9342, pmove=0.53, energy=-47.2268+0.0018j
I | 06-14 13:48:18 |  train   | step=9343, pmove=0.53, energy=-47.2409+0.0004j
I | 06-14 13:48:19 |  train   | step=9344, pmove=0.53, energy=-47.2322+0.0017j
I | 06-14 13:48:19 |  train   | step=9345, pmove=0.52, energy=-47.2288-0.0002j
I | 06-14 13:48:20 |  train   | step=9346, pmove=0.53, energy=-47.2478-0.0051j
I | 06-14 13:48:21 |  train   | step=9347, pmove=0.53, energy=-47.2286-0.0059j
I | 06-14 13:48:21 |  train   | step=9348, pmove=0.53, energy=-47.2329+0.0003j
I | 06-14 13:48:22 |  train   | step=9349, pmove=0.53, energy=-47.2360+0.0022j
I | 06-14 13:48:23 |  train   | step=9350, pmove=0.53, energy=-47.2291-0.0013j
I | 06-14 13:48:23 |  train   | step=9351, pmove=0.53, energy=-47.2336-0.0008j
I | 06-14 13:48:24 |  train   | step=9352, pmove=0.53, energy=-47.2289-0.0002j
I | 06-14 13:48:25 |  train   | step=9353, pmove=0.53, energy=-47.2402+0.0006j
I | 06-14 13:48:25 |  train   | step=9354, pmove=0.52, energy=-47.2388-0.0008j
I | 06-14 13:48:26 |  train   | step=9355, pmove=0.53, energy=-47.2263-0.0007j
I | 06-14 13:48:26 |  train   | step=9356, pmove=0.53, energy=-47.2369-0.0018j
I | 06-14 13:48:27 |  train   | step=9357, pmove=0.53, energy=-47.2342-0.0012j
I | 06-14 13:48:28 |  train   | step=9358, pmove=0.53, energy=-47.2377-0.0003j
I | 06-14 13:48:28 |  train   | step=9359, pmove=0.53, energy=-47.2179-0.0019j
I | 06-14 13:48:29 |  train   | step=9360, pmove=0.53, energy=-47.2181-0.0033j
I | 06-14 13:48:30 |  train   | step=9361, pmove=0.53, energy=-47.2408+0.0007j
I | 06-14 13:48:30 |  train   | step=9362, pmove=0.53, energy=-47.2443-0.0013j
I | 06-14 13:48:31 |  train   | step=9363, pmove=0.52, energy=-47.2234-0.0049j
I | 06-14 13:48:32 |  train   | step=9364, pmove=0.52, energy=-47.2322-0.0004j
I | 06-14 13:48:32 |  train   | step=9365, pmove=0.52, energy=-47.2394+0.0004j
I | 06-14 13:48:33 |  train   | step=9366, pmove=0.53, energy=-47.2329+0.0018j
I | 06-14 13:48:33 |  train   | step=9367, pmove=0.53, energy=-47.2330+0.0020j
I | 06-14 13:48:34 |  train   | step=9368, pmove=0.52, energy=-47.2325+0.0020j
I | 06-14 13:48:35 |  train   | step=9369, pmove=0.52, energy=-47.2211+0.0020j
I | 06-14 13:48:35 |  train   | step=9370, pmove=0.53, energy=-47.2364+0.0005j
I | 06-14 13:48:36 |  train   | step=9371, pmove=0.53, energy=-47.2381+0.0001j
I | 06-14 13:48:37 |  train   | step=9372, pmove=0.53, energy=-47.2397+0.0000j
I | 06-14 13:48:37 |  train   | step=9373, pmove=0.53, energy=-47.2441-0.0010j
I | 06-14 13:48:38 |  train   | step=9374, pmove=0.53, energy=-47.2338-0.0036j
I | 06-14 13:48:38 |  train   | step=9375, pmove=0.53, energy=-47.2478-0.0036j
I | 06-14 13:48:39 |  train   | step=9376, pmove=0.53, energy=-47.2430+0.0020j
I | 06-14 13:48:40 |  train   | step=9377, pmove=0.52, energy=-47.2331-0.0003j
I | 06-14 13:48:40 |  train   | step=9378, pmove=0.53, energy=-47.2372+0.0002j
I | 06-14 13:48:41 |  train   | step=9379, pmove=0.53, energy=-47.2290+0.0020j
I | 06-14 13:48:42 |  train   | step=9380, pmove=0.53, energy=-47.2327-0.0011j
I | 06-14 13:48:42 |  train   | step=9381, pmove=0.52, energy=-47.2396-0.0002j
I | 06-14 13:48:43 |  train   | step=9382, pmove=0.53, energy=-47.2513-0.0004j
I | 06-14 13:48:44 |  train   | step=9383, pmove=0.53, energy=-47.2220-0.0023j
I | 06-14 13:48:44 |  train   | step=9384, pmove=0.52, energy=-47.2257+0.0005j
I | 06-14 13:48:45 |  train   | step=9385, pmove=0.53, energy=-47.2339+0.0000j
I | 06-14 13:48:45 |  train   | step=9386, pmove=0.53, energy=-47.2392-0.0022j
I | 06-14 13:48:46 |  train   | step=9387, pmove=0.53, energy=-47.2377-0.0020j
I | 06-14 13:48:47 |  train   | step=9388, pmove=0.53, energy=-47.2485-0.0021j
I | 06-14 13:48:47 |  train   | step=9389, pmove=0.53, energy=-47.2489+0.0019j
I | 06-14 13:48:48 |  train   | step=9390, pmove=0.53, energy=-47.2526-0.0007j
I | 06-14 13:48:49 |  train   | step=9391, pmove=0.53, energy=-47.2392+0.0016j
I | 06-14 13:48:49 |  train   | step=9392, pmove=0.52, energy=-47.2399-0.0016j
I | 06-14 13:48:50 |  train   | step=9393, pmove=0.52, energy=-47.2340+0.0003j
I | 06-14 13:48:51 |  train   | step=9394, pmove=0.52, energy=-47.2335+0.0036j
I | 06-14 13:48:51 |  train   | step=9395, pmove=0.53, energy=-47.2411+0.0026j
I | 06-14 13:48:52 |  train   | step=9396, pmove=0.53, energy=-47.2334-0.0024j
I | 06-14 13:48:52 |  train   | step=9397, pmove=0.53, energy=-47.2469-0.0029j
I | 06-14 13:48:53 |  train   | step=9398, pmove=0.53, energy=-47.2328-0.0015j
I | 06-14 13:48:54 |  train   | step=9399, pmove=0.53, energy=-47.2296-0.0014j
I | 06-14 13:48:54 |  train   | step=9400, pmove=0.52, energy=-47.2308+0.0017j
I | 06-14 13:48:55 |  train   | step=9401, pmove=0.53, energy=-47.2308+0.0012j
I | 06-14 13:48:56 |  train   | step=9402, pmove=0.52, energy=-47.2397+0.0030j
I | 06-14 13:48:56 |  train   | step=9403, pmove=0.53, energy=-47.2224+0.0005j
I | 06-14 13:48:57 |  train   | step=9404, pmove=0.53, energy=-47.2466+0.0008j
I | 06-14 13:48:58 |  train   | step=9405, pmove=0.52, energy=-47.2253+0.0026j
I | 06-14 13:48:58 |  train   | step=9406, pmove=0.52, energy=-47.2357+0.0023j
I | 06-14 13:48:59 |  train   | step=9407, pmove=0.53, energy=-47.2427+0.0000j
I | 06-14 13:48:59 |  train   | step=9408, pmove=0.52, energy=-47.2367-0.0020j
I | 06-14 13:49:00 |  train   | step=9409, pmove=0.53, energy=-47.2400-0.0014j
I | 06-14 13:49:01 |  train   | step=9410, pmove=0.52, energy=-47.2335-0.0013j
I | 06-14 13:49:01 |  train   | step=9411, pmove=0.53, energy=-47.2308+0.0028j
I | 06-14 13:49:02 |  train   | step=9412, pmove=0.52, energy=-47.2345-0.0013j
I | 06-14 13:49:03 |  train   | step=9413, pmove=0.52, energy=-47.2311+0.0018j
I | 06-14 13:49:03 |  train   | step=9414, pmove=0.53, energy=-47.2408-0.0024j
I | 06-14 13:49:04 |  train   | step=9415, pmove=0.52, energy=-47.2522+0.0034j
I | 06-14 13:49:05 |  train   | step=9416, pmove=0.53, energy=-47.2285-0.0004j
I | 06-14 13:49:05 |  train   | step=9417, pmove=0.53, energy=-47.2303-0.0016j
I | 06-14 13:49:06 |  train   | step=9418, pmove=0.52, energy=-47.2297+0.0050j
I | 06-14 13:49:06 |  train   | step=9419, pmove=0.53, energy=-47.2357+0.0037j
I | 06-14 13:49:07 |  train   | step=9420, pmove=0.53, energy=-47.2343-0.0002j
I | 06-14 13:49:08 |  train   | step=9421, pmove=0.52, energy=-47.2310-0.0033j
I | 06-14 13:49:08 |  train   | step=9422, pmove=0.53, energy=-47.2297+0.0033j
I | 06-14 13:49:09 |  train   | step=9423, pmove=0.53, energy=-47.2284+0.0060j
I | 06-14 13:49:10 |  train   | step=9424, pmove=0.53, energy=-47.2208+0.0039j
I | 06-14 13:49:10 |  train   | step=9425, pmove=0.53, energy=-47.2284+0.0012j
I | 06-14 13:49:11 |  train   | step=9426, pmove=0.53, energy=-47.2292+0.0026j
I | 06-14 13:49:12 |  train   | step=9427, pmove=0.53, energy=-47.2406+0.0041j
I | 06-14 13:49:12 |  train   | step=9428, pmove=0.52, energy=-47.2160-0.0030j
I | 06-14 13:49:13 |  train   | step=9429, pmove=0.52, energy=-47.2345+0.0002j
I | 06-14 13:49:13 |  train   | step=9430, pmove=0.53, energy=-47.2114-0.0011j
I | 06-14 13:49:14 |  train   | step=9431, pmove=0.53, energy=-47.2115+0.0017j
I | 06-14 13:49:15 |  train   | step=9432, pmove=0.53, energy=-47.2448+0.0016j
I | 06-14 13:49:15 |  train   | step=9433, pmove=0.53, energy=-47.2211-0.0016j
I | 06-14 13:49:16 |  train   | step=9434, pmove=0.53, energy=-47.2364-0.0003j
I | 06-14 13:49:17 |  train   | step=9435, pmove=0.52, energy=-47.2385+0.0009j
I | 06-14 13:49:17 |  train   | step=9436, pmove=0.53, energy=-47.2557+0.0019j
I | 06-14 13:49:18 |  train   | step=9437, pmove=0.52, energy=-47.2244+0.0001j
I | 06-14 13:49:18 |  train   | step=9438, pmove=0.52, energy=-47.2191-0.0022j
I | 06-14 13:49:19 |  train   | step=9439, pmove=0.53, energy=-47.2472-0.0030j
I | 06-14 13:49:20 |  train   | step=9440, pmove=0.52, energy=-47.2381-0.0053j
I | 06-14 13:49:20 |  train   | step=9441, pmove=0.53, energy=-47.2189+0.0001j
I | 06-14 13:49:21 |  train   | step=9442, pmove=0.52, energy=-47.2396-0.0024j
I | 06-14 13:49:22 |  train   | step=9443, pmove=0.53, energy=-47.2312-0.0001j
I | 06-14 13:49:22 |  train   | step=9444, pmove=0.53, energy=-47.2445-0.0002j
I | 06-14 13:49:23 |  train   | step=9445, pmove=0.53, energy=-47.2364+0.0040j
I | 06-14 13:49:24 |  train   | step=9446, pmove=0.53, energy=-47.2547+0.0003j
I | 06-14 13:49:24 |  train   | step=9447, pmove=0.52, energy=-47.2318-0.0010j
I | 06-14 13:49:25 |  train   | step=9448, pmove=0.53, energy=-47.2411+0.0035j
I | 06-14 13:49:25 |  train   | step=9449, pmove=0.52, energy=-47.2279-0.0010j
I | 06-14 13:49:26 |  train   | step=9450, pmove=0.53, energy=-47.2382+0.0021j
I | 06-14 13:49:27 |  train   | step=9451, pmove=0.52, energy=-47.2336-0.0005j
I | 06-14 13:49:27 |  train   | step=9452, pmove=0.53, energy=-47.2304-0.0015j
I | 06-14 13:49:28 |  train   | step=9453, pmove=0.53, energy=-47.2419+0.0037j
I | 06-14 13:49:29 |  train   | step=9454, pmove=0.53, energy=-47.2486-0.0020j
I | 06-14 13:49:29 |  train   | step=9455, pmove=0.53, energy=-47.2120-0.0017j
I | 06-14 13:49:30 |  train   | step=9456, pmove=0.53, energy=-47.2270-0.0062j
I | 06-14 13:49:31 |  train   | step=9457, pmove=0.53, energy=-47.2287+0.0030j
I | 06-14 13:49:31 |  train   | step=9458, pmove=0.53, energy=-47.2330-0.0015j
I | 06-14 13:49:32 |  train   | step=9459, pmove=0.53, energy=-47.2376-0.0004j
I | 06-14 13:49:32 |  train   | step=9460, pmove=0.53, energy=-47.2290+0.0004j
I | 06-14 13:49:33 |  train   | step=9461, pmove=0.53, energy=-47.2296+0.0016j
I | 06-14 13:49:34 |  train   | step=9462, pmove=0.52, energy=-47.2250-0.0015j
I | 06-14 13:49:34 |  train   | step=9463, pmove=0.53, energy=-47.2327+0.0027j
I | 06-14 13:49:35 |  train   | step=9464, pmove=0.53, energy=-47.2252-0.0025j
I | 06-14 13:49:36 |  train   | step=9465, pmove=0.52, energy=-47.2190+0.0009j
I | 06-14 13:49:36 |  train   | step=9466, pmove=0.53, energy=-47.2331+0.0015j
I | 06-14 13:49:37 |  train   | step=9467, pmove=0.53, energy=-47.2342-0.0009j
I | 06-14 13:49:38 |  train   | step=9468, pmove=0.53, energy=-47.2406+0.0018j
I | 06-14 13:49:38 |  train   | step=9469, pmove=0.53, energy=-47.2500-0.0043j
I | 06-14 13:49:39 |  train   | step=9470, pmove=0.52, energy=-47.2308-0.0011j
I | 06-14 13:49:39 |  train   | step=9471, pmove=0.52, energy=-47.2371-0.0006j
I | 06-14 13:49:40 |  train   | step=9472, pmove=0.53, energy=-47.2276+0.0010j
I | 06-14 13:49:41 |  train   | step=9473, pmove=0.52, energy=-47.2231+0.0050j
I | 06-14 13:49:41 |  train   | step=9474, pmove=0.53, energy=-47.2326+0.0007j
I | 06-14 13:49:42 |  train   | step=9475, pmove=0.52, energy=-47.2284+0.0007j
I | 06-14 13:49:43 |  train   | step=9476, pmove=0.52, energy=-47.2246-0.0019j
I | 06-14 13:49:43 |  train   | step=9477, pmove=0.53, energy=-47.2195-0.0025j
I | 06-14 13:49:44 |  train   | step=9478, pmove=0.53, energy=-47.2365+0.0007j
I | 06-14 13:49:45 |  train   | step=9479, pmove=0.53, energy=-47.2381+0.0003j
I | 06-14 13:49:45 |  train   | step=9480, pmove=0.53, energy=-47.2504-0.0007j
I | 06-14 13:49:46 |  train   | step=9481, pmove=0.53, energy=-47.2396+0.0018j
I | 06-14 13:49:46 |  train   | step=9482, pmove=0.52, energy=-47.2370+0.0030j
I | 06-14 13:49:47 |  train   | step=9483, pmove=0.53, energy=-47.2277-0.0002j
I | 06-14 13:49:48 |  train   | step=9484, pmove=0.52, energy=-47.2352-0.0009j
I | 06-14 13:49:48 |  train   | step=9485, pmove=0.53, energy=-47.1954-0.0003j
I | 06-14 13:49:49 |  train   | step=9486, pmove=0.53, energy=-47.2450+0.0005j
I | 06-14 13:49:50 |  train   | step=9487, pmove=0.52, energy=-47.2307+0.0042j
I | 06-14 13:49:50 |  train   | step=9488, pmove=0.53, energy=-47.2484-0.0006j
I | 06-14 13:49:51 |  train   | step=9489, pmove=0.53, energy=-47.2380+0.0014j
I | 06-14 13:49:51 |  train   | step=9490, pmove=0.53, energy=-47.2250-0.0007j
I | 06-14 13:49:52 |  train   | step=9491, pmove=0.53, energy=-47.2386+0.0006j
I | 06-14 13:49:53 |  train   | step=9492, pmove=0.52, energy=-47.2337-0.0011j
I | 06-14 13:49:53 |  train   | step=9493, pmove=0.52, energy=-47.2382-0.0013j
I | 06-14 13:49:54 |  train   | step=9494, pmove=0.53, energy=-47.2480+0.0009j
I | 06-14 13:49:55 |  train   | step=9495, pmove=0.53, energy=-47.2386+0.0025j
I | 06-14 13:49:55 |  train   | step=9496, pmove=0.53, energy=-47.2077-0.0004j
I | 06-14 13:49:56 |  train   | step=9497, pmove=0.53, energy=-47.2396+0.0022j
I | 06-14 13:49:57 |  train   | step=9498, pmove=0.53, energy=-47.2585-0.0022j
I | 06-14 13:49:57 |  train   | step=9499, pmove=0.52, energy=-47.2348+0.0000j
I | 06-14 13:49:58 |  train   | step=9500, pmove=0.53, energy=-47.2352+0.0019j
I | 06-14 13:49:58 |  train   | step=9501, pmove=0.52, energy=-47.2263+0.0007j
I | 06-14 13:49:59 |  train   | step=9502, pmove=0.53, energy=-47.2351+0.0003j
I | 06-14 13:50:00 |  train   | step=9503, pmove=0.53, energy=-47.2400-0.0013j
I | 06-14 13:50:00 |  train   | step=9504, pmove=0.52, energy=-47.2421-0.0000j
I | 06-14 13:50:01 |  train   | step=9505, pmove=0.53, energy=-47.2354-0.0020j
I | 06-14 13:50:02 |  train   | step=9506, pmove=0.53, energy=-47.2183-0.0026j
I | 06-14 13:50:02 |  train   | step=9507, pmove=0.52, energy=-47.2351+0.0027j
I | 06-14 13:50:03 |  train   | step=9508, pmove=0.53, energy=-47.2393+0.0011j
I | 06-14 13:50:04 |  train   | step=9509, pmove=0.53, energy=-47.2424+0.0035j
I | 06-14 13:50:04 |  train   | step=9510, pmove=0.53, energy=-47.2374-0.0029j
I | 06-14 13:50:05 |  train   | step=9511, pmove=0.52, energy=-47.2322-0.0009j
I | 06-14 13:50:05 |  train   | step=9512, pmove=0.52, energy=-47.2350+0.0005j
I | 06-14 13:50:06 |  train   | step=9513, pmove=0.53, energy=-47.2322-0.0017j
I | 06-14 13:50:07 |  train   | step=9514, pmove=0.52, energy=-47.2356+0.0027j
I | 06-14 13:50:07 |  train   | step=9515, pmove=0.53, energy=-47.2275+0.0022j
I | 06-14 13:50:08 |  train   | step=9516, pmove=0.52, energy=-47.2455+0.0002j
I | 06-14 13:50:09 |  train   | step=9517, pmove=0.52, energy=-47.1922-0.0185j
I | 06-14 13:50:09 |  train   | step=9518, pmove=0.52, energy=-47.2392-0.0019j
I | 06-14 13:50:10 |  train   | step=9519, pmove=0.52, energy=-47.2341-0.0001j
I | 06-14 13:50:11 |  train   | step=9520, pmove=0.52, energy=-47.2394-0.0012j
I | 06-14 13:50:11 |  train   | step=9521, pmove=0.53, energy=-47.2161-0.0004j
I | 06-14 13:50:12 |  train   | step=9522, pmove=0.53, energy=-47.2448-0.0013j
I | 06-14 13:50:12 |  train   | step=9523, pmove=0.52, energy=-47.2171+0.0021j
I | 06-14 13:50:13 |  train   | step=9524, pmove=0.53, energy=-47.2289-0.0001j
I | 06-14 13:50:14 |  train   | step=9525, pmove=0.53, energy=-47.2290-0.0000j
I | 06-14 13:50:14 |  train   | step=9526, pmove=0.53, energy=-47.2369+0.0006j
I | 06-14 13:50:15 |  train   | step=9527, pmove=0.52, energy=-47.2225-0.0015j
I | 06-14 13:50:16 |  train   | step=9528, pmove=0.53, energy=-47.2419+0.0024j
I | 06-14 13:50:16 |  train   | step=9529, pmove=0.53, energy=-47.2399+0.0017j
I | 06-14 13:50:17 |  train   | step=9530, pmove=0.53, energy=-47.2388+0.0016j
I | 06-14 13:50:18 |  train   | step=9531, pmove=0.53, energy=-47.2448-0.0002j
I | 06-14 13:50:18 |  train   | step=9532, pmove=0.53, energy=-47.2431-0.0011j
I | 06-14 13:50:19 |  train   | step=9533, pmove=0.53, energy=-47.2289-0.0002j
I | 06-14 13:50:19 |  train   | step=9534, pmove=0.52, energy=-47.2315+0.0016j
I | 06-14 13:50:20 |  train   | step=9535, pmove=0.53, energy=-47.2238+0.0007j
I | 06-14 13:50:21 |  train   | step=9536, pmove=0.53, energy=-47.2370+0.0015j
I | 06-14 13:50:21 |  train   | step=9537, pmove=0.53, energy=-47.2314-0.0019j
I | 06-14 13:50:22 |  train   | step=9538, pmove=0.52, energy=-47.2419-0.0000j
I | 06-14 13:50:23 |  train   | step=9539, pmove=0.53, energy=-47.2424+0.0011j
I | 06-14 13:50:23 |  train   | step=9540, pmove=0.53, energy=-47.2255+0.0023j
I | 06-14 13:50:24 |  train   | step=9541, pmove=0.53, energy=-47.2379-0.0047j
I | 06-14 13:50:25 |  train   | step=9542, pmove=0.53, energy=-47.2459-0.0007j
I | 06-14 13:50:25 |  train   | step=9543, pmove=0.52, energy=-47.2390-0.0002j
I | 06-14 13:50:26 |  train   | step=9544, pmove=0.53, energy=-47.2276-0.0016j
I | 06-14 13:50:26 |  train   | step=9545, pmove=0.52, energy=-47.2260+0.0013j
I | 06-14 13:50:27 |  train   | step=9546, pmove=0.52, energy=-47.2341+0.0022j
I | 06-14 13:50:28 |  train   | step=9547, pmove=0.53, energy=-47.2258+0.0019j
I | 06-14 13:50:28 |  train   | step=9548, pmove=0.53, energy=-47.2200+0.0026j
I | 06-14 13:50:29 |  train   | step=9549, pmove=0.53, energy=-47.2254-0.0024j
I | 06-14 13:50:30 |  train   | step=9550, pmove=0.52, energy=-47.2351-0.0008j
I | 06-14 13:50:30 |  train   | step=9551, pmove=0.53, energy=-47.2341+0.0006j
I | 06-14 13:50:31 |  train   | step=9552, pmove=0.52, energy=-47.2310+0.0011j
I | 06-14 13:50:31 |  train   | step=9553, pmove=0.52, energy=-47.2359-0.0021j
I | 06-14 13:50:32 |  train   | step=9554, pmove=0.53, energy=-47.2303+0.0004j
I | 06-14 13:50:33 |  train   | step=9555, pmove=0.53, energy=-47.2431-0.0011j
I | 06-14 13:50:33 |  train   | step=9556, pmove=0.52, energy=-47.2296+0.0011j
I | 06-14 13:50:34 |  train   | step=9557, pmove=0.53, energy=-47.2464+0.0004j
I | 06-14 13:50:35 |  train   | step=9558, pmove=0.52, energy=-47.2219+0.0002j
I | 06-14 13:50:35 |  train   | step=9559, pmove=0.52, energy=-47.2308+0.0025j
I | 06-14 13:50:36 |  train   | step=9560, pmove=0.52, energy=-47.2494-0.0011j
I | 06-14 13:50:37 |  train   | step=9561, pmove=0.53, energy=-47.2492+0.0025j
I | 06-14 13:50:37 |  train   | step=9562, pmove=0.53, energy=-47.2395-0.0035j
I | 06-14 13:50:38 |  train   | step=9563, pmove=0.52, energy=-47.2413-0.0015j
I | 06-14 13:50:38 |  train   | step=9564, pmove=0.53, energy=-47.2044+0.0008j
I | 06-14 13:50:39 |  train   | step=9565, pmove=0.53, energy=-47.2357-0.0015j
I | 06-14 13:50:40 |  train   | step=9566, pmove=0.53, energy=-47.2344+0.0015j
I | 06-14 13:50:40 |  train   | step=9567, pmove=0.52, energy=-47.2350-0.0037j
I | 06-14 13:50:41 |  train   | step=9568, pmove=0.53, energy=-47.2212+0.0005j
I | 06-14 13:50:42 |  train   | step=9569, pmove=0.53, energy=-47.2390+0.0018j
I | 06-14 13:50:42 |  train   | step=9570, pmove=0.52, energy=-47.2242-0.0042j
I | 06-14 13:50:43 |  train   | step=9571, pmove=0.53, energy=-47.2242-0.0014j
I | 06-14 13:50:44 |  train   | step=9572, pmove=0.52, energy=-47.2287+0.0008j
I | 06-14 13:50:44 |  train   | step=9573, pmove=0.53, energy=-47.2458+0.0033j
I | 06-14 13:50:45 |  train   | step=9574, pmove=0.53, energy=-47.2367+0.0015j
I | 06-14 13:50:45 |  train   | step=9575, pmove=0.53, energy=-47.2275-0.0002j
I | 06-14 13:50:46 |  train   | step=9576, pmove=0.52, energy=-47.2338-0.0005j
I | 06-14 13:50:47 |  train   | step=9577, pmove=0.53, energy=-47.2268+0.0001j
I | 06-14 13:50:47 |  train   | step=9578, pmove=0.53, energy=-47.2499-0.0017j
I | 06-14 13:50:48 |  train   | step=9579, pmove=0.53, energy=-47.2383-0.0029j
I | 06-14 13:50:49 |  train   | step=9580, pmove=0.53, energy=-47.2360+0.0011j
I | 06-14 13:50:49 |  train   | step=9581, pmove=0.53, energy=-47.2316-0.0004j
I | 06-14 13:50:50 |  train   | step=9582, pmove=0.53, energy=-47.2300+0.0003j
I | 06-14 13:50:51 |  train   | step=9583, pmove=0.53, energy=-47.2431-0.0010j
I | 06-14 13:50:51 |  train   | step=9584, pmove=0.53, energy=-47.2345+0.0035j
I | 06-14 13:50:52 |  train   | step=9585, pmove=0.53, energy=-47.2362+0.0026j
I | 06-14 13:50:52 |  train   | step=9586, pmove=0.53, energy=-47.2324+0.0015j
I | 06-14 13:50:53 |  train   | step=9587, pmove=0.53, energy=-47.2377-0.0033j
I | 06-14 13:50:54 |  train   | step=9588, pmove=0.53, energy=-47.2487-0.0019j
I | 06-14 13:50:54 |  train   | step=9589, pmove=0.53, energy=-47.2390+0.0000j
I | 06-14 13:50:55 |  train   | step=9590, pmove=0.53, energy=-47.2352-0.0042j
I | 06-14 13:50:56 |  train   | step=9591, pmove=0.53, energy=-47.2371-0.0013j
I | 06-14 13:50:56 |  train   | step=9592, pmove=0.53, energy=-47.2363-0.0023j
I | 06-14 13:50:57 |  train   | step=9593, pmove=0.53, energy=-47.2174+0.0029j
I | 06-14 13:50:58 |  train   | step=9594, pmove=0.53, energy=-47.2383-0.0013j
I | 06-14 13:50:58 |  train   | step=9595, pmove=0.53, energy=-47.2323-0.0021j
I | 06-14 13:50:59 |  train   | step=9596, pmove=0.52, energy=-47.2270-0.0015j
I | 06-14 13:50:59 |  train   | step=9597, pmove=0.53, energy=-47.2277+0.0018j
I | 06-14 13:51:00 |  train   | step=9598, pmove=0.52, energy=-47.2313-0.0012j
I | 06-14 13:51:01 |  train   | step=9599, pmove=0.53, energy=-47.2256+0.0026j
I | 06-14 13:51:01 |  train   | step=9600, pmove=0.53, energy=-47.2247+0.0009j
I | 06-14 13:51:02 |  train   | step=9601, pmove=0.53, energy=-47.2221+0.0034j
I | 06-14 13:51:03 |  train   | step=9602, pmove=0.53, energy=-47.2450+0.0030j
I | 06-14 13:51:03 |  train   | step=9603, pmove=0.53, energy=-47.2236-0.0038j
I | 06-14 13:51:04 |  train   | step=9604, pmove=0.53, energy=-47.2265+0.0013j
I | 06-14 13:51:04 |  train   | step=9605, pmove=0.53, energy=-47.2336+0.0022j
I | 06-14 13:51:05 |  train   | step=9606, pmove=0.53, energy=-47.2288-0.0034j
I | 06-14 13:51:06 |  train   | step=9607, pmove=0.52, energy=-47.2231-0.0015j
I | 06-14 13:51:06 |  train   | step=9608, pmove=0.53, energy=-47.2191+0.0015j
I | 06-14 13:51:07 |  train   | step=9609, pmove=0.53, energy=-47.2383+0.0002j
I | 06-14 13:51:08 |  train   | step=9610, pmove=0.53, energy=-47.2352+0.0021j
I | 06-14 13:51:08 |  train   | step=9611, pmove=0.52, energy=-47.2263+0.0008j
I | 06-14 13:51:09 |  train   | step=9612, pmove=0.52, energy=-47.2260-0.0005j
I | 06-14 13:51:10 |  train   | step=9613, pmove=0.53, energy=-47.2174-0.0024j
I | 06-14 13:51:10 |  train   | step=9614, pmove=0.52, energy=-47.2511+0.0031j
I | 06-14 13:51:11 |  train   | step=9615, pmove=0.53, energy=-47.2243-0.0043j
I | 06-14 13:51:11 |  train   | step=9616, pmove=0.52, energy=-47.2280+0.0014j
I | 06-14 13:51:12 |  train   | step=9617, pmove=0.52, energy=-47.2309+0.0017j
I | 06-14 13:51:13 |  train   | step=9618, pmove=0.53, energy=-47.2173+0.0009j
I | 06-14 13:51:13 |  train   | step=9619, pmove=0.52, energy=-47.2211-0.0028j
I | 06-14 13:51:14 |  train   | step=9620, pmove=0.52, energy=-47.2180-0.0033j
I | 06-14 13:51:15 |  train   | step=9621, pmove=0.53, energy=-47.2444-0.0006j
I | 06-14 13:51:15 |  train   | step=9622, pmove=0.53, energy=-47.2465+0.0027j
I | 06-14 13:51:16 |  train   | step=9623, pmove=0.53, energy=-47.2279+0.0026j
I | 06-14 13:51:17 |  train   | step=9624, pmove=0.53, energy=-47.2338-0.0020j
I | 06-14 13:51:17 |  train   | step=9625, pmove=0.53, energy=-47.2272+0.0009j
I | 06-14 13:51:18 |  train   | step=9626, pmove=0.53, energy=-47.2251-0.0003j
I | 06-14 13:51:18 |  train   | step=9627, pmove=0.53, energy=-47.2324+0.0012j
I | 06-14 13:51:19 |  train   | step=9628, pmove=0.53, energy=-47.2323+0.0044j
I | 06-14 13:51:20 |  train   | step=9629, pmove=0.53, energy=-47.2136-0.0003j
I | 06-14 13:51:20 |  train   | step=9630, pmove=0.53, energy=-47.2421+0.0018j
I | 06-14 13:51:21 |  train   | step=9631, pmove=0.53, energy=-47.2227+0.0007j
I | 06-14 13:51:22 |  train   | step=9632, pmove=0.53, energy=-47.2257+0.0013j
I | 06-14 13:51:22 |  train   | step=9633, pmove=0.52, energy=-47.2329-0.0025j
I | 06-14 13:51:23 |  train   | step=9634, pmove=0.52, energy=-47.2620-0.0046j
I | 06-14 13:51:24 |  train   | step=9635, pmove=0.53, energy=-47.2393-0.0020j
I | 06-14 13:51:24 |  train   | step=9636, pmove=0.53, energy=-47.2277-0.0035j
I | 06-14 13:51:25 |  train   | step=9637, pmove=0.53, energy=-47.2200-0.0064j
I | 06-14 13:51:25 |  train   | step=9638, pmove=0.52, energy=-47.2375+0.0044j
I | 06-14 13:51:26 |  train   | step=9639, pmove=0.53, energy=-47.2456+0.0001j
I | 06-14 13:51:27 |  train   | step=9640, pmove=0.53, energy=-47.2658+0.0040j
I | 06-14 13:51:27 |  train   | step=9641, pmove=0.53, energy=-47.2346-0.0037j
I | 06-14 13:51:28 |  train   | step=9642, pmove=0.53, energy=-47.2532+0.0027j
I | 06-14 13:51:29 |  train   | step=9643, pmove=0.53, energy=-47.2386+0.0016j
I | 06-14 13:51:29 |  train   | step=9644, pmove=0.53, energy=-47.2520+0.0035j
I | 06-14 13:51:30 |  train   | step=9645, pmove=0.53, energy=-47.2289+0.0018j
I | 06-14 13:51:31 |  train   | step=9646, pmove=0.53, energy=-47.2490+0.0001j
I | 06-14 13:51:31 |  train   | step=9647, pmove=0.53, energy=-47.2189-0.0029j
I | 06-14 13:51:32 |  train   | step=9648, pmove=0.53, energy=-47.2376-0.0016j
I | 06-14 13:51:32 |  train   | step=9649, pmove=0.53, energy=-47.2388+0.0034j
I | 06-14 13:51:33 |  train   | step=9650, pmove=0.52, energy=-47.2355-0.0003j
I | 06-14 13:51:34 |  train   | step=9651, pmove=0.53, energy=-47.2363+0.0014j
I | 06-14 13:51:34 |  train   | step=9652, pmove=0.53, energy=-47.2331+0.0012j
I | 06-14 13:51:35 |  train   | step=9653, pmove=0.52, energy=-47.2232+0.0001j
I | 06-14 13:51:36 |  train   | step=9654, pmove=0.53, energy=-47.2373+0.0036j
I | 06-14 13:51:36 |  train   | step=9655, pmove=0.52, energy=-47.2335-0.0038j
I | 06-14 13:51:37 |  train   | step=9656, pmove=0.52, energy=-47.2177-0.0005j
I | 06-14 13:51:38 |  train   | step=9657, pmove=0.52, energy=-47.2454+0.0019j
I | 06-14 13:51:38 |  train   | step=9658, pmove=0.53, energy=-47.2191+0.0060j
I | 06-14 13:51:39 |  train   | step=9659, pmove=0.52, energy=-47.2325+0.0005j
I | 06-14 13:51:39 |  train   | step=9660, pmove=0.52, energy=-47.2378-0.0015j
I | 06-14 13:51:40 |  train   | step=9661, pmove=0.52, energy=-47.2430+0.0012j
I | 06-14 13:51:41 |  train   | step=9662, pmove=0.53, energy=-47.2294+0.0008j
I | 06-14 13:51:41 |  train   | step=9663, pmove=0.53, energy=-47.2395+0.0014j
I | 06-14 13:51:42 |  train   | step=9664, pmove=0.53, energy=-47.2428-0.0000j
I | 06-14 13:51:43 |  train   | step=9665, pmove=0.53, energy=-47.2355-0.0014j
I | 06-14 13:51:43 |  train   | step=9666, pmove=0.52, energy=-47.2359-0.0071j
I | 06-14 13:51:44 |  train   | step=9667, pmove=0.52, energy=-47.2406+0.0030j
I | 06-14 13:51:44 |  train   | step=9668, pmove=0.53, energy=-47.2432+0.0010j
I | 06-14 13:51:45 |  train   | step=9669, pmove=0.53, energy=-47.2478+0.0007j
I | 06-14 13:51:46 |  train   | step=9670, pmove=0.52, energy=-47.2540+0.0032j
I | 06-14 13:51:46 |  train   | step=9671, pmove=0.52, energy=-47.2288-0.0013j
I | 06-14 13:51:47 |  train   | step=9672, pmove=0.53, energy=-47.2348-0.0007j
I | 06-14 13:51:48 |  train   | step=9673, pmove=0.52, energy=-47.2594+0.0054j
I | 06-14 13:51:48 |  train   | step=9674, pmove=0.52, energy=-47.2557-0.0023j
I | 06-14 13:51:49 |  train   | step=9675, pmove=0.53, energy=-47.2303+0.0003j
I | 06-14 13:51:50 |  train   | step=9676, pmove=0.53, energy=-47.2428+0.0024j
I | 06-14 13:51:50 |  train   | step=9677, pmove=0.52, energy=-47.2451+0.0007j
I | 06-14 13:51:51 |  train   | step=9678, pmove=0.52, energy=-47.2282+0.0013j
I | 06-14 13:51:51 |  train   | step=9679, pmove=0.52, energy=-47.2422+0.0008j
I | 06-14 13:51:52 |  train   | step=9680, pmove=0.52, energy=-47.2399-0.0029j
I | 06-14 13:51:53 |  train   | step=9681, pmove=0.52, energy=-47.2331+0.0025j
I | 06-14 13:51:53 |  train   | step=9682, pmove=0.53, energy=-47.2127-0.0312j
I | 06-14 13:51:54 |  train   | step=9683, pmove=0.52, energy=-47.2418+0.0045j
I | 06-14 13:51:55 |  train   | step=9684, pmove=0.52, energy=-47.2309-0.0007j
I | 06-14 13:51:55 |  train   | step=9685, pmove=0.52, energy=-47.2362+0.0048j
I | 06-14 13:51:56 |  train   | step=9686, pmove=0.52, energy=-47.2457+0.0008j
I | 06-14 13:51:57 |  train   | step=9687, pmove=0.52, energy=-47.1871+0.0460j
I | 06-14 13:51:57 |  train   | step=9688, pmove=0.53, energy=-47.2398+0.0014j
I | 06-14 13:51:58 |  train   | step=9689, pmove=0.53, energy=-47.2125-0.0006j
I | 06-14 13:51:58 |  train   | step=9690, pmove=0.53, energy=-47.2203-0.0024j
I | 06-14 13:51:59 |  train   | step=9691, pmove=0.52, energy=-47.2436+0.0008j
I | 06-14 13:52:00 |  train   | step=9692, pmove=0.53, energy=-47.2189-0.0035j
I | 06-14 13:52:00 |  train   | step=9693, pmove=0.52, energy=-47.2266+0.0005j
I | 06-14 13:52:01 |  train   | step=9694, pmove=0.52, energy=-47.2331-0.0025j
I | 06-14 13:52:02 |  train   | step=9695, pmove=0.52, energy=-47.2345+0.0014j
I | 06-14 13:52:02 |  train   | step=9696, pmove=0.52, energy=-47.2258+0.0027j
I | 06-14 13:52:03 |  train   | step=9697, pmove=0.53, energy=-47.2450+0.0002j
I | 06-14 13:52:04 |  train   | step=9698, pmove=0.52, energy=-47.2499-0.0023j
I | 06-14 13:52:04 |  train   | step=9699, pmove=0.53, energy=-47.2298+0.0025j
I | 06-14 13:52:05 |  train   | step=9700, pmove=0.53, energy=-47.2420-0.0013j
I | 06-14 13:52:05 |  train   | step=9701, pmove=0.52, energy=-47.2279+0.0002j
I | 06-14 13:52:06 |  train   | step=9702, pmove=0.53, energy=-47.2320+0.0030j
I | 06-14 13:52:07 |  train   | step=9703, pmove=0.53, energy=-47.2586-0.0006j
I | 06-14 13:52:07 |  train   | step=9704, pmove=0.53, energy=-47.2397+0.0013j
I | 06-14 13:52:08 |  train   | step=9705, pmove=0.52, energy=-47.2401-0.0033j
I | 06-14 13:52:09 |  train   | step=9706, pmove=0.53, energy=-47.2308-0.0011j
I | 06-14 13:52:09 |  train   | step=9707, pmove=0.52, energy=-47.2362+0.0014j
I | 06-14 13:52:10 |  train   | step=9708, pmove=0.53, energy=-47.2620+0.0042j
I | 06-14 13:52:11 |  train   | step=9709, pmove=0.52, energy=-47.2244-0.0043j
I | 06-14 13:52:11 |  train   | step=9710, pmove=0.53, energy=-47.2389+0.0009j
I | 06-14 13:52:12 |  train   | step=9711, pmove=0.52, energy=-47.2382-0.0012j
I | 06-14 13:52:12 |  train   | step=9712, pmove=0.52, energy=-47.2367-0.0032j
I | 06-14 13:52:13 |  train   | step=9713, pmove=0.52, energy=-47.2368+0.0005j
I | 06-14 13:52:14 |  train   | step=9714, pmove=0.53, energy=-47.2366-0.0004j
I | 06-14 13:52:14 |  train   | step=9715, pmove=0.53, energy=-47.2362-0.0012j
I | 06-14 13:52:15 |  train   | step=9716, pmove=0.52, energy=-47.2344+0.0062j
I | 06-14 13:52:16 |  train   | step=9717, pmove=0.53, energy=-47.2211+0.0013j
I | 06-14 13:52:16 |  train   | step=9718, pmove=0.53, energy=-47.2509+0.0005j
I | 06-14 13:52:17 |  train   | step=9719, pmove=0.53, energy=-47.2209-0.0049j
I | 06-14 13:52:17 |  train   | step=9720, pmove=0.52, energy=-47.2343+0.0025j
I | 06-14 13:52:18 |  train   | step=9721, pmove=0.53, energy=-47.2268+0.0017j
I | 06-14 13:52:19 |  train   | step=9722, pmove=0.52, energy=-47.2288+0.0009j
I | 06-14 13:52:19 |  train   | step=9723, pmove=0.53, energy=-47.2344-0.0050j
I | 06-14 13:52:20 |  train   | step=9724, pmove=0.53, energy=-47.2300+0.0005j
I | 06-14 13:52:21 |  train   | step=9725, pmove=0.52, energy=-47.2282+0.0021j
I | 06-14 13:52:21 |  train   | step=9726, pmove=0.52, energy=-47.2436-0.0030j
I | 06-14 13:52:22 |  train   | step=9727, pmove=0.52, energy=-47.2610-0.0041j
I | 06-14 13:52:23 |  train   | step=9728, pmove=0.52, energy=-47.2254-0.0029j
I | 06-14 13:52:23 |  train   | step=9729, pmove=0.53, energy=-47.2266+0.0001j
I | 06-14 13:52:24 |  train   | step=9730, pmove=0.52, energy=-47.2419+0.0041j
I | 06-14 13:52:24 |  train   | step=9731, pmove=0.52, energy=-47.2377+0.0015j
I | 06-14 13:52:25 |  train   | step=9732, pmove=0.52, energy=-47.2213+0.0028j
I | 06-14 13:52:26 |  train   | step=9733, pmove=0.52, energy=-47.2256+0.0026j
I | 06-14 13:52:26 |  train   | step=9734, pmove=0.53, energy=-47.2331-0.0019j
I | 06-14 13:52:27 |  train   | step=9735, pmove=0.52, energy=-47.2463+0.0007j
I | 06-14 13:52:28 |  train   | step=9736, pmove=0.52, energy=-47.2138+0.0010j
I | 06-14 13:52:28 |  train   | step=9737, pmove=0.53, energy=-47.2433+0.0003j
I | 06-14 13:52:29 |  train   | step=9738, pmove=0.53, energy=-47.2197+0.0038j
I | 06-14 13:52:30 |  train   | step=9739, pmove=0.52, energy=-47.2362+0.0009j
I | 06-14 13:52:30 |  train   | step=9740, pmove=0.53, energy=-47.2313+0.0027j
I | 06-14 13:52:31 |  train   | step=9741, pmove=0.53, energy=-47.2337-0.0037j
I | 06-14 13:52:31 |  train   | step=9742, pmove=0.52, energy=-47.2351-0.0026j
I | 06-14 13:52:32 |  train   | step=9743, pmove=0.52, energy=-47.2247-0.0015j
I | 06-14 13:52:33 |  train   | step=9744, pmove=0.53, energy=-47.2367-0.0012j
I | 06-14 13:52:33 |  train   | step=9745, pmove=0.52, energy=-47.2269-0.0018j
I | 06-14 13:52:34 |  train   | step=9746, pmove=0.52, energy=-47.2432-0.0012j
I | 06-14 13:52:35 |  train   | step=9747, pmove=0.53, energy=-47.2457+0.0056j
I | 06-14 13:52:35 |  train   | step=9748, pmove=0.53, energy=-47.2370-0.0016j
I | 06-14 13:52:36 |  train   | step=9749, pmove=0.53, energy=-47.2318+0.0009j
I | 06-14 13:52:37 |  train   | step=9750, pmove=0.52, energy=-47.2212-0.0028j
I | 06-14 13:52:37 |  train   | step=9751, pmove=0.52, energy=-47.2288+0.0011j
I | 06-14 13:52:38 |  train   | step=9752, pmove=0.53, energy=-47.2350+0.0014j
I | 06-14 13:52:38 |  train   | step=9753, pmove=0.53, energy=-47.2391-0.0008j
I | 06-14 13:52:39 |  train   | step=9754, pmove=0.53, energy=-47.2213-0.0000j
I | 06-14 13:52:40 |  train   | step=9755, pmove=0.52, energy=-47.2190-0.0014j
I | 06-14 13:52:40 |  train   | step=9756, pmove=0.53, energy=-47.2425+0.0012j
I | 06-14 13:52:41 |  train   | step=9757, pmove=0.52, energy=-47.2414-0.0005j
I | 06-14 13:52:42 |  train   | step=9758, pmove=0.52, energy=-47.2217+0.0002j
I | 06-14 13:52:42 |  train   | step=9759, pmove=0.53, energy=-47.2248+0.0021j
I | 06-14 13:52:43 |  train   | step=9760, pmove=0.53, energy=-47.2388-0.0017j
I | 06-14 13:52:44 |  train   | step=9761, pmove=0.52, energy=-47.2621-0.0065j
I | 06-14 13:52:44 |  train   | step=9762, pmove=0.53, energy=-47.2267+0.0000j
I | 06-14 13:52:45 |  train   | step=9763, pmove=0.53, energy=-47.2300+0.0012j
I | 06-14 13:52:45 |  train   | step=9764, pmove=0.53, energy=-47.2460+0.0026j
I | 06-14 13:52:46 |  train   | step=9765, pmove=0.52, energy=-47.2467-0.0007j
I | 06-14 13:52:47 |  train   | step=9766, pmove=0.52, energy=-47.2419+0.0006j
I | 06-14 13:52:47 |  train   | step=9767, pmove=0.53, energy=-47.2293-0.0033j
I | 06-14 13:52:48 |  train   | step=9768, pmove=0.53, energy=-47.2468-0.0008j
I | 06-14 13:52:49 |  train   | step=9769, pmove=0.53, energy=-47.2399+0.0007j
I | 06-14 13:52:49 |  train   | step=9770, pmove=0.52, energy=-47.2313+0.0003j
I | 06-14 13:52:50 |  train   | step=9771, pmove=0.52, energy=-47.2422+0.0003j
I | 06-14 13:52:51 |  train   | step=9772, pmove=0.52, energy=-47.2253-0.0056j
I | 06-14 13:52:51 |  train   | step=9773, pmove=0.52, energy=-47.2319+0.0007j
I | 06-14 13:52:52 |  train   | step=9774, pmove=0.53, energy=-47.2376-0.0021j
I | 06-14 13:52:52 |  train   | step=9775, pmove=0.53, energy=-47.2390-0.0033j
I | 06-14 13:52:53 |  train   | step=9776, pmove=0.52, energy=-47.2304+0.0017j
I | 06-14 13:52:54 |  train   | step=9777, pmove=0.52, energy=-47.2380-0.0063j
I | 06-14 13:52:54 |  train   | step=9778, pmove=0.53, energy=-47.2401-0.0005j
I | 06-14 13:52:55 |  train   | step=9779, pmove=0.53, energy=-47.2454-0.0005j
I | 06-14 13:52:56 |  train   | step=9780, pmove=0.53, energy=-47.2312+0.0040j
I | 06-14 13:52:56 |  train   | step=9781, pmove=0.52, energy=-47.2235+0.0036j
I | 06-14 13:52:57 |  train   | step=9782, pmove=0.53, energy=-47.2300+0.0008j
I | 06-14 13:52:57 |  train   | step=9783, pmove=0.53, energy=-47.2266-0.0015j
I | 06-14 13:52:58 |  train   | step=9784, pmove=0.53, energy=-47.2200-0.0028j
I | 06-14 13:52:59 |  train   | step=9785, pmove=0.53, energy=-47.2409-0.0019j
I | 06-14 13:52:59 |  train   | step=9786, pmove=0.52, energy=-47.2372-0.0005j
I | 06-14 13:53:00 |  train   | step=9787, pmove=0.53, energy=-47.2443+0.0017j
I | 06-14 13:53:01 |  train   | step=9788, pmove=0.52, energy=-47.2339+0.0006j
I | 06-14 13:53:01 |  train   | step=9789, pmove=0.53, energy=-47.2231+0.0019j
I | 06-14 13:53:02 |  train   | step=9790, pmove=0.52, energy=-47.2474-0.0166j
I | 06-14 13:53:03 |  train   | step=9791, pmove=0.53, energy=-47.2280-0.0028j
I | 06-14 13:53:03 |  train   | step=9792, pmove=0.52, energy=-47.2308-0.0015j
I | 06-14 13:53:04 |  train   | step=9793, pmove=0.53, energy=-47.2275-0.0012j
I | 06-14 13:53:04 |  train   | step=9794, pmove=0.52, energy=-47.2386+0.0016j
I | 06-14 13:53:05 |  train   | step=9795, pmove=0.53, energy=-47.2513-0.0010j
I | 06-14 13:53:06 |  train   | step=9796, pmove=0.53, energy=-47.2263-0.0009j
I | 06-14 13:53:06 |  train   | step=9797, pmove=0.53, energy=-47.2387+0.0020j
I | 06-14 13:53:07 |  train   | step=9798, pmove=0.53, energy=-47.2348-0.0014j
I | 06-14 13:53:08 |  train   | step=9799, pmove=0.53, energy=-47.2317-0.0006j
I | 06-14 13:53:08 |  train   | step=9800, pmove=0.52, energy=-47.2374-0.0031j
I | 06-14 13:53:09 |  train   | step=9801, pmove=0.53, energy=-47.2317+0.0005j
I | 06-14 13:53:10 |  train   | step=9802, pmove=0.52, energy=-47.2214-0.0017j
I | 06-14 13:53:10 |  train   | step=9803, pmove=0.53, energy=-47.2393+0.0015j
I | 06-14 13:53:11 |  train   | step=9804, pmove=0.53, energy=-47.2403-0.0011j
I | 06-14 13:53:11 |  train   | step=9805, pmove=0.53, energy=-47.2370+0.0006j
I | 06-14 13:53:12 |  train   | step=9806, pmove=0.53, energy=-47.2377+0.0004j
I | 06-14 13:53:13 |  train   | step=9807, pmove=0.53, energy=-47.2385-0.0069j
I | 06-14 13:53:13 |  train   | step=9808, pmove=0.53, energy=-47.2409-0.0022j
I | 06-14 13:53:14 |  train   | step=9809, pmove=0.53, energy=-47.2369-0.0048j
I | 06-14 13:53:15 |  train   | step=9810, pmove=0.52, energy=-47.2374+0.0076j
I | 06-14 13:53:15 |  train   | step=9811, pmove=0.52, energy=-47.2182+0.0029j
I | 06-14 13:53:16 |  train   | step=9812, pmove=0.52, energy=-47.2298+0.0050j
I | 06-14 13:53:17 |  train   | step=9813, pmove=0.52, energy=-47.2278-0.0007j
I | 06-14 13:53:17 |  train   | step=9814, pmove=0.53, energy=-47.2436-0.0005j
I | 06-14 13:53:18 |  train   | step=9815, pmove=0.53, energy=-47.2340-0.0043j
I | 06-14 13:53:18 |  train   | step=9816, pmove=0.53, energy=-47.2323-0.0024j
I | 06-14 13:53:19 |  train   | step=9817, pmove=0.52, energy=-47.2168-0.0032j
I | 06-14 13:53:20 |  train   | step=9818, pmove=0.53, energy=-47.2418+0.0002j
I | 06-14 13:53:20 |  train   | step=9819, pmove=0.53, energy=-47.2412+0.0038j
I | 06-14 13:53:21 |  train   | step=9820, pmove=0.53, energy=-47.2263+0.0000j
I | 06-14 13:53:22 |  train   | step=9821, pmove=0.52, energy=-47.2479+0.0015j
I | 06-14 13:53:22 |  train   | step=9822, pmove=0.52, energy=-47.2167-0.0028j
I | 06-14 13:53:23 |  train   | step=9823, pmove=0.52, energy=-47.2309-0.0012j
I | 06-14 13:53:24 |  train   | step=9824, pmove=0.52, energy=-47.2392-0.0016j
I | 06-14 13:53:24 |  train   | step=9825, pmove=0.53, energy=-47.2193-0.0001j
I | 06-14 13:53:25 |  train   | step=9826, pmove=0.52, energy=-47.2400-0.0053j
I | 06-14 13:53:25 |  train   | step=9827, pmove=0.53, energy=-47.2375+0.0030j
I | 06-14 13:53:26 |  train   | step=9828, pmove=0.52, energy=-47.2442-0.0011j
I | 06-14 13:53:27 |  train   | step=9829, pmove=0.53, energy=-47.2418-0.0028j
I | 06-14 13:53:27 |  train   | step=9830, pmove=0.53, energy=-47.2260-0.0003j
I | 06-14 13:53:28 |  train   | step=9831, pmove=0.53, energy=-47.2410+0.0015j
I | 06-14 13:53:29 |  train   | step=9832, pmove=0.53, energy=-47.2394-0.0009j
I | 06-14 13:53:29 |  train   | step=9833, pmove=0.53, energy=-47.2325-0.0014j
I | 06-14 13:53:30 |  train   | step=9834, pmove=0.53, energy=-47.2133+0.0004j
I | 06-14 13:53:31 |  train   | step=9835, pmove=0.53, energy=-47.2304+0.0015j
I | 06-14 13:53:31 |  train   | step=9836, pmove=0.53, energy=-47.2240+0.0009j
I | 06-14 13:53:32 |  train   | step=9837, pmove=0.53, energy=-47.2292+0.0002j
I | 06-14 13:53:32 |  train   | step=9838, pmove=0.53, energy=-47.2229+0.0012j
I | 06-14 13:53:33 |  train   | step=9839, pmove=0.53, energy=-47.2316-0.0002j
I | 06-14 13:53:34 |  train   | step=9840, pmove=0.53, energy=-47.2298-0.0020j
I | 06-14 13:53:34 |  train   | step=9841, pmove=0.53, energy=-47.2299+0.0033j
I | 06-14 13:53:35 |  train   | step=9842, pmove=0.53, energy=-47.2352+0.0029j
I | 06-14 13:53:36 |  train   | step=9843, pmove=0.53, energy=-47.2455-0.0006j
I | 06-14 13:53:36 |  train   | step=9844, pmove=0.52, energy=-47.2316-0.0021j
I | 06-14 13:53:37 |  train   | step=9845, pmove=0.53, energy=-47.2418+0.0019j
I | 06-14 13:53:38 |  train   | step=9846, pmove=0.53, energy=-47.2319+0.0001j
I | 06-14 13:53:38 |  train   | step=9847, pmove=0.52, energy=-47.2217-0.0015j
I | 06-14 13:53:39 |  train   | step=9848, pmove=0.53, energy=-47.2357-0.0007j
I | 06-14 13:53:39 |  train   | step=9849, pmove=0.53, energy=-47.2421-0.0024j
I | 06-14 13:53:40 |  train   | step=9850, pmove=0.53, energy=-47.2394+0.0007j
I | 06-14 13:53:41 |  train   | step=9851, pmove=0.53, energy=-47.2450+0.0009j
I | 06-14 13:53:41 |  train   | step=9852, pmove=0.53, energy=-47.2364-0.0024j
I | 06-14 13:53:42 |  train   | step=9853, pmove=0.53, energy=-47.2428-0.0027j
I | 06-14 13:53:43 |  train   | step=9854, pmove=0.53, energy=-47.2422-0.0023j
I | 06-14 13:53:43 |  train   | step=9855, pmove=0.53, energy=-47.2366+0.0016j
I | 06-14 13:53:44 |  train   | step=9856, pmove=0.53, energy=-47.2350+0.0053j
I | 06-14 13:53:44 |  train   | step=9857, pmove=0.53, energy=-47.2299+0.0025j
I | 06-14 13:53:45 |  train   | step=9858, pmove=0.53, energy=-47.2436+0.0038j
I | 06-14 13:53:46 |  train   | step=9859, pmove=0.52, energy=-47.2193-0.0008j
I | 06-14 13:53:46 |  train   | step=9860, pmove=0.53, energy=-47.2493+0.0024j
I | 06-14 13:53:47 |  train   | step=9861, pmove=0.53, energy=-47.2330-0.0012j
I | 06-14 13:53:48 |  train   | step=9862, pmove=0.53, energy=-47.2562+0.0037j
I | 06-14 13:53:48 |  train   | step=9863, pmove=0.53, energy=-47.2482-0.0000j
I | 06-14 13:53:49 |  train   | step=9864, pmove=0.53, energy=-47.2398-0.0007j
I | 06-14 13:53:50 |  train   | step=9865, pmove=0.53, energy=-47.2439-0.0027j
I | 06-14 13:53:50 |  train   | step=9866, pmove=0.52, energy=-47.2275-0.0005j
I | 06-14 13:53:51 |  train   | step=9867, pmove=0.53, energy=-47.2409-0.0008j
I | 06-14 13:53:51 |  train   | step=9868, pmove=0.52, energy=-47.2214+0.0022j
I | 06-14 13:53:52 |  train   | step=9869, pmove=0.53, energy=-47.2277+0.0030j
I | 06-14 13:53:53 |  train   | step=9870, pmove=0.53, energy=-47.2385-0.0023j
I | 06-14 13:53:53 |  train   | step=9871, pmove=0.53, energy=-47.2516+0.0010j
I | 06-14 13:53:54 |  train   | step=9872, pmove=0.53, energy=-47.2342+0.0014j
I | 06-14 13:53:55 |  train   | step=9873, pmove=0.52, energy=-47.2286+0.0033j
I | 06-14 13:53:55 |  train   | step=9874, pmove=0.52, energy=-47.2437-0.0024j
I | 06-14 13:53:56 |  train   | step=9875, pmove=0.52, energy=-47.2330+0.0013j
I | 06-14 13:53:57 |  train   | step=9876, pmove=0.53, energy=-47.2395+0.0001j
I | 06-14 13:53:57 |  train   | step=9877, pmove=0.53, energy=-47.2346+0.0010j
I | 06-14 13:53:58 |  train   | step=9878, pmove=0.53, energy=-47.2304+0.0012j
I | 06-14 13:53:58 |  train   | step=9879, pmove=0.53, energy=-47.2314+0.0136j
I | 06-14 13:53:59 |  train   | step=9880, pmove=0.53, energy=-47.2440-0.0026j
I | 06-14 13:54:00 |  train   | step=9881, pmove=0.52, energy=-47.2286+0.0021j
I | 06-14 13:54:00 |  train   | step=9882, pmove=0.53, energy=-47.2543-0.0005j
I | 06-14 13:54:01 |  train   | step=9883, pmove=0.52, energy=-47.2389-0.0021j
I | 06-14 13:54:02 |  train   | step=9884, pmove=0.52, energy=-47.2335-0.0015j
I | 06-14 13:54:02 |  train   | step=9885, pmove=0.52, energy=-47.2283-0.0006j
I | 06-14 13:54:03 |  train   | step=9886, pmove=0.53, energy=-47.2352+0.0004j
I | 06-14 13:54:04 |  train   | step=9887, pmove=0.52, energy=-47.2490-0.0000j
I | 06-14 13:54:04 |  train   | step=9888, pmove=0.53, energy=-47.2550-0.0030j
I | 06-14 13:54:05 |  train   | step=9889, pmove=0.52, energy=-47.2371-0.0004j
I | 06-14 13:54:05 |  train   | step=9890, pmove=0.53, energy=-47.2419-0.0001j
I | 06-14 13:54:06 |  train   | step=9891, pmove=0.53, energy=-47.2387+0.0010j
I | 06-14 13:54:07 |  train   | step=9892, pmove=0.53, energy=-47.2393+0.0018j
I | 06-14 13:54:07 |  train   | step=9893, pmove=0.53, energy=-47.2325-0.0014j
I | 06-14 13:54:08 |  train   | step=9894, pmove=0.53, energy=-47.2394+0.0029j
I | 06-14 13:54:09 |  train   | step=9895, pmove=0.52, energy=-47.2267-0.0003j
I | 06-14 13:54:09 |  train   | step=9896, pmove=0.53, energy=-47.2399+0.0043j
I | 06-14 13:54:10 |  train   | step=9897, pmove=0.53, energy=-47.2350+0.0045j
I | 06-14 13:54:11 |  train   | step=9898, pmove=0.52, energy=-47.2398+0.0030j
I | 06-14 13:54:11 |  train   | step=9899, pmove=0.53, energy=-47.2439+0.0006j
I | 06-14 13:54:12 |  train   | step=9900, pmove=0.53, energy=-47.2424+0.0016j
I | 06-14 13:54:12 |  train   | step=9901, pmove=0.53, energy=-47.2384-0.0012j
I | 06-14 13:54:13 |  train   | step=9902, pmove=0.53, energy=-47.2216+0.0031j
I | 06-14 13:54:14 |  train   | step=9903, pmove=0.53, energy=-47.2459-0.0056j
I | 06-14 13:54:14 |  train   | step=9904, pmove=0.52, energy=-47.2214+0.0055j
I | 06-14 13:54:15 |  train   | step=9905, pmove=0.53, energy=-47.2318-0.0005j
I | 06-14 13:54:16 |  train   | step=9906, pmove=0.53, energy=-47.2274+0.0016j
I | 06-14 13:54:16 |  train   | step=9907, pmove=0.52, energy=-47.2376+0.0012j
I | 06-14 13:54:17 |  train   | step=9908, pmove=0.53, energy=-47.2213+0.0005j
I | 06-14 13:54:18 |  train   | step=9909, pmove=0.53, energy=-47.2358+0.0003j
I | 06-14 13:54:18 |  train   | step=9910, pmove=0.53, energy=-47.2503+0.0005j
I | 06-14 13:54:19 |  train   | step=9911, pmove=0.53, energy=-47.2445+0.0026j
I | 06-14 13:54:19 |  train   | step=9912, pmove=0.52, energy=-47.2265+0.0017j
I | 06-14 13:54:20 |  train   | step=9913, pmove=0.53, energy=-47.2345+0.0018j
I | 06-14 13:54:21 |  train   | step=9914, pmove=0.53, energy=-47.2349+0.0023j
I | 06-14 13:54:21 |  train   | step=9915, pmove=0.53, energy=-47.2368+0.0006j
I | 06-14 13:54:22 |  train   | step=9916, pmove=0.53, energy=-47.2424-0.0046j
I | 06-14 13:54:23 |  train   | step=9917, pmove=0.53, energy=-47.2401-0.0006j
I | 06-14 13:54:23 |  train   | step=9918, pmove=0.52, energy=-47.2312+0.0007j
I | 06-14 13:54:24 |  train   | step=9919, pmove=0.53, energy=-47.2410+0.0064j
I | 06-14 13:54:25 |  train   | step=9920, pmove=0.53, energy=-47.2464+0.0010j
I | 06-14 13:54:25 |  train   | step=9921, pmove=0.53, energy=-47.2359+0.0017j
I | 06-14 13:54:26 |  train   | step=9922, pmove=0.53, energy=-47.2437-0.0007j
I | 06-14 13:54:26 |  train   | step=9923, pmove=0.53, energy=-47.2423+0.0004j
I | 06-14 13:54:27 |  train   | step=9924, pmove=0.53, energy=-47.2312-0.0002j
I | 06-14 13:54:28 |  train   | step=9925, pmove=0.53, energy=-47.2553-0.0001j
I | 06-14 13:54:28 |  train   | step=9926, pmove=0.53, energy=-47.2452+0.0018j
I | 06-14 13:54:29 |  train   | step=9927, pmove=0.53, energy=-47.2194+0.0013j
I | 06-14 13:54:30 |  train   | step=9928, pmove=0.53, energy=-47.2135-0.0029j
I | 06-14 13:54:30 |  train   | step=9929, pmove=0.53, energy=-47.2441-0.0037j
I | 06-14 13:54:31 |  train   | step=9930, pmove=0.53, energy=-47.2428+0.0005j
I | 06-14 13:54:31 |  train   | step=9931, pmove=0.53, energy=-47.2270+0.0025j
I | 06-14 13:54:32 |  train   | step=9932, pmove=0.53, energy=-47.2284-0.0014j
I | 06-14 13:54:33 |  train   | step=9933, pmove=0.53, energy=-47.2348-0.0014j
I | 06-14 13:54:33 |  train   | step=9934, pmove=0.53, energy=-47.2448+0.0025j
I | 06-14 13:54:34 |  train   | step=9935, pmove=0.53, energy=-47.2285-0.0018j
I | 06-14 13:54:35 |  train   | step=9936, pmove=0.53, energy=-47.2416+0.0034j
I | 06-14 13:54:35 |  train   | step=9937, pmove=0.53, energy=-47.2418+0.0006j
I | 06-14 13:54:36 |  train   | step=9938, pmove=0.52, energy=-47.2383-0.0021j
I | 06-14 13:54:37 |  train   | step=9939, pmove=0.53, energy=-47.2356-0.0000j
I | 06-14 13:54:37 |  train   | step=9940, pmove=0.53, energy=-47.2527-0.0044j
I | 06-14 13:54:38 |  train   | step=9941, pmove=0.52, energy=-47.2259-0.0022j
I | 06-14 13:54:38 |  train   | step=9942, pmove=0.53, energy=-47.2345+0.0005j
I | 06-14 13:54:39 |  train   | step=9943, pmove=0.53, energy=-47.2317-0.0008j
I | 06-14 13:54:40 |  train   | step=9944, pmove=0.52, energy=-47.2465-0.0029j
I | 06-14 13:54:40 |  train   | step=9945, pmove=0.53, energy=-47.2326+0.0012j
I | 06-14 13:54:41 |  train   | step=9946, pmove=0.52, energy=-47.2348+0.0015j
I | 06-14 13:54:42 |  train   | step=9947, pmove=0.53, energy=-47.2314+0.0007j
I | 06-14 13:54:42 |  train   | step=9948, pmove=0.53, energy=-47.2414+0.0034j
I | 06-14 13:54:43 |  train   | step=9949, pmove=0.52, energy=-47.2391+0.0024j
I | 06-14 13:54:44 |  train   | step=9950, pmove=0.53, energy=-47.2459+0.0040j
I | 06-14 13:54:44 |  train   | step=9951, pmove=0.53, energy=-47.2392+0.0008j
I | 06-14 13:54:45 |  train   | step=9952, pmove=0.53, energy=-47.2467-0.0014j
I | 06-14 13:54:45 |  train   | step=9953, pmove=0.53, energy=-47.2358-0.0016j
I | 06-14 13:54:46 |  train   | step=9954, pmove=0.52, energy=-47.2286+0.0006j
I | 06-14 13:54:47 |  train   | step=9955, pmove=0.53, energy=-47.2372-0.0020j
I | 06-14 13:54:47 |  train   | step=9956, pmove=0.53, energy=-47.2298+0.0013j
I | 06-14 13:54:48 |  train   | step=9957, pmove=0.52, energy=-47.2364+0.0008j
I | 06-14 13:54:49 |  train   | step=9958, pmove=0.53, energy=-47.2515+0.0017j
I | 06-14 13:54:49 |  train   | step=9959, pmove=0.52, energy=-47.2502-0.0051j
I | 06-14 13:54:50 |  train   | step=9960, pmove=0.53, energy=-47.2250-0.0049j
I | 06-14 13:54:51 |  train   | step=9961, pmove=0.52, energy=-47.2226+0.0054j
I | 06-14 13:54:51 |  train   | step=9962, pmove=0.53, energy=-47.2217+0.0029j
I | 06-14 13:54:52 |  train   | step=9963, pmove=0.53, energy=-47.2308-0.0024j
I | 06-14 13:54:52 |  train   | step=9964, pmove=0.53, energy=-47.2602-0.0036j
I | 06-14 13:54:53 |  train   | step=9965, pmove=0.52, energy=-47.2315-0.0021j
I | 06-14 13:54:54 |  train   | step=9966, pmove=0.52, energy=-47.2355+0.0003j
I | 06-14 13:54:54 |  train   | step=9967, pmove=0.52, energy=-47.1899+0.0160j
I | 06-14 13:54:55 |  train   | step=9968, pmove=0.52, energy=-47.2253+0.0054j
I | 06-14 13:54:56 |  train   | step=9969, pmove=0.52, energy=-47.2481+0.0044j
I | 06-14 13:54:56 |  train   | step=9970, pmove=0.52, energy=-47.2372-0.0005j
I | 06-14 13:54:57 |  train   | step=9971, pmove=0.52, energy=-47.2369-0.0000j
I | 06-14 13:54:58 |  train   | step=9972, pmove=0.52, energy=-47.2165+0.0068j
I | 06-14 13:54:58 |  train   | step=9973, pmove=0.53, energy=-47.2472-0.0002j
I | 06-14 13:54:59 |  train   | step=9974, pmove=0.53, energy=-47.2091-0.0027j
I | 06-14 13:54:59 |  train   | step=9975, pmove=0.53, energy=-47.2197+0.0033j
I | 06-14 13:55:00 |  train   | step=9976, pmove=0.52, energy=-47.2423+0.0012j
I | 06-14 13:55:01 |  train   | step=9977, pmove=0.52, energy=-47.2310+0.0024j
I | 06-14 13:55:01 |  train   | step=9978, pmove=0.53, energy=-47.2290+0.0177j
I | 06-14 13:55:02 |  train   | step=9979, pmove=0.52, energy=-47.2597+0.0046j
I | 06-14 13:55:03 |  train   | step=9980, pmove=0.52, energy=-47.2267+0.0004j
I | 06-14 13:55:03 |  train   | step=9981, pmove=0.52, energy=-47.2324+0.0008j
I | 06-14 13:55:04 |  train   | step=9982, pmove=0.53, energy=-47.2259+0.0021j
I | 06-14 13:55:05 |  train   | step=9983, pmove=0.53, energy=-47.2396-0.0002j
I | 06-14 13:55:05 |  train   | step=9984, pmove=0.53, energy=-47.2318-0.0050j
I | 06-14 13:55:06 |  train   | step=9985, pmove=0.53, energy=-47.2407+0.0014j
I | 06-14 13:55:06 |  train   | step=9986, pmove=0.53, energy=-47.2365-0.0011j
I | 06-14 13:55:07 |  train   | step=9987, pmove=0.53, energy=-47.2229-0.0023j
I | 06-14 13:55:08 |  train   | step=9988, pmove=0.53, energy=-47.1924+0.0441j
I | 06-14 13:55:08 |  train   | step=9989, pmove=0.53, energy=-47.2306-0.0029j
I | 06-14 13:55:09 |  train   | step=9990, pmove=0.53, energy=-47.2399-0.0052j
I | 06-14 13:55:10 |  train   | step=9991, pmove=0.53, energy=-47.2363-0.0015j
I | 06-14 13:55:10 |  train   | step=9992, pmove=0.53, energy=-47.2204-0.0046j
I | 06-14 13:55:11 |  train   | step=9993, pmove=0.52, energy=-47.2166+0.0032j
I | 06-14 13:55:12 |  train   | step=9994, pmove=0.52, energy=-47.2335+0.0012j
I | 06-14 13:55:12 |  train   | step=9995, pmove=0.53, energy=-47.2523+0.0009j
I | 06-14 13:55:13 |  train   | step=9996, pmove=0.53, energy=-47.2404-0.0004j
I | 06-14 13:55:13 |  train   | step=9997, pmove=0.53, energy=-47.2226-0.0001j
I | 06-14 13:55:14 |  train   | step=9998, pmove=0.52, energy=-47.2488-0.0054j
I | 06-14 13:55:15 |  train   | step=9999, pmove=0.52, energy=-47.2313-0.0033j
I | 06-14 13:55:15 |checkpoint| Saving checkpoint /rds/user/jc2405/hpc-work/JaQMC/jaqmc/runs/sc_h_chain_3.78_spin_6_6/train_ckpt_009999.npz
I | 06-14 13:55:16 |  train   | Done 10000 train steps.
I | 06-14 13:55:16 |  train   | Time per step: 0.636s
