Loading rhel8/default-amp
  Loading requirement: rhel8/slurm singularity/current rhel8/global cuda/11.4
    libpciaccess/0.16/gcc-9.4.0-6fonbj6 libiconv/1.16/gcc-9.4.0-ahebbov
    libxml2/2.9.12/gcc-9.4.0-gnknt5e ncurses/6.2/gcc-9.4.0-aiirok7
    hwloc/2.5.0/gcc-9.4.0-7sqomga libevent/2.1.12/gcc-9.4.0-hgny7cm
    numactl/2.0.14/gcc-9.4.0-52dwc6n cuda/11.4.0/gcc-9.4.0-3hnxhjt
    gdrcopy/2.2/gcc-9.4.0-e4igtfp knem/1.1.4/gcc-9.4.0-bpbxgva
    libnl/3.3.0/gcc-9.4.0-whwhrwb rdma-core/34.0/gcc-9.4.0-5eo5n2u
    ucx/1.11.1/gcc-9.4.0-lktqyl4 openmpi/4.1.1/gcc-9.4.0-epagguv
Changed directory to /rds/user/jc2405/hpc-work/JaQMC/jaqmc.

JobID: 29985710
======
Time: Thu Jun  4 08:19:35 BST 2026
Running on master node: gpu-q-26
Current directory: /rds/user/jc2405/hpc-work/JaQMC/jaqmc

Nodes allocated:
================
gpu-q-26

numtasks=1, numnodes=1, mpi_tasks_per_node=1 (OMP_NUM_THREADS=1)

Executing command:
==================
jaqmc solid train   --yml /rds/user/jc2405/hpc-work/JaQMC/jaqmc/configs/fe_chain.yml   workflow.save_path=/rds/user/jc2405/hpc-work/JaQMC/jaqmc/runs/fe_chain_1.8   pretrain.run.iterations=1000 train.run.iterations=10000

I | 06-04 08:21:06 | runtime  | Initialize a local runtime.
I | 06-04 08:23:12 |   jax    | Unable to initialize backend 'tpu': INTERNAL: Failed to open libtpu.so: libtpu.so: cannot open shared object file: No such file or directory
I | 06-04 08:23:25 |  jaqmc   | ECP enabled for elements: ['Fe']
I | 06-04 08:23:25 |  config  | Resolved configurations:
# Defined in /rds/user/jc2405/hpc-work/JaQMC/jaqmc/src/jaqmc/utils/runtime.py:18
logging:
  level: info
  stream: stderr
# Defined in /rds/user/jc2405/hpc-work/JaQMC/jaqmc/src/jaqmc/utils/runtime.py:63
jax:
  enable_x64: false
  debug_infs: false
  debug_nans: false
  disable_jit: false
  default_matmul_precision: float32
# Defined in /rds/user/jc2405/hpc-work/JaQMC/jaqmc/src/jaqmc/utils/runtime.py:103
distributed:
  coordinator_address: null
  num_processes: 1
  process_id: 0
  initialization_timeout: 300
  wait_second_before_connect: 10.0
# Defined in /rds/user/jc2405/hpc-work/JaQMC/jaqmc/src/jaqmc/workflow/base.py:42
workflow:
  seed: null
  batch_size: 4096
  save_path: /rds/user/jc2405/hpc-work/JaQMC/jaqmc/runs/fe_chain_1.8
  restore_path: /rds/user/jc2405/hpc-work/JaQMC/jaqmc/runs/fe_chain_1.8
  config:
    ignore_extra: false
    verbose: false
# Defined in /rds/user/jc2405/hpc-work/JaQMC/jaqmc/src/jaqmc/app/solid/config/two_atom_chain.py:22
system:
  module: two_atom_chain
  symbol: Fe
  bond_length: 3.78
  unit: bohr
  supercell: 1
  vacuum_separation: 100.0
  spin: 0
  basis: ccecpccpvdz
  ecp: ccecp
  electron_init_width: 1.0
# Defined in /rds/user/jc2405/hpc-work/JaQMC/jaqmc/src/jaqmc/app/solid/wavefunction.py:23
wf:
  module: jaqmc.app.solid.wavefunction
  hidden_dims_single: [256, 256, 256, 256]
  hidden_dims_double: [32, 32, 32, 32]
  ndets: 16
  distance_type: nu
  envelope_type: abs_isotropic
  sym_type: minimal
  orbitals_spin_split: true
  full_det: true
# Defined in /rds/user/jc2405/hpc-work/JaQMC/jaqmc/src/jaqmc/sampler/mcmc.py:57
sampler:
  steps: 10
  initial_width: 0.1
  adapt_frequency: 100
  pmove_range: [0.5, 0.55]
pretrain:
  # Defined in /rds/user/jc2405/hpc-work/JaQMC/jaqmc/src/jaqmc/workflow/stage/vmc.py:30
  run:
    check_vma: true
    iterations: 1000
    burn_in: 100
    save_time_interval: 600
    save_step_interval: 1000
    stop_on_nan: loss
  # Defined in /rds/user/jc2405/hpc-work/JaQMC/jaqmc/src/jaqmc/workflow/stage/vmc.py:77
  optim:
    module: jaqmc.optimizer.optax:adam
    learning_rate:
      module: jaqmc.optimizer.schedule:Standard
      rate: 0.0003
      delay: 2000.0
      decay: 1.0
    b1: 0.9
    b2: 0.999
    eps: 1.0e-08
    eps_root: 0.0
  writers:
    # Defined in /rds/user/jc2405/hpc-work/JaQMC/jaqmc/src/jaqmc/writer/console.py:75
    console:
      module: jaqmc.writer.console:ConsoleWriter
      interval: 1
      fields: loss
    # Defined in /rds/user/jc2405/hpc-work/JaQMC/jaqmc/src/jaqmc/writer/hdf5.py:28
    hdf5:
      module: jaqmc.writer.hdf5:HDF5Writer
      path_template: '{stage}_stats.h5'
    # Defined in /rds/user/jc2405/hpc-work/JaQMC/jaqmc/src/jaqmc/writer/csv.py:21
    csv:
      module: jaqmc.writer.csv:CSVWriter
      path_template: '{stage}_stats.csv'
train:
  # Defined in /rds/user/jc2405/hpc-work/JaQMC/jaqmc/src/jaqmc/workflow/stage/vmc.py:30
  run:
    check_vma: true
    iterations: 10000
    burn_in: 100
    save_time_interval: 600
    save_step_interval: 1000
    stop_on_nan: loss
  # Defined in /rds/user/jc2405/hpc-work/JaQMC/jaqmc/src/jaqmc/workflow/stage/vmc.py:77
  optim:
    module: jaqmc.optimizer.kfac:KFACOptimizer
    learning_rate:
      module: jaqmc.optimizer.schedule:Standard
      rate: 0.05
      delay: 2000.0
      decay: 1.0
    norm_constraint: 0.001
    curvature_ema: 0.95
    l2_reg: 0.0
    inverse_update_period: 1
    damping: 0.001
  # Defined in /rds/user/jc2405/hpc-work/JaQMC/jaqmc/src/jaqmc/estimator/loss_grad.py:24
  grads:
    vmap_chunk_size: null
    loss_key: total_energy
    clip_scale: 5.0
  writers:
    # Defined in /rds/user/jc2405/hpc-work/JaQMC/jaqmc/src/jaqmc/writer/console.py:75
    console:
      module: jaqmc.writer.console:ConsoleWriter
      interval: 1
      fields: pmove:.2f,energy=total_energy:.4f,variance=total_energy_var:.4f
    # Defined in /rds/user/jc2405/hpc-work/JaQMC/jaqmc/src/jaqmc/writer/hdf5.py:28
    hdf5:
      module: jaqmc.writer.hdf5:HDF5Writer
      path_template: '{stage}_stats.h5'
    # Defined in /rds/user/jc2405/hpc-work/JaQMC/jaqmc/src/jaqmc/writer/csv.py:21
    csv:
      module: jaqmc.writer.csv:CSVWriter
      path_template: '{stage}_stats.csv'
estimators:
  energy:
    # Defined in /rds/user/jc2405/hpc-work/JaQMC/jaqmc/src/jaqmc/estimator/kinetic/euclidean.py:28
    kinetic:
      vmap_chunk_size: null
      mode: forward_laplacian
      sparsity_threshold: 0
    # Defined in /rds/user/jc2405/hpc-work/JaQMC/jaqmc/src/jaqmc/estimator/ecp/estimator.py:32
    ecp:
      vmap_chunk_size: null
      max_core: 2
      quadrature_id: null
      electrons_field: electrons
      atoms_field: atoms
  enabled:
    spin: false
    density: false
I | 06-04 08:23:25 | workflow | Starting QMC with 4 local XLA devices across 1 processes.
I | 06-04 08:23:25 |  jaqmc   | Start KRHF

WARN: Even tempered Gaussians are generated as DF auxbasis for  Fe


WARN: HOMO -6.38468782822e-48 == LUMO -2.18698346961e-48


WARN: HOMO 0 == LUMO 0


WARN: HOMO 0 == LUMO 0

SCF not converged.
SCF energy = -162436688653568
I | 06-04 09:09:31 |  jaqmc   | Complete KRHF
I | 06-04 09:09:48 | pretrain | Start 1000 pretrain steps.
I | 06-04 09:09:48 |  jaqmc   | Start burn in 100 steps.
I | 06-04 09:10:11 |  jaqmc   | Burn in 100 steps complete.
E0604 09:10:14.559316  471917 cuda_timer.cc:87] Delay kernel timed out: measured time has sub-optimal accuracy. There may be a missing warmup execution, please investigate in Nsight Systems.
I | 06-04 09:10:22 | pretrain | step=0, loss=0.0495
I | 06-04 09:10:23 | pretrain | step=1, loss=0.0270
I | 06-04 09:10:23 | pretrain | step=2, loss=0.0184
I | 06-04 09:10:23 | pretrain | step=3, loss=0.0156
I | 06-04 09:10:23 | pretrain | step=4, loss=0.0146
I | 06-04 09:10:24 | pretrain | step=5, loss=0.0138
I | 06-04 09:10:24 | pretrain | step=6, loss=0.0131
I | 06-04 09:10:24 | pretrain | step=7, loss=0.0125
I | 06-04 09:10:24 | pretrain | step=8, loss=0.0121
I | 06-04 09:10:24 | pretrain | step=9, loss=0.0117
I | 06-04 09:10:25 | pretrain | step=10, loss=0.0113
I | 06-04 09:10:25 | pretrain | step=11, loss=0.0110
I | 06-04 09:10:25 | pretrain | step=12, loss=0.0107
I | 06-04 09:10:25 | pretrain | step=13, loss=0.0104
I | 06-04 09:10:25 | pretrain | step=14, loss=0.0102
I | 06-04 09:10:26 | pretrain | step=15, loss=0.0100
I | 06-04 09:10:26 | pretrain | step=16, loss=0.0098
I | 06-04 09:10:26 | pretrain | step=17, loss=0.0097
I | 06-04 09:10:26 | pretrain | step=18, loss=0.0096
I | 06-04 09:10:27 | pretrain | step=19, loss=0.0094
I | 06-04 09:10:27 | pretrain | step=20, loss=0.0093
I | 06-04 09:10:27 | pretrain | step=21, loss=0.0092
I | 06-04 09:10:27 | pretrain | step=22, loss=0.0092
I | 06-04 09:10:27 | pretrain | step=23, loss=0.0090
I | 06-04 09:10:28 | pretrain | step=24, loss=0.0089
I | 06-04 09:10:28 | pretrain | step=25, loss=0.0088
I | 06-04 09:10:28 | pretrain | step=26, loss=0.0087
I | 06-04 09:10:28 | pretrain | step=27, loss=0.0087
I | 06-04 09:10:28 | pretrain | step=28, loss=0.0087
I | 06-04 09:10:29 | pretrain | step=29, loss=0.0086
I | 06-04 09:10:29 | pretrain | step=30, loss=0.0086
I | 06-04 09:10:29 | pretrain | step=31, loss=0.0086
I | 06-04 09:10:29 | pretrain | step=32, loss=0.0084
I | 06-04 09:10:29 | pretrain | step=33, loss=0.0084
I | 06-04 09:10:30 | pretrain | step=34, loss=0.0083
I | 06-04 09:10:30 | pretrain | step=35, loss=0.0082
I | 06-04 09:10:30 | pretrain | step=36, loss=0.0082
I | 06-04 09:10:30 | pretrain | step=37, loss=0.0082
I | 06-04 09:10:30 | pretrain | step=38, loss=0.0082
I | 06-04 09:10:31 | pretrain | step=39, loss=0.0082
I | 06-04 09:10:31 | pretrain | step=40, loss=0.0082
I | 06-04 09:10:31 | pretrain | step=41, loss=0.0081
I | 06-04 09:10:31 | pretrain | step=42, loss=0.0081
I | 06-04 09:10:32 | pretrain | step=43, loss=0.0082
I | 06-04 09:10:32 | pretrain | step=44, loss=0.0081
I | 06-04 09:10:32 | pretrain | step=45, loss=0.0081
I | 06-04 09:10:32 | pretrain | step=46, loss=0.0080
I | 06-04 09:10:32 | pretrain | step=47, loss=0.0080
I | 06-04 09:10:33 | pretrain | step=48, loss=0.0080
I | 06-04 09:10:33 | pretrain | step=49, loss=0.0079
I | 06-04 09:10:33 | pretrain | step=50, loss=0.0079
I | 06-04 09:10:33 | pretrain | step=51, loss=0.0079
I | 06-04 09:10:33 | pretrain | step=52, loss=0.0079
I | 06-04 09:10:34 | pretrain | step=53, loss=0.0079
I | 06-04 09:10:34 | pretrain | step=54, loss=0.0079
I | 06-04 09:10:34 | pretrain | step=55, loss=0.0079
I | 06-04 09:10:34 | pretrain | step=56, loss=0.0079
I | 06-04 09:10:34 | pretrain | step=57, loss=0.0079
I | 06-04 09:10:35 | pretrain | step=58, loss=0.0079
I | 06-04 09:10:35 | pretrain | step=59, loss=0.0078
I | 06-04 09:10:35 | pretrain | step=60, loss=0.0078
I | 06-04 09:10:35 | pretrain | step=61, loss=0.0078
I | 06-04 09:10:36 | pretrain | step=62, loss=0.0078
I | 06-04 09:10:36 | pretrain | step=63, loss=0.0078
I | 06-04 09:10:36 | pretrain | step=64, loss=0.0078
I | 06-04 09:10:36 | pretrain | step=65, loss=0.0077
I | 06-04 09:10:36 | pretrain | step=66, loss=0.0077
I | 06-04 09:10:37 | pretrain | step=67, loss=0.0077
I | 06-04 09:10:37 | pretrain | step=68, loss=0.0077
I | 06-04 09:10:37 | pretrain | step=69, loss=0.0077
I | 06-04 09:10:37 | pretrain | step=70, loss=0.0077
I | 06-04 09:10:37 | pretrain | step=71, loss=0.0077
I | 06-04 09:10:38 | pretrain | step=72, loss=0.0077
I | 06-04 09:10:38 | pretrain | step=73, loss=0.0076
I | 06-04 09:10:38 | pretrain | step=74, loss=0.0077
I | 06-04 09:10:38 | pretrain | step=75, loss=0.0076
I | 06-04 09:10:38 | pretrain | step=76, loss=0.0076
I | 06-04 09:10:39 | pretrain | step=77, loss=0.0076
I | 06-04 09:10:39 | pretrain | step=78, loss=0.0076
I | 06-04 09:10:39 | pretrain | step=79, loss=0.0076
I | 06-04 09:10:39 | pretrain | step=80, loss=0.0077
I | 06-04 09:10:40 | pretrain | step=81, loss=0.0076
I | 06-04 09:10:40 | pretrain | step=82, loss=0.0076
I | 06-04 09:10:40 | pretrain | step=83, loss=0.0076
I | 06-04 09:10:40 | pretrain | step=84, loss=0.0076
I | 06-04 09:10:40 | pretrain | step=85, loss=0.0076
I | 06-04 09:10:41 | pretrain | step=86, loss=0.0075
I | 06-04 09:10:41 | pretrain | step=87, loss=0.0075
I | 06-04 09:10:41 | pretrain | step=88, loss=0.0075
I | 06-04 09:10:41 | pretrain | step=89, loss=0.0075
I | 06-04 09:10:41 | pretrain | step=90, loss=0.0074
I | 06-04 09:10:42 | pretrain | step=91, loss=0.0074
I | 06-04 09:10:42 | pretrain | step=92, loss=0.0074
I | 06-04 09:10:42 | pretrain | step=93, loss=0.0074
I | 06-04 09:10:42 | pretrain | step=94, loss=0.0074
I | 06-04 09:10:42 | pretrain | step=95, loss=0.0074
I | 06-04 09:10:43 | pretrain | step=96, loss=0.0074
I | 06-04 09:10:43 | pretrain | step=97, loss=0.0074
I | 06-04 09:10:43 | pretrain | step=98, loss=0.0074
I | 06-04 09:10:43 | pretrain | step=99, loss=0.0075
I | 06-04 09:10:44 | pretrain | step=100, loss=0.0075
I | 06-04 09:10:44 | pretrain | step=101, loss=0.0075
I | 06-04 09:10:44 | pretrain | step=102, loss=0.0075
I | 06-04 09:10:44 | pretrain | step=103, loss=0.0074
I | 06-04 09:10:44 | pretrain | step=104, loss=0.0074
I | 06-04 09:10:45 | pretrain | step=105, loss=0.0074
I | 06-04 09:10:45 | pretrain | step=106, loss=0.0074
I | 06-04 09:10:45 | pretrain | step=107, loss=0.0074
I | 06-04 09:10:45 | pretrain | step=108, loss=0.0074
I | 06-04 09:10:45 | pretrain | step=109, loss=0.0074
I | 06-04 09:10:46 | pretrain | step=110, loss=0.0074
I | 06-04 09:10:46 | pretrain | step=111, loss=0.0073
I | 06-04 09:10:46 | pretrain | step=112, loss=0.0073
I | 06-04 09:10:46 | pretrain | step=113, loss=0.0072
I | 06-04 09:10:46 | pretrain | step=114, loss=0.0072
I | 06-04 09:10:47 | pretrain | step=115, loss=0.0072
I | 06-04 09:10:47 | pretrain | step=116, loss=0.0072
I | 06-04 09:10:47 | pretrain | step=117, loss=0.0072
I | 06-04 09:10:47 | pretrain | step=118, loss=0.0071
I | 06-04 09:10:47 | pretrain | step=119, loss=0.0071
I | 06-04 09:10:48 | pretrain | step=120, loss=0.0071
I | 06-04 09:10:48 | pretrain | step=121, loss=0.0071
I | 06-04 09:10:48 | pretrain | step=122, loss=0.0071
I | 06-04 09:10:48 | pretrain | step=123, loss=0.0071
I | 06-04 09:10:49 | pretrain | step=124, loss=0.0071
I | 06-04 09:10:49 | pretrain | step=125, loss=0.0071
I | 06-04 09:10:49 | pretrain | step=126, loss=0.0071
I | 06-04 09:10:49 | pretrain | step=127, loss=0.0071
I | 06-04 09:10:49 | pretrain | step=128, loss=0.0071
I | 06-04 09:10:50 | pretrain | step=129, loss=0.0071
I | 06-04 09:10:50 | pretrain | step=130, loss=0.0071
I | 06-04 09:10:50 | pretrain | step=131, loss=0.0071
I | 06-04 09:10:50 | pretrain | step=132, loss=0.0071
I | 06-04 09:10:50 | pretrain | step=133, loss=0.0071
I | 06-04 09:10:51 | pretrain | step=134, loss=0.0071
I | 06-04 09:10:51 | pretrain | step=135, loss=0.0071
I | 06-04 09:10:51 | pretrain | step=136, loss=0.0070
I | 06-04 09:10:51 | pretrain | step=137, loss=0.0071
I | 06-04 09:10:51 | pretrain | step=138, loss=0.0070
I | 06-04 09:10:52 | pretrain | step=139, loss=0.0071
I | 06-04 09:10:52 | pretrain | step=140, loss=0.0070
I | 06-04 09:10:52 | pretrain | step=141, loss=0.0070
I | 06-04 09:10:52 | pretrain | step=142, loss=0.0070
I | 06-04 09:10:52 | pretrain | step=143, loss=0.0070
I | 06-04 09:10:53 | pretrain | step=144, loss=0.0070
I | 06-04 09:10:53 | pretrain | step=145, loss=0.0070
I | 06-04 09:10:53 | pretrain | step=146, loss=0.0070
I | 06-04 09:10:53 | pretrain | step=147, loss=0.0070
I | 06-04 09:10:54 | pretrain | step=148, loss=0.0069
I | 06-04 09:10:54 | pretrain | step=149, loss=0.0069
I | 06-04 09:10:54 | pretrain | step=150, loss=0.0069
I | 06-04 09:10:54 | pretrain | step=151, loss=0.0069
I | 06-04 09:10:54 | pretrain | step=152, loss=0.0069
I | 06-04 09:10:55 | pretrain | step=153, loss=0.0069
I | 06-04 09:10:55 | pretrain | step=154, loss=0.0069
I | 06-04 09:10:55 | pretrain | step=155, loss=0.0069
I | 06-04 09:10:55 | pretrain | step=156, loss=0.0069
I | 06-04 09:10:55 | pretrain | step=157, loss=0.0069
I | 06-04 09:10:56 | pretrain | step=158, loss=0.0069
I | 06-04 09:10:56 | pretrain | step=159, loss=0.0070
I | 06-04 09:10:56 | pretrain | step=160, loss=0.0070
I | 06-04 09:10:56 | pretrain | step=161, loss=0.0070
I | 06-04 09:10:56 | pretrain | step=162, loss=0.0069
I | 06-04 09:10:57 | pretrain | step=163, loss=0.0069
I | 06-04 09:10:57 | pretrain | step=164, loss=0.0069
I | 06-04 09:10:57 | pretrain | step=165, loss=0.0069
I | 06-04 09:10:57 | pretrain | step=166, loss=0.0069
I | 06-04 09:10:58 | pretrain | step=167, loss=0.0069
I | 06-04 09:10:58 | pretrain | step=168, loss=0.0069
I | 06-04 09:10:58 | pretrain | step=169, loss=0.0069
I | 06-04 09:10:58 | pretrain | step=170, loss=0.0069
I | 06-04 09:10:58 | pretrain | step=171, loss=0.0069
I | 06-04 09:10:59 | pretrain | step=172, loss=0.0068
I | 06-04 09:10:59 | pretrain | step=173, loss=0.0068
I | 06-04 09:10:59 | pretrain | step=174, loss=0.0069
I | 06-04 09:10:59 | pretrain | step=175, loss=0.0068
I | 06-04 09:10:59 | pretrain | step=176, loss=0.0068
I | 06-04 09:11:00 | pretrain | step=177, loss=0.0068
I | 06-04 09:11:00 | pretrain | step=178, loss=0.0069
I | 06-04 09:11:00 | pretrain | step=179, loss=0.0069
I | 06-04 09:11:00 | pretrain | step=180, loss=0.0068
I | 06-04 09:11:00 | pretrain | step=181, loss=0.0069
I | 06-04 09:11:01 | pretrain | step=182, loss=0.0068
I | 06-04 09:11:01 | pretrain | step=183, loss=0.0068
I | 06-04 09:11:01 | pretrain | step=184, loss=0.0068
I | 06-04 09:11:01 | pretrain | step=185, loss=0.0068
I | 06-04 09:11:02 | pretrain | step=186, loss=0.0069
I | 06-04 09:11:02 | pretrain | step=187, loss=0.0068
I | 06-04 09:11:02 | pretrain | step=188, loss=0.0069
I | 06-04 09:11:02 | pretrain | step=189, loss=0.0068
I | 06-04 09:11:02 | pretrain | step=190, loss=0.0068
I | 06-04 09:11:03 | pretrain | step=191, loss=0.0068
I | 06-04 09:11:03 | pretrain | step=192, loss=0.0068
I | 06-04 09:11:03 | pretrain | step=193, loss=0.0068
I | 06-04 09:11:03 | pretrain | step=194, loss=0.0068
I | 06-04 09:11:03 | pretrain | step=195, loss=0.0068
I | 06-04 09:11:04 | pretrain | step=196, loss=0.0068
I | 06-04 09:11:04 | pretrain | step=197, loss=0.0067
I | 06-04 09:11:04 | pretrain | step=198, loss=0.0068
I | 06-04 09:11:04 | pretrain | step=199, loss=0.0068
I | 06-04 09:11:04 | pretrain | step=200, loss=0.0068
I | 06-04 09:11:05 | pretrain | step=201, loss=0.0068
I | 06-04 09:11:05 | pretrain | step=202, loss=0.0068
I | 06-04 09:11:05 | pretrain | step=203, loss=0.0068
I | 06-04 09:11:05 | pretrain | step=204, loss=0.0068
I | 06-04 09:11:05 | pretrain | step=205, loss=0.0068
I | 06-04 09:11:06 | pretrain | step=206, loss=0.0067
I | 06-04 09:11:06 | pretrain | step=207, loss=0.0067
I | 06-04 09:11:06 | pretrain | step=208, loss=0.0067
I | 06-04 09:11:06 | pretrain | step=209, loss=0.0068
I | 06-04 09:11:07 | pretrain | step=210, loss=0.0067
I | 06-04 09:11:07 | pretrain | step=211, loss=0.0067
I | 06-04 09:11:07 | pretrain | step=212, loss=0.0067
I | 06-04 09:11:07 | pretrain | step=213, loss=0.0067
I | 06-04 09:11:07 | pretrain | step=214, loss=0.0067
I | 06-04 09:11:08 | pretrain | step=215, loss=0.0068
I | 06-04 09:11:08 | pretrain | step=216, loss=0.0067
I | 06-04 09:11:08 | pretrain | step=217, loss=0.0067
I | 06-04 09:11:08 | pretrain | step=218, loss=0.0067
I | 06-04 09:11:08 | pretrain | step=219, loss=0.0067
I | 06-04 09:11:09 | pretrain | step=220, loss=0.0067
I | 06-04 09:11:09 | pretrain | step=221, loss=0.0067
I | 06-04 09:11:09 | pretrain | step=222, loss=0.0067
I | 06-04 09:11:09 | pretrain | step=223, loss=0.0067
I | 06-04 09:11:09 | pretrain | step=224, loss=0.0067
I | 06-04 09:11:10 | pretrain | step=225, loss=0.0067
I | 06-04 09:11:10 | pretrain | step=226, loss=0.0067
I | 06-04 09:11:10 | pretrain | step=227, loss=0.0067
I | 06-04 09:11:10 | pretrain | step=228, loss=0.0067
I | 06-04 09:11:11 | pretrain | step=229, loss=0.0067
I | 06-04 09:11:11 | pretrain | step=230, loss=0.0067
I | 06-04 09:11:11 | pretrain | step=231, loss=0.0067
I | 06-04 09:11:11 | pretrain | step=232, loss=0.0067
I | 06-04 09:11:11 | pretrain | step=233, loss=0.0067
I | 06-04 09:11:12 | pretrain | step=234, loss=0.0067
I | 06-04 09:11:12 | pretrain | step=235, loss=0.0067
I | 06-04 09:11:12 | pretrain | step=236, loss=0.0066
I | 06-04 09:11:12 | pretrain | step=237, loss=0.0067
I | 06-04 09:11:12 | pretrain | step=238, loss=0.0066
I | 06-04 09:11:13 | pretrain | step=239, loss=0.0066
I | 06-04 09:11:13 | pretrain | step=240, loss=0.0066
I | 06-04 09:11:13 | pretrain | step=241, loss=0.0067
I | 06-04 09:11:13 | pretrain | step=242, loss=0.0067
I | 06-04 09:11:13 | pretrain | step=243, loss=0.0067
I | 06-04 09:11:14 | pretrain | step=244, loss=0.0067
I | 06-04 09:11:14 | pretrain | step=245, loss=0.0067
I | 06-04 09:11:14 | pretrain | step=246, loss=0.0067
I | 06-04 09:11:14 | pretrain | step=247, loss=0.0067
I | 06-04 09:11:15 | pretrain | step=248, loss=0.0067
I | 06-04 09:11:15 | pretrain | step=249, loss=0.0067
I | 06-04 09:11:15 | pretrain | step=250, loss=0.0067
I | 06-04 09:11:15 | pretrain | step=251, loss=0.0067
I | 06-04 09:11:15 | pretrain | step=252, loss=0.0067
I | 06-04 09:11:16 | pretrain | step=253, loss=0.0067
I | 06-04 09:11:16 | pretrain | step=254, loss=0.0067
I | 06-04 09:11:16 | pretrain | step=255, loss=0.0067
I | 06-04 09:11:16 | pretrain | step=256, loss=0.0073
I | 06-04 09:11:16 | pretrain | step=257, loss=0.0067
I | 06-04 09:11:17 | pretrain | step=258, loss=0.0067
I | 06-04 09:11:17 | pretrain | step=259, loss=0.0067
I | 06-04 09:11:17 | pretrain | step=260, loss=0.0067
I | 06-04 09:11:17 | pretrain | step=261, loss=0.0067
I | 06-04 09:11:17 | pretrain | step=262, loss=0.0067
I | 06-04 09:11:18 | pretrain | step=263, loss=0.0067
I | 06-04 09:11:18 | pretrain | step=264, loss=0.0067
I | 06-04 09:11:18 | pretrain | step=265, loss=0.0067
I | 06-04 09:11:18 | pretrain | step=266, loss=0.0067
I | 06-04 09:11:18 | pretrain | step=267, loss=0.0066
I | 06-04 09:11:19 | pretrain | step=268, loss=0.0067
I | 06-04 09:11:19 | pretrain | step=269, loss=0.0067
I | 06-04 09:11:19 | pretrain | step=270, loss=0.0067
I | 06-04 09:11:19 | pretrain | step=271, loss=0.0067
I | 06-04 09:11:20 | pretrain | step=272, loss=0.0067
I | 06-04 09:11:20 | pretrain | step=273, loss=0.0068
I | 06-04 09:11:20 | pretrain | step=274, loss=0.0067
I | 06-04 09:11:20 | pretrain | step=275, loss=0.0068
I | 06-04 09:11:20 | pretrain | step=276, loss=0.0070
I | 06-04 09:11:21 | pretrain | step=277, loss=0.0067
I | 06-04 09:11:21 | pretrain | step=278, loss=0.0067
I | 06-04 09:11:21 | pretrain | step=279, loss=0.0068
I | 06-04 09:11:21 | pretrain | step=280, loss=0.0068
I | 06-04 09:11:21 | pretrain | step=281, loss=0.0067
I | 06-04 09:11:22 | pretrain | step=282, loss=0.0068
I | 06-04 09:11:22 | pretrain | step=283, loss=0.0068
I | 06-04 09:11:22 | pretrain | step=284, loss=0.0068
I | 06-04 09:11:22 | pretrain | step=285, loss=0.0069
I | 06-04 09:11:22 | pretrain | step=286, loss=0.0070
I | 06-04 09:11:23 | pretrain | step=287, loss=0.0068
I | 06-04 09:11:23 | pretrain | step=288, loss=0.0069
I | 06-04 09:11:23 | pretrain | step=289, loss=0.0068
I | 06-04 09:11:23 | pretrain | step=290, loss=0.0068
I | 06-04 09:11:24 | pretrain | step=291, loss=0.0068
I | 06-04 09:11:24 | pretrain | step=292, loss=0.0068
I | 06-04 09:11:24 | pretrain | step=293, loss=0.0068
I | 06-04 09:11:24 | pretrain | step=294, loss=0.0068
I | 06-04 09:11:24 | pretrain | step=295, loss=0.0068
I | 06-04 09:11:25 | pretrain | step=296, loss=0.0068
I | 06-04 09:11:25 | pretrain | step=297, loss=0.0070
I | 06-04 09:11:25 | pretrain | step=298, loss=0.0068
I | 06-04 09:11:25 | pretrain | step=299, loss=0.0068
I | 06-04 09:11:25 | pretrain | step=300, loss=0.0069
I | 06-04 09:11:26 | pretrain | step=301, loss=0.0068
I | 06-04 09:11:26 | pretrain | step=302, loss=0.0068
I | 06-04 09:11:26 | pretrain | step=303, loss=0.0068
I | 06-04 09:11:26 | pretrain | step=304, loss=0.0068
I | 06-04 09:11:26 | pretrain | step=305, loss=0.0068
I | 06-04 09:11:27 | pretrain | step=306, loss=0.0068
I | 06-04 09:11:27 | pretrain | step=307, loss=0.0068
I | 06-04 09:11:27 | pretrain | step=308, loss=0.0069
I | 06-04 09:11:27 | pretrain | step=309, loss=0.0068
I | 06-04 09:11:28 | pretrain | step=310, loss=0.0069
I | 06-04 09:11:28 | pretrain | step=311, loss=0.0069
I | 06-04 09:11:28 | pretrain | step=312, loss=0.0068
I | 06-04 09:11:28 | pretrain | step=313, loss=0.0068
I | 06-04 09:11:28 | pretrain | step=314, loss=0.0069
I | 06-04 09:11:29 | pretrain | step=315, loss=0.0069
I | 06-04 09:11:29 | pretrain | step=316, loss=0.0069
I | 06-04 09:11:29 | pretrain | step=317, loss=0.0068
I | 06-04 09:11:29 | pretrain | step=318, loss=0.0068
I | 06-04 09:11:29 | pretrain | step=319, loss=0.0068
I | 06-04 09:11:30 | pretrain | step=320, loss=0.0068
I | 06-04 09:11:30 | pretrain | step=321, loss=0.0069
I | 06-04 09:11:30 | pretrain | step=322, loss=0.0068
I | 06-04 09:11:30 | pretrain | step=323, loss=0.0068
I | 06-04 09:11:30 | pretrain | step=324, loss=0.0068
I | 06-04 09:11:31 | pretrain | step=325, loss=0.0068
I | 06-04 09:11:31 | pretrain | step=326, loss=0.0068
I | 06-04 09:11:31 | pretrain | step=327, loss=0.0068
I | 06-04 09:11:31 | pretrain | step=328, loss=0.0068
I | 06-04 09:11:31 | pretrain | step=329, loss=0.0069
I | 06-04 09:11:32 | pretrain | step=330, loss=0.0069
I | 06-04 09:11:32 | pretrain | step=331, loss=0.0068
I | 06-04 09:11:32 | pretrain | step=332, loss=0.0069
I | 06-04 09:11:32 | pretrain | step=333, loss=0.0069
I | 06-04 09:11:33 | pretrain | step=334, loss=0.0069
I | 06-04 09:11:33 | pretrain | step=335, loss=0.0069
I | 06-04 09:11:33 | pretrain | step=336, loss=0.0069
I | 06-04 09:11:33 | pretrain | step=337, loss=0.0069
I | 06-04 09:11:33 | pretrain | step=338, loss=0.0069
I | 06-04 09:11:34 | pretrain | step=339, loss=0.0069
I | 06-04 09:11:34 | pretrain | step=340, loss=0.0069
I | 06-04 09:11:34 | pretrain | step=341, loss=0.0069
I | 06-04 09:11:34 | pretrain | step=342, loss=0.0069
I | 06-04 09:11:34 | pretrain | step=343, loss=0.0069
I | 06-04 09:11:35 | pretrain | step=344, loss=0.0069
I | 06-04 09:11:35 | pretrain | step=345, loss=0.0070
I | 06-04 09:11:35 | pretrain | step=346, loss=0.0069
I | 06-04 09:11:35 | pretrain | step=347, loss=0.0069
I | 06-04 09:11:35 | pretrain | step=348, loss=0.0069
I | 06-04 09:11:36 | pretrain | step=349, loss=0.0069
I | 06-04 09:11:36 | pretrain | step=350, loss=0.0069
I | 06-04 09:11:36 | pretrain | step=351, loss=0.0069
I | 06-04 09:11:36 | pretrain | step=352, loss=0.0070
I | 06-04 09:11:37 | pretrain | step=353, loss=0.0069
I | 06-04 09:11:37 | pretrain | step=354, loss=0.0069
I | 06-04 09:11:37 | pretrain | step=355, loss=0.0069
I | 06-04 09:11:37 | pretrain | step=356, loss=0.0069
I | 06-04 09:11:37 | pretrain | step=357, loss=0.0070
I | 06-04 09:11:38 | pretrain | step=358, loss=0.0069
I | 06-04 09:11:38 | pretrain | step=359, loss=0.0070
I | 06-04 09:11:38 | pretrain | step=360, loss=0.0070
I | 06-04 09:11:38 | pretrain | step=361, loss=0.0070
I | 06-04 09:11:38 | pretrain | step=362, loss=0.0070
I | 06-04 09:11:39 | pretrain | step=363, loss=0.0070
I | 06-04 09:11:39 | pretrain | step=364, loss=0.0070
I | 06-04 09:11:39 | pretrain | step=365, loss=0.0070
I | 06-04 09:11:39 | pretrain | step=366, loss=0.0070
I | 06-04 09:11:39 | pretrain | step=367, loss=0.0070
I | 06-04 09:11:40 | pretrain | step=368, loss=0.0070
I | 06-04 09:11:40 | pretrain | step=369, loss=0.0070
I | 06-04 09:11:40 | pretrain | step=370, loss=0.0070
I | 06-04 09:11:40 | pretrain | step=371, loss=0.0070
I | 06-04 09:11:41 | pretrain | step=372, loss=0.0070
I | 06-04 09:11:41 | pretrain | step=373, loss=0.0070
I | 06-04 09:11:41 | pretrain | step=374, loss=0.0070
I | 06-04 09:11:41 | pretrain | step=375, loss=0.0070
I | 06-04 09:11:41 | pretrain | step=376, loss=0.0070
I | 06-04 09:11:42 | pretrain | step=377, loss=0.0070
I | 06-04 09:11:42 | pretrain | step=378, loss=0.0070
I | 06-04 09:11:42 | pretrain | step=379, loss=0.0071
I | 06-04 09:11:42 | pretrain | step=380, loss=0.0070
I | 06-04 09:11:42 | pretrain | step=381, loss=0.0070
I | 06-04 09:11:43 | pretrain | step=382, loss=0.0071
I | 06-04 09:11:43 | pretrain | step=383, loss=0.0070
I | 06-04 09:11:43 | pretrain | step=384, loss=0.0070
I | 06-04 09:11:43 | pretrain | step=385, loss=0.0070
I | 06-04 09:11:43 | pretrain | step=386, loss=0.0070
I | 06-04 09:11:44 | pretrain | step=387, loss=0.0070
I | 06-04 09:11:44 | pretrain | step=388, loss=0.0071
I | 06-04 09:11:44 | pretrain | step=389, loss=0.0070
I | 06-04 09:11:44 | pretrain | step=390, loss=0.0070
I | 06-04 09:11:44 | pretrain | step=391, loss=0.0070
I | 06-04 09:11:45 | pretrain | step=392, loss=0.0070
I | 06-04 09:11:45 | pretrain | step=393, loss=0.0071
I | 06-04 09:11:45 | pretrain | step=394, loss=0.0071
I | 06-04 09:11:45 | pretrain | step=395, loss=0.0071
I | 06-04 09:11:46 | pretrain | step=396, loss=0.0071
I | 06-04 09:11:46 | pretrain | step=397, loss=0.0071
I | 06-04 09:11:46 | pretrain | step=398, loss=0.0071
I | 06-04 09:11:46 | pretrain | step=399, loss=0.0071
I | 06-04 09:11:46 | pretrain | step=400, loss=0.0071
I | 06-04 09:11:47 | pretrain | step=401, loss=0.0071
I | 06-04 09:11:47 | pretrain | step=402, loss=0.0071
I | 06-04 09:11:47 | pretrain | step=403, loss=0.0072
I | 06-04 09:11:47 | pretrain | step=404, loss=0.0072
I | 06-04 09:11:47 | pretrain | step=405, loss=0.0072
I | 06-04 09:11:48 | pretrain | step=406, loss=0.0072
I | 06-04 09:11:48 | pretrain | step=407, loss=0.0071
I | 06-04 09:11:48 | pretrain | step=408, loss=0.0072
I | 06-04 09:11:48 | pretrain | step=409, loss=0.0071
I | 06-04 09:11:48 | pretrain | step=410, loss=0.0072
I | 06-04 09:11:49 | pretrain | step=411, loss=0.0072
I | 06-04 09:11:49 | pretrain | step=412, loss=0.0072
I | 06-04 09:11:49 | pretrain | step=413, loss=0.0072
I | 06-04 09:11:49 | pretrain | step=414, loss=0.0072
I | 06-04 09:11:50 | pretrain | step=415, loss=0.0072
I | 06-04 09:11:50 | pretrain | step=416, loss=0.0072
I | 06-04 09:11:50 | pretrain | step=417, loss=0.0072
I | 06-04 09:11:50 | pretrain | step=418, loss=0.0072
I | 06-04 09:11:50 | pretrain | step=419, loss=0.0073
I | 06-04 09:11:51 | pretrain | step=420, loss=0.0072
I | 06-04 09:11:51 | pretrain | step=421, loss=0.0072
I | 06-04 09:11:51 | pretrain | step=422, loss=0.0072
I | 06-04 09:11:51 | pretrain | step=423, loss=0.0072
I | 06-04 09:11:51 | pretrain | step=424, loss=0.0072
I | 06-04 09:11:52 | pretrain | step=425, loss=0.0072
I | 06-04 09:11:52 | pretrain | step=426, loss=0.0072
I | 06-04 09:11:52 | pretrain | step=427, loss=0.0073
I | 06-04 09:11:52 | pretrain | step=428, loss=0.0073
I | 06-04 09:11:52 | pretrain | step=429, loss=0.0072
I | 06-04 09:11:53 | pretrain | step=430, loss=0.0073
I | 06-04 09:11:53 | pretrain | step=431, loss=0.0072
I | 06-04 09:11:53 | pretrain | step=432, loss=0.0072
I | 06-04 09:11:53 | pretrain | step=433, loss=0.0072
I | 06-04 09:11:54 | pretrain | step=434, loss=0.0072
I | 06-04 09:11:54 | pretrain | step=435, loss=0.0073
I | 06-04 09:11:54 | pretrain | step=436, loss=0.0073
I | 06-04 09:11:54 | pretrain | step=437, loss=0.0072
I | 06-04 09:11:54 | pretrain | step=438, loss=0.0073
I | 06-04 09:11:55 | pretrain | step=439, loss=0.0073
I | 06-04 09:11:55 | pretrain | step=440, loss=0.0073
I | 06-04 09:11:55 | pretrain | step=441, loss=0.0073
I | 06-04 09:11:55 | pretrain | step=442, loss=0.0073
I | 06-04 09:11:55 | pretrain | step=443, loss=0.0072
I | 06-04 09:11:56 | pretrain | step=444, loss=0.0072
I | 06-04 09:11:56 | pretrain | step=445, loss=0.0072
I | 06-04 09:11:56 | pretrain | step=446, loss=0.0072
I | 06-04 09:11:56 | pretrain | step=447, loss=0.0072
I | 06-04 09:11:56 | pretrain | step=448, loss=0.0072
I | 06-04 09:11:57 | pretrain | step=449, loss=0.0073
I | 06-04 09:11:57 | pretrain | step=450, loss=0.0073
I | 06-04 09:11:57 | pretrain | step=451, loss=0.0073
I | 06-04 09:11:57 | pretrain | step=452, loss=0.0073
I | 06-04 09:11:58 | pretrain | step=453, loss=0.0073
I | 06-04 09:11:58 | pretrain | step=454, loss=0.0073
I | 06-04 09:11:58 | pretrain | step=455, loss=0.0073
I | 06-04 09:11:58 | pretrain | step=456, loss=0.0073
I | 06-04 09:11:58 | pretrain | step=457, loss=0.0073
I | 06-04 09:11:59 | pretrain | step=458, loss=0.0073
I | 06-04 09:11:59 | pretrain | step=459, loss=0.0073
I | 06-04 09:11:59 | pretrain | step=460, loss=0.0073
I | 06-04 09:11:59 | pretrain | step=461, loss=0.0073
I | 06-04 09:11:59 | pretrain | step=462, loss=0.0073
I | 06-04 09:12:00 | pretrain | step=463, loss=0.0073
I | 06-04 09:12:00 | pretrain | step=464, loss=0.0073
I | 06-04 09:12:00 | pretrain | step=465, loss=0.0073
I | 06-04 09:12:00 | pretrain | step=466, loss=0.0073
I | 06-04 09:12:00 | pretrain | step=467, loss=0.0073
I | 06-04 09:12:01 | pretrain | step=468, loss=0.0073
I | 06-04 09:12:01 | pretrain | step=469, loss=0.0073
I | 06-04 09:12:01 | pretrain | step=470, loss=0.0073
I | 06-04 09:12:01 | pretrain | step=471, loss=0.0074
I | 06-04 09:12:01 | pretrain | step=472, loss=0.0073
I | 06-04 09:12:02 | pretrain | step=473, loss=0.0074
I | 06-04 09:12:02 | pretrain | step=474, loss=0.0074
I | 06-04 09:12:02 | pretrain | step=475, loss=0.0074
I | 06-04 09:12:02 | pretrain | step=476, loss=0.0074
I | 06-04 09:12:03 | pretrain | step=477, loss=0.0073
I | 06-04 09:12:03 | pretrain | step=478, loss=0.0073
I | 06-04 09:12:03 | pretrain | step=479, loss=0.0073
I | 06-04 09:12:03 | pretrain | step=480, loss=0.0073
I | 06-04 09:12:03 | pretrain | step=481, loss=0.0073
I | 06-04 09:12:04 | pretrain | step=482, loss=0.0074
I | 06-04 09:12:04 | pretrain | step=483, loss=0.0074
I | 06-04 09:12:04 | pretrain | step=484, loss=0.0074
I | 06-04 09:12:04 | pretrain | step=485, loss=0.0074
I | 06-04 09:12:04 | pretrain | step=486, loss=0.0074
I | 06-04 09:12:05 | pretrain | step=487, loss=0.0073
I | 06-04 09:12:05 | pretrain | step=488, loss=0.0074
I | 06-04 09:12:05 | pretrain | step=489, loss=0.0074
I | 06-04 09:12:05 | pretrain | step=490, loss=0.0073
I | 06-04 09:12:05 | pretrain | step=491, loss=0.0073
I | 06-04 09:12:06 | pretrain | step=492, loss=0.0073
I | 06-04 09:12:06 | pretrain | step=493, loss=0.0073
I | 06-04 09:12:06 | pretrain | step=494, loss=0.0074
I | 06-04 09:12:06 | pretrain | step=495, loss=0.0073
I | 06-04 09:12:07 | pretrain | step=496, loss=0.0073
I | 06-04 09:12:07 | pretrain | step=497, loss=0.0074
I | 06-04 09:12:07 | pretrain | step=498, loss=0.0073
I | 06-04 09:12:07 | pretrain | step=499, loss=0.0073
I | 06-04 09:12:07 | pretrain | step=500, loss=0.0073
I | 06-04 09:12:08 | pretrain | step=501, loss=0.0074
I | 06-04 09:12:08 | pretrain | step=502, loss=0.0074
I | 06-04 09:12:08 | pretrain | step=503, loss=0.0074
I | 06-04 09:12:08 | pretrain | step=504, loss=0.0074
I | 06-04 09:12:08 | pretrain | step=505, loss=0.0073
I | 06-04 09:12:09 | pretrain | step=506, loss=0.0073
I | 06-04 09:12:09 | pretrain | step=507, loss=0.0074
I | 06-04 09:12:09 | pretrain | step=508, loss=0.0073
I | 06-04 09:12:09 | pretrain | step=509, loss=0.0073
I | 06-04 09:12:09 | pretrain | step=510, loss=0.0073
I | 06-04 09:12:10 | pretrain | step=511, loss=0.0073
I | 06-04 09:12:10 | pretrain | step=512, loss=0.0073
I | 06-04 09:12:10 | pretrain | step=513, loss=0.0073
I | 06-04 09:12:10 | pretrain | step=514, loss=0.0073
I | 06-04 09:12:11 | pretrain | step=515, loss=0.0073
I | 06-04 09:12:11 | pretrain | step=516, loss=0.0073
I | 06-04 09:12:11 | pretrain | step=517, loss=0.0074
I | 06-04 09:12:11 | pretrain | step=518, loss=0.0073
I | 06-04 09:12:11 | pretrain | step=519, loss=0.0073
I | 06-04 09:12:12 | pretrain | step=520, loss=0.0074
I | 06-04 09:12:12 | pretrain | step=521, loss=0.0074
I | 06-04 09:12:12 | pretrain | step=522, loss=0.0078
I | 06-04 09:12:12 | pretrain | step=523, loss=0.0083
I | 06-04 09:12:12 | pretrain | step=524, loss=0.0075
I | 06-04 09:12:13 | pretrain | step=525, loss=0.0076
I | 06-04 09:12:13 | pretrain | step=526, loss=0.0077
I | 06-04 09:12:13 | pretrain | step=527, loss=0.0073
I | 06-04 09:12:13 | pretrain | step=528, loss=0.0076
I | 06-04 09:12:13 | pretrain | step=529, loss=0.0072
I | 06-04 09:12:14 | pretrain | step=530, loss=0.0075
I | 06-04 09:12:14 | pretrain | step=531, loss=0.0073
I | 06-04 09:12:14 | pretrain | step=532, loss=0.0074
I | 06-04 09:12:14 | pretrain | step=533, loss=0.0073
I | 06-04 09:12:15 | pretrain | step=534, loss=0.0073
I | 06-04 09:12:15 | pretrain | step=535, loss=0.0074
I | 06-04 09:12:15 | pretrain | step=536, loss=0.0072
I | 06-04 09:12:15 | pretrain | step=537, loss=0.0073
I | 06-04 09:12:15 | pretrain | step=538, loss=0.0073
I | 06-04 09:12:16 | pretrain | step=539, loss=0.0073
I | 06-04 09:12:16 | pretrain | step=540, loss=0.0073
I | 06-04 09:12:16 | pretrain | step=541, loss=0.0072
I | 06-04 09:12:16 | pretrain | step=542, loss=0.0073
I | 06-04 09:12:16 | pretrain | step=543, loss=0.0073
I | 06-04 09:12:17 | pretrain | step=544, loss=0.0072
I | 06-04 09:12:17 | pretrain | step=545, loss=0.0073
I | 06-04 09:12:17 | pretrain | step=546, loss=0.0073
I | 06-04 09:12:17 | pretrain | step=547, loss=0.0072
I | 06-04 09:12:17 | pretrain | step=548, loss=0.0072
I | 06-04 09:12:18 | pretrain | step=549, loss=0.0072
I | 06-04 09:12:18 | pretrain | step=550, loss=0.0073
I | 06-04 09:12:18 | pretrain | step=551, loss=0.0073
I | 06-04 09:12:18 | pretrain | step=552, loss=0.0072
I | 06-04 09:12:18 | pretrain | step=553, loss=0.0072
I | 06-04 09:12:19 | pretrain | step=554, loss=0.0072
I | 06-04 09:12:19 | pretrain | step=555, loss=0.0073
I | 06-04 09:12:19 | pretrain | step=556, loss=0.0073
I | 06-04 09:12:19 | pretrain | step=557, loss=0.0073
I | 06-04 09:12:20 | pretrain | step=558, loss=0.0072
I | 06-04 09:12:20 | pretrain | step=559, loss=0.0075
I | 06-04 09:12:20 | pretrain | step=560, loss=0.0072
I | 06-04 09:12:20 | pretrain | step=561, loss=0.0072
I | 06-04 09:12:20 | pretrain | step=562, loss=0.0072
I | 06-04 09:12:21 | pretrain | step=563, loss=0.0072
I | 06-04 09:12:21 | pretrain | step=564, loss=0.0072
I | 06-04 09:12:21 | pretrain | step=565, loss=0.0072
I | 06-04 09:12:21 | pretrain | step=566, loss=0.0072
I | 06-04 09:12:21 | pretrain | step=567, loss=0.0073
I | 06-04 09:12:22 | pretrain | step=568, loss=0.0073
I | 06-04 09:12:22 | pretrain | step=569, loss=0.0073
I | 06-04 09:12:22 | pretrain | step=570, loss=0.0073
I | 06-04 09:12:22 | pretrain | step=571, loss=0.0073
I | 06-04 09:12:22 | pretrain | step=572, loss=0.0073
I | 06-04 09:12:23 | pretrain | step=573, loss=0.0072
I | 06-04 09:12:23 | pretrain | step=574, loss=0.0072
I | 06-04 09:12:23 | pretrain | step=575, loss=0.0072
I | 06-04 09:12:23 | pretrain | step=576, loss=0.0072
I | 06-04 09:12:24 | pretrain | step=577, loss=0.0072
I | 06-04 09:12:24 | pretrain | step=578, loss=0.0072
I | 06-04 09:12:24 | pretrain | step=579, loss=0.0072
I | 06-04 09:12:24 | pretrain | step=580, loss=0.0072
I | 06-04 09:12:24 | pretrain | step=581, loss=0.0072
I | 06-04 09:12:25 | pretrain | step=582, loss=0.0075
I | 06-04 09:12:25 | pretrain | step=583, loss=0.0072
I | 06-04 09:12:25 | pretrain | step=584, loss=0.0073
I | 06-04 09:12:25 | pretrain | step=585, loss=0.0072
I | 06-04 09:12:25 | pretrain | step=586, loss=0.0072
I | 06-04 09:12:26 | pretrain | step=587, loss=0.0072
I | 06-04 09:12:26 | pretrain | step=588, loss=0.0072
I | 06-04 09:12:26 | pretrain | step=589, loss=0.0072
I | 06-04 09:12:26 | pretrain | step=590, loss=0.0072
I | 06-04 09:12:26 | pretrain | step=591, loss=0.0072
I | 06-04 09:12:27 | pretrain | step=592, loss=0.0072
I | 06-04 09:12:27 | pretrain | step=593, loss=0.0072
I | 06-04 09:12:27 | pretrain | step=594, loss=0.0072
I | 06-04 09:12:27 | pretrain | step=595, loss=0.0072
I | 06-04 09:12:28 | pretrain | step=596, loss=0.0072
I | 06-04 09:12:28 | pretrain | step=597, loss=0.0072
I | 06-04 09:12:28 | pretrain | step=598, loss=0.0072
I | 06-04 09:12:28 | pretrain | step=599, loss=0.0072
I | 06-04 09:12:28 | pretrain | step=600, loss=0.0072
I | 06-04 09:12:29 | pretrain | step=601, loss=0.0073
I | 06-04 09:12:29 | pretrain | step=602, loss=0.0072
I | 06-04 09:12:29 | pretrain | step=603, loss=0.0072
I | 06-04 09:12:29 | pretrain | step=604, loss=0.0072
I | 06-04 09:12:29 | pretrain | step=605, loss=0.0072
I | 06-04 09:12:30 | pretrain | step=606, loss=0.0072
I | 06-04 09:12:30 | pretrain | step=607, loss=0.0072
I | 06-04 09:12:30 | pretrain | step=608, loss=0.0072
I | 06-04 09:12:30 | pretrain | step=609, loss=0.0072
I | 06-04 09:12:30 | pretrain | step=610, loss=0.0072
I | 06-04 09:12:31 | pretrain | step=611, loss=0.0072
I | 06-04 09:12:31 | pretrain | step=612, loss=0.0071
I | 06-04 09:12:31 | pretrain | step=613, loss=0.0072
I | 06-04 09:12:31 | pretrain | step=614, loss=0.0072
I | 06-04 09:12:32 | pretrain | step=615, loss=0.0072
I | 06-04 09:12:32 | pretrain | step=616, loss=0.0072
I | 06-04 09:12:32 | pretrain | step=617, loss=0.0072
I | 06-04 09:12:32 | pretrain | step=618, loss=0.0072
I | 06-04 09:12:32 | pretrain | step=619, loss=0.0072
I | 06-04 09:12:33 | pretrain | step=620, loss=0.0073
I | 06-04 09:12:33 | pretrain | step=621, loss=0.0073
I | 06-04 09:12:33 | pretrain | step=622, loss=0.0074
I | 06-04 09:12:33 | pretrain | step=623, loss=0.0073
I | 06-04 09:12:33 | pretrain | step=624, loss=0.0072
I | 06-04 09:12:34 | pretrain | step=625, loss=0.0071
I | 06-04 09:12:34 | pretrain | step=626, loss=0.0071
I | 06-04 09:12:34 | pretrain | step=627, loss=0.0072
I | 06-04 09:12:34 | pretrain | step=628, loss=0.0072
I | 06-04 09:12:34 | pretrain | step=629, loss=0.0072
I | 06-04 09:12:35 | pretrain | step=630, loss=0.0073
I | 06-04 09:12:35 | pretrain | step=631, loss=0.0073
I | 06-04 09:12:35 | pretrain | step=632, loss=0.0072
I | 06-04 09:12:35 | pretrain | step=633, loss=0.0072
I | 06-04 09:12:35 | pretrain | step=634, loss=0.0072
I | 06-04 09:12:36 | pretrain | step=635, loss=0.0072
I | 06-04 09:12:36 | pretrain | step=636, loss=0.0072
I | 06-04 09:12:36 | pretrain | step=637, loss=0.0072
I | 06-04 09:12:36 | pretrain | step=638, loss=0.0072
I | 06-04 09:12:37 | pretrain | step=639, loss=0.0072
I | 06-04 09:12:37 | pretrain | step=640, loss=0.0072
I | 06-04 09:12:37 | pretrain | step=641, loss=0.0073
I | 06-04 09:12:37 | pretrain | step=642, loss=0.0073
I | 06-04 09:12:37 | pretrain | step=643, loss=0.0072
I | 06-04 09:12:38 | pretrain | step=644, loss=0.0072
I | 06-04 09:12:38 | pretrain | step=645, loss=0.0072
I | 06-04 09:12:38 | pretrain | step=646, loss=0.0072
I | 06-04 09:12:38 | pretrain | step=647, loss=0.0072
I | 06-04 09:12:38 | pretrain | step=648, loss=0.0072
I | 06-04 09:12:39 | pretrain | step=649, loss=0.0072
I | 06-04 09:12:39 | pretrain | step=650, loss=0.0072
I | 06-04 09:12:39 | pretrain | step=651, loss=0.0072
I | 06-04 09:12:39 | pretrain | step=652, loss=0.0073
I | 06-04 09:12:39 | pretrain | step=653, loss=0.0072
I | 06-04 09:12:40 | pretrain | step=654, loss=0.0072
I | 06-04 09:12:40 | pretrain | step=655, loss=0.0072
I | 06-04 09:12:40 | pretrain | step=656, loss=0.0072
I | 06-04 09:12:40 | pretrain | step=657, loss=0.0072
I | 06-04 09:12:41 | pretrain | step=658, loss=0.0072
I | 06-04 09:12:41 | pretrain | step=659, loss=0.0072
I | 06-04 09:12:41 | pretrain | step=660, loss=0.0072
I | 06-04 09:12:41 | pretrain | step=661, loss=0.0073
I | 06-04 09:12:41 | pretrain | step=662, loss=0.0073
I | 06-04 09:12:42 | pretrain | step=663, loss=0.0072
I | 06-04 09:12:42 | pretrain | step=664, loss=0.0072
I | 06-04 09:12:42 | pretrain | step=665, loss=0.0073
I | 06-04 09:12:42 | pretrain | step=666, loss=0.0073
I | 06-04 09:12:42 | pretrain | step=667, loss=0.0073
I | 06-04 09:12:43 | pretrain | step=668, loss=0.0073
I | 06-04 09:12:43 | pretrain | step=669, loss=0.0073
I | 06-04 09:12:43 | pretrain | step=670, loss=0.0073
I | 06-04 09:12:43 | pretrain | step=671, loss=0.0072
I | 06-04 09:12:43 | pretrain | step=672, loss=0.0072
I | 06-04 09:12:44 | pretrain | step=673, loss=0.0072
I | 06-04 09:12:44 | pretrain | step=674, loss=0.0073
I | 06-04 09:12:44 | pretrain | step=675, loss=0.0073
I | 06-04 09:12:44 | pretrain | step=676, loss=0.0072
I | 06-04 09:12:45 | pretrain | step=677, loss=0.0072
I | 06-04 09:12:45 | pretrain | step=678, loss=0.0072
I | 06-04 09:12:45 | pretrain | step=679, loss=0.0072
I | 06-04 09:12:45 | pretrain | step=680, loss=0.0073
I | 06-04 09:12:45 | pretrain | step=681, loss=0.0073
I | 06-04 09:12:46 | pretrain | step=682, loss=0.0073
I | 06-04 09:12:46 | pretrain | step=683, loss=0.0073
I | 06-04 09:12:46 | pretrain | step=684, loss=0.0073
I | 06-04 09:12:46 | pretrain | step=685, loss=0.0073
I | 06-04 09:12:46 | pretrain | step=686, loss=0.0073
I | 06-04 09:12:47 | pretrain | step=687, loss=0.0074
I | 06-04 09:12:47 | pretrain | step=688, loss=0.0074
I | 06-04 09:12:47 | pretrain | step=689, loss=0.0074
I | 06-04 09:12:47 | pretrain | step=690, loss=0.0074
I | 06-04 09:12:47 | pretrain | step=691, loss=0.0072
I | 06-04 09:12:48 | pretrain | step=692, loss=0.0072
I | 06-04 09:12:48 | pretrain | step=693, loss=0.0073
I | 06-04 09:12:48 | pretrain | step=694, loss=0.0073
I | 06-04 09:12:48 | pretrain | step=695, loss=0.0073
I | 06-04 09:12:48 | pretrain | step=696, loss=0.0072
I | 06-04 09:12:49 | pretrain | step=697, loss=0.0072
I | 06-04 09:12:49 | pretrain | step=698, loss=0.0072
I | 06-04 09:12:49 | pretrain | step=699, loss=0.0072
I | 06-04 09:12:49 | pretrain | step=700, loss=0.0072
I | 06-04 09:12:50 | pretrain | step=701, loss=0.0072
I | 06-04 09:12:50 | pretrain | step=702, loss=0.0072
I | 06-04 09:12:50 | pretrain | step=703, loss=0.0072
I | 06-04 09:12:50 | pretrain | step=704, loss=0.0072
I | 06-04 09:12:50 | pretrain | step=705, loss=0.0072
I | 06-04 09:12:51 | pretrain | step=706, loss=0.0072
I | 06-04 09:12:51 | pretrain | step=707, loss=0.0072
I | 06-04 09:12:51 | pretrain | step=708, loss=0.0072
I | 06-04 09:12:51 | pretrain | step=709, loss=0.0072
I | 06-04 09:12:51 | pretrain | step=710, loss=0.0072
I | 06-04 09:12:52 | pretrain | step=711, loss=0.0072
I | 06-04 09:12:52 | pretrain | step=712, loss=0.0072
I | 06-04 09:12:52 | pretrain | step=713, loss=0.0073
I | 06-04 09:12:52 | pretrain | step=714, loss=0.0073
I | 06-04 09:12:52 | pretrain | step=715, loss=0.0073
I | 06-04 09:12:53 | pretrain | step=716, loss=0.0073
I | 06-04 09:12:53 | pretrain | step=717, loss=0.0073
I | 06-04 09:12:53 | pretrain | step=718, loss=0.0072
I | 06-04 09:12:53 | pretrain | step=719, loss=0.0072
I | 06-04 09:12:54 | pretrain | step=720, loss=0.0072
I | 06-04 09:12:54 | pretrain | step=721, loss=0.0073
I | 06-04 09:12:54 | pretrain | step=722, loss=0.0073
I | 06-04 09:12:54 | pretrain | step=723, loss=0.0073
I | 06-04 09:12:54 | pretrain | step=724, loss=0.0073
I | 06-04 09:12:55 | pretrain | step=725, loss=0.0072
I | 06-04 09:12:55 | pretrain | step=726, loss=0.0073
I | 06-04 09:12:55 | pretrain | step=727, loss=0.0072
I | 06-04 09:12:55 | pretrain | step=728, loss=0.0072
I | 06-04 09:12:55 | pretrain | step=729, loss=0.0072
I | 06-04 09:12:56 | pretrain | step=730, loss=0.0072
I | 06-04 09:12:56 | pretrain | step=731, loss=0.0072
I | 06-04 09:12:56 | pretrain | step=732, loss=0.0072
I | 06-04 09:12:56 | pretrain | step=733, loss=0.0072
I | 06-04 09:12:56 | pretrain | step=734, loss=0.0072
I | 06-04 09:12:57 | pretrain | step=735, loss=0.0072
I | 06-04 09:12:57 | pretrain | step=736, loss=0.0071
I | 06-04 09:12:57 | pretrain | step=737, loss=0.0072
I | 06-04 09:12:57 | pretrain | step=738, loss=0.0072
I | 06-04 09:12:58 | pretrain | step=739, loss=0.0083
I | 06-04 09:12:58 | pretrain | step=740, loss=0.0072
I | 06-04 09:12:58 | pretrain | step=741, loss=0.0072
I | 06-04 09:12:58 | pretrain | step=742, loss=0.0072
I | 06-04 09:12:58 | pretrain | step=743, loss=0.0072
I | 06-04 09:12:59 | pretrain | step=744, loss=0.0072
I | 06-04 09:12:59 | pretrain | step=745, loss=0.0072
I | 06-04 09:12:59 | pretrain | step=746, loss=0.0072
I | 06-04 09:12:59 | pretrain | step=747, loss=0.0072
I | 06-04 09:12:59 | pretrain | step=748, loss=0.0072
I | 06-04 09:13:00 | pretrain | step=749, loss=0.0072
I | 06-04 09:13:00 | pretrain | step=750, loss=0.0072
I | 06-04 09:13:00 | pretrain | step=751, loss=0.0072
I | 06-04 09:13:00 | pretrain | step=752, loss=0.0072
I | 06-04 09:13:00 | pretrain | step=753, loss=0.0072
I | 06-04 09:13:01 | pretrain | step=754, loss=0.0072
I | 06-04 09:13:01 | pretrain | step=755, loss=0.0072
I | 06-04 09:13:01 | pretrain | step=756, loss=0.0072
I | 06-04 09:13:01 | pretrain | step=757, loss=0.0072
I | 06-04 09:13:02 | pretrain | step=758, loss=0.0071
I | 06-04 09:13:02 | pretrain | step=759, loss=0.0072
I | 06-04 09:13:02 | pretrain | step=760, loss=0.0072
I | 06-04 09:13:02 | pretrain | step=761, loss=0.0072
I | 06-04 09:13:02 | pretrain | step=762, loss=0.0072
I | 06-04 09:13:03 | pretrain | step=763, loss=0.0072
I | 06-04 09:13:03 | pretrain | step=764, loss=0.0072
I | 06-04 09:13:03 | pretrain | step=765, loss=0.0072
I | 06-04 09:13:03 | pretrain | step=766, loss=0.0071
I | 06-04 09:13:03 | pretrain | step=767, loss=0.0071
I | 06-04 09:13:04 | pretrain | step=768, loss=0.0071
I | 06-04 09:13:04 | pretrain | step=769, loss=0.0071
I | 06-04 09:13:04 | pretrain | step=770, loss=0.0071
I | 06-04 09:13:04 | pretrain | step=771, loss=0.0071
I | 06-04 09:13:04 | pretrain | step=772, loss=0.0071
I | 06-04 09:13:05 | pretrain | step=773, loss=0.0071
I | 06-04 09:13:05 | pretrain | step=774, loss=0.0071
I | 06-04 09:13:05 | pretrain | step=775, loss=0.0071
I | 06-04 09:13:05 | pretrain | step=776, loss=0.0071
I | 06-04 09:13:05 | pretrain | step=777, loss=0.0072
I | 06-04 09:13:06 | pretrain | step=778, loss=0.0072
I | 06-04 09:13:06 | pretrain | step=779, loss=0.0072
I | 06-04 09:13:06 | pretrain | step=780, loss=0.0072
I | 06-04 09:13:06 | pretrain | step=781, loss=0.0072
I | 06-04 09:13:07 | pretrain | step=782, loss=0.0071
I | 06-04 09:13:07 | pretrain | step=783, loss=0.0071
I | 06-04 09:13:07 | pretrain | step=784, loss=0.0071
I | 06-04 09:13:07 | pretrain | step=785, loss=0.0071
I | 06-04 09:13:07 | pretrain | step=786, loss=0.0071
I | 06-04 09:13:08 | pretrain | step=787, loss=0.0071
I | 06-04 09:13:08 | pretrain | step=788, loss=0.0070
I | 06-04 09:13:08 | pretrain | step=789, loss=0.0071
I | 06-04 09:13:08 | pretrain | step=790, loss=0.0071
I | 06-04 09:13:08 | pretrain | step=791, loss=0.0070
I | 06-04 09:13:09 | pretrain | step=792, loss=0.0070
I | 06-04 09:13:09 | pretrain | step=793, loss=0.0071
I | 06-04 09:13:09 | pretrain | step=794, loss=0.0071
I | 06-04 09:13:09 | pretrain | step=795, loss=0.0071
I | 06-04 09:13:09 | pretrain | step=796, loss=0.0070
I | 06-04 09:13:10 | pretrain | step=797, loss=0.0070
I | 06-04 09:13:10 | pretrain | step=798, loss=0.0070
I | 06-04 09:13:10 | pretrain | step=799, loss=0.0070
I | 06-04 09:13:10 | pretrain | step=800, loss=0.0070
I | 06-04 09:13:11 | pretrain | step=801, loss=0.0070
I | 06-04 09:13:11 | pretrain | step=802, loss=0.0070
I | 06-04 09:13:11 | pretrain | step=803, loss=0.0070
I | 06-04 09:13:11 | pretrain | step=804, loss=0.0071
I | 06-04 09:13:11 | pretrain | step=805, loss=0.0071
I | 06-04 09:13:12 | pretrain | step=806, loss=0.0071
I | 06-04 09:13:12 | pretrain | step=807, loss=0.0071
I | 06-04 09:13:12 | pretrain | step=808, loss=0.0070
I | 06-04 09:13:12 | pretrain | step=809, loss=0.0070
I | 06-04 09:13:12 | pretrain | step=810, loss=0.0069
I | 06-04 09:13:13 | pretrain | step=811, loss=0.0069
I | 06-04 09:13:13 | pretrain | step=812, loss=0.0070
I | 06-04 09:13:13 | pretrain | step=813, loss=0.0070
I | 06-04 09:13:13 | pretrain | step=814, loss=0.0070
I | 06-04 09:13:13 | pretrain | step=815, loss=0.0070
I | 06-04 09:13:14 | pretrain | step=816, loss=0.0070
I | 06-04 09:13:14 | pretrain | step=817, loss=0.0071
I | 06-04 09:13:14 | pretrain | step=818, loss=0.0070
I | 06-04 09:13:14 | pretrain | step=819, loss=0.0071
I | 06-04 09:13:15 | pretrain | step=820, loss=0.0071
I | 06-04 09:13:15 | pretrain | step=821, loss=0.0070
I | 06-04 09:13:15 | pretrain | step=822, loss=0.0070
I | 06-04 09:13:15 | pretrain | step=823, loss=0.0070
I | 06-04 09:13:15 | pretrain | step=824, loss=0.0070
I | 06-04 09:13:16 | pretrain | step=825, loss=0.0070
I | 06-04 09:13:16 | pretrain | step=826, loss=0.0070
I | 06-04 09:13:16 | pretrain | step=827, loss=0.0069
I | 06-04 09:13:16 | pretrain | step=828, loss=0.0069
I | 06-04 09:13:16 | pretrain | step=829, loss=0.0069
I | 06-04 09:13:17 | pretrain | step=830, loss=0.0069
I | 06-04 09:13:17 | pretrain | step=831, loss=0.0069
I | 06-04 09:13:17 | pretrain | step=832, loss=0.0069
I | 06-04 09:13:17 | pretrain | step=833, loss=0.0069
I | 06-04 09:13:17 | pretrain | step=834, loss=0.0068
I | 06-04 09:13:18 | pretrain | step=835, loss=0.0069
I | 06-04 09:13:18 | pretrain | step=836, loss=0.0069
I | 06-04 09:13:18 | pretrain | step=837, loss=0.0069
I | 06-04 09:13:18 | pretrain | step=838, loss=0.0068
I | 06-04 09:13:18 | pretrain | step=839, loss=0.0068
I | 06-04 09:13:19 | pretrain | step=840, loss=0.0068
I | 06-04 09:13:19 | pretrain | step=841, loss=0.0068
I | 06-04 09:13:19 | pretrain | step=842, loss=0.0068
I | 06-04 09:13:19 | pretrain | step=843, loss=0.0068
I | 06-04 09:13:20 | pretrain | step=844, loss=0.0068
I | 06-04 09:13:20 | pretrain | step=845, loss=0.0068
I | 06-04 09:13:20 | pretrain | step=846, loss=0.0068
I | 06-04 09:13:20 | pretrain | step=847, loss=0.0068
I | 06-04 09:13:20 | pretrain | step=848, loss=0.0068
I | 06-04 09:13:21 | pretrain | step=849, loss=0.0068
I | 06-04 09:13:21 | pretrain | step=850, loss=0.0068
I | 06-04 09:13:21 | pretrain | step=851, loss=0.0068
I | 06-04 09:13:21 | pretrain | step=852, loss=0.0068
I | 06-04 09:13:21 | pretrain | step=853, loss=0.0068
I | 06-04 09:13:22 | pretrain | step=854, loss=0.0068
I | 06-04 09:13:22 | pretrain | step=855, loss=0.0068
I | 06-04 09:13:22 | pretrain | step=856, loss=0.0068
I | 06-04 09:13:22 | pretrain | step=857, loss=0.0068
I | 06-04 09:13:22 | pretrain | step=858, loss=0.0068
I | 06-04 09:13:23 | pretrain | step=859, loss=0.0067
I | 06-04 09:13:23 | pretrain | step=860, loss=0.0067
I | 06-04 09:13:23 | pretrain | step=861, loss=0.0068
I | 06-04 09:13:23 | pretrain | step=862, loss=0.0068
I | 06-04 09:13:24 | pretrain | step=863, loss=0.0069
I | 06-04 09:13:24 | pretrain | step=864, loss=0.0069
I | 06-04 09:13:24 | pretrain | step=865, loss=0.0069
I | 06-04 09:13:24 | pretrain | step=866, loss=0.0068
I | 06-04 09:13:24 | pretrain | step=867, loss=0.0067
I | 06-04 09:13:25 | pretrain | step=868, loss=0.0067
I | 06-04 09:13:25 | pretrain | step=869, loss=0.0067
I | 06-04 09:13:25 | pretrain | step=870, loss=0.0067
I | 06-04 09:13:25 | pretrain | step=871, loss=0.0067
I | 06-04 09:13:25 | pretrain | step=872, loss=0.0067
I | 06-04 09:13:26 | pretrain | step=873, loss=0.0067
I | 06-04 09:13:26 | pretrain | step=874, loss=0.0067
I | 06-04 09:13:26 | pretrain | step=875, loss=0.0067
I | 06-04 09:13:26 | pretrain | step=876, loss=0.0067
I | 06-04 09:13:26 | pretrain | step=877, loss=0.0067
I | 06-04 09:13:27 | pretrain | step=878, loss=0.0067
I | 06-04 09:13:27 | pretrain | step=879, loss=0.0067
I | 06-04 09:13:27 | pretrain | step=880, loss=0.0067
I | 06-04 09:13:27 | pretrain | step=881, loss=0.0067
I | 06-04 09:13:27 | pretrain | step=882, loss=0.0067
I | 06-04 09:13:28 | pretrain | step=883, loss=0.0067
I | 06-04 09:13:28 | pretrain | step=884, loss=0.0067
I | 06-04 09:13:28 | pretrain | step=885, loss=0.0067
I | 06-04 09:13:28 | pretrain | step=886, loss=0.0067
I | 06-04 09:13:29 | pretrain | step=887, loss=0.0067
I | 06-04 09:13:29 | pretrain | step=888, loss=0.0067
I | 06-04 09:13:29 | pretrain | step=889, loss=0.0068
I | 06-04 09:13:29 | pretrain | step=890, loss=0.0068
I | 06-04 09:13:29 | pretrain | step=891, loss=0.0067
I | 06-04 09:13:30 | pretrain | step=892, loss=0.0067
I | 06-04 09:13:30 | pretrain | step=893, loss=0.0067
I | 06-04 09:13:30 | pretrain | step=894, loss=0.0067
I | 06-04 09:13:30 | pretrain | step=895, loss=0.0067
I | 06-04 09:13:30 | pretrain | step=896, loss=0.0067
I | 06-04 09:13:31 | pretrain | step=897, loss=0.0067
I | 06-04 09:13:31 | pretrain | step=898, loss=0.0067
I | 06-04 09:13:31 | pretrain | step=899, loss=0.0067
I | 06-04 09:13:31 | pretrain | step=900, loss=0.0067
I | 06-04 09:13:31 | pretrain | step=901, loss=0.0067
I | 06-04 09:13:32 | pretrain | step=902, loss=0.0067
I | 06-04 09:13:32 | pretrain | step=903, loss=0.0067
I | 06-04 09:13:32 | pretrain | step=904, loss=0.0066
I | 06-04 09:13:32 | pretrain | step=905, loss=0.0066
I | 06-04 09:13:32 | pretrain | step=906, loss=0.0066
I | 06-04 09:13:33 | pretrain | step=907, loss=0.0066
I | 06-04 09:13:33 | pretrain | step=908, loss=0.0066
I | 06-04 09:13:33 | pretrain | step=909, loss=0.0066
I | 06-04 09:13:33 | pretrain | step=910, loss=0.0066
I | 06-04 09:13:34 | pretrain | step=911, loss=0.0066
I | 06-04 09:13:34 | pretrain | step=912, loss=0.0066
I | 06-04 09:13:34 | pretrain | step=913, loss=0.0066
I | 06-04 09:13:34 | pretrain | step=914, loss=0.0066
I | 06-04 09:13:34 | pretrain | step=915, loss=0.0066
I | 06-04 09:13:35 | pretrain | step=916, loss=0.0066
I | 06-04 09:13:35 | pretrain | step=917, loss=0.0066
I | 06-04 09:13:35 | pretrain | step=918, loss=0.0066
I | 06-04 09:13:35 | pretrain | step=919, loss=0.0066
I | 06-04 09:13:35 | pretrain | step=920, loss=0.0066
I | 06-04 09:13:36 | pretrain | step=921, loss=0.0066
I | 06-04 09:13:36 | pretrain | step=922, loss=0.0066
I | 06-04 09:13:36 | pretrain | step=923, loss=0.0067
I | 06-04 09:13:36 | pretrain | step=924, loss=0.0067
I | 06-04 09:13:36 | pretrain | step=925, loss=0.0067
I | 06-04 09:13:37 | pretrain | step=926, loss=0.0068
I | 06-04 09:13:37 | pretrain | step=927, loss=0.0067
I | 06-04 09:13:37 | pretrain | step=928, loss=0.0066
I | 06-04 09:13:37 | pretrain | step=929, loss=0.0066
I | 06-04 09:13:38 | pretrain | step=930, loss=0.0066
I | 06-04 09:13:38 | pretrain | step=931, loss=0.0066
I | 06-04 09:13:38 | pretrain | step=932, loss=0.0066
I | 06-04 09:13:38 | pretrain | step=933, loss=0.0065
I | 06-04 09:13:38 | pretrain | step=934, loss=0.0065
I | 06-04 09:13:39 | pretrain | step=935, loss=0.0066
I | 06-04 09:13:39 | pretrain | step=936, loss=0.0066
I | 06-04 09:13:39 | pretrain | step=937, loss=0.0066
I | 06-04 09:13:39 | pretrain | step=938, loss=0.0066
I | 06-04 09:13:39 | pretrain | step=939, loss=0.0066
I | 06-04 09:13:40 | pretrain | step=940, loss=0.0065
I | 06-04 09:13:40 | pretrain | step=941, loss=0.0065
I | 06-04 09:13:40 | pretrain | step=942, loss=0.0065
I | 06-04 09:13:40 | pretrain | step=943, loss=0.0065
I | 06-04 09:13:40 | pretrain | step=944, loss=0.0065
I | 06-04 09:13:41 | pretrain | step=945, loss=0.0065
I | 06-04 09:13:41 | pretrain | step=946, loss=0.0065
I | 06-04 09:13:41 | pretrain | step=947, loss=0.0065
I | 06-04 09:13:41 | pretrain | step=948, loss=0.0064
I | 06-04 09:13:41 | pretrain | step=949, loss=0.0065
I | 06-04 09:13:42 | pretrain | step=950, loss=0.0065
I | 06-04 09:13:42 | pretrain | step=951, loss=0.0064
I | 06-04 09:13:42 | pretrain | step=952, loss=0.0064
I | 06-04 09:13:42 | pretrain | step=953, loss=0.0064
I | 06-04 09:13:43 | pretrain | step=954, loss=0.0064
I | 06-04 09:13:43 | pretrain | step=955, loss=0.0064
I | 06-04 09:13:43 | pretrain | step=956, loss=0.0064
I | 06-04 09:13:43 | pretrain | step=957, loss=0.0065
I | 06-04 09:13:43 | pretrain | step=958, loss=0.0065
I | 06-04 09:13:44 | pretrain | step=959, loss=0.0065
I | 06-04 09:13:44 | pretrain | step=960, loss=0.0065
I | 06-04 09:13:44 | pretrain | step=961, loss=0.0064
I | 06-04 09:13:44 | pretrain | step=962, loss=0.0064
I | 06-04 09:13:44 | pretrain | step=963, loss=0.0064
I | 06-04 09:13:45 | pretrain | step=964, loss=0.0064
I | 06-04 09:13:45 | pretrain | step=965, loss=0.0063
I | 06-04 09:13:45 | pretrain | step=966, loss=0.0063
I | 06-04 09:13:45 | pretrain | step=967, loss=0.0064
I | 06-04 09:13:45 | pretrain | step=968, loss=0.0063
I | 06-04 09:13:46 | pretrain | step=969, loss=0.0063
I | 06-04 09:13:46 | pretrain | step=970, loss=0.0063
I | 06-04 09:13:46 | pretrain | step=971, loss=0.0063
I | 06-04 09:13:46 | pretrain | step=972, loss=0.0063
I | 06-04 09:13:47 | pretrain | step=973, loss=0.0063
I | 06-04 09:13:47 | pretrain | step=974, loss=0.0063
I | 06-04 09:13:47 | pretrain | step=975, loss=0.0063
I | 06-04 09:13:47 | pretrain | step=976, loss=0.0063
I | 06-04 09:13:47 | pretrain | step=977, loss=0.0063
I | 06-04 09:13:48 | pretrain | step=978, loss=0.0063
I | 06-04 09:13:48 | pretrain | step=979, loss=0.0062
I | 06-04 09:13:48 | pretrain | step=980, loss=0.0062
I | 06-04 09:13:48 | pretrain | step=981, loss=0.0062
I | 06-04 09:13:48 | pretrain | step=982, loss=0.0062
I | 06-04 09:13:49 | pretrain | step=983, loss=0.0062
I | 06-04 09:13:49 | pretrain | step=984, loss=0.0062
I | 06-04 09:13:49 | pretrain | step=985, loss=0.0063
I | 06-04 09:13:49 | pretrain | step=986, loss=0.0062
I | 06-04 09:13:49 | pretrain | step=987, loss=0.0062
I | 06-04 09:13:50 | pretrain | step=988, loss=0.0063
I | 06-04 09:13:50 | pretrain | step=989, loss=0.0062
I | 06-04 09:13:50 | pretrain | step=990, loss=0.0062
I | 06-04 09:13:50 | pretrain | step=991, loss=0.0062
I | 06-04 09:13:50 | pretrain | step=992, loss=0.0062
I | 06-04 09:13:51 | pretrain | step=993, loss=0.0062
I | 06-04 09:13:51 | pretrain | step=994, loss=0.0062
I | 06-04 09:13:51 | pretrain | step=995, loss=0.0062
I | 06-04 09:13:51 | pretrain | step=996, loss=0.0062
I | 06-04 09:13:52 | pretrain | step=997, loss=0.0062
I | 06-04 09:13:52 | pretrain | step=998, loss=0.0062
I | 06-04 09:13:52 | pretrain | step=999, loss=0.0061
I | 06-04 09:13:52 |checkpoint| Saving checkpoint /rds/user/jc2405/hpc-work/JaQMC/jaqmc/runs/fe_chain_1.8/pretrain_ckpt_000999.npz
I | 06-04 09:13:53 | pretrain | Done 1000 pretrain steps.
I | 06-04 09:13:53 | pretrain | Time per step: 0.210s
I | 06-04 09:13:54 |  jaqmc   | Setting Ewald alpha to 0.66137564
I | 06-04 09:14:00 |   absl   | ==================================================
I | 06-04 09:14:00 |   absl   | Graph parameter registrations:
I | 06-04 09:14:00 |   absl   | {'params': {'backbone_layer': {'Dense_0': {'bias': 'Auto[tag_variant=repeated_dense(0)|match_type=repeated[1]_flax_dense_with_bias]',
I | 06-04 09:14:00 |   absl   |                                            'kernel': 'Auto[tag_variant=repeated_dense(0)|match_type=repeated[1]_flax_dense_with_bias]'},
I | 06-04 09:14:00 |   absl   |                                'Dense_1': {'bias': 'Auto[tag_variant=repeated_dense(1)|match_type=repeated[2]_flax_dense_with_bias]',
I | 06-04 09:14:00 |   absl   |                                            'kernel': 'Auto[tag_variant=repeated_dense(1)|match_type=repeated[2]_flax_dense_with_bias]'},
I | 06-04 09:14:00 |   absl   |                                'Dense_2': {'bias': 'Auto[tag_variant=repeated_dense(2)|match_type=repeated[1]_flax_dense_with_bias]',
I | 06-04 09:14:00 |   absl   |                                            'kernel': 'Auto[tag_variant=repeated_dense(2)|match_type=repeated[1]_flax_dense_with_bias]'},
I | 06-04 09:14:00 |   absl   |                                'Dense_3': {'bias': 'Auto[tag_variant=repeated_dense(3)|match_type=repeated[2]_flax_dense_with_bias]',
I | 06-04 09:14:00 |   absl   |                                            'kernel': 'Auto[tag_variant=repeated_dense(3)|match_type=repeated[2]_flax_dense_with_bias]'},
I | 06-04 09:14:00 |   absl   |                                'Dense_4': {'bias': 'Auto[tag_variant=repeated_dense(4)|match_type=repeated[1]_flax_dense_with_bias]',
I | 06-04 09:14:00 |   absl   |                                            'kernel': 'Auto[tag_variant=repeated_dense(4)|match_type=repeated[1]_flax_dense_with_bias]'},
I | 06-04 09:14:00 |   absl   |                                'Dense_5': {'bias': 'Auto[tag_variant=repeated_dense(5)|match_type=repeated[2]_flax_dense_with_bias]',
I | 06-04 09:14:00 |   absl   |                                            'kernel': 'Auto[tag_variant=repeated_dense(5)|match_type=repeated[2]_flax_dense_with_bias]'},
I | 06-04 09:14:00 |   absl   |                                'Dense_6': {'bias': 'Auto[tag_variant=repeated_dense(6)|match_type=repeated[1]_flax_dense_with_bias]',
I | 06-04 09:14:00 |   absl   |                                            'kernel': 'Auto[tag_variant=repeated_dense(6)|match_type=repeated[1]_flax_dense_with_bias]'}},
I | 06-04 09:14:00 |   absl   |             'envelope_layer': {'_env_down': {'pi': 'Auto[tag_variant=scale_and_shift(3)|match_type=scale_only_broadcast_1]',
I | 06-04 09:14:00 |   absl   |                                              'sigma': 'Auto[tag_variant=scale_and_shift(2)|match_type=scale_only_broadcast_1]'},
I | 06-04 09:14:00 |   absl   |                                '_env_up': {'pi': 'Auto[tag_variant=scale_and_shift(1)|match_type=scale_only_broadcast_1]',
I | 06-04 09:14:00 |   absl   |                                            'sigma': 'Auto[tag_variant=scale_and_shift(0)|match_type=scale_only_broadcast_1]'}},
I | 06-04 09:14:00 |   absl   |             'imag_orbital_layer': {'SplitChannelDense_0': {'DenseGeneral_0': {'kernel': 'Auto[tag_variant=repeated_dense(9)|match_type=repeated[1]_flax_dense_no_bias]'},
I | 06-04 09:14:00 |   absl   |                                                            'DenseGeneral_1': {'kernel': 'Auto[tag_variant=repeated_dense(10)|match_type=repeated[1]_flax_dense_no_bias]'}}},
I | 06-04 09:14:00 |   absl   |             'real_orbital_layer': {'SplitChannelDense_0': {'DenseGeneral_0': {'kernel': 'Auto[tag_variant=repeated_dense(7)|match_type=repeated[1]_flax_dense_no_bias]'},
I | 06-04 09:14:00 |   absl   |                                                            'DenseGeneral_1': {'kernel': 'Auto[tag_variant=repeated_dense(8)|match_type=repeated[1]_flax_dense_no_bias]'}}}}}
I | 06-04 09:14:00 |   absl   | ==================================================
I | 06-04 09:14:00 |   absl   | Graph registered losses:
I | 06-04 09:14:00 |   absl   | NormalMeanNegativeLogProbLoss(mean=Var(id=23257987204416):complex64[1024,1], variance=Literal(0.5), weight=Literal(1.0), normalize_log_prob=Literal(True))
I | 06-04 09:14:00 |   absl   | ==================================================
I | 06-04 09:14:00 |   absl   | BlockDiagonalCurvature blocks:
I | 06-04 09:14:00 |   absl   | RepeatedDenseBlock(parameter_specs=['ab -> (a)(b)', 'a -> ()(a)'], parameters_concat_axis=0), tag name: Auto[tag_variant=repeated_dense(0)|match_type=repeated[1]_flax_dense_with_bias], params shapes: ((32, 256), (256,))
I | 06-04 09:14:00 |   absl   | RepeatedDenseBlock(parameter_specs=['ab -> (a)(b)', 'a -> ()(a)'], parameters_concat_axis=0), tag name: Auto[tag_variant=repeated_dense(1)|match_type=repeated[2]_flax_dense_with_bias], params shapes: ((4, 32), (32,))
I | 06-04 09:14:00 |   absl   | RepeatedDenseBlock(parameter_specs=['ab -> (a)(b)', 'a -> ()(a)'], parameters_concat_axis=0), tag name: Auto[tag_variant=repeated_dense(2)|match_type=repeated[1]_flax_dense_with_bias], params shapes: ((832, 256), (256,))
I | 06-04 09:14:00 |   absl   | RepeatedDenseBlock(parameter_specs=['ab -> (a)(b)', 'a -> ()(a)'], parameters_concat_axis=0), tag name: Auto[tag_variant=repeated_dense(3)|match_type=repeated[2]_flax_dense_with_bias], params shapes: ((32, 32), (32,))
I | 06-04 09:14:00 |   absl   | RepeatedDenseBlock(parameter_specs=['ab -> (a)(b)', 'a -> ()(a)'], parameters_concat_axis=0), tag name: Auto[tag_variant=repeated_dense(4)|match_type=repeated[1]_flax_dense_with_bias], params shapes: ((832, 256), (256,))
I | 06-04 09:14:00 |   absl   | RepeatedDenseBlock(parameter_specs=['ab -> (a)(b)', 'a -> ()(a)'], parameters_concat_axis=0), tag name: Auto[tag_variant=repeated_dense(5)|match_type=repeated[2]_flax_dense_with_bias], params shapes: ((32, 32), (32,))
I | 06-04 09:14:00 |   absl   | RepeatedDenseBlock(parameter_specs=['ab -> (a)(b)', 'a -> ()(a)'], parameters_concat_axis=0), tag name: Auto[tag_variant=repeated_dense(6)|match_type=repeated[1]_flax_dense_with_bias], params shapes: ((832, 256), (256,))
I | 06-04 09:14:00 |   absl   | ScaleAndShiftDiagonal, tag name: Auto[tag_variant=scale_and_shift(3)|match_type=scale_only_broadcast_1], params shapes: ((32, 2, 16),)
I | 06-04 09:14:00 |   absl   | ScaleAndShiftDiagonal, tag name: Auto[tag_variant=scale_and_shift(2)|match_type=scale_only_broadcast_1], params shapes: ((32, 2, 16),)
I | 06-04 09:14:00 |   absl   | ScaleAndShiftDiagonal, tag name: Auto[tag_variant=scale_and_shift(1)|match_type=scale_only_broadcast_1], params shapes: ((32, 2, 16),)
I | 06-04 09:14:00 |   absl   | ScaleAndShiftDiagonal, tag name: Auto[tag_variant=scale_and_shift(0)|match_type=scale_only_broadcast_1], params shapes: ((32, 2, 16),)
I | 06-04 09:14:00 |   absl   | RepeatedDenseBlock(parameter_specs=['abc -> (a)(bc)'], parameters_concat_axis=0), tag name: Auto[tag_variant=repeated_dense(9)|match_type=repeated[1]_flax_dense_no_bias], params shapes: ((256, 16, 32),)
I | 06-04 09:14:00 |   absl   | RepeatedDenseBlock(parameter_specs=['abc -> (a)(bc)'], parameters_concat_axis=0), tag name: Auto[tag_variant=repeated_dense(10)|match_type=repeated[1]_flax_dense_no_bias], params shapes: ((256, 16, 32),)
I | 06-04 09:14:00 |   absl   | RepeatedDenseBlock(parameter_specs=['abc -> (a)(bc)'], parameters_concat_axis=0), tag name: Auto[tag_variant=repeated_dense(7)|match_type=repeated[1]_flax_dense_no_bias], params shapes: ((256, 16, 32),)
I | 06-04 09:14:00 |   absl   | RepeatedDenseBlock(parameter_specs=['abc -> (a)(bc)'], parameters_concat_axis=0), tag name: Auto[tag_variant=repeated_dense(8)|match_type=repeated[1]_flax_dense_no_bias], params shapes: ((256, 16, 32),)
I | 06-04 09:14:00 |   absl   | ==================================================
I | 06-04 09:14:00 |  train   | Start 10000 train steps.
W | 06-04 09:14:00 |  train   | Disabling check_vma (incompatible with KFAC).
I | 06-04 09:14:00 |  jaqmc   | Start burn in 100 steps.
I | 06-04 09:14:20 |  jaqmc   | Burn in 100 steps complete.
WARNING:[folx]() - rem not in registry. The following call might be slow as we will compute the full hessian.
WARNING:[folx]() - rem not in registry. The following call might be slow as we will compute the full hessian.
WARNING:[folx]() - round not in registry. The following call might be slow as we will compute the full hessian.
WARNING:[folx]() - rem not in registry. The following call might be slow as we will compute the full hessian.
WARNING:[folx]() - rem not in registry. The following call might be slow as we will compute the full hessian.
WARNING:[folx]() - round not in registry. The following call might be slow as we will compute the full hessian.
I | 06-04 09:15:10 |  train   | step=0, pmove=0.52, energy=-30.9129-0.1541j
I | 06-04 09:15:18 |  train   | step=1, pmove=0.53, energy=-31.1198+0.0454j
I | 06-04 09:15:26 |  train   | step=2, pmove=0.52, energy=-30.8845-0.2417j
I | 06-04 09:15:34 |  train   | step=3, pmove=0.53, energy=-32.7989+0.3663j
I | 06-04 09:15:41 |  train   | step=4, pmove=0.53, energy=-33.3260+0.0402j
I | 06-04 09:15:49 |  train   | step=5, pmove=0.53, energy=-34.1178+0.4296j
I | 06-04 09:15:57 |  train   | step=6, pmove=0.53, energy=-35.0599-0.0777j
I | 06-04 09:16:05 |  train   | step=7, pmove=0.53, energy=-36.9632-0.0649j
I | 06-04 09:16:12 |  train   | step=8, pmove=0.53, energy=-38.0496-0.0163j
I | 06-04 09:16:20 |  train   | step=9, pmove=0.53, energy=-38.7628-0.3924j
I | 06-04 09:16:28 |  train   | step=10, pmove=0.53, energy=-41.1319-0.0727j
I | 06-04 09:16:36 |  train   | step=11, pmove=0.53, energy=-44.6398+0.3170j
I | 06-04 09:16:43 |  train   | step=12, pmove=0.54, energy=-46.4558+0.1732j
I | 06-04 09:16:51 |  train   | step=13, pmove=0.53, energy=-47.2654+0.0297j
I | 06-04 09:16:59 |  train   | step=14, pmove=0.54, energy=-47.5267+0.3748j
I | 06-04 09:17:07 |  train   | step=15, pmove=0.54, energy=-47.7529+0.1544j
I | 06-04 09:17:14 |  train   | step=16, pmove=0.54, energy=-50.2397+0.2626j
I | 06-04 09:17:22 |  train   | step=17, pmove=0.53, energy=-53.3208+0.3123j
I | 06-04 09:17:30 |  train   | step=18, pmove=0.54, energy=-54.6364-0.1109j
I | 06-04 09:17:37 |  train   | step=19, pmove=0.54, energy=-55.4596-0.0665j
I | 06-04 09:17:45 |  train   | step=20, pmove=0.54, energy=-56.7201+0.2278j
I | 06-04 09:17:53 |  train   | step=21, pmove=0.54, energy=-60.1018+0.1601j
I | 06-04 09:18:01 |  train   | step=22, pmove=0.54, energy=-59.8894+0.0489j
I | 06-04 09:18:08 |  train   | step=23, pmove=0.54, energy=-63.7384-0.3106j
I | 06-04 09:18:16 |  train   | step=24, pmove=0.55, energy=-63.7976+0.1075j
I | 06-04 09:18:24 |  train   | step=25, pmove=0.54, energy=-66.1891+0.2834j
I | 06-04 09:18:32 |  train   | step=26, pmove=0.55, energy=-70.0113+0.1531j
I | 06-04 09:18:39 |  train   | step=27, pmove=0.55, energy=-72.2910+0.4680j
I | 06-04 09:18:47 |  train   | step=28, pmove=0.55, energy=-73.3747-0.2796j
I | 06-04 09:18:55 |  train   | step=29, pmove=0.56, energy=-77.1910+0.2794j
I | 06-04 09:19:03 |  train   | step=30, pmove=0.55, energy=-79.9922+0.1695j
I | 06-04 09:19:10 |  train   | step=31, pmove=0.55, energy=-82.7770+0.0800j
I | 06-04 09:19:18 |  train   | step=32, pmove=0.55, energy=-84.2178+0.1346j
I | 06-04 09:19:26 |  train   | step=33, pmove=0.56, energy=-86.8550-0.4016j
I | 06-04 09:19:33 |  train   | step=34, pmove=0.56, energy=-90.1497+0.0911j
I | 06-04 09:19:41 |  train   | step=35, pmove=0.56, energy=-93.3450-0.0207j
I | 06-04 09:19:49 |  train   | step=36, pmove=0.56, energy=-97.2104-0.2380j
I | 06-04 09:19:57 |  train   | step=37, pmove=0.57, energy=-100.3783-0.0542j
I | 06-04 09:20:04 |  train   | step=38, pmove=0.57, energy=-103.6201-0.1662j
I | 06-04 09:20:12 |  train   | step=39, pmove=0.57, energy=-105.9856-0.0060j
I | 06-04 09:20:20 |  train   | step=40, pmove=0.57, energy=-110.0232-0.3668j
I | 06-04 09:20:28 |  train   | step=41, pmove=0.57, energy=-112.3527-0.4143j
I | 06-04 09:20:35 |  train   | step=42, pmove=0.57, energy=-114.6109+0.1649j
I | 06-04 09:20:43 |  train   | step=43, pmove=0.58, energy=-118.0374+0.1447j
I | 06-04 09:20:51 |  train   | step=44, pmove=0.58, energy=-120.2326-0.0222j
I | 06-04 09:20:58 |  train   | step=45, pmove=0.59, energy=-123.5530-0.3073j
I | 06-04 09:21:06 |  train   | step=46, pmove=0.58, energy=-126.2204-0.1627j
I | 06-04 09:21:14 |  train   | step=47, pmove=0.59, energy=-129.7601-0.1294j
I | 06-04 09:21:22 |  train   | step=48, pmove=0.59, energy=-133.4991-0.0071j
I | 06-04 09:21:29 |  train   | step=49, pmove=0.58, energy=-135.5019-0.1984j
I | 06-04 09:21:37 |  train   | step=50, pmove=0.59, energy=-138.0297-0.3657j
I | 06-04 09:21:45 |  train   | step=51, pmove=0.59, energy=-139.6587-0.0263j
I | 06-04 09:21:53 |  train   | step=52, pmove=0.59, energy=-141.1474-0.4084j
I | 06-04 09:22:00 |  train   | step=53, pmove=0.59, energy=-142.0137+0.0416j
I | 06-04 09:22:08 |  train   | step=54, pmove=0.59, energy=-144.0792+0.2328j
I | 06-04 09:22:16 |  train   | step=55, pmove=0.60, energy=-144.3843+0.1863j
I | 06-04 09:22:24 |  train   | step=56, pmove=0.60, energy=-146.5833+0.3407j
I | 06-04 09:22:31 |  train   | step=57, pmove=0.59, energy=-146.9409+0.2486j
I | 06-04 09:22:39 |  train   | step=58, pmove=0.60, energy=-148.3244+0.0419j
I | 06-04 09:22:47 |  train   | step=59, pmove=0.60, energy=-150.4070+0.1788j
I | 06-04 09:22:54 |  train   | step=60, pmove=0.60, energy=-150.3298+0.4342j
I | 06-04 09:23:02 |  train   | step=61, pmove=0.60, energy=-152.6614+0.0642j
I | 06-04 09:23:10 |  train   | step=62, pmove=0.60, energy=-153.6178+0.2179j
I | 06-04 09:23:18 |  train   | step=63, pmove=0.60, energy=-155.2997-0.1817j
I | 06-04 09:23:25 |  train   | step=64, pmove=0.60, energy=-155.8041-0.1804j
I | 06-04 09:23:33 |  train   | step=65, pmove=0.60, energy=-157.4493-0.0120j
I | 06-04 09:23:41 |  train   | step=66, pmove=0.60, energy=-158.3527-0.3809j
I | 06-04 09:23:49 |  train   | step=67, pmove=0.60, energy=-159.1338+0.1502j
I | 06-04 09:23:56 |  train   | step=68, pmove=0.61, energy=-160.3226-0.2749j
I | 06-04 09:24:04 |  train   | step=69, pmove=0.60, energy=-160.7327+0.2516j
I | 06-04 09:24:12 |  train   | step=70, pmove=0.60, energy=-161.7169+0.1585j
I | 06-04 09:24:19 |  train   | step=71, pmove=0.61, energy=-163.0800-0.1332j
I | 06-04 09:24:27 |  train   | step=72, pmove=0.61, energy=-163.7793-0.0652j
I | 06-04 09:24:35 |  train   | step=73, pmove=0.61, energy=-163.8218+0.0963j
I | 06-04 09:24:43 |  train   | step=74, pmove=0.61, energy=-165.7959+0.3463j
I | 06-04 09:24:50 |  train   | step=75, pmove=0.61, energy=-166.8108+0.1331j
I | 06-04 09:24:58 |  train   | step=76, pmove=0.61, energy=-167.0446-0.0121j
I | 06-04 09:25:06 |  train   | step=77, pmove=0.61, energy=-168.6722+0.0013j
I | 06-04 09:25:14 |  train   | step=78, pmove=0.61, energy=-170.2294+0.0956j
I | 06-04 09:25:21 |  train   | step=79, pmove=0.61, energy=-169.7287+0.1480j
I | 06-04 09:25:29 |  train   | step=80, pmove=0.61, energy=-170.2492+0.2205j
I | 06-04 09:25:37 |  train   | step=81, pmove=0.61, energy=-171.1629-0.0711j
I | 06-04 09:25:45 |  train   | step=82, pmove=0.61, energy=-171.5358-0.1297j
I | 06-04 09:25:52 |  train   | step=83, pmove=0.61, energy=-172.2367+0.2938j
I | 06-04 09:26:00 |  train   | step=84, pmove=0.61, energy=-172.9076-0.1210j
I | 06-04 09:26:08 |  train   | step=85, pmove=0.61, energy=-173.5554-0.1892j
I | 06-04 09:26:16 |  train   | step=86, pmove=0.61, energy=-173.8765-0.1824j
I | 06-04 09:26:23 |  train   | step=87, pmove=0.61, energy=-174.2751+0.1834j
I | 06-04 09:26:31 |  train   | step=88, pmove=0.61, energy=-174.1637-0.1994j
I | 06-04 09:26:39 |  train   | step=89, pmove=0.61, energy=-174.0898-0.1184j
I | 06-04 09:26:46 |  train   | step=90, pmove=0.61, energy=-175.4382-0.4086j
I | 06-04 09:26:54 |  train   | step=91, pmove=0.61, energy=-175.3791-0.0497j
I | 06-04 09:27:02 |  train   | step=92, pmove=0.61, energy=-175.0350-0.1572j
I | 06-04 09:27:10 |  train   | step=93, pmove=0.61, energy=-175.6427+0.3073j
I | 06-04 09:27:17 |  train   | step=94, pmove=0.61, energy=-175.7800-0.2101j
I | 06-04 09:27:25 |  train   | step=95, pmove=0.60, energy=-175.8060-0.1326j
I | 06-04 09:27:33 |  train   | step=96, pmove=0.61, energy=-176.3782-0.0020j
I | 06-04 09:27:41 |  train   | step=97, pmove=0.60, energy=-176.3609+0.1269j
I | 06-04 09:27:48 |  train   | step=98, pmove=0.60, energy=-177.0511+0.0150j
I | 06-04 09:27:56 |  train   | step=99, pmove=0.60, energy=-177.4930-0.0525j
I | 06-04 09:28:04 |  train   | step=100, pmove=0.57, energy=-178.8158+0.1397j
I | 06-04 09:28:12 |  train   | step=101, pmove=0.57, energy=-178.7814-0.2184j
I | 06-04 09:28:19 |  train   | step=102, pmove=0.56, energy=-179.6377-0.0759j
I | 06-04 09:28:27 |  train   | step=103, pmove=0.57, energy=-179.7524-0.3917j
I | 06-04 09:28:35 |  train   | step=104, pmove=0.56, energy=-180.8836-0.1421j
I | 06-04 09:28:45 |  train   | step=105, pmove=0.57, energy=-181.6849-0.1546j
I | 06-04 09:28:53 |  train   | step=106, pmove=0.56, energy=-181.7523+0.0522j
I | 06-04 09:29:01 |  train   | step=107, pmove=0.56, energy=-181.4271+0.0733j
I | 06-04 09:29:09 |  train   | step=108, pmove=0.56, energy=-181.4970+0.1000j
I | 06-04 09:29:17 |  train   | step=109, pmove=0.56, energy=-182.0359-0.0903j
I | 06-04 09:29:24 |  train   | step=110, pmove=0.56, energy=-182.4145-0.0657j
I | 06-04 09:29:32 |  train   | step=111, pmove=0.56, energy=-182.5266-0.1479j
I | 06-04 09:29:40 |  train   | step=112, pmove=0.55, energy=-183.4691-0.2229j
I | 06-04 09:29:47 |  train   | step=113, pmove=0.55, energy=-183.1939-0.2413j
I | 06-04 09:29:55 |  train   | step=114, pmove=0.56, energy=-183.4081-0.2376j
I | 06-04 09:30:03 |  train   | step=115, pmove=0.56, energy=-183.5859+0.1367j
I | 06-04 09:30:11 |  train   | step=116, pmove=0.55, energy=-184.0160+0.0098j
I | 06-04 09:30:18 |  train   | step=117, pmove=0.55, energy=-184.2311+0.1035j
I | 06-04 09:30:26 |  train   | step=118, pmove=0.56, energy=-184.4290-0.0524j
I | 06-04 09:30:34 |  train   | step=119, pmove=0.54, energy=-185.0425+0.3082j
I | 06-04 09:30:42 |  train   | step=120, pmove=0.55, energy=-185.8945-0.0784j
I | 06-04 09:30:49 |  train   | step=121, pmove=0.55, energy=-186.1417+0.0005j
I | 06-04 09:30:57 |  train   | step=122, pmove=0.54, energy=-186.6118+0.0224j
I | 06-04 09:31:05 |  train   | step=123, pmove=0.54, energy=-186.8988+0.1920j
I | 06-04 09:31:13 |  train   | step=124, pmove=0.54, energy=-187.6625+0.0987j
I | 06-04 09:31:20 |  train   | step=125, pmove=0.55, energy=-188.3935-0.1313j
I | 06-04 09:31:28 |  train   | step=126, pmove=0.54, energy=-189.0461+0.1581j
I | 06-04 09:31:36 |  train   | step=127, pmove=0.54, energy=-189.2553-0.0118j
I | 06-04 09:31:43 |  train   | step=128, pmove=0.54, energy=-190.2971+0.1599j
I | 06-04 09:31:51 |  train   | step=129, pmove=0.54, energy=-190.2192+0.1209j
I | 06-04 09:31:59 |  train   | step=130, pmove=0.54, energy=-190.4869-0.0291j
I | 06-04 09:32:07 |  train   | step=131, pmove=0.54, energy=-190.9322+0.1787j
I | 06-04 09:32:14 |  train   | step=132, pmove=0.54, energy=-191.4157-0.2692j
I | 06-04 09:32:22 |  train   | step=133, pmove=0.53, energy=-191.7259-0.0577j
I | 06-04 09:32:30 |  train   | step=134, pmove=0.54, energy=-192.5324-0.0950j
I | 06-04 09:32:38 |  train   | step=135, pmove=0.54, energy=-193.8397-0.2181j
I | 06-04 09:32:45 |  train   | step=136, pmove=0.53, energy=-194.0499+0.4215j
I | 06-04 09:32:53 |  train   | step=137, pmove=0.53, energy=-194.2301+0.0033j
I | 06-04 09:33:01 |  train   | step=138, pmove=0.54, energy=-194.8205+0.3222j
I | 06-04 09:33:09 |  train   | step=139, pmove=0.53, energy=-195.0137+0.0441j
I | 06-04 09:33:16 |  train   | step=140, pmove=0.53, energy=-194.7199+0.1091j
I | 06-04 09:33:24 |  train   | step=141, pmove=0.53, energy=-195.8046+0.1141j
I | 06-04 09:33:32 |  train   | step=142, pmove=0.53, energy=-195.9394-0.3086j
I | 06-04 09:33:39 |  train   | step=143, pmove=0.53, energy=-196.6343-0.1037j
I | 06-04 09:33:47 |  train   | step=144, pmove=0.52, energy=-196.3571-0.0419j
I | 06-04 09:33:55 |  train   | step=145, pmove=0.52, energy=-196.8235+0.1118j
I | 06-04 09:34:03 |  train   | step=146, pmove=0.52, energy=-197.8636+0.3717j
I | 06-04 09:34:10 |  train   | step=147, pmove=0.52, energy=-197.4548+0.1789j
I | 06-04 09:34:18 |  train   | step=148, pmove=0.52, energy=-197.8096-0.0713j
I | 06-04 09:34:26 |  train   | step=149, pmove=0.52, energy=-197.8392-0.1492j
I | 06-04 09:34:34 |  train   | step=150, pmove=0.52, energy=-197.9020-0.3022j
I | 06-04 09:34:41 |  train   | step=151, pmove=0.52, energy=-198.6935-0.0719j
I | 06-04 09:34:49 |  train   | step=152, pmove=0.52, energy=-198.7206+0.1992j
I | 06-04 09:34:57 |  train   | step=153, pmove=0.52, energy=-198.5588+0.0478j
I | 06-04 09:35:04 |  train   | step=154, pmove=0.51, energy=-198.2300-0.2662j
I | 06-04 09:35:12 |  train   | step=155, pmove=0.51, energy=-198.4181-0.1748j
I | 06-04 09:35:20 |  train   | step=156, pmove=0.51, energy=-198.5622+0.2880j
I | 06-04 09:35:28 |  train   | step=157, pmove=0.51, energy=-198.2408-0.1025j
I | 06-04 09:35:35 |  train   | step=158, pmove=0.51, energy=-198.0546-0.1398j
I | 06-04 09:35:43 |  train   | step=159, pmove=0.51, energy=-198.2579+0.1836j
I | 06-04 09:35:51 |  train   | step=160, pmove=0.50, energy=-197.9691-0.0045j
I | 06-04 09:35:59 |  train   | step=161, pmove=0.50, energy=-197.8297+0.1714j
I | 06-04 09:36:06 |  train   | step=162, pmove=0.50, energy=-198.5323-0.0127j
I | 06-04 09:36:14 |  train   | step=163, pmove=0.50, energy=-198.3258-0.3289j
I | 06-04 09:36:22 |  train   | step=164, pmove=0.50, energy=-198.2056-0.3925j
I | 06-04 09:36:30 |  train   | step=165, pmove=0.49, energy=-197.6765-0.0554j
I | 06-04 09:36:37 |  train   | step=166, pmove=0.49, energy=-196.9237+0.0175j
I | 06-04 09:36:45 |  train   | step=167, pmove=0.49, energy=-196.9798+0.2312j
I | 06-04 09:36:53 |  train   | step=168, pmove=0.49, energy=-195.9455-0.1850j
I | 06-04 09:37:00 |  train   | step=169, pmove=0.49, energy=-195.5007-0.2984j
I | 06-04 09:37:08 |  train   | step=170, pmove=0.49, energy=-195.6008-0.3538j
I | 06-04 09:37:16 |  train   | step=171, pmove=0.48, energy=-195.2424-0.1411j
I | 06-04 09:37:24 |  train   | step=172, pmove=0.48, energy=-194.2008+0.2566j
I | 06-04 09:37:31 |  train   | step=173, pmove=0.48, energy=-192.7787-0.2067j
I | 06-04 09:37:39 |  train   | step=174, pmove=0.48, energy=-193.0471-0.1595j
I | 06-04 09:37:47 |  train   | step=175, pmove=0.48, energy=-192.1961-0.2674j
I | 06-04 09:37:55 |  train   | step=176, pmove=0.48, energy=-191.7565-0.0094j
I | 06-04 09:38:02 |  train   | step=177, pmove=0.48, energy=-191.0770-0.3771j
I | 06-04 09:38:10 |  train   | step=178, pmove=0.48, energy=-191.1015-0.0060j
I | 06-04 09:38:18 |  train   | step=179, pmove=0.48, energy=-189.8845-0.2598j
I | 06-04 09:38:25 |  train   | step=180, pmove=0.49, energy=-189.8505-0.7799j
I | 06-04 09:38:33 |  train   | step=181, pmove=0.49, energy=-191.7302-0.1431j
I | 06-04 09:38:41 |  train   | step=182, pmove=0.50, energy=-192.2094-0.0956j
I | 06-04 09:38:49 |  train   | step=183, pmove=0.50, energy=-192.9557-0.1664j
I | 06-04 09:38:56 |  train   | step=184, pmove=0.51, energy=-193.7286-0.3356j
I | 06-04 09:39:04 |  train   | step=185, pmove=0.51, energy=-193.9649-0.1978j
I | 06-04 09:39:12 |  train   | step=186, pmove=0.51, energy=-194.6589+0.0239j
I | 06-04 09:39:20 |  train   | step=187, pmove=0.51, energy=-193.9666-0.2588j
I | 06-04 09:39:27 |  train   | step=188, pmove=0.51, energy=-194.9858-0.4999j
I | 06-04 09:39:35 |  train   | step=189, pmove=0.51, energy=-195.2319-0.2986j
I | 06-04 09:39:43 |  train   | step=190, pmove=0.50, energy=-195.3647-0.1532j
I | 06-04 09:39:51 |  train   | step=191, pmove=0.51, energy=-195.6902-0.0044j
I | 06-04 09:39:58 |  train   | step=192, pmove=0.50, energy=-194.9752-0.4321j
I | 06-04 09:40:06 |  train   | step=193, pmove=0.51, energy=-195.4838-0.3122j
I | 06-04 09:40:14 |  train   | step=194, pmove=0.50, energy=-195.9820-0.1145j
I | 06-04 09:40:21 |  train   | step=195, pmove=0.51, energy=-195.8979-0.2014j
I | 06-04 09:40:29 |  train   | step=196, pmove=0.51, energy=-196.5576-0.3806j
I | 06-04 09:40:37 |  train   | step=197, pmove=0.50, energy=-196.5226-0.5039j
I | 06-04 09:40:45 |  train   | step=198, pmove=0.50, energy=-195.9746-0.2779j
I | 06-04 09:40:52 |  train   | step=199, pmove=0.50, energy=-195.9741+0.0542j
I | 06-04 09:41:00 |  train   | step=200, pmove=0.50, energy=-195.8238-0.0773j
I | 06-04 09:41:08 |  train   | step=201, pmove=0.50, energy=-196.0314-0.2098j
I | 06-04 09:41:16 |  train   | step=202, pmove=0.50, energy=-196.0833-0.4913j
I | 06-04 09:41:23 |  train   | step=203, pmove=0.50, energy=-195.5970-0.1191j
I | 06-04 09:41:31 |  train   | step=204, pmove=0.49, energy=-196.0686-0.5045j
I | 06-04 09:41:39 |  train   | step=205, pmove=0.50, energy=-196.2534-0.5599j
I | 06-04 09:41:46 |  train   | step=206, pmove=0.49, energy=-195.8115-0.8444j
I | 06-04 09:41:54 |  train   | step=207, pmove=0.49, energy=-195.4214-0.6628j
I | 06-04 09:42:02 |  train   | step=208, pmove=0.49, energy=-195.9955-0.5958j
I | 06-04 09:42:10 |  train   | step=209, pmove=0.49, energy=-195.8344-0.5765j
I | 06-04 09:42:17 |  train   | step=210, pmove=0.49, energy=-196.5127-0.6681j
I | 06-04 09:42:25 |  train   | step=211, pmove=0.49, energy=-196.2208-0.7592j
I | 06-04 09:42:33 |  train   | step=212, pmove=0.49, energy=-196.2953-0.6067j
I | 06-04 09:42:41 |  train   | step=213, pmove=0.49, energy=-196.0897-0.3341j
I | 06-04 09:42:48 |  train   | step=214, pmove=0.49, energy=-196.1945-0.3798j
I | 06-04 09:42:56 |  train   | step=215, pmove=0.49, energy=-196.2278-0.6746j
I | 06-04 09:43:04 |  train   | step=216, pmove=0.49, energy=-196.0220-0.8393j
I | 06-04 09:43:12 |  train   | step=217, pmove=0.49, energy=-196.9610-0.9473j
I | 06-04 09:43:19 |  train   | step=218, pmove=0.49, energy=-197.2173-0.6748j
I | 06-04 09:43:27 |  train   | step=219, pmove=0.48, energy=-196.2589-0.5311j
I | 06-04 09:43:35 |  train   | step=220, pmove=0.48, energy=-196.2506-1.1281j
I | 06-04 09:43:42 |  train   | step=221, pmove=0.48, energy=-196.1562-0.9537j
I | 06-04 09:43:50 |  train   | step=222, pmove=0.48, energy=-195.4797-0.7460j
I | 06-04 09:43:58 |  train   | step=223, pmove=0.48, energy=-195.6254-0.4672j
I | 06-04 09:44:06 |  train   | step=224, pmove=0.48, energy=-194.7964-0.7560j
I | 06-04 09:44:13 |  train   | step=225, pmove=0.48, energy=-195.9510-0.7654j
I | 06-04 09:44:21 |  train   | step=226, pmove=0.48, energy=-195.8849-0.9341j
I | 06-04 09:44:29 |  train   | step=227, pmove=0.48, energy=-195.7561-0.9557j
I | 06-04 09:44:37 |  train   | step=228, pmove=0.48, energy=-195.4743-1.0350j
I | 06-04 09:44:44 |  train   | step=229, pmove=0.48, energy=-194.9638-1.0528j
I | 06-04 09:44:52 |  train   | step=230, pmove=0.48, energy=-195.4494-0.8211j
I | 06-04 09:45:00 |  train   | step=231, pmove=0.47, energy=-194.8432-1.2191j
I | 06-04 09:45:07 |  train   | step=232, pmove=0.47, energy=-195.1561-1.3623j
I | 06-04 09:45:15 |  train   | step=233, pmove=0.47, energy=-195.8089-0.9665j
I | 06-04 09:45:23 |  train   | step=234, pmove=0.47, energy=-194.9224-1.0567j
I | 06-04 09:45:31 |  train   | step=235, pmove=0.47, energy=-195.3107-0.8829j
I | 06-04 09:45:38 |  train   | step=236, pmove=0.47, energy=-194.1276-1.0472j
I | 06-04 09:45:46 |  train   | step=237, pmove=0.47, energy=-194.7265-1.0753j
I | 06-04 09:45:54 |  train   | step=238, pmove=0.47, energy=-194.6921-1.3458j
I | 06-04 09:46:02 |  train   | step=239, pmove=0.47, energy=-193.9155-1.2641j
I | 06-04 09:46:09 |  train   | step=240, pmove=0.46, energy=-194.3434-1.5056j
I | 06-04 09:46:17 |  train   | step=241, pmove=0.46, energy=-194.3914-1.2984j
I | 06-04 09:46:25 |  train   | step=242, pmove=0.46, energy=-193.6910-1.3143j
I | 06-04 09:46:33 |  train   | step=243, pmove=0.46, energy=-193.6261-1.3961j
I | 06-04 09:46:40 |  train   | step=244, pmove=0.46, energy=-193.5694-1.2659j
I | 06-04 09:46:48 |  train   | step=245, pmove=0.46, energy=-193.2844-1.7459j
I | 06-04 09:46:56 |  train   | step=246, pmove=0.46, energy=-193.1637-1.8288j
I | 06-04 09:47:03 |  train   | step=247, pmove=0.46, energy=-193.3424-1.8997j
I | 06-04 09:47:11 |  train   | step=248, pmove=0.46, energy=-192.8211-2.0791j
I | 06-04 09:47:19 |  train   | step=249, pmove=0.46, energy=-193.1794-2.0987j
I | 06-04 09:47:27 |  train   | step=250, pmove=0.45, energy=-192.7979-2.4232j
I | 06-04 09:47:34 |  train   | step=251, pmove=0.46, energy=-192.7624-2.0660j
I | 06-04 09:47:42 |  train   | step=252, pmove=0.46, energy=-192.8917-2.2356j
I | 06-04 09:47:50 |  train   | step=253, pmove=0.46, energy=-192.6953-2.4669j
I | 06-04 09:47:58 |  train   | step=254, pmove=0.45, energy=-192.1227-1.7818j
I | 06-04 09:48:05 |  train   | step=255, pmove=0.45, energy=-191.4840-2.3260j
I | 06-04 09:48:13 |  train   | step=256, pmove=0.45, energy=-191.6294-2.6493j
I | 06-04 09:48:21 |  train   | step=257, pmove=0.45, energy=-191.2441-2.8339j
I | 06-04 09:48:28 |  train   | step=258, pmove=0.45, energy=-191.8811-2.9461j
I | 06-04 09:48:36 |  train   | step=259, pmove=0.45, energy=-191.4195-3.2934j
I | 06-04 09:48:44 |  train   | step=260, pmove=0.44, energy=-190.7745-3.4301j
I | 06-04 09:48:52 |  train   | step=261, pmove=0.45, energy=-190.6644-3.8287j
I | 06-04 09:48:59 |  train   | step=262, pmove=0.45, energy=-191.0406-3.9226j
I | 06-04 09:49:07 |  train   | step=263, pmove=0.44, energy=-190.0717-4.2674j
I | 06-04 09:49:15 |  train   | step=264, pmove=0.44, energy=-190.2811-4.0114j
I | 06-04 09:49:23 |  train   | step=265, pmove=0.45, energy=-189.8509-3.9599j
I | 06-04 09:49:30 |  train   | step=266, pmove=0.45, energy=-189.8637-4.4912j
I | 06-04 09:49:38 |  train   | step=267, pmove=0.45, energy=-189.5475-4.6291j
I | 06-04 09:49:46 |  train   | step=268, pmove=0.44, energy=-190.0575-5.0534j
I | 06-04 09:49:53 |  train   | step=269, pmove=0.44, energy=-188.8995-5.1204j
I | 06-04 09:50:01 |  train   | step=270, pmove=0.45, energy=-189.3820-5.5144j
I | 06-04 09:50:09 |  train   | step=271, pmove=0.44, energy=-189.3128-6.2965j
I | 06-04 09:50:17 |  train   | step=272, pmove=0.44, energy=-189.0805-5.9608j
I | 06-04 09:50:24 |  train   | step=273, pmove=0.44, energy=-188.8944-6.5260j
I | 06-04 09:50:32 |  train   | step=274, pmove=0.44, energy=-189.3784-6.6738j
I | 06-04 09:50:40 |  train   | step=275, pmove=0.44, energy=-188.3858-7.0260j
I | 06-04 09:50:48 |  train   | step=276, pmove=0.45, energy=-188.5262-7.3301j
I | 06-04 09:50:55 |  train   | step=277, pmove=0.45, energy=-188.3618-7.4875j
I | 06-04 09:51:03 |  train   | step=278, pmove=0.45, energy=-189.4269-7.3032j
I | 06-04 09:51:11 |  train   | step=279, pmove=0.45, energy=-189.2498-7.8377j
I | 06-04 09:51:18 |  train   | step=280, pmove=0.45, energy=-189.1683-8.1768j
I | 06-04 09:51:26 |  train   | step=281, pmove=0.45, energy=-189.4113-8.7271j
I | 06-04 09:51:34 |  train   | step=282, pmove=0.46, energy=-189.1215-9.1203j
I | 06-04 09:51:42 |  train   | step=283, pmove=0.45, energy=-189.1291-9.1485j
I | 06-04 09:51:49 |  train   | step=284, pmove=0.45, energy=-188.8401-8.7831j
I | 06-04 09:51:57 |  train   | step=285, pmove=0.45, energy=-188.8524-9.2096j
I | 06-04 09:52:05 |  train   | step=286, pmove=0.45, energy=-188.9335-8.9836j
I | 06-04 09:52:13 |  train   | step=287, pmove=0.45, energy=-189.1466-9.1443j
I | 06-04 09:52:20 |  train   | step=288, pmove=0.46, energy=-189.5340-9.5419j
I | 06-04 09:52:28 |  train   | step=289, pmove=0.46, energy=-189.3527-9.7872j
I | 06-04 09:52:36 |  train   | step=290, pmove=0.46, energy=-188.9696-9.8304j
I | 06-04 09:52:43 |  train   | step=291, pmove=0.46, energy=-189.1445-9.7581j
I | 06-04 09:52:51 |  train   | step=292, pmove=0.46, energy=-188.7243-10.0369j
I | 06-04 09:52:59 |  train   | step=293, pmove=0.46, energy=-189.6638-10.0343j
I | 06-04 09:53:07 |  train   | step=294, pmove=0.47, energy=-188.9629-10.2850j
I | 06-04 09:53:14 |  train   | step=295, pmove=0.47, energy=-188.8165-9.8298j
I | 06-04 09:53:22 |  train   | step=296, pmove=0.47, energy=-188.6905-10.3085j
I | 06-04 09:53:30 |  train   | step=297, pmove=0.47, energy=-188.3337-9.9606j
I | 06-04 09:53:38 |  train   | step=298, pmove=0.48, energy=-189.2437-10.1653j
I | 06-04 09:53:45 |  train   | step=299, pmove=0.48, energy=-188.6887-9.1175j
I | 06-04 09:53:53 |  train   | step=300, pmove=0.52, energy=-189.0246-9.6529j
I | 06-04 09:54:01 |  train   | step=301, pmove=0.52, energy=-188.6528-9.7418j
I | 06-04 09:54:09 |  train   | step=302, pmove=0.52, energy=-188.1762-9.6329j
I | 06-04 09:54:16 |  train   | step=303, pmove=0.52, energy=-189.0475-9.4749j
I | 06-04 09:54:24 |  train   | step=304, pmove=0.52, energy=-188.0682-9.4925j
I | 06-04 09:54:32 |  train   | step=305, pmove=0.52, energy=-188.3071-9.6080j
I | 06-04 09:54:39 |  train   | step=306, pmove=0.53, energy=-189.1685-9.5913j
I | 06-04 09:54:47 |  train   | step=307, pmove=0.53, energy=-188.4831-9.2696j
I | 06-04 09:54:55 |  train   | step=308, pmove=0.53, energy=-187.4775-9.3246j
I | 06-04 09:55:03 |  train   | step=309, pmove=0.53, energy=-187.6011-9.3524j
I | 06-04 09:55:10 |  train   | step=310, pmove=0.53, energy=-188.2525-9.8261j
I | 06-04 09:55:18 |  train   | step=311, pmove=0.53, energy=-188.4430-9.2020j
I | 06-04 09:55:26 |  train   | step=312, pmove=0.54, energy=-187.0774-8.9025j
I | 06-04 09:55:34 |  train   | step=313, pmove=0.54, energy=-187.4175-8.8211j
I | 06-04 09:55:41 |  train   | step=314, pmove=0.54, energy=-187.8667-8.7160j
I | 06-04 09:55:49 |  train   | step=315, pmove=0.54, energy=-188.2975-8.8753j
I | 06-04 09:55:57 |  train   | step=316, pmove=0.54, energy=-187.7244-8.9596j
I | 06-04 09:56:04 |  train   | step=317, pmove=0.54, energy=-187.3650-8.7844j
I | 06-04 09:56:12 |  train   | step=318, pmove=0.54, energy=-186.9131-8.9474j
I | 06-04 09:56:20 |  train   | step=319, pmove=0.54, energy=-186.8021-8.7357j
I | 06-04 09:56:28 |  train   | step=320, pmove=0.54, energy=-186.8202-8.4634j
I | 06-04 09:56:35 |  train   | step=321, pmove=0.54, energy=-188.2348-8.4982j
I | 06-04 09:56:43 |  train   | step=322, pmove=0.54, energy=-188.3857-8.7545j
I | 06-04 09:56:51 |  train   | step=323, pmove=0.54, energy=-188.2037-8.8873j
I | 06-04 09:56:59 |  train   | step=324, pmove=0.55, energy=-188.3144-8.5921j
I | 06-04 09:57:06 |  train   | step=325, pmove=0.55, energy=-187.2124-8.8806j
I | 06-04 09:57:14 |  train   | step=326, pmove=0.55, energy=-187.2336-8.0809j
I | 06-04 09:57:22 |  train   | step=327, pmove=0.56, energy=-187.5746-7.9803j
I | 06-04 09:57:29 |  train   | step=328, pmove=0.55, energy=-188.4190-8.9710j
I | 06-04 09:57:37 |  train   | step=329, pmove=0.56, energy=-188.1643-8.5089j
I | 06-04 09:57:45 |  train   | step=330, pmove=0.56, energy=-187.6684-7.7939j
I | 06-04 09:57:53 |  train   | step=331, pmove=0.56, energy=-188.9663-7.8707j
I | 06-04 09:58:00 |  train   | step=332, pmove=0.56, energy=-188.8740-8.2654j
I | 06-04 09:58:08 |  train   | step=333, pmove=0.56, energy=-187.8408-7.8013j
I | 06-04 09:58:16 |  train   | step=334, pmove=0.56, energy=-187.7727-7.5343j
I | 06-04 09:58:24 |  train   | step=335, pmove=0.56, energy=-187.5738-7.6858j
I | 06-04 09:58:31 |  train   | step=336, pmove=0.56, energy=-187.3022-7.9659j
I | 06-04 09:58:39 |  train   | step=337, pmove=0.56, energy=-188.1992-8.2215j
I | 06-04 09:58:47 |  train   | step=338, pmove=0.57, energy=-187.1516-7.4093j
I | 06-04 09:58:54 |  train   | step=339, pmove=0.56, energy=-187.1287-7.9092j
I | 06-04 09:59:02 |  train   | step=340, pmove=0.57, energy=-187.1706-7.3471j
I | 06-04 09:59:10 |  train   | step=341, pmove=0.57, energy=-187.2167-7.8654j
I | 06-04 09:59:18 |  train   | step=342, pmove=0.57, energy=-187.5393-7.3961j
I | 06-04 09:59:25 |  train   | step=343, pmove=0.56, energy=-187.5856-7.7076j
I | 06-04 09:59:33 |  train   | step=344, pmove=0.57, energy=-186.4951-7.3038j
I | 06-04 09:59:41 |  train   | step=345, pmove=0.57, energy=-186.9466-7.1381j
I | 06-04 09:59:49 |  train   | step=346, pmove=0.57, energy=-187.3632-7.0061j
I | 06-04 09:59:57 |  train   | step=347, pmove=0.57, energy=-188.4543-7.4024j
I | 06-04 10:00:04 |  train   | step=348, pmove=0.58, energy=-188.8484-7.1343j
I | 06-04 10:00:12 |  train   | step=349, pmove=0.58, energy=-188.3888-6.9418j
I | 06-04 10:00:20 |  train   | step=350, pmove=0.58, energy=-188.1026-6.9693j
I | 06-04 10:00:28 |  train   | step=351, pmove=0.58, energy=-187.8066-6.6511j
I | 06-04 10:00:35 |  train   | step=352, pmove=0.58, energy=-187.7445-6.3017j
I | 06-04 10:00:43 |  train   | step=353, pmove=0.58, energy=-187.6781-6.7643j
I | 06-04 10:00:51 |  train   | step=354, pmove=0.57, energy=-188.3137-6.6123j
I | 06-04 10:00:59 |  train   | step=355, pmove=0.58, energy=-187.8364-6.5754j
I | 06-04 10:01:06 |  train   | step=356, pmove=0.58, energy=-187.8380-6.4190j
I | 06-04 10:01:14 |  train   | step=357, pmove=0.58, energy=-188.2672-6.2426j
I | 06-04 10:01:22 |  train   | step=358, pmove=0.58, energy=-188.2552-6.6746j
I | 06-04 10:01:30 |  train   | step=359, pmove=0.58, energy=-188.8839-6.6597j
I | 06-04 10:01:37 |  train   | step=360, pmove=0.58, energy=-188.9849-6.5400j
I | 06-04 10:01:45 |  train   | step=361, pmove=0.58, energy=-189.0057-6.2366j
I | 06-04 10:01:53 |  train   | step=362, pmove=0.58, energy=-188.8197-6.2387j
I | 06-04 10:02:00 |  train   | step=363, pmove=0.58, energy=-189.4923-6.3098j
I | 06-04 10:02:08 |  train   | step=364, pmove=0.58, energy=-189.3929-5.9612j
I | 06-04 10:02:16 |  train   | step=365, pmove=0.59, energy=-189.8254-6.0807j
I | 06-04 10:02:24 |  train   | step=366, pmove=0.59, energy=-188.8761-5.9630j
I | 06-04 10:02:31 |  train   | step=367, pmove=0.59, energy=-189.2732-5.8859j
I | 06-04 10:02:39 |  train   | step=368, pmove=0.59, energy=-188.7836-5.5910j
I | 06-04 10:02:47 |  train   | step=369, pmove=0.59, energy=-188.8905-5.7472j
I | 06-04 10:02:55 |  train   | step=370, pmove=0.59, energy=-189.0163-5.6025j
I | 06-04 10:03:02 |  train   | step=371, pmove=0.60, energy=-189.5813-6.2575j
I | 06-04 10:03:10 |  train   | step=372, pmove=0.59, energy=-189.6260-5.4622j
I | 06-04 10:03:18 |  train   | step=373, pmove=0.59, energy=-189.2530-5.5654j
I | 06-04 10:03:25 |  train   | step=374, pmove=0.59, energy=-190.3387-5.7414j
I | 06-04 10:03:33 |  train   | step=375, pmove=0.59, energy=-189.7849-5.4534j
I | 06-04 10:03:41 |  train   | step=376, pmove=0.59, energy=-189.9479-5.5525j
I | 06-04 10:03:49 |  train   | step=377, pmove=0.60, energy=-189.4698-5.2773j
I | 06-04 10:03:56 |  train   | step=378, pmove=0.59, energy=-191.2964-5.4589j
I | 06-04 10:04:04 |  train   | step=379, pmove=0.60, energy=-190.5565-5.6932j
I | 06-04 10:04:12 |  train   | step=380, pmove=0.60, energy=-189.9708-5.4370j
I | 06-04 10:04:20 |  train   | step=381, pmove=0.59, energy=-190.1815-5.5176j
I | 06-04 10:04:27 |  train   | step=382, pmove=0.60, energy=-190.3314-5.5235j
I | 06-04 10:04:35 |  train   | step=383, pmove=0.59, energy=-189.9741-5.6361j
I | 06-04 10:04:43 |  train   | step=384, pmove=0.59, energy=-190.9153-5.5424j
I | 06-04 10:04:50 |  train   | step=385, pmove=0.60, energy=-190.4095-4.9210j
I | 06-04 10:04:58 |  train   | step=386, pmove=0.60, energy=-190.8971-4.8876j
I | 06-04 10:05:06 |  train   | step=387, pmove=0.60, energy=-190.5805-5.5653j
I | 06-04 10:05:14 |  train   | step=388, pmove=0.60, energy=-190.7116-5.2657j
I | 06-04 10:05:21 |  train   | step=389, pmove=0.60, energy=-190.9546-5.4063j
I | 06-04 10:05:29 |  train   | step=390, pmove=0.60, energy=-190.9462-5.7582j
I | 06-04 10:05:37 |  train   | step=391, pmove=0.60, energy=-190.9930-5.6836j
I | 06-04 10:05:45 |  train   | step=392, pmove=0.60, energy=-190.9548-5.5100j
I | 06-04 10:05:52 |  train   | step=393, pmove=0.60, energy=-190.5808-5.1087j
I | 06-04 10:06:00 |  train   | step=394, pmove=0.60, energy=-190.4903-5.2903j
I | 06-04 10:06:08 |  train   | step=395, pmove=0.60, energy=-191.2261-4.9765j
I | 06-04 10:06:16 |  train   | step=396, pmove=0.60, energy=-190.8946-5.2248j
I | 06-04 10:06:23 |  train   | step=397, pmove=0.60, energy=-191.3306-4.7604j
I | 06-04 10:06:31 |  train   | step=398, pmove=0.60, energy=-190.8404-5.4554j
I | 06-04 10:06:39 |  train   | step=399, pmove=0.60, energy=-190.7115-5.2413j
I | 06-04 10:06:46 |  train   | step=400, pmove=0.57, energy=-190.5084-5.3774j
I | 06-04 10:06:54 |  train   | step=401, pmove=0.57, energy=-190.5059-4.8972j
I | 06-04 10:07:02 |  train   | step=402, pmove=0.57, energy=-190.3892-5.2810j
I | 06-04 10:07:10 |  train   | step=403, pmove=0.56, energy=-190.7343-5.1768j
I | 06-04 10:07:17 |  train   | step=404, pmove=0.57, energy=-190.5561-5.3633j
I | 06-04 10:07:25 |  train   | step=405, pmove=0.56, energy=-190.3862-5.4651j
I | 06-04 10:07:33 |  train   | step=406, pmove=0.57, energy=-191.3007-4.9647j
I | 06-04 10:07:41 |  train   | step=407, pmove=0.56, energy=-191.4901-5.3490j
I | 06-04 10:07:48 |  train   | step=408, pmove=0.57, energy=-189.9906-5.3532j
I | 06-04 10:07:56 |  train   | step=409, pmove=0.56, energy=-190.5220-5.2101j
I | 06-04 10:08:04 |  train   | step=410, pmove=0.57, energy=-190.1688-5.3729j
I | 06-04 10:08:11 |  train   | step=411, pmove=0.57, energy=-190.1747-5.0607j
I | 06-04 10:08:19 |  train   | step=412, pmove=0.56, energy=-190.2758-5.1600j
I | 06-04 10:08:27 |  train   | step=413, pmove=0.57, energy=-190.4866-5.4437j
I | 06-04 10:08:35 |  train   | step=414, pmove=0.57, energy=-189.7857-5.4939j
I | 06-04 10:08:42 |  train   | step=415, pmove=0.57, energy=-190.0902-5.0143j
I | 06-04 10:08:50 |  train   | step=416, pmove=0.56, energy=-190.7372-5.2026j
I | 06-04 10:08:58 |  train   | step=417, pmove=0.57, energy=-190.6579-5.1174j
I | 06-04 10:09:06 |  train   | step=418, pmove=0.57, energy=-190.5182-4.9999j
I | 06-04 10:09:13 |  train   | step=419, pmove=0.57, energy=-191.1082-5.2854j
I | 06-04 10:09:21 |  train   | step=420, pmove=0.57, energy=-191.0615-5.2229j
I | 06-04 10:09:29 |  train   | step=421, pmove=0.57, energy=-189.9290-5.3181j
I | 06-04 10:09:36 |  train   | step=422, pmove=0.57, energy=-190.1316-5.4537j
I | 06-04 10:09:44 |  train   | step=423, pmove=0.57, energy=-190.3683-5.1394j
I | 06-04 10:09:52 |  train   | step=424, pmove=0.57, energy=-190.1051-5.4631j
I | 06-04 10:10:00 |  train   | step=425, pmove=0.56, energy=-189.9954-4.9925j
I | 06-04 10:10:07 |  train   | step=426, pmove=0.57, energy=-191.0152-5.2527j
I | 06-04 10:10:15 |  train   | step=427, pmove=0.57, energy=-190.5912-5.0873j
I | 06-04 10:10:23 |  train   | step=428, pmove=0.56, energy=-189.6007-5.7645j
I | 06-04 10:10:31 |  train   | step=429, pmove=0.57, energy=-189.5703-5.4899j
I | 06-04 10:10:38 |  train   | step=430, pmove=0.56, energy=-190.0352-5.3600j
I | 06-04 10:10:46 |  train   | step=431, pmove=0.57, energy=-189.3129-5.5076j
I | 06-04 10:10:54 |  train   | step=432, pmove=0.57, energy=-189.5352-5.3893j
I | 06-04 10:11:02 |  train   | step=433, pmove=0.57, energy=-189.7390-5.0588j
I | 06-04 10:11:09 |  train   | step=434, pmove=0.56, energy=-189.9667-5.3033j
I | 06-04 10:11:17 |  train   | step=435, pmove=0.56, energy=-190.4656-5.6057j
I | 06-04 10:11:25 |  train   | step=436, pmove=0.57, energy=-189.6236-5.1924j
I | 06-04 10:11:32 |  train   | step=437, pmove=0.56, energy=-190.2267-5.4322j
I | 06-04 10:11:40 |  train   | step=438, pmove=0.56, energy=-189.5477-5.3190j
I | 06-04 10:11:48 |  train   | step=439, pmove=0.57, energy=-189.6392-5.4218j
I | 06-04 10:11:56 |  train   | step=440, pmove=0.57, energy=-189.4539-5.1895j
I | 06-04 10:12:03 |  train   | step=441, pmove=0.57, energy=-189.7937-5.6196j
I | 06-04 10:12:11 |  train   | step=442, pmove=0.57, energy=-189.7148-5.3888j
I | 06-04 10:12:19 |  train   | step=443, pmove=0.57, energy=-188.8559-5.5343j
I | 06-04 10:12:27 |  train   | step=444, pmove=0.57, energy=-188.7542-5.4772j
I | 06-04 10:12:34 |  train   | step=445, pmove=0.57, energy=-189.6404-4.9734j
I | 06-04 10:12:42 |  train   | step=446, pmove=0.57, energy=-189.8800-5.4029j
I | 06-04 10:12:50 |  train   | step=447, pmove=0.57, energy=-190.2569-5.6198j
I | 06-04 10:12:57 |  train   | step=448, pmove=0.57, energy=-190.5382-5.3075j
I | 06-04 10:13:05 |  train   | step=449, pmove=0.57, energy=-190.6201-5.2184j
I | 06-04 10:13:13 |  train   | step=450, pmove=0.56, energy=-190.5804-5.2499j
I | 06-04 10:13:21 |  train   | step=451, pmove=0.57, energy=-189.9577-5.0986j
I | 06-04 10:13:28 |  train   | step=452, pmove=0.57, energy=-190.1385-4.9365j
I | 06-04 10:13:36 |  train   | step=453, pmove=0.57, energy=-190.4579-5.0659j
I | 06-04 10:13:44 |  train   | step=454, pmove=0.56, energy=-189.9035-5.1890j
I | 06-04 10:13:52 |  train   | step=455, pmove=0.57, energy=-190.5717-5.4870j
I | 06-04 10:13:59 |  train   | step=456, pmove=0.57, energy=-190.4059-5.3901j
I | 06-04 10:14:07 |  train   | step=457, pmove=0.56, energy=-190.5052-5.1727j
I | 06-04 10:14:15 |  train   | step=458, pmove=0.56, energy=-190.1071-5.2302j
I | 06-04 10:14:22 |  train   | step=459, pmove=0.57, energy=-189.1399-5.4494j
I | 06-04 10:14:30 |  train   | step=460, pmove=0.56, energy=-189.4105-5.9644j
I | 06-04 10:14:38 |  train   | step=461, pmove=0.57, energy=-190.4891-5.3757j
I | 06-04 10:14:46 |  train   | step=462, pmove=0.57, energy=-191.3041-5.3377j
I | 06-04 10:14:54 |  train   | step=463, pmove=0.57, energy=-190.5956-5.4867j
I | 06-04 10:15:02 |  train   | step=464, pmove=0.57, energy=-190.0405-5.3507j
I | 06-04 10:15:10 |  train   | step=465, pmove=0.57, energy=-190.8579-5.1252j
I | 06-04 10:15:17 |  train   | step=466, pmove=0.57, energy=-190.3384-5.5357j
I | 06-04 10:15:25 |  train   | step=467, pmove=0.57, energy=-189.7722-5.4036j
I | 06-04 10:15:33 |  train   | step=468, pmove=0.57, energy=-189.9767-5.3747j
I | 06-04 10:15:41 |  train   | step=469, pmove=0.57, energy=-189.8202-5.4261j
I | 06-04 10:15:48 |  train   | step=470, pmove=0.57, energy=-189.8862-5.0494j
I | 06-04 10:15:56 |  train   | step=471, pmove=0.57, energy=-189.9113-4.9878j
I | 06-04 10:16:04 |  train   | step=472, pmove=0.57, energy=-189.6111-5.0695j
I | 06-04 10:16:11 |  train   | step=473, pmove=0.57, energy=-190.0480-5.3252j
I | 06-04 10:16:19 |  train   | step=474, pmove=0.57, energy=-189.7092-4.7208j
I | 06-04 10:16:27 |  train   | step=475, pmove=0.57, energy=-190.4730-5.2072j
I | 06-04 10:16:35 |  train   | step=476, pmove=0.57, energy=-191.0856-5.1174j
I | 06-04 10:16:42 |  train   | step=477, pmove=0.57, energy=-190.5687-4.8030j
I | 06-04 10:16:50 |  train   | step=478, pmove=0.57, energy=-190.3902-4.9110j
I | 06-04 10:16:58 |  train   | step=479, pmove=0.57, energy=-190.1723-5.1605j
I | 06-04 10:17:06 |  train   | step=480, pmove=0.57, energy=-189.7576-4.4406j
I | 06-04 10:17:13 |  train   | step=481, pmove=0.57, energy=-189.9722-4.7440j
I | 06-04 10:17:21 |  train   | step=482, pmove=0.57, energy=-190.6352-4.7093j
I | 06-04 10:17:29 |  train   | step=483, pmove=0.56, energy=-190.9251-4.4184j
I | 06-04 10:17:36 |  train   | step=484, pmove=0.57, energy=-191.4371-4.5806j
I | 06-04 10:17:44 |  train   | step=485, pmove=0.56, energy=-191.1447-4.5034j
I | 06-04 10:17:52 |  train   | step=486, pmove=0.56, energy=-191.1129-4.5836j
I | 06-04 10:18:00 |  train   | step=487, pmove=0.56, energy=-190.9248-4.3023j
I | 06-04 10:18:07 |  train   | step=488, pmove=0.57, energy=-190.9547-4.6398j
I | 06-04 10:18:15 |  train   | step=489, pmove=0.56, energy=-191.5802-4.4948j
I | 06-04 10:18:23 |  train   | step=490, pmove=0.57, energy=-191.4739-4.5694j
I | 06-04 10:18:31 |  train   | step=491, pmove=0.56, energy=-191.7470-4.0385j
I | 06-04 10:18:38 |  train   | step=492, pmove=0.57, energy=-191.4962-4.0078j
I | 06-04 10:18:46 |  train   | step=493, pmove=0.57, energy=-191.5137-3.8294j
I | 06-04 10:18:54 |  train   | step=494, pmove=0.56, energy=-191.0979-4.1340j
I | 06-04 10:19:02 |  train   | step=495, pmove=0.56, energy=-190.8371-3.6872j
I | 06-04 10:19:09 |  train   | step=496, pmove=0.56, energy=-191.2622-3.8392j
I | 06-04 10:19:17 |  train   | step=497, pmove=0.56, energy=-191.0345-3.9339j
I | 06-04 10:19:25 |  train   | step=498, pmove=0.56, energy=-191.7835-4.0357j
I | 06-04 10:19:32 |  train   | step=499, pmove=0.56, energy=-192.0120-4.3826j
I | 06-04 10:19:40 |  train   | step=500, pmove=0.53, energy=-192.2055-4.3416j
I | 06-04 10:19:48 |  train   | step=501, pmove=0.53, energy=-191.7232-4.2172j
I | 06-04 10:19:56 |  train   | step=502, pmove=0.52, energy=-192.3264-4.4716j
I | 06-04 10:20:03 |  train   | step=503, pmove=0.52, energy=-192.5294-4.0582j
I | 06-04 10:20:11 |  train   | step=504, pmove=0.52, energy=-191.8007-4.1399j
I | 06-04 10:20:19 |  train   | step=505, pmove=0.52, energy=-191.0793-3.9620j
I | 06-04 10:20:27 |  train   | step=506, pmove=0.53, energy=-191.2003-3.7914j
I | 06-04 10:20:34 |  train   | step=507, pmove=0.52, energy=-191.6342-3.8062j
I | 06-04 10:20:42 |  train   | step=508, pmove=0.52, energy=-191.8041-3.6700j
I | 06-04 10:20:50 |  train   | step=509, pmove=0.52, energy=-191.5865-3.9862j
I | 06-04 10:20:57 |  train   | step=510, pmove=0.52, energy=-191.8910-3.7257j
I | 06-04 10:21:05 |  train   | step=511, pmove=0.52, energy=-192.4608-3.9045j
I | 06-04 10:21:13 |  train   | step=512, pmove=0.52, energy=-193.2948-3.7841j
I | 06-04 10:21:21 |  train   | step=513, pmove=0.52, energy=-191.8933-3.6830j
I | 06-04 10:21:28 |  train   | step=514, pmove=0.52, energy=-192.1971-3.6859j
I | 06-04 10:21:36 |  train   | step=515, pmove=0.52, energy=-192.0315-3.4614j
I | 06-04 10:21:44 |  train   | step=516, pmove=0.51, energy=-192.2309-3.6629j
I | 06-04 10:21:52 |  train   | step=517, pmove=0.51, energy=-191.6280-3.7774j
I | 06-04 10:21:59 |  train   | step=518, pmove=0.51, energy=-191.2283-3.6171j
I | 06-04 10:22:07 |  train   | step=519, pmove=0.52, energy=-191.4666-3.4279j
I | 06-04 10:22:15 |  train   | step=520, pmove=0.51, energy=-192.5740-3.6768j
I | 06-04 10:22:22 |  train   | step=521, pmove=0.51, energy=-192.9115-3.6421j
I | 06-04 10:22:30 |  train   | step=522, pmove=0.52, energy=-192.5689-3.1171j
I | 06-04 10:22:38 |  train   | step=523, pmove=0.51, energy=-191.9400-3.6493j
I | 06-04 10:22:46 |  train   | step=524, pmove=0.51, energy=-192.2090-3.6228j
I | 06-04 10:22:53 |  train   | step=525, pmove=0.51, energy=-192.4218-3.0309j
I | 06-04 10:23:01 |  train   | step=526, pmove=0.51, energy=-192.3799-3.6765j
I | 06-04 10:23:09 |  train   | step=527, pmove=0.51, energy=-192.9575-3.4405j
I | 06-04 10:23:17 |  train   | step=528, pmove=0.51, energy=-191.8669-3.0426j
I | 06-04 10:23:24 |  train   | step=529, pmove=0.51, energy=-192.1995-3.1551j
I | 06-04 10:23:32 |  train   | step=530, pmove=0.51, energy=-191.8051-3.0104j
I | 06-04 10:23:40 |  train   | step=531, pmove=0.50, energy=-192.6342-3.2231j
I | 06-04 10:23:47 |  train   | step=532, pmove=0.51, energy=-192.3587-3.1669j
I | 06-04 10:23:55 |  train   | step=533, pmove=0.50, energy=-191.9308-3.0097j
I | 06-04 10:24:03 |  train   | step=534, pmove=0.51, energy=-192.7820-3.2214j
I | 06-04 10:24:11 |  train   | step=535, pmove=0.50, energy=-193.0606-3.3582j
I | 06-04 10:24:18 |  train   | step=536, pmove=0.50, energy=-193.0419-3.3758j
I | 06-04 10:24:26 |  train   | step=537, pmove=0.50, energy=-193.0206-3.1422j
I | 06-04 10:24:34 |  train   | step=538, pmove=0.50, energy=-192.4165-3.4570j
I | 06-04 10:24:42 |  train   | step=539, pmove=0.50, energy=-192.4167-3.2288j
I | 06-04 10:24:49 |  train   | step=540, pmove=0.50, energy=-192.6531-2.8176j
I | 06-04 10:24:57 |  train   | step=541, pmove=0.50, energy=-192.8873-3.0472j
I | 06-04 10:25:05 |  train   | step=542, pmove=0.50, energy=-193.0572-2.9325j
I | 06-04 10:25:12 |  train   | step=543, pmove=0.50, energy=-193.3652-3.0060j
I | 06-04 10:25:20 |  train   | step=544, pmove=0.49, energy=-192.7209-2.6005j
I | 06-04 10:25:28 |  train   | step=545, pmove=0.49, energy=-193.3311-2.8367j
I | 06-04 10:25:36 |  train   | step=546, pmove=0.49, energy=-193.2711-2.7993j
I | 06-04 10:25:43 |  train   | step=547, pmove=0.50, energy=-192.9892-2.8569j
I | 06-04 10:25:51 |  train   | step=548, pmove=0.49, energy=-193.6285-2.8233j
I | 06-04 10:25:59 |  train   | step=549, pmove=0.49, energy=-192.9831-3.3401j
I | 06-04 10:26:07 |  train   | step=550, pmove=0.49, energy=-192.2686-2.9317j
I | 06-04 10:26:14 |  train   | step=551, pmove=0.49, energy=-192.6009-2.3692j
I | 06-04 10:26:22 |  train   | step=552, pmove=0.48, energy=-192.8155-2.9149j
I | 06-04 10:26:30 |  train   | step=553, pmove=0.48, energy=-192.7060-2.7788j
I | 06-04 10:26:37 |  train   | step=554, pmove=0.49, energy=-193.0243-2.5386j
I | 06-04 10:26:45 |  train   | step=555, pmove=0.48, energy=-193.1055-2.8324j
I | 06-04 10:26:53 |  train   | step=556, pmove=0.48, energy=-193.2797-2.6938j
I | 06-04 10:27:01 |  train   | step=557, pmove=0.49, energy=-193.0234-2.6664j
I | 06-04 10:27:08 |  train   | step=558, pmove=0.49, energy=-192.7050-2.6557j
I | 06-04 10:27:16 |  train   | step=559, pmove=0.48, energy=-192.4844-2.5885j
I | 06-04 10:27:24 |  train   | step=560, pmove=0.48, energy=-192.6442-2.2225j
I | 06-04 10:27:32 |  train   | step=561, pmove=0.48, energy=-193.1299-2.4137j
I | 06-04 10:27:39 |  train   | step=562, pmove=0.48, energy=-192.2434-2.2442j
I | 06-04 10:27:47 |  train   | step=563, pmove=0.48, energy=-192.0613-2.4701j
I | 06-04 10:27:55 |  train   | step=564, pmove=0.48, energy=-191.4526-2.3848j
I | 06-04 10:28:02 |  train   | step=565, pmove=0.47, energy=-192.1629-2.2450j
I | 06-04 10:28:10 |  train   | step=566, pmove=0.48, energy=-191.9573-2.6057j
I | 06-04 10:28:18 |  train   | step=567, pmove=0.47, energy=-191.9833-2.6494j
I | 06-04 10:28:26 |  train   | step=568, pmove=0.47, energy=-191.7491-2.4133j
I | 06-04 10:28:33 |  train   | step=569, pmove=0.47, energy=-190.8288-2.3222j
I | 06-04 10:28:41 |  train   | step=570, pmove=0.47, energy=-190.7805-2.6148j
I | 06-04 10:28:49 |  train   | step=571, pmove=0.47, energy=-191.7646-2.3271j
I | 06-04 10:28:57 |  train   | step=572, pmove=0.47, energy=-191.8923-2.8756j
I | 06-04 10:29:04 |  train   | step=573, pmove=0.47, energy=-191.4718-2.4380j
I | 06-04 10:29:12 |  train   | step=574, pmove=0.46, energy=-191.2406-2.3163j
I | 06-04 10:29:20 |  train   | step=575, pmove=0.46, energy=-191.0052-2.4443j
I | 06-04 10:29:27 |  train   | step=576, pmove=0.46, energy=-191.5414-2.6043j
I | 06-04 10:29:35 |  train   | step=577, pmove=0.46, energy=-191.9506-2.5985j
I | 06-04 10:29:43 |  train   | step=578, pmove=0.46, energy=-191.4616-2.5386j
I | 06-04 10:29:51 |  train   | step=579, pmove=0.46, energy=-191.8788-2.4259j
I | 06-04 10:29:58 |  train   | step=580, pmove=0.46, energy=-191.3731-2.2599j
I | 06-04 10:30:06 |  train   | step=581, pmove=0.45, energy=-191.6503-2.3381j
I | 06-04 10:30:14 |  train   | step=582, pmove=0.46, energy=-191.0961-2.4073j
I | 06-04 10:30:22 |  train   | step=583, pmove=0.45, energy=-191.0476-2.1182j
I | 06-04 10:30:29 |  train   | step=584, pmove=0.46, energy=-191.1327-2.3066j
I | 06-04 10:30:37 |  train   | step=585, pmove=0.46, energy=-190.9472-2.2362j
I | 06-04 10:30:45 |  train   | step=586, pmove=0.46, energy=-190.9895-2.0285j
I | 06-04 10:30:53 |  train   | step=587, pmove=0.45, energy=-190.4874-2.2510j
I | 06-04 10:31:00 |  train   | step=588, pmove=0.45, energy=-190.6599-2.1674j
I | 06-04 10:31:08 |  train   | step=589, pmove=0.45, energy=-191.2762-2.5583j
I | 06-04 10:31:16 |  train   | step=590, pmove=0.45, energy=-191.4366-2.4375j
I | 06-04 10:31:24 |  train   | step=591, pmove=0.45, energy=-191.8800-2.2395j
I | 06-04 10:31:31 |  train   | step=592, pmove=0.45, energy=-191.2650-2.5940j
I | 06-04 10:31:39 |  train   | step=593, pmove=0.45, energy=-190.5931-2.4360j
I | 06-04 10:31:47 |  train   | step=594, pmove=0.45, energy=-190.2439-2.5719j
I | 06-04 10:31:54 |  train   | step=595, pmove=0.44, energy=-191.1343-2.5210j
I | 06-04 10:32:02 |  train   | step=596, pmove=0.44, energy=-190.7846-2.8966j
I | 06-04 10:32:10 |  train   | step=597, pmove=0.44, energy=-191.4145-2.8387j
I | 06-04 10:32:18 |  train   | step=598, pmove=0.44, energy=-190.9537-2.8019j
I | 06-04 10:32:25 |  train   | step=599, pmove=0.44, energy=-190.6504-2.6651j
I | 06-04 10:32:33 |  train   | step=600, pmove=0.48, energy=-190.3317-2.9016j
I | 06-04 10:32:41 |  train   | step=601, pmove=0.48, energy=-190.8955-2.8233j
I | 06-04 10:32:49 |  train   | step=602, pmove=0.48, energy=-191.4175-3.1477j
I | 06-04 10:32:56 |  train   | step=603, pmove=0.48, energy=-190.4231-3.1575j
I | 06-04 10:33:04 |  train   | step=604, pmove=0.48, energy=-190.0587-3.0595j
I | 06-04 10:33:12 |  train   | step=605, pmove=0.48, energy=-190.1082-3.1708j
I | 06-04 10:33:19 |  train   | step=606, pmove=0.49, energy=-190.2532-2.9831j
I | 06-04 10:33:27 |  train   | step=607, pmove=0.48, energy=-190.1320-3.3696j
I | 06-04 10:33:35 |  train   | step=608, pmove=0.48, energy=-190.9026-2.9248j
I | 06-04 10:33:43 |  train   | step=609, pmove=0.48, energy=-190.2327-2.8956j
I | 06-04 10:33:51 |  train   | step=610, pmove=0.48, energy=-190.1935-3.1871j
I | 06-04 10:33:59 |  train   | step=611, pmove=0.48, energy=-190.0203-2.8966j
I | 06-04 10:34:09 |  train   | step=612, pmove=0.48, energy=-190.2118-2.8043j
I | 06-04 10:34:17 |  train   | step=613, pmove=0.48, energy=-189.9138-3.1913j
I | 06-04 10:34:25 |  train   | step=614, pmove=0.48, energy=-190.1831-2.9349j
I | 06-04 10:34:33 |  train   | step=615, pmove=0.48, energy=-190.0894-3.0249j
I | 06-04 10:34:40 |  train   | step=616, pmove=0.48, energy=-190.7413-3.3427j
I | 06-04 10:34:48 |  train   | step=617, pmove=0.48, energy=-190.7181-3.5607j
I | 06-04 10:34:56 |  train   | step=618, pmove=0.48, energy=-190.9170-3.1441j
I | 06-04 10:35:04 |  train   | step=619, pmove=0.48, energy=-191.3567-3.1881j
I | 06-04 10:35:11 |  train   | step=620, pmove=0.48, energy=-191.9032-3.3947j
I | 06-04 10:35:19 |  train   | step=621, pmove=0.48, energy=-191.4473-3.2739j
I | 06-04 10:35:27 |  train   | step=622, pmove=0.48, energy=-191.3121-3.0276j
I | 06-04 10:35:35 |  train   | step=623, pmove=0.48, energy=-191.1779-3.3955j
I | 06-04 10:35:42 |  train   | step=624, pmove=0.48, energy=-190.7022-3.4638j
I | 06-04 10:35:50 |  train   | step=625, pmove=0.48, energy=-191.2280-3.4123j
I | 06-04 10:35:58 |  train   | step=626, pmove=0.48, energy=-191.0730-3.1570j
I | 06-04 10:36:05 |  train   | step=627, pmove=0.48, energy=-191.3704-3.0893j
I | 06-04 10:36:13 |  train   | step=628, pmove=0.48, energy=-191.4240-3.2663j
I | 06-04 10:36:21 |  train   | step=629, pmove=0.48, energy=-191.8054-3.7195j
I | 06-04 10:36:29 |  train   | step=630, pmove=0.48, energy=-191.6367-3.2087j
I | 06-04 10:36:36 |  train   | step=631, pmove=0.48, energy=-191.6615-3.4716j
I | 06-04 10:36:44 |  train   | step=632, pmove=0.48, energy=-191.1102-3.2991j
I | 06-04 10:36:52 |  train   | step=633, pmove=0.48, energy=-191.1692-3.5222j
I | 06-04 10:37:00 |  train   | step=634, pmove=0.48, energy=-191.9001-3.6477j
I | 06-04 10:37:07 |  train   | step=635, pmove=0.48, energy=-191.3836-3.6134j
I | 06-04 10:37:15 |  train   | step=636, pmove=0.48, energy=-192.1187-3.5776j
I | 06-04 10:37:23 |  train   | step=637, pmove=0.49, energy=-191.6685-3.3339j
I | 06-04 10:37:30 |  train   | step=638, pmove=0.48, energy=-191.0835-3.4786j
I | 06-04 10:37:38 |  train   | step=639, pmove=0.48, energy=-191.0237-3.3526j
I | 06-04 10:37:46 |  train   | step=640, pmove=0.48, energy=-191.9287-3.1172j
I | 06-04 10:37:54 |  train   | step=641, pmove=0.48, energy=-191.0156-2.9054j
I | 06-04 10:38:01 |  train   | step=642, pmove=0.48, energy=-191.3274-3.0998j
I | 06-04 10:38:09 |  train   | step=643, pmove=0.48, energy=-191.7489-3.3185j
I | 06-04 10:38:17 |  train   | step=644, pmove=0.48, energy=-191.5476-2.9395j
I | 06-04 10:38:25 |  train   | step=645, pmove=0.48, energy=-191.8901-3.2143j
I | 06-04 10:38:32 |  train   | step=646, pmove=0.48, energy=-192.3561-2.9938j
I | 06-04 10:38:40 |  train   | step=647, pmove=0.48, energy=-191.8356-2.8015j
I | 06-04 10:38:48 |  train   | step=648, pmove=0.49, energy=-191.8100-2.9569j
I | 06-04 10:38:55 |  train   | step=649, pmove=0.48, energy=-191.4220-3.0488j
I | 06-04 10:39:03 |  train   | step=650, pmove=0.48, energy=-192.1915-3.1420j
I | 06-04 10:39:11 |  train   | step=651, pmove=0.48, energy=-192.4297-3.1107j
I | 06-04 10:39:19 |  train   | step=652, pmove=0.48, energy=-191.9265-3.0701j
I | 06-04 10:39:26 |  train   | step=653, pmove=0.48, energy=-192.1659-2.6660j
I | 06-04 10:39:34 |  train   | step=654, pmove=0.48, energy=-192.3790-2.7730j
I | 06-04 10:39:42 |  train   | step=655, pmove=0.48, energy=-192.5348-3.0453j
I | 06-04 10:39:50 |  train   | step=656, pmove=0.49, energy=-191.6822-3.0093j
I | 06-04 10:39:57 |  train   | step=657, pmove=0.48, energy=-192.3718-2.7722j
I | 06-04 10:40:05 |  train   | step=658, pmove=0.48, energy=-192.2361-2.8650j
I | 06-04 10:40:13 |  train   | step=659, pmove=0.49, energy=-193.5704-2.7950j
I | 06-04 10:40:20 |  train   | step=660, pmove=0.49, energy=-193.3389-3.0848j
I | 06-04 10:40:28 |  train   | step=661, pmove=0.49, energy=-193.5867-2.9529j
I | 06-04 10:40:36 |  train   | step=662, pmove=0.49, energy=-193.6034-2.6478j
I | 06-04 10:40:44 |  train   | step=663, pmove=0.49, energy=-193.2772-2.4628j
I | 06-04 10:40:51 |  train   | step=664, pmove=0.49, energy=-193.4796-2.4398j
I | 06-04 10:40:59 |  train   | step=665, pmove=0.49, energy=-193.6055-2.4138j
I | 06-04 10:41:07 |  train   | step=666, pmove=0.49, energy=-193.3258-2.4749j
I | 06-04 10:41:15 |  train   | step=667, pmove=0.48, energy=-192.3302-2.3033j
I | 06-04 10:41:22 |  train   | step=668, pmove=0.49, energy=-192.2814-2.4740j
I | 06-04 10:41:30 |  train   | step=669, pmove=0.48, energy=-193.5187-2.3962j
I | 06-04 10:41:38 |  train   | step=670, pmove=0.49, energy=-193.3135-2.5515j
I | 06-04 10:41:45 |  train   | step=671, pmove=0.48, energy=-193.4247-2.3616j
I | 06-04 10:41:53 |  train   | step=672, pmove=0.49, energy=-193.2925-2.1161j
I | 06-04 10:42:01 |  train   | step=673, pmove=0.49, energy=-193.2633-2.2838j
I | 06-04 10:42:09 |  train   | step=674, pmove=0.49, energy=-193.3431-2.3559j
I | 06-04 10:42:16 |  train   | step=675, pmove=0.49, energy=-193.4984-2.1024j
I | 06-04 10:42:24 |  train   | step=676, pmove=0.49, energy=-192.9033-2.5540j
I | 06-04 10:42:32 |  train   | step=677, pmove=0.49, energy=-192.5320-2.3455j
I | 06-04 10:42:40 |  train   | step=678, pmove=0.49, energy=-192.7918-2.7713j
I | 06-04 10:42:47 |  train   | step=679, pmove=0.49, energy=-192.8639-2.5895j
I | 06-04 10:42:55 |  train   | step=680, pmove=0.49, energy=-192.9491-2.1149j
I | 06-04 10:43:03 |  train   | step=681, pmove=0.48, energy=-193.0763-2.3425j
I | 06-04 10:43:10 |  train   | step=682, pmove=0.49, energy=-193.9677-2.3281j
I | 06-04 10:43:18 |  train   | step=683, pmove=0.49, energy=-193.9319-2.3312j
I | 06-04 10:43:26 |  train   | step=684, pmove=0.49, energy=-193.7384-2.2221j
I | 06-04 10:43:34 |  train   | step=685, pmove=0.49, energy=-194.3299-2.1708j
I | 06-04 10:43:41 |  train   | step=686, pmove=0.49, energy=-193.7110-1.9678j
I | 06-04 10:43:49 |  train   | step=687, pmove=0.49, energy=-193.6886-2.2923j
I | 06-04 10:43:57 |  train   | step=688, pmove=0.49, energy=-193.4407-1.9333j
I | 06-04 10:44:05 |  train   | step=689, pmove=0.49, energy=-194.4036-2.0756j
I | 06-04 10:44:13 |  train   | step=690, pmove=0.49, energy=-194.3665-2.3338j
I | 06-04 10:44:20 |  train   | step=691, pmove=0.49, energy=-193.9002-1.9190j
I | 06-04 10:44:28 |  train   | step=692, pmove=0.48, energy=-194.5879-2.2628j
I | 06-04 10:44:36 |  train   | step=693, pmove=0.49, energy=-194.0726-1.9703j
I | 06-04 10:44:44 |  train   | step=694, pmove=0.48, energy=-194.4091-2.0452j
I | 06-04 10:44:51 |  train   | step=695, pmove=0.48, energy=-194.0383-2.1703j
I | 06-04 10:44:59 |  train   | step=696, pmove=0.49, energy=-192.9194-1.9473j
I | 06-04 10:45:07 |  train   | step=697, pmove=0.48, energy=-193.0576-1.8129j
I | 06-04 10:45:15 |  train   | step=698, pmove=0.48, energy=-193.6126-1.7613j
I | 06-04 10:45:22 |  train   | step=699, pmove=0.49, energy=-193.0813-1.6950j
I | 06-04 10:45:30 |  train   | step=700, pmove=0.52, energy=-193.5368-2.1251j
I | 06-04 10:45:38 |  train   | step=701, pmove=0.52, energy=-193.6122-2.0259j
I | 06-04 10:45:45 |  train   | step=702, pmove=0.52, energy=-192.7057-1.9549j
I | 06-04 10:45:53 |  train   | step=703, pmove=0.52, energy=-192.8752-2.0893j
I | 06-04 10:46:01 |  train   | step=704, pmove=0.52, energy=-193.0033-1.7452j
I | 06-04 10:46:09 |  train   | step=705, pmove=0.52, energy=-193.1146-2.1030j
I | 06-04 10:46:16 |  train   | step=706, pmove=0.52, energy=-193.1253-2.1708j
I | 06-04 10:46:24 |  train   | step=707, pmove=0.52, energy=-194.2358-2.0474j
I | 06-04 10:46:32 |  train   | step=708, pmove=0.52, energy=-193.3358-2.0747j
I | 06-04 10:46:40 |  train   | step=709, pmove=0.52, energy=-193.4852-1.9768j
I | 06-04 10:46:47 |  train   | step=710, pmove=0.52, energy=-194.0652-1.9456j
I | 06-04 10:46:55 |  train   | step=711, pmove=0.52, energy=-193.9361-1.8089j
I | 06-04 10:47:03 |  train   | step=712, pmove=0.52, energy=-192.9950-2.0423j
I | 06-04 10:47:10 |  train   | step=713, pmove=0.52, energy=-193.6266-2.0491j
I | 06-04 10:47:18 |  train   | step=714, pmove=0.52, energy=-193.1507-2.2233j
I | 06-04 10:47:26 |  train   | step=715, pmove=0.52, energy=-193.0407-2.1489j
I | 06-04 10:47:34 |  train   | step=716, pmove=0.52, energy=-192.8317-1.9736j
I | 06-04 10:47:42 |  train   | step=717, pmove=0.51, energy=-193.2798-1.7407j
I | 06-04 10:47:49 |  train   | step=718, pmove=0.52, energy=-193.3295-2.1377j
I | 06-04 10:47:57 |  train   | step=719, pmove=0.52, energy=-193.1745-1.8286j
I | 06-04 10:48:05 |  train   | step=720, pmove=0.51, energy=-193.4472-1.9860j
I | 06-04 10:48:12 |  train   | step=721, pmove=0.51, energy=-193.5471-2.1070j
I | 06-04 10:48:20 |  train   | step=722, pmove=0.51, energy=-193.4699-2.1337j
I | 06-04 10:48:28 |  train   | step=723, pmove=0.51, energy=-193.1324-1.9961j
I | 06-04 10:48:36 |  train   | step=724, pmove=0.52, energy=-193.2381-1.9943j
I | 06-04 10:48:43 |  train   | step=725, pmove=0.51, energy=-193.0053-2.4703j
I | 06-04 10:48:51 |  train   | step=726, pmove=0.51, energy=-192.7553-2.2750j
I | 06-04 10:48:59 |  train   | step=727, pmove=0.52, energy=-192.9713-2.3422j
I | 06-04 10:49:07 |  train   | step=728, pmove=0.51, energy=-193.2154-2.0702j
I | 06-04 10:49:14 |  train   | step=729, pmove=0.51, energy=-192.5677-1.8930j
I | 06-04 10:49:22 |  train   | step=730, pmove=0.51, energy=-192.5025-2.1006j
I | 06-04 10:49:30 |  train   | step=731, pmove=0.51, energy=-193.6831-2.3123j
I | 06-04 10:49:37 |  train   | step=732, pmove=0.51, energy=-193.9086-2.2244j
I | 06-04 10:49:45 |  train   | step=733, pmove=0.51, energy=-193.6730-1.9766j
I | 06-04 10:49:53 |  train   | step=734, pmove=0.51, energy=-193.8662-2.4857j
I | 06-04 10:50:01 |  train   | step=735, pmove=0.51, energy=-193.5788-2.4126j
I | 06-04 10:50:08 |  train   | step=736, pmove=0.51, energy=-193.1839-1.9743j
I | 06-04 10:50:16 |  train   | step=737, pmove=0.51, energy=-193.3741-1.8725j
I | 06-04 10:50:24 |  train   | step=738, pmove=0.51, energy=-193.6929-1.9813j
I | 06-04 10:50:32 |  train   | step=739, pmove=0.51, energy=-192.8860-2.0105j
I | 06-04 10:50:39 |  train   | step=740, pmove=0.51, energy=-192.9152-1.5718j
I | 06-04 10:50:47 |  train   | step=741, pmove=0.51, energy=-192.9664-2.2215j
I | 06-04 10:50:55 |  train   | step=742, pmove=0.51, energy=-193.1600-1.9884j
I | 06-04 10:51:02 |  train   | step=743, pmove=0.51, energy=-192.7880-1.8690j
I | 06-04 10:51:10 |  train   | step=744, pmove=0.50, energy=-192.8511-1.7231j
I | 06-04 10:51:18 |  train   | step=745, pmove=0.51, energy=-192.8331-2.1532j
I | 06-04 10:51:26 |  train   | step=746, pmove=0.51, energy=-193.0690-1.9424j
I | 06-04 10:51:33 |  train   | step=747, pmove=0.51, energy=-192.2272-2.0718j
I | 06-04 10:51:41 |  train   | step=748, pmove=0.51, energy=-192.8762-1.6271j
I | 06-04 10:51:49 |  train   | step=749, pmove=0.51, energy=-193.1247-2.0706j
I | 06-04 10:51:57 |  train   | step=750, pmove=0.50, energy=-193.3677-1.8408j
I | 06-04 10:52:04 |  train   | step=751, pmove=0.50, energy=-192.4940-1.5896j
I | 06-04 10:52:12 |  train   | step=752, pmove=0.50, energy=-192.3844-2.1068j
I | 06-04 10:52:20 |  train   | step=753, pmove=0.50, energy=-192.1800-1.3730j
I | 06-04 10:52:27 |  train   | step=754, pmove=0.50, energy=-192.2674-1.4608j
I | 06-04 10:52:35 |  train   | step=755, pmove=0.50, energy=-192.0249-1.6089j
I | 06-04 10:52:43 |  train   | step=756, pmove=0.50, energy=-192.3815-1.9277j
I | 06-04 10:52:51 |  train   | step=757, pmove=0.50, energy=-192.6669-1.4979j
I | 06-04 10:52:58 |  train   | step=758, pmove=0.50, energy=-192.1337-1.8376j
I | 06-04 10:53:06 |  train   | step=759, pmove=0.50, energy=-192.2258-1.9246j
I | 06-04 10:53:14 |  train   | step=760, pmove=0.50, energy=-192.0967-1.6371j
I | 06-04 10:53:22 |  train   | step=761, pmove=0.50, energy=-192.6481-1.3202j
I | 06-04 10:53:29 |  train   | step=762, pmove=0.50, energy=-192.4946-1.4753j
I | 06-04 10:53:37 |  train   | step=763, pmove=0.50, energy=-192.2063-1.5678j
I | 06-04 10:53:45 |  train   | step=764, pmove=0.50, energy=-192.4320-1.4029j
I | 06-04 10:53:53 |  train   | step=765, pmove=0.50, energy=-192.3068-1.2283j
I | 06-04 10:54:00 |  train   | step=766, pmove=0.50, energy=-192.3462-1.3718j
I | 06-04 10:54:08 |  train   | step=767, pmove=0.50, energy=-192.2809-1.2506j
I | 06-04 10:54:16 |  train   | step=768, pmove=0.50, energy=-192.3802-1.0384j
I | 06-04 10:54:24 |  train   | step=769, pmove=0.49, energy=-193.0448-1.0796j
I | 06-04 10:54:31 |  train   | step=770, pmove=0.49, energy=-192.1877-0.9886j
I | 06-04 10:54:39 |  train   | step=771, pmove=0.49, energy=-192.1424-0.9673j
I | 06-04 10:54:47 |  train   | step=772, pmove=0.50, energy=-191.9310-0.7541j
I | 06-04 10:54:54 |  train   | step=773, pmove=0.49, energy=-191.7911-1.0575j
I | 06-04 10:55:02 |  train   | step=774, pmove=0.49, energy=-191.8565-0.7595j
I | 06-04 10:55:10 |  train   | step=775, pmove=0.49, energy=-191.8740-0.8462j
I | 06-04 10:55:18 |  train   | step=776, pmove=0.49, energy=-191.9929-0.5633j
I | 06-04 10:55:25 |  train   | step=777, pmove=0.49, energy=-191.2917-0.4639j
I | 06-04 10:55:33 |  train   | step=778, pmove=0.49, energy=-191.5865-0.6681j
I | 06-04 10:55:41 |  train   | step=779, pmove=0.49, energy=-191.0874+0.0778j
I | 06-04 10:55:49 |  train   | step=780, pmove=0.48, energy=-191.3377-0.1535j
I | 06-04 10:55:56 |  train   | step=781, pmove=0.49, energy=-191.2144-0.3955j
I | 06-04 10:56:04 |  train   | step=782, pmove=0.48, energy=-190.5304-0.2039j
I | 06-04 10:56:12 |  train   | step=783, pmove=0.48, energy=-190.3883-0.3308j
I | 06-04 10:56:19 |  train   | step=784, pmove=0.48, energy=-189.8212-0.4856j
I | 06-04 10:56:27 |  train   | step=785, pmove=0.48, energy=-190.6417-0.2322j
I | 06-04 10:56:35 |  train   | step=786, pmove=0.49, energy=-190.7188+0.0181j
I | 06-04 10:56:43 |  train   | step=787, pmove=0.48, energy=-190.0743-0.2743j
I | 06-04 10:56:50 |  train   | step=788, pmove=0.48, energy=-190.7989-0.0677j
I | 06-04 10:56:58 |  train   | step=789, pmove=0.48, energy=-190.6573+0.2020j
I | 06-04 10:57:06 |  train   | step=790, pmove=0.48, energy=-189.9203+0.2767j
I | 06-04 10:57:14 |  train   | step=791, pmove=0.48, energy=-189.8609+0.0893j
I | 06-04 10:57:21 |  train   | step=792, pmove=0.47, energy=-189.6910-0.4288j
I | 06-04 10:57:29 |  train   | step=793, pmove=0.47, energy=-189.3938-0.0762j
I | 06-04 10:57:37 |  train   | step=794, pmove=0.47, energy=-189.2483+0.0265j
I | 06-04 10:57:44 |  train   | step=795, pmove=0.47, energy=-189.5839+0.1313j
I | 06-04 10:57:52 |  train   | step=796, pmove=0.47, energy=-189.5100-0.0367j
I | 06-04 10:58:00 |  train   | step=797, pmove=0.47, energy=-189.6153+0.1440j
I | 06-04 10:58:08 |  train   | step=798, pmove=0.47, energy=-189.6049-0.0458j
I | 06-04 10:58:15 |  train   | step=799, pmove=0.47, energy=-189.7210+0.2154j
I | 06-04 10:58:23 |  train   | step=800, pmove=0.47, energy=-188.7017+0.0847j
I | 06-04 10:58:31 |  train   | step=801, pmove=0.47, energy=-189.5380+0.2027j
I | 06-04 10:58:39 |  train   | step=802, pmove=0.47, energy=-189.4362+0.1669j
I | 06-04 10:58:46 |  train   | step=803, pmove=0.47, energy=-189.3928+0.3605j
I | 06-04 10:58:54 |  train   | step=804, pmove=0.47, energy=-189.4684+0.3914j
I | 06-04 10:59:02 |  train   | step=805, pmove=0.47, energy=-189.9516+0.3482j
I | 06-04 10:59:09 |  train   | step=806, pmove=0.46, energy=-189.4702+0.1420j
I | 06-04 10:59:17 |  train   | step=807, pmove=0.47, energy=-189.7189+0.5392j
I | 06-04 10:59:25 |  train   | step=808, pmove=0.46, energy=-189.5828+0.7784j
I | 06-04 10:59:33 |  train   | step=809, pmove=0.46, energy=-189.6275+0.6125j
I | 06-04 10:59:40 |  train   | step=810, pmove=0.46, energy=-189.7133+0.3098j
I | 06-04 10:59:48 |  train   | step=811, pmove=0.46, energy=-190.1282+0.5507j
I | 06-04 10:59:56 |  train   | step=812, pmove=0.46, energy=-190.3150+0.1969j
I | 06-04 11:00:04 |  train   | step=813, pmove=0.46, energy=-190.0450+0.4239j
I | 06-04 11:00:11 |  train   | step=814, pmove=0.46, energy=-189.9886+0.6247j
I | 06-04 11:00:19 |  train   | step=815, pmove=0.46, energy=-190.1957+0.6353j
I | 06-04 11:00:27 |  train   | step=816, pmove=0.46, energy=-189.9449+0.5315j
I | 06-04 11:00:35 |  train   | step=817, pmove=0.46, energy=-189.9479+0.6356j
I | 06-04 11:00:42 |  train   | step=818, pmove=0.46, energy=-190.0362+0.7546j
I | 06-04 11:00:50 |  train   | step=819, pmove=0.46, energy=-189.6048+0.7287j
I | 06-04 11:00:58 |  train   | step=820, pmove=0.45, energy=-189.2103+0.7282j
I | 06-04 11:01:05 |  train   | step=821, pmove=0.46, energy=-189.7064+0.7223j
I | 06-04 11:01:13 |  train   | step=822, pmove=0.45, energy=-189.2727+0.7765j
I | 06-04 11:01:21 |  train   | step=823, pmove=0.46, energy=-189.5047+0.9135j
I | 06-04 11:01:29 |  train   | step=824, pmove=0.45, energy=-189.7068+0.8308j
I | 06-04 11:01:36 |  train   | step=825, pmove=0.45, energy=-189.0591+0.7154j
I | 06-04 11:01:44 |  train   | step=826, pmove=0.45, energy=-189.0108+0.4606j
I | 06-04 11:01:52 |  train   | step=827, pmove=0.45, energy=-189.2006+0.8412j
I | 06-04 11:02:00 |  train   | step=828, pmove=0.45, energy=-188.8937+0.8974j
I | 06-04 11:02:07 |  train   | step=829, pmove=0.45, energy=-189.0982+0.6281j
I | 06-04 11:02:15 |  train   | step=830, pmove=0.45, energy=-188.9791+0.3714j
I | 06-04 11:02:23 |  train   | step=831, pmove=0.45, energy=-188.3552+0.6028j
I | 06-04 11:02:30 |  train   | step=832, pmove=0.44, energy=-188.8121+0.7702j
I | 06-04 11:02:38 |  train   | step=833, pmove=0.45, energy=-189.1000+0.8771j
I | 06-04 11:02:46 |  train   | step=834, pmove=0.45, energy=-188.7581+0.6615j
I | 06-04 11:02:54 |  train   | step=835, pmove=0.44, energy=-188.7115+0.6665j
I | 06-04 11:03:01 |  train   | step=836, pmove=0.45, energy=-188.7435+0.7581j
I | 06-04 11:03:09 |  train   | step=837, pmove=0.44, energy=-188.7493+0.4738j
I | 06-04 11:03:17 |  train   | step=838, pmove=0.44, energy=-188.8745+0.6322j
I | 06-04 11:03:25 |  train   | step=839, pmove=0.45, energy=-188.7825+0.5101j
I | 06-04 11:03:32 |  train   | step=840, pmove=0.45, energy=-188.4881+0.5214j
I | 06-04 11:03:40 |  train   | step=841, pmove=0.44, energy=-188.4356+0.6308j
I | 06-04 11:03:48 |  train   | step=842, pmove=0.44, energy=-188.4493+0.4513j
I | 06-04 11:03:55 |  train   | step=843, pmove=0.44, energy=-188.4241+0.6049j
I | 06-04 11:04:03 |  train   | step=844, pmove=0.44, energy=-188.5750+0.4127j
I | 06-04 11:04:11 |  train   | step=845, pmove=0.44, energy=-188.4848+0.3795j
I | 06-04 11:04:19 |  train   | step=846, pmove=0.44, energy=-188.4978+0.4446j
I | 06-04 11:04:26 |  train   | step=847, pmove=0.44, energy=-188.3729+0.3518j
I | 06-04 11:04:34 |  train   | step=848, pmove=0.43, energy=-188.6106-0.1743j
I | 06-04 11:04:42 |  train   | step=849, pmove=0.44, energy=-189.2806-0.2519j
I | 06-04 11:04:50 |  train   | step=850, pmove=0.44, energy=-189.3896+0.0978j
I | 06-04 11:04:58 |  train   | step=851, pmove=0.44, energy=-189.4414-0.0871j
I | 06-04 11:05:05 |  train   | step=852, pmove=0.44, energy=-189.7837+0.0807j
I | 06-04 11:05:13 |  train   | step=853, pmove=0.44, energy=-189.8261-0.0072j
I | 06-04 11:05:21 |  train   | step=854, pmove=0.44, energy=-189.4233-0.0579j
I | 06-04 11:05:29 |  train   | step=855, pmove=0.44, energy=-189.2608+0.1338j
I | 06-04 11:05:36 |  train   | step=856, pmove=0.44, energy=-189.7641+0.0800j
I | 06-04 11:05:44 |  train   | step=857, pmove=0.44, energy=-189.6181-0.1269j
I | 06-04 11:05:52 |  train   | step=858, pmove=0.44, energy=-189.5828-0.0060j
I | 06-04 11:06:00 |  train   | step=859, pmove=0.44, energy=-190.2214+0.4565j
I | 06-04 11:06:07 |  train   | step=860, pmove=0.44, energy=-190.5591-0.1308j
I | 06-04 11:06:15 |  train   | step=861, pmove=0.44, energy=-190.0380-0.1225j
I | 06-04 11:06:23 |  train   | step=862, pmove=0.44, energy=-190.0175+0.1684j
I | 06-04 11:06:31 |  train   | step=863, pmove=0.44, energy=-189.9955+0.0755j
I | 06-04 11:06:38 |  train   | step=864, pmove=0.44, energy=-190.2769-0.3414j
I | 06-04 11:06:46 |  train   | step=865, pmove=0.44, energy=-190.4176+0.2540j
I | 06-04 11:06:54 |  train   | step=866, pmove=0.44, energy=-190.3437-0.0232j
I | 06-04 11:07:01 |  train   | step=867, pmove=0.44, energy=-190.3932-0.3298j
I | 06-04 11:07:09 |  train   | step=868, pmove=0.44, energy=-190.1376-0.1088j
I | 06-04 11:07:17 |  train   | step=869, pmove=0.44, energy=-190.0821-0.1365j
I | 06-04 11:07:25 |  train   | step=870, pmove=0.44, energy=-190.5079+0.0040j
I | 06-04 11:07:32 |  train   | step=871, pmove=0.44, energy=-190.6944-0.1332j
I | 06-04 11:07:40 |  train   | step=872, pmove=0.44, energy=-190.2751-0.3221j
I | 06-04 11:07:48 |  train   | step=873, pmove=0.44, energy=-190.0977-0.2691j
I | 06-04 11:07:56 |  train   | step=874, pmove=0.44, energy=-190.1802-0.1638j
I | 06-04 11:08:03 |  train   | step=875, pmove=0.44, energy=-190.2245-0.4856j
I | 06-04 11:08:11 |  train   | step=876, pmove=0.44, energy=-190.4751-0.1975j
I | 06-04 11:08:19 |  train   | step=877, pmove=0.44, energy=-190.2639-0.5118j
I | 06-04 11:08:26 |  train   | step=878, pmove=0.44, energy=-190.1380-0.2867j
I | 06-04 11:08:34 |  train   | step=879, pmove=0.44, energy=-190.9915-0.4113j
I | 06-04 11:08:42 |  train   | step=880, pmove=0.45, energy=-190.6581-0.2087j
I | 06-04 11:08:50 |  train   | step=881, pmove=0.44, energy=-190.6488-0.1550j
I | 06-04 11:08:57 |  train   | step=882, pmove=0.44, energy=-190.2222-0.2010j
I | 06-04 11:09:05 |  train   | step=883, pmove=0.44, energy=-190.2233-0.1732j
I | 06-04 11:09:13 |  train   | step=884, pmove=0.44, energy=-190.8272-0.3914j
I | 06-04 11:09:21 |  train   | step=885, pmove=0.44, energy=-190.6543-0.4812j
I | 06-04 11:09:28 |  train   | step=886, pmove=0.44, energy=-190.6744-0.4530j
I | 06-04 11:09:36 |  train   | step=887, pmove=0.44, energy=-190.7871-0.5000j
I | 06-04 11:09:44 |  train   | step=888, pmove=0.44, energy=-190.3391+0.0217j
I | 06-04 11:09:51 |  train   | step=889, pmove=0.44, energy=-190.9059-0.6242j
I | 06-04 11:09:59 |  train   | step=890, pmove=0.44, energy=-190.9867-0.5895j
I | 06-04 11:10:07 |  train   | step=891, pmove=0.44, energy=-190.5501-0.3252j
I | 06-04 11:10:15 |  train   | step=892, pmove=0.44, energy=-190.5964-0.1523j
I | 06-04 11:10:22 |  train   | step=893, pmove=0.44, energy=-190.6836-0.6802j
I | 06-04 11:10:30 |  train   | step=894, pmove=0.44, energy=-191.4091-0.4300j
I | 06-04 11:10:38 |  train   | step=895, pmove=0.44, energy=-190.9014-0.6664j
I | 06-04 11:10:46 |  train   | step=896, pmove=0.44, energy=-191.2363-0.7653j
I | 06-04 11:10:53 |  train   | step=897, pmove=0.44, energy=-190.8071-0.6693j
I | 06-04 11:11:01 |  train   | step=898, pmove=0.45, energy=-191.3998-0.8009j
I | 06-04 11:11:09 |  train   | step=899, pmove=0.44, energy=-191.5289-0.7974j
I | 06-04 11:11:16 |  train   | step=900, pmove=0.48, energy=-191.9745-0.6029j
I | 06-04 11:11:24 |  train   | step=901, pmove=0.49, energy=-191.7978-0.6206j
I | 06-04 11:11:32 |  train   | step=902, pmove=0.49, energy=-191.9698-0.5467j
I | 06-04 11:11:40 |  train   | step=903, pmove=0.49, energy=-192.3006-0.5912j
I | 06-04 11:11:47 |  train   | step=904, pmove=0.49, energy=-191.9455-0.8720j
I | 06-04 11:11:55 |  train   | step=905, pmove=0.49, energy=-191.9766-0.5556j
I | 06-04 11:12:03 |  train   | step=906, pmove=0.49, energy=-192.4901-0.5996j
I | 06-04 11:12:11 |  train   | step=907, pmove=0.48, energy=-192.1890-1.0983j
I | 06-04 11:12:18 |  train   | step=908, pmove=0.48, energy=-192.5565-0.7993j
I | 06-04 11:12:26 |  train   | step=909, pmove=0.49, energy=-192.6731-0.8935j
I | 06-04 11:12:34 |  train   | step=910, pmove=0.49, energy=-192.2792-1.0529j
I | 06-04 11:12:42 |  train   | step=911, pmove=0.48, energy=-192.1649-0.5130j
I | 06-04 11:12:49 |  train   | step=912, pmove=0.49, energy=-192.1975-0.5193j
I | 06-04 11:12:57 |  train   | step=913, pmove=0.49, energy=-192.6099-1.0287j
I | 06-04 11:13:05 |  train   | step=914, pmove=0.50, energy=-192.7515-1.0080j
I | 06-04 11:13:12 |  train   | step=915, pmove=0.49, energy=-192.9249-0.7396j
I | 06-04 11:13:20 |  train   | step=916, pmove=0.49, energy=-192.5181-1.0894j
I | 06-04 11:13:28 |  train   | step=917, pmove=0.49, energy=-193.0045-1.1663j
I | 06-04 11:13:36 |  train   | step=918, pmove=0.49, energy=-193.0019-0.8272j
I | 06-04 11:13:43 |  train   | step=919, pmove=0.49, energy=-192.7513-1.0983j
I | 06-04 11:13:51 |  train   | step=920, pmove=0.49, energy=-192.4438-0.9312j
I | 06-04 11:13:59 |  train   | step=921, pmove=0.49, energy=-192.7480-0.7625j
I | 06-04 11:14:07 |  train   | step=922, pmove=0.49, energy=-192.9299-0.7234j
I | 06-04 11:14:14 |  train   | step=923, pmove=0.49, energy=-193.1392-0.7035j
I | 06-04 11:14:22 |  train   | step=924, pmove=0.49, energy=-192.8716-0.8156j
I | 06-04 11:14:30 |  train   | step=925, pmove=0.49, energy=-193.0718-1.1474j
I | 06-04 11:14:37 |  train   | step=926, pmove=0.49, energy=-192.8271-1.1997j
I | 06-04 11:14:45 |  train   | step=927, pmove=0.49, energy=-193.1019-0.9055j
I | 06-04 11:14:53 |  train   | step=928, pmove=0.49, energy=-192.8685-0.7641j
I | 06-04 11:15:01 |  train   | step=929, pmove=0.49, energy=-192.6292-1.3404j
I | 06-04 11:15:08 |  train   | step=930, pmove=0.49, energy=-193.2634-0.6822j
I | 06-04 11:15:16 |  train   | step=931, pmove=0.50, energy=-193.0049-1.0852j
I | 06-04 11:15:24 |  train   | step=932, pmove=0.49, energy=-192.8260-0.7858j
I | 06-04 11:15:32 |  train   | step=933, pmove=0.49, energy=-193.3512-0.9447j
I | 06-04 11:15:39 |  train   | step=934, pmove=0.49, energy=-193.5095-1.0930j
I | 06-04 11:15:47 |  train   | step=935, pmove=0.49, energy=-193.5577-0.8056j
I | 06-04 11:15:55 |  train   | step=936, pmove=0.50, energy=-193.7056-0.8491j
I | 06-04 11:16:02 |  train   | step=937, pmove=0.49, energy=-193.6329-0.6514j
I | 06-04 11:16:10 |  train   | step=938, pmove=0.50, energy=-193.4781-0.5406j
I | 06-04 11:16:18 |  train   | step=939, pmove=0.50, energy=-192.7363-0.6947j
I | 06-04 11:16:26 |  train   | step=940, pmove=0.49, energy=-193.0975-0.7281j
I | 06-04 11:16:33 |  train   | step=941, pmove=0.49, energy=-193.0071-0.7235j
I | 06-04 11:16:41 |  train   | step=942, pmove=0.49, energy=-193.0854-0.5883j
I | 06-04 11:16:49 |  train   | step=943, pmove=0.49, energy=-193.1164-0.5809j
I | 06-04 11:16:57 |  train   | step=944, pmove=0.49, energy=-193.4064-0.9469j
I | 06-04 11:17:04 |  train   | step=945, pmove=0.49, energy=-193.0871-0.4820j
I | 06-04 11:17:12 |  train   | step=946, pmove=0.49, energy=-193.3000-0.7171j
I | 06-04 11:17:20 |  train   | step=947, pmove=0.49, energy=-193.0985-0.7491j
I | 06-04 11:17:27 |  train   | step=948, pmove=0.49, energy=-192.8330-0.6126j
I | 06-04 11:17:35 |  train   | step=949, pmove=0.50, energy=-193.0914-0.6620j
I | 06-04 11:17:43 |  train   | step=950, pmove=0.49, energy=-193.3111-0.5258j
I | 06-04 11:17:51 |  train   | step=951, pmove=0.49, energy=-193.1865-0.3932j
I | 06-04 11:17:58 |  train   | step=952, pmove=0.50, energy=-192.7789-0.3593j
I | 06-04 11:18:06 |  train   | step=953, pmove=0.49, energy=-192.9216-0.4549j
I | 06-04 11:18:14 |  train   | step=954, pmove=0.49, energy=-193.1543-0.3851j
I | 06-04 11:18:22 |  train   | step=955, pmove=0.50, energy=-192.6784-0.0945j
I | 06-04 11:18:29 |  train   | step=956, pmove=0.50, energy=-192.5500-0.1251j
I | 06-04 11:18:37 |  train   | step=957, pmove=0.50, energy=-192.6033-0.4394j
I | 06-04 11:18:45 |  train   | step=958, pmove=0.49, energy=-192.8058-0.1303j
I | 06-04 11:18:52 |  train   | step=959, pmove=0.49, energy=-192.3673-0.2783j
I | 06-04 11:19:00 |  train   | step=960, pmove=0.49, energy=-192.4460+0.0938j
I | 06-04 11:19:08 |  train   | step=961, pmove=0.49, energy=-192.3322+0.1135j
I | 06-04 11:19:16 |  train   | step=962, pmove=0.49, energy=-192.0380+0.0769j
I | 06-04 11:19:23 |  train   | step=963, pmove=0.49, energy=-192.5824-0.0241j
I | 06-04 11:19:31 |  train   | step=964, pmove=0.50, energy=-192.4226+0.1800j
I | 06-04 11:19:39 |  train   | step=965, pmove=0.50, energy=-192.3520+0.3127j
slurmstepd: error: *** JOB 29985710 ON gpu-q-26 CANCELLED AT 2026-06-04T11:19:43 DUE TO TIME LIMIT ***
