Loading rhel8/default-amp
  Loading requirement: rhel8/slurm singularity/current rhel8/global cuda/11.4
    libpciaccess/0.16/gcc-9.4.0-6fonbj6 libiconv/1.16/gcc-9.4.0-ahebbov
    libxml2/2.9.12/gcc-9.4.0-gnknt5e ncurses/6.2/gcc-9.4.0-aiirok7
    hwloc/2.5.0/gcc-9.4.0-7sqomga libevent/2.1.12/gcc-9.4.0-hgny7cm
    numactl/2.0.14/gcc-9.4.0-52dwc6n cuda/11.4.0/gcc-9.4.0-3hnxhjt
    gdrcopy/2.2/gcc-9.4.0-e4igtfp knem/1.1.4/gcc-9.4.0-bpbxgva
    libnl/3.3.0/gcc-9.4.0-whwhrwb rdma-core/34.0/gcc-9.4.0-5eo5n2u
    ucx/1.11.1/gcc-9.4.0-lktqyl4 openmpi/4.1.1/gcc-9.4.0-epagguv
Changed directory to /rds/user/jc2405/hpc-work/JaQMC/jaqmc.

JobID: 30428821
======
Time: Sat Jun 13 02:13:20 BST 2026
Running on master node: gpu-q-45
Current directory: /rds/user/jc2405/hpc-work/JaQMC/jaqmc

Nodes allocated:
================
gpu-q-45

numtasks=1, numnodes=1, mpi_tasks_per_node=1 (OMP_NUM_THREADS=1)

Executing command:
==================
jaqmc solid train   --yml /rds/user/jc2405/hpc-work/JaQMC/jaqmc/configs/sc_chain.yml   workflow.save_path=/rds/user/jc2405/hpc-work/JaQMC/jaqmc/runs/sc_chain_3.78_spin_0   pretrain.run.iterations=1000 train.run.iterations=10000

I | 06-13 02:14:10 | runtime  | Initialize a local runtime.
I | 06-13 02:16:29 |   jax    | Unable to initialize backend 'tpu': INTERNAL: Failed to open libtpu.so: libtpu.so: cannot open shared object file: No such file or directory
I | 06-13 02:16:44 |  jaqmc   | ECP enabled for elements: ['Sc']
I | 06-13 02:16:44 |  config  | Resolved configurations:
# Defined in /rds/user/jc2405/hpc-work/JaQMC/jaqmc/src/jaqmc/utils/runtime.py:18
logging:
  level: info
  stream: stderr
# Defined in /rds/user/jc2405/hpc-work/JaQMC/jaqmc/src/jaqmc/utils/runtime.py:63
jax:
  enable_x64: false
  debug_infs: false
  debug_nans: false
  disable_jit: false
  default_matmul_precision: float32
# Defined in /rds/user/jc2405/hpc-work/JaQMC/jaqmc/src/jaqmc/utils/runtime.py:103
distributed:
  coordinator_address: null
  num_processes: 1
  process_id: 0
  initialization_timeout: 300
  wait_second_before_connect: 10.0
# Defined in /rds/user/jc2405/hpc-work/JaQMC/jaqmc/src/jaqmc/workflow/base.py:42
workflow:
  seed: null
  batch_size: 4096
  save_path: /rds/user/jc2405/hpc-work/JaQMC/jaqmc/runs/sc_chain_3.78_spin_0
  restore_path: /rds/user/jc2405/hpc-work/JaQMC/jaqmc/runs/sc_chain_3.78_spin_0
  config:
    ignore_extra: false
    verbose: false
# Defined in /rds/user/jc2405/hpc-work/JaQMC/jaqmc/src/jaqmc/app/solid/config/two_atom_chain.py:22
system:
  module: two_atom_chain
  symbol: Sc
  bond_length: 3.78
  unit: bohr
  supercell: 1
  vacuum_separation: 100.0
  spin: 0
  basis: ccecpccpvdz
  ecp: ccecp
  electron_init_width: 1.0
# Defined in /rds/user/jc2405/hpc-work/JaQMC/jaqmc/src/jaqmc/app/solid/wavefunction.py:23
wf:
  module: jaqmc.app.solid.wavefunction
  hidden_dims_single: [256, 256, 256, 256]
  hidden_dims_double: [32, 32, 32, 32]
  ndets: 16
  distance_type: nu
  envelope_type: abs_isotropic
  sym_type: minimal
  orbitals_spin_split: true
  full_det: true
# Defined in /rds/user/jc2405/hpc-work/JaQMC/jaqmc/src/jaqmc/sampler/mcmc.py:57
sampler:
  steps: 10
  initial_width: 0.1
  adapt_frequency: 100
  pmove_range: [0.5, 0.55]
pretrain:
  # Defined in /rds/user/jc2405/hpc-work/JaQMC/jaqmc/src/jaqmc/workflow/stage/vmc.py:30
  run:
    check_vma: true
    iterations: 1000
    burn_in: 100
    save_time_interval: 600
    save_step_interval: 1000
    stop_on_nan: loss
  # Defined in /rds/user/jc2405/hpc-work/JaQMC/jaqmc/src/jaqmc/workflow/stage/vmc.py:77
  optim:
    module: jaqmc.optimizer.optax:adam
    learning_rate:
      module: jaqmc.optimizer.schedule:Standard
      rate: 0.0003
      delay: 2000.0
      decay: 1.0
    b1: 0.9
    b2: 0.999
    eps: 1.0e-08
    eps_root: 0.0
  writers:
    # Defined in /rds/user/jc2405/hpc-work/JaQMC/jaqmc/src/jaqmc/writer/console.py:75
    console:
      module: jaqmc.writer.console:ConsoleWriter
      interval: 1
      fields: loss
    # Defined in /rds/user/jc2405/hpc-work/JaQMC/jaqmc/src/jaqmc/writer/hdf5.py:28
    hdf5:
      module: jaqmc.writer.hdf5:HDF5Writer
      path_template: '{stage}_stats.h5'
    # Defined in /rds/user/jc2405/hpc-work/JaQMC/jaqmc/src/jaqmc/writer/csv.py:21
    csv:
      module: jaqmc.writer.csv:CSVWriter
      path_template: '{stage}_stats.csv'
train:
  # Defined in /rds/user/jc2405/hpc-work/JaQMC/jaqmc/src/jaqmc/workflow/stage/vmc.py:30
  run:
    check_vma: true
    iterations: 10000
    burn_in: 100
    save_time_interval: 600
    save_step_interval: 1000
    stop_on_nan: loss
  # Defined in /rds/user/jc2405/hpc-work/JaQMC/jaqmc/src/jaqmc/workflow/stage/vmc.py:77
  optim:
    module: jaqmc.optimizer.kfac:KFACOptimizer
    learning_rate:
      module: jaqmc.optimizer.schedule:Standard
      rate: 0.05
      delay: 2000.0
      decay: 1.0
    norm_constraint: 0.001
    curvature_ema: 0.95
    l2_reg: 0.0
    inverse_update_period: 1
    damping: 0.001
  # Defined in /rds/user/jc2405/hpc-work/JaQMC/jaqmc/src/jaqmc/estimator/loss_grad.py:24
  grads:
    vmap_chunk_size: null
    loss_key: total_energy
    clip_scale: 5.0
  writers:
    # Defined in /rds/user/jc2405/hpc-work/JaQMC/jaqmc/src/jaqmc/writer/console.py:75
    console:
      module: jaqmc.writer.console:ConsoleWriter
      interval: 1
      fields: pmove:.2f,energy=total_energy:.4f,variance=total_energy_var:.4f
    # Defined in /rds/user/jc2405/hpc-work/JaQMC/jaqmc/src/jaqmc/writer/hdf5.py:28
    hdf5:
      module: jaqmc.writer.hdf5:HDF5Writer
      path_template: '{stage}_stats.h5'
    # Defined in /rds/user/jc2405/hpc-work/JaQMC/jaqmc/src/jaqmc/writer/csv.py:21
    csv:
      module: jaqmc.writer.csv:CSVWriter
      path_template: '{stage}_stats.csv'
estimators:
  energy:
    # Defined in /rds/user/jc2405/hpc-work/JaQMC/jaqmc/src/jaqmc/estimator/kinetic/euclidean.py:28
    kinetic:
      vmap_chunk_size: null
      mode: forward_laplacian
      sparsity_threshold: 0
    # Defined in /rds/user/jc2405/hpc-work/JaQMC/jaqmc/src/jaqmc/estimator/ecp/estimator.py:32
    ecp:
      vmap_chunk_size: null
      max_core: 2
      quadrature_id: null
      electrons_field: electrons
      atoms_field: atoms
  enabled:
    spin: false
    density: false
I | 06-13 02:16:44 | workflow | Starting QMC with 4 local XLA devices across 1 processes.
I | 06-13 02:16:44 |  jaqmc   | Start KRHF

WARN: Even tempered Gaussians are generated as DF auxbasis for  Sc


WARN: HOMO -5.06667703848e-37 == LUMO -4.72450577706e-37


WARN: HOMO 0 == LUMO 0


WARN: HOMO 0 == LUMO 0

SCF not converged.
SCF energy = -11048974668.9094
I | 06-13 03:15:46 |  jaqmc   | Complete KRHF
I | 06-13 03:16:03 | pretrain | Start 1000 pretrain steps.
I | 06-13 03:16:03 |  jaqmc   | Start burn in 100 steps.
I | 06-13 03:16:19 |  jaqmc   | Burn in 100 steps complete.
I | 06-13 03:16:30 | pretrain | step=0, loss=0.0843
I | 06-13 03:16:31 | pretrain | step=1, loss=0.0595
I | 06-13 03:16:31 | pretrain | step=2, loss=0.0496
I | 06-13 03:16:31 | pretrain | step=3, loss=0.0460
I | 06-13 03:16:31 | pretrain | step=4, loss=0.0444
I | 06-13 03:16:31 | pretrain | step=5, loss=0.0433
I | 06-13 03:16:31 | pretrain | step=6, loss=0.0425
I | 06-13 03:16:31 | pretrain | step=7, loss=0.0416
I | 06-13 03:16:32 | pretrain | step=8, loss=0.0412
I | 06-13 03:16:32 | pretrain | step=9, loss=0.0405
I | 06-13 03:16:32 | pretrain | step=10, loss=0.0402
I | 06-13 03:16:32 | pretrain | step=11, loss=0.0399
I | 06-13 03:16:32 | pretrain | step=12, loss=0.0394
I | 06-13 03:16:32 | pretrain | step=13, loss=0.0392
I | 06-13 03:16:32 | pretrain | step=14, loss=0.0388
I | 06-13 03:16:32 | pretrain | step=15, loss=0.0384
I | 06-13 03:16:33 | pretrain | step=16, loss=0.0382
I | 06-13 03:16:33 | pretrain | step=17, loss=0.0377
I | 06-13 03:16:33 | pretrain | step=18, loss=0.0375
I | 06-13 03:16:33 | pretrain | step=19, loss=0.0373
I | 06-13 03:16:33 | pretrain | step=20, loss=0.0371
I | 06-13 03:16:33 | pretrain | step=21, loss=0.0368
I | 06-13 03:16:33 | pretrain | step=22, loss=0.0368
I | 06-13 03:16:33 | pretrain | step=23, loss=0.0365
I | 06-13 03:16:34 | pretrain | step=24, loss=0.0362
I | 06-13 03:16:34 | pretrain | step=25, loss=0.0360
I | 06-13 03:16:34 | pretrain | step=26, loss=0.0359
I | 06-13 03:16:34 | pretrain | step=27, loss=0.0357
I | 06-13 03:16:34 | pretrain | step=28, loss=0.0356
I | 06-13 03:16:34 | pretrain | step=29, loss=0.0354
I | 06-13 03:16:34 | pretrain | step=30, loss=0.0350
I | 06-13 03:16:34 | pretrain | step=31, loss=0.0349
I | 06-13 03:16:35 | pretrain | step=32, loss=0.0347
I | 06-13 03:16:35 | pretrain | step=33, loss=0.0344
I | 06-13 03:16:35 | pretrain | step=34, loss=0.0343
I | 06-13 03:16:35 | pretrain | step=35, loss=0.0341
I | 06-13 03:16:35 | pretrain | step=36, loss=0.0337
I | 06-13 03:16:35 | pretrain | step=37, loss=0.0339
I | 06-13 03:16:35 | pretrain | step=38, loss=0.0334
I | 06-13 03:16:35 | pretrain | step=39, loss=0.0331
I | 06-13 03:16:36 | pretrain | step=40, loss=0.0330
I | 06-13 03:16:36 | pretrain | step=41, loss=0.0325
I | 06-13 03:16:36 | pretrain | step=42, loss=0.0323
I | 06-13 03:16:36 | pretrain | step=43, loss=0.0317
I | 06-13 03:16:36 | pretrain | step=44, loss=0.0315
I | 06-13 03:16:36 | pretrain | step=45, loss=0.0312
I | 06-13 03:16:36 | pretrain | step=46, loss=0.0308
I | 06-13 03:16:36 | pretrain | step=47, loss=0.0308
I | 06-13 03:16:36 | pretrain | step=48, loss=0.0302
I | 06-13 03:16:37 | pretrain | step=49, loss=0.0297
I | 06-13 03:16:37 | pretrain | step=50, loss=0.0297
I | 06-13 03:16:37 | pretrain | step=51, loss=0.0290
I | 06-13 03:16:37 | pretrain | step=52, loss=0.0287
I | 06-13 03:16:37 | pretrain | step=53, loss=0.0285
I | 06-13 03:16:37 | pretrain | step=54, loss=0.0281
I | 06-13 03:16:37 | pretrain | step=55, loss=0.0276
I | 06-13 03:16:37 | pretrain | step=56, loss=0.0277
I | 06-13 03:16:38 | pretrain | step=57, loss=0.0269
I | 06-13 03:16:38 | pretrain | step=58, loss=0.0272
I | 06-13 03:16:38 | pretrain | step=59, loss=0.0264
I | 06-13 03:16:38 | pretrain | step=60, loss=0.0265
I | 06-13 03:16:38 | pretrain | step=61, loss=0.0260
I | 06-13 03:16:38 | pretrain | step=62, loss=0.0260
I | 06-13 03:16:38 | pretrain | step=63, loss=0.0258
I | 06-13 03:16:38 | pretrain | step=64, loss=0.0257
I | 06-13 03:16:39 | pretrain | step=65, loss=0.0277
I | 06-13 03:16:39 | pretrain | step=66, loss=0.0255
I | 06-13 03:16:39 | pretrain | step=67, loss=0.0347
I | 06-13 03:16:39 | pretrain | step=68, loss=0.0254
I | 06-13 03:16:39 | pretrain | step=69, loss=0.0257
I | 06-13 03:16:39 | pretrain | step=70, loss=0.0254
I | 06-13 03:16:39 | pretrain | step=71, loss=0.0255
I | 06-13 03:16:39 | pretrain | step=72, loss=0.0255
I | 06-13 03:16:40 | pretrain | step=73, loss=0.0254
I | 06-13 03:16:40 | pretrain | step=74, loss=0.0253
I | 06-13 03:16:40 | pretrain | step=75, loss=0.0253
I | 06-13 03:16:40 | pretrain | step=76, loss=0.0256
I | 06-13 03:16:40 | pretrain | step=77, loss=0.0253
I | 06-13 03:16:40 | pretrain | step=78, loss=0.0252
I | 06-13 03:16:40 | pretrain | step=79, loss=0.0251
I | 06-13 03:16:40 | pretrain | step=80, loss=0.0258
I | 06-13 03:16:41 | pretrain | step=81, loss=0.0256
I | 06-13 03:16:41 | pretrain | step=82, loss=0.0251
I | 06-13 03:16:41 | pretrain | step=83, loss=0.0252
I | 06-13 03:16:41 | pretrain | step=84, loss=0.0250
I | 06-13 03:16:41 | pretrain | step=85, loss=0.0251
I | 06-13 03:16:41 | pretrain | step=86, loss=0.0251
I | 06-13 03:16:41 | pretrain | step=87, loss=0.0250
I | 06-13 03:16:41 | pretrain | step=88, loss=0.0251
I | 06-13 03:16:42 | pretrain | step=89, loss=0.0252
I | 06-13 03:16:42 | pretrain | step=90, loss=0.0251
I | 06-13 03:16:42 | pretrain | step=91, loss=0.0251
I | 06-13 03:16:42 | pretrain | step=92, loss=0.0253
I | 06-13 03:16:42 | pretrain | step=93, loss=0.0250
I | 06-13 03:16:42 | pretrain | step=94, loss=0.0249
I | 06-13 03:16:42 | pretrain | step=95, loss=0.0249
I | 06-13 03:16:42 | pretrain | step=96, loss=0.0251
I | 06-13 03:16:42 | pretrain | step=97, loss=0.0250
I | 06-13 03:16:43 | pretrain | step=98, loss=0.0250
I | 06-13 03:16:43 | pretrain | step=99, loss=0.0248
I | 06-13 03:16:43 | pretrain | step=100, loss=0.0250
I | 06-13 03:16:43 | pretrain | step=101, loss=0.0249
I | 06-13 03:16:43 | pretrain | step=102, loss=0.0254
I | 06-13 03:16:43 | pretrain | step=103, loss=0.0253
I | 06-13 03:16:43 | pretrain | step=104, loss=0.0248
I | 06-13 03:16:43 | pretrain | step=105, loss=0.0250
I | 06-13 03:16:44 | pretrain | step=106, loss=0.0249
I | 06-13 03:16:44 | pretrain | step=107, loss=0.0255
I | 06-13 03:16:44 | pretrain | step=108, loss=0.0247
I | 06-13 03:16:44 | pretrain | step=109, loss=0.0249
I | 06-13 03:16:44 | pretrain | step=110, loss=0.0250
I | 06-13 03:16:44 | pretrain | step=111, loss=0.0247
I | 06-13 03:16:44 | pretrain | step=112, loss=0.0249
I | 06-13 03:16:44 | pretrain | step=113, loss=0.0248
I | 06-13 03:16:45 | pretrain | step=114, loss=0.0250
I | 06-13 03:16:45 | pretrain | step=115, loss=0.0247
I | 06-13 03:16:45 | pretrain | step=116, loss=0.0248
I | 06-13 03:16:45 | pretrain | step=117, loss=0.0247
I | 06-13 03:16:45 | pretrain | step=118, loss=0.0248
I | 06-13 03:16:45 | pretrain | step=119, loss=0.0247
I | 06-13 03:16:45 | pretrain | step=120, loss=0.0248
I | 06-13 03:16:45 | pretrain | step=121, loss=0.0253
I | 06-13 03:16:46 | pretrain | step=122, loss=0.0248
I | 06-13 03:16:46 | pretrain | step=123, loss=0.0247
I | 06-13 03:16:46 | pretrain | step=124, loss=0.0247
I | 06-13 03:16:46 | pretrain | step=125, loss=0.0249
I | 06-13 03:16:46 | pretrain | step=126, loss=0.0247
I | 06-13 03:16:46 | pretrain | step=127, loss=0.0248
I | 06-13 03:16:46 | pretrain | step=128, loss=0.0246
I | 06-13 03:16:46 | pretrain | step=129, loss=0.0246
I | 06-13 03:16:46 | pretrain | step=130, loss=0.0248
I | 06-13 03:16:47 | pretrain | step=131, loss=0.0248
I | 06-13 03:16:47 | pretrain | step=132, loss=0.0250
I | 06-13 03:16:47 | pretrain | step=133, loss=0.0246
I | 06-13 03:16:47 | pretrain | step=134, loss=0.0247
I | 06-13 03:16:47 | pretrain | step=135, loss=0.0246
I | 06-13 03:16:47 | pretrain | step=136, loss=0.0247
I | 06-13 03:16:47 | pretrain | step=137, loss=0.0246
I | 06-13 03:16:47 | pretrain | step=138, loss=0.0247
I | 06-13 03:16:48 | pretrain | step=139, loss=0.0247
I | 06-13 03:16:48 | pretrain | step=140, loss=0.0246
I | 06-13 03:16:48 | pretrain | step=141, loss=0.0246
I | 06-13 03:16:48 | pretrain | step=142, loss=0.0246
I | 06-13 03:16:48 | pretrain | step=143, loss=0.0246
I | 06-13 03:16:48 | pretrain | step=144, loss=0.0259
I | 06-13 03:16:48 | pretrain | step=145, loss=0.0246
I | 06-13 03:16:48 | pretrain | step=146, loss=0.0246
I | 06-13 03:16:49 | pretrain | step=147, loss=0.0246
I | 06-13 03:16:49 | pretrain | step=148, loss=0.0248
I | 06-13 03:16:49 | pretrain | step=149, loss=0.0247
I | 06-13 03:16:49 | pretrain | step=150, loss=0.0245
I | 06-13 03:16:49 | pretrain | step=151, loss=0.0246
I | 06-13 03:16:49 | pretrain | step=152, loss=0.0245
I | 06-13 03:16:49 | pretrain | step=153, loss=0.0246
I | 06-13 03:16:49 | pretrain | step=154, loss=0.0246
I | 06-13 03:16:50 | pretrain | step=155, loss=0.0244
I | 06-13 03:16:50 | pretrain | step=156, loss=0.0246
I | 06-13 03:16:50 | pretrain | step=157, loss=0.0245
I | 06-13 03:16:50 | pretrain | step=158, loss=0.0248
I | 06-13 03:16:50 | pretrain | step=159, loss=0.0250
I | 06-13 03:16:50 | pretrain | step=160, loss=0.0245
I | 06-13 03:16:50 | pretrain | step=161, loss=0.0244
I | 06-13 03:16:50 | pretrain | step=162, loss=0.0245
I | 06-13 03:16:51 | pretrain | step=163, loss=0.0244
I | 06-13 03:16:51 | pretrain | step=164, loss=0.0246
I | 06-13 03:16:51 | pretrain | step=165, loss=0.0244
I | 06-13 03:16:51 | pretrain | step=166, loss=0.0244
I | 06-13 03:16:51 | pretrain | step=167, loss=0.0244
I | 06-13 03:16:51 | pretrain | step=168, loss=0.0243
I | 06-13 03:16:51 | pretrain | step=169, loss=0.0245
I | 06-13 03:16:51 | pretrain | step=170, loss=0.0245
I | 06-13 03:16:51 | pretrain | step=171, loss=0.0243
I | 06-13 03:16:52 | pretrain | step=172, loss=0.0243
I | 06-13 03:16:52 | pretrain | step=173, loss=0.0246
I | 06-13 03:16:52 | pretrain | step=174, loss=0.0248
I | 06-13 03:16:52 | pretrain | step=175, loss=0.0245
I | 06-13 03:16:52 | pretrain | step=176, loss=0.0248
I | 06-13 03:16:52 | pretrain | step=177, loss=0.0245
I | 06-13 03:16:52 | pretrain | step=178, loss=0.0246
I | 06-13 03:16:52 | pretrain | step=179, loss=0.0261
I | 06-13 03:16:53 | pretrain | step=180, loss=0.0245
I | 06-13 03:16:53 | pretrain | step=181, loss=0.0244
I | 06-13 03:16:53 | pretrain | step=182, loss=0.0245
I | 06-13 03:16:53 | pretrain | step=183, loss=0.0245
I | 06-13 03:16:53 | pretrain | step=184, loss=0.0324
I | 06-13 03:16:53 | pretrain | step=185, loss=0.0274
I | 06-13 03:16:53 | pretrain | step=186, loss=0.0243
I | 06-13 03:16:53 | pretrain | step=187, loss=0.0247
I | 06-13 03:16:54 | pretrain | step=188, loss=0.0245
I | 06-13 03:16:54 | pretrain | step=189, loss=0.0245
I | 06-13 03:16:54 | pretrain | step=190, loss=0.0243
I | 06-13 03:16:54 | pretrain | step=191, loss=0.0247
I | 06-13 03:16:54 | pretrain | step=192, loss=0.0244
I | 06-13 03:16:54 | pretrain | step=193, loss=0.0242
I | 06-13 03:16:54 | pretrain | step=194, loss=0.0243
I | 06-13 03:16:54 | pretrain | step=195, loss=0.0246
I | 06-13 03:16:55 | pretrain | step=196, loss=0.0254
I | 06-13 03:16:55 | pretrain | step=197, loss=0.0243
I | 06-13 03:16:55 | pretrain | step=198, loss=0.0246
I | 06-13 03:16:55 | pretrain | step=199, loss=0.0295
I | 06-13 03:16:55 | pretrain | step=200, loss=0.0242
I | 06-13 03:16:55 | pretrain | step=201, loss=0.0244
I | 06-13 03:16:55 | pretrain | step=202, loss=0.0243
I | 06-13 03:16:55 | pretrain | step=203, loss=0.0241
I | 06-13 03:16:56 | pretrain | step=204, loss=0.0243
I | 06-13 03:16:56 | pretrain | step=205, loss=0.0244
I | 06-13 03:16:56 | pretrain | step=206, loss=0.0245
I | 06-13 03:16:56 | pretrain | step=207, loss=0.0246
I | 06-13 03:16:56 | pretrain | step=208, loss=0.0243
I | 06-13 03:16:56 | pretrain | step=209, loss=0.0251
I | 06-13 03:16:56 | pretrain | step=210, loss=0.0242
I | 06-13 03:16:56 | pretrain | step=211, loss=0.0243
I | 06-13 03:16:56 | pretrain | step=212, loss=0.0242
I | 06-13 03:16:57 | pretrain | step=213, loss=0.0243
I | 06-13 03:16:57 | pretrain | step=214, loss=0.0245
I | 06-13 03:16:57 | pretrain | step=215, loss=0.0243
I | 06-13 03:16:57 | pretrain | step=216, loss=0.0241
I | 06-13 03:16:57 | pretrain | step=217, loss=0.0243
I | 06-13 03:16:57 | pretrain | step=218, loss=0.0242
I | 06-13 03:16:57 | pretrain | step=219, loss=0.0244
I | 06-13 03:16:57 | pretrain | step=220, loss=0.0242
I | 06-13 03:16:58 | pretrain | step=221, loss=0.0243
I | 06-13 03:16:58 | pretrain | step=222, loss=0.0244
I | 06-13 03:16:58 | pretrain | step=223, loss=0.0243
I | 06-13 03:16:58 | pretrain | step=224, loss=0.0242
I | 06-13 03:16:58 | pretrain | step=225, loss=0.0241
I | 06-13 03:16:58 | pretrain | step=226, loss=0.0243
I | 06-13 03:16:58 | pretrain | step=227, loss=0.0241
I | 06-13 03:16:58 | pretrain | step=228, loss=0.0242
I | 06-13 03:16:59 | pretrain | step=229, loss=0.0241
I | 06-13 03:16:59 | pretrain | step=230, loss=0.0251
I | 06-13 03:16:59 | pretrain | step=231, loss=0.0242
I | 06-13 03:16:59 | pretrain | step=232, loss=0.0242
I | 06-13 03:16:59 | pretrain | step=233, loss=0.0265
I | 06-13 03:16:59 | pretrain | step=234, loss=0.0240
I | 06-13 03:16:59 | pretrain | step=235, loss=0.0243
I | 06-13 03:16:59 | pretrain | step=236, loss=0.0242
I | 06-13 03:17:00 | pretrain | step=237, loss=0.0248
I | 06-13 03:17:00 | pretrain | step=238, loss=0.0242
I | 06-13 03:17:00 | pretrain | step=239, loss=0.0241
I | 06-13 03:17:00 | pretrain | step=240, loss=0.0583
I | 06-13 03:17:00 | pretrain | step=241, loss=0.0240
I | 06-13 03:17:00 | pretrain | step=242, loss=0.0241
I | 06-13 03:17:00 | pretrain | step=243, loss=0.0244
I | 06-13 03:17:00 | pretrain | step=244, loss=0.0241
I | 06-13 03:17:01 | pretrain | step=245, loss=0.0240
I | 06-13 03:17:01 | pretrain | step=246, loss=0.0245
I | 06-13 03:17:01 | pretrain | step=247, loss=0.0241
I | 06-13 03:17:01 | pretrain | step=248, loss=0.0242
I | 06-13 03:17:01 | pretrain | step=249, loss=0.0242
I | 06-13 03:17:01 | pretrain | step=250, loss=0.0242
I | 06-13 03:17:01 | pretrain | step=251, loss=0.0241
I | 06-13 03:17:01 | pretrain | step=252, loss=0.0247
I | 06-13 03:17:02 | pretrain | step=253, loss=0.0240
I | 06-13 03:17:02 | pretrain | step=254, loss=0.0246
I | 06-13 03:17:02 | pretrain | step=255, loss=0.0243
I | 06-13 03:17:02 | pretrain | step=256, loss=0.0240
I | 06-13 03:17:02 | pretrain | step=257, loss=0.0243
I | 06-13 03:17:02 | pretrain | step=258, loss=0.0240
I | 06-13 03:17:02 | pretrain | step=259, loss=0.0243
I | 06-13 03:17:02 | pretrain | step=260, loss=0.0241
I | 06-13 03:17:02 | pretrain | step=261, loss=0.0242
I | 06-13 03:17:03 | pretrain | step=262, loss=0.0240
I | 06-13 03:17:03 | pretrain | step=263, loss=0.0241
I | 06-13 03:17:03 | pretrain | step=264, loss=0.0240
I | 06-13 03:17:03 | pretrain | step=265, loss=0.0239
I | 06-13 03:17:03 | pretrain | step=266, loss=0.0242
I | 06-13 03:17:03 | pretrain | step=267, loss=0.0240
I | 06-13 03:17:03 | pretrain | step=268, loss=0.0240
I | 06-13 03:17:03 | pretrain | step=269, loss=0.0241
I | 06-13 03:17:04 | pretrain | step=270, loss=0.0240
I | 06-13 03:17:04 | pretrain | step=271, loss=0.0242
I | 06-13 03:17:04 | pretrain | step=272, loss=0.0243
I | 06-13 03:17:04 | pretrain | step=273, loss=0.0251
I | 06-13 03:17:04 | pretrain | step=274, loss=0.0241
I | 06-13 03:17:04 | pretrain | step=275, loss=0.0240
I | 06-13 03:17:04 | pretrain | step=276, loss=0.0239
I | 06-13 03:17:04 | pretrain | step=277, loss=0.0243
I | 06-13 03:17:05 | pretrain | step=278, loss=0.0240
I | 06-13 03:17:05 | pretrain | step=279, loss=0.0240
I | 06-13 03:17:05 | pretrain | step=280, loss=0.0241
I | 06-13 03:17:05 | pretrain | step=281, loss=0.0240
I | 06-13 03:17:05 | pretrain | step=282, loss=0.0242
I | 06-13 03:17:05 | pretrain | step=283, loss=0.0240
I | 06-13 03:17:05 | pretrain | step=284, loss=0.0239
I | 06-13 03:17:05 | pretrain | step=285, loss=0.0239
I | 06-13 03:17:06 | pretrain | step=286, loss=0.0240
I | 06-13 03:17:06 | pretrain | step=287, loss=0.0241
I | 06-13 03:17:06 | pretrain | step=288, loss=0.0241
I | 06-13 03:17:06 | pretrain | step=289, loss=0.0240
I | 06-13 03:17:06 | pretrain | step=290, loss=0.0241
I | 06-13 03:17:06 | pretrain | step=291, loss=0.0240
I | 06-13 03:17:06 | pretrain | step=292, loss=0.0241
I | 06-13 03:17:06 | pretrain | step=293, loss=0.0241
I | 06-13 03:17:07 | pretrain | step=294, loss=0.0237
I | 06-13 03:17:07 | pretrain | step=295, loss=0.0239
I | 06-13 03:17:07 | pretrain | step=296, loss=0.0241
I | 06-13 03:17:07 | pretrain | step=297, loss=0.0243
I | 06-13 03:17:07 | pretrain | step=298, loss=0.0239
I | 06-13 03:17:07 | pretrain | step=299, loss=0.0240
I | 06-13 03:17:07 | pretrain | step=300, loss=0.0239
I | 06-13 03:17:07 | pretrain | step=301, loss=0.0239
I | 06-13 03:17:07 | pretrain | step=302, loss=0.0239
I | 06-13 03:17:08 | pretrain | step=303, loss=0.0238
I | 06-13 03:17:08 | pretrain | step=304, loss=0.0241
I | 06-13 03:17:08 | pretrain | step=305, loss=0.0240
I | 06-13 03:17:08 | pretrain | step=306, loss=0.0243
I | 06-13 03:17:08 | pretrain | step=307, loss=0.0239
I | 06-13 03:17:08 | pretrain | step=308, loss=0.0239
I | 06-13 03:17:08 | pretrain | step=309, loss=0.0239
I | 06-13 03:17:08 | pretrain | step=310, loss=0.0240
I | 06-13 03:17:09 | pretrain | step=311, loss=0.0241
I | 06-13 03:17:09 | pretrain | step=312, loss=0.0241
I | 06-13 03:17:09 | pretrain | step=313, loss=0.0240
I | 06-13 03:17:09 | pretrain | step=314, loss=0.0239
I | 06-13 03:17:09 | pretrain | step=315, loss=0.0239
I | 06-13 03:17:09 | pretrain | step=316, loss=0.0239
I | 06-13 03:17:09 | pretrain | step=317, loss=0.0242
I | 06-13 03:17:09 | pretrain | step=318, loss=0.0242
I | 06-13 03:17:10 | pretrain | step=319, loss=0.0239
I | 06-13 03:17:10 | pretrain | step=320, loss=0.0240
I | 06-13 03:17:10 | pretrain | step=321, loss=0.0241
I | 06-13 03:17:10 | pretrain | step=322, loss=0.0240
I | 06-13 03:17:10 | pretrain | step=323, loss=0.0239
I | 06-13 03:17:10 | pretrain | step=324, loss=0.0240
I | 06-13 03:17:10 | pretrain | step=325, loss=0.0238
I | 06-13 03:17:10 | pretrain | step=326, loss=0.0241
I | 06-13 03:17:11 | pretrain | step=327, loss=0.0239
I | 06-13 03:17:11 | pretrain | step=328, loss=0.0242
I | 06-13 03:17:11 | pretrain | step=329, loss=0.0239
I | 06-13 03:17:11 | pretrain | step=330, loss=0.0240
I | 06-13 03:17:11 | pretrain | step=331, loss=0.0238
I | 06-13 03:17:11 | pretrain | step=332, loss=0.0240
I | 06-13 03:17:11 | pretrain | step=333, loss=0.0238
I | 06-13 03:17:11 | pretrain | step=334, loss=0.0240
I | 06-13 03:17:12 | pretrain | step=335, loss=0.0239
I | 06-13 03:17:12 | pretrain | step=336, loss=0.0238
I | 06-13 03:17:12 | pretrain | step=337, loss=0.0240
I | 06-13 03:17:12 | pretrain | step=338, loss=0.0239
I | 06-13 03:17:12 | pretrain | step=339, loss=0.0240
I | 06-13 03:17:12 | pretrain | step=340, loss=0.0241
I | 06-13 03:17:12 | pretrain | step=341, loss=0.0238
I | 06-13 03:17:12 | pretrain | step=342, loss=0.0243
I | 06-13 03:17:12 | pretrain | step=343, loss=0.0239
I | 06-13 03:17:13 | pretrain | step=344, loss=0.0240
I | 06-13 03:17:13 | pretrain | step=345, loss=0.0238
I | 06-13 03:17:13 | pretrain | step=346, loss=0.0238
I | 06-13 03:17:13 | pretrain | step=347, loss=0.0239
I | 06-13 03:17:13 | pretrain | step=348, loss=0.0239
I | 06-13 03:17:13 | pretrain | step=349, loss=0.0239
I | 06-13 03:17:13 | pretrain | step=350, loss=0.0240
I | 06-13 03:17:13 | pretrain | step=351, loss=0.0237
I | 06-13 03:17:14 | pretrain | step=352, loss=0.0237
I | 06-13 03:17:14 | pretrain | step=353, loss=0.0239
I | 06-13 03:17:14 | pretrain | step=354, loss=0.0239
I | 06-13 03:17:14 | pretrain | step=355, loss=0.0239
I | 06-13 03:17:14 | pretrain | step=356, loss=0.0238
I | 06-13 03:17:14 | pretrain | step=357, loss=0.0238
I | 06-13 03:17:14 | pretrain | step=358, loss=0.0237
I | 06-13 03:17:14 | pretrain | step=359, loss=0.0238
I | 06-13 03:17:15 | pretrain | step=360, loss=0.0237
I | 06-13 03:17:15 | pretrain | step=361, loss=0.0239
I | 06-13 03:17:15 | pretrain | step=362, loss=0.0245
I | 06-13 03:17:15 | pretrain | step=363, loss=0.0241
I | 06-13 03:17:15 | pretrain | step=364, loss=0.0240
I | 06-13 03:17:15 | pretrain | step=365, loss=0.0241
I | 06-13 03:17:15 | pretrain | step=366, loss=0.0241
I | 06-13 03:17:15 | pretrain | step=367, loss=0.0237
I | 06-13 03:17:16 | pretrain | step=368, loss=0.0237
I | 06-13 03:17:16 | pretrain | step=369, loss=0.0241
I | 06-13 03:17:16 | pretrain | step=370, loss=0.0242
I | 06-13 03:17:16 | pretrain | step=371, loss=0.0237
I | 06-13 03:17:16 | pretrain | step=372, loss=0.0246
I | 06-13 03:17:16 | pretrain | step=373, loss=0.0247
I | 06-13 03:17:16 | pretrain | step=374, loss=0.0236
I | 06-13 03:17:16 | pretrain | step=375, loss=0.0236
I | 06-13 03:17:17 | pretrain | step=376, loss=0.0238
I | 06-13 03:17:17 | pretrain | step=377, loss=0.0237
I | 06-13 03:17:17 | pretrain | step=378, loss=0.0237
I | 06-13 03:17:17 | pretrain | step=379, loss=0.0236
I | 06-13 03:17:17 | pretrain | step=380, loss=0.0237
I | 06-13 03:17:17 | pretrain | step=381, loss=0.0236
I | 06-13 03:17:17 | pretrain | step=382, loss=0.0239
I | 06-13 03:17:17 | pretrain | step=383, loss=0.0243
I | 06-13 03:17:17 | pretrain | step=384, loss=0.0238
I | 06-13 03:17:18 | pretrain | step=385, loss=0.0239
I | 06-13 03:17:18 | pretrain | step=386, loss=0.0236
I | 06-13 03:17:18 | pretrain | step=387, loss=0.0239
I | 06-13 03:17:18 | pretrain | step=388, loss=0.0236
I | 06-13 03:17:18 | pretrain | step=389, loss=0.0238
I | 06-13 03:17:18 | pretrain | step=390, loss=0.0236
I | 06-13 03:17:18 | pretrain | step=391, loss=0.0236
I | 06-13 03:17:18 | pretrain | step=392, loss=0.0237
I | 06-13 03:17:19 | pretrain | step=393, loss=0.0238
I | 06-13 03:17:19 | pretrain | step=394, loss=0.0237
I | 06-13 03:17:19 | pretrain | step=395, loss=0.0237
I | 06-13 03:17:19 | pretrain | step=396, loss=0.0237
I | 06-13 03:17:19 | pretrain | step=397, loss=0.0237
I | 06-13 03:17:19 | pretrain | step=398, loss=0.0235
I | 06-13 03:17:19 | pretrain | step=399, loss=0.0236
I | 06-13 03:17:19 | pretrain | step=400, loss=0.0236
I | 06-13 03:17:20 | pretrain | step=401, loss=0.0236
I | 06-13 03:17:20 | pretrain | step=402, loss=0.0236
I | 06-13 03:17:20 | pretrain | step=403, loss=0.0238
I | 06-13 03:17:20 | pretrain | step=404, loss=0.0236
I | 06-13 03:17:20 | pretrain | step=405, loss=0.0237
I | 06-13 03:17:20 | pretrain | step=406, loss=0.0236
I | 06-13 03:17:20 | pretrain | step=407, loss=0.0237
I | 06-13 03:17:20 | pretrain | step=408, loss=0.0236
I | 06-13 03:17:21 | pretrain | step=409, loss=0.0236
I | 06-13 03:17:21 | pretrain | step=410, loss=0.0239
I | 06-13 03:17:21 | pretrain | step=411, loss=0.0235
I | 06-13 03:17:21 | pretrain | step=412, loss=0.0236
I | 06-13 03:17:21 | pretrain | step=413, loss=0.0235
I | 06-13 03:17:21 | pretrain | step=414, loss=0.0235
I | 06-13 03:17:21 | pretrain | step=415, loss=0.0241
I | 06-13 03:17:21 | pretrain | step=416, loss=0.0235
I | 06-13 03:17:22 | pretrain | step=417, loss=0.0235
I | 06-13 03:17:22 | pretrain | step=418, loss=0.0236
I | 06-13 03:17:22 | pretrain | step=419, loss=0.0236
I | 06-13 03:17:22 | pretrain | step=420, loss=0.0234
I | 06-13 03:17:22 | pretrain | step=421, loss=0.0235
I | 06-13 03:17:22 | pretrain | step=422, loss=0.0236
I | 06-13 03:17:22 | pretrain | step=423, loss=0.0235
I | 06-13 03:17:22 | pretrain | step=424, loss=0.0235
I | 06-13 03:17:23 | pretrain | step=425, loss=0.0232
I | 06-13 03:17:23 | pretrain | step=426, loss=0.0233
I | 06-13 03:17:23 | pretrain | step=427, loss=0.0231
I | 06-13 03:17:23 | pretrain | step=428, loss=0.0236
I | 06-13 03:17:23 | pretrain | step=429, loss=0.0233
I | 06-13 03:17:23 | pretrain | step=430, loss=0.0234
I | 06-13 03:17:23 | pretrain | step=431, loss=0.0255
I | 06-13 03:17:23 | pretrain | step=432, loss=0.0233
I | 06-13 03:17:23 | pretrain | step=433, loss=0.0233
I | 06-13 03:17:24 | pretrain | step=434, loss=0.0233
I | 06-13 03:17:24 | pretrain | step=435, loss=0.0233
I | 06-13 03:17:24 | pretrain | step=436, loss=0.0234
I | 06-13 03:17:24 | pretrain | step=437, loss=0.0233
I | 06-13 03:17:24 | pretrain | step=438, loss=0.0232
I | 06-13 03:17:24 | pretrain | step=439, loss=0.0232
I | 06-13 03:17:24 | pretrain | step=440, loss=0.0234
I | 06-13 03:17:24 | pretrain | step=441, loss=0.0232
I | 06-13 03:17:25 | pretrain | step=442, loss=0.0233
I | 06-13 03:17:25 | pretrain | step=443, loss=0.0232
I | 06-13 03:17:25 | pretrain | step=444, loss=0.0269
I | 06-13 03:17:25 | pretrain | step=445, loss=0.0232
I | 06-13 03:17:25 | pretrain | step=446, loss=0.0231
I | 06-13 03:17:25 | pretrain | step=447, loss=0.0232
I | 06-13 03:17:25 | pretrain | step=448, loss=0.0240
I | 06-13 03:17:25 | pretrain | step=449, loss=0.0232
I | 06-13 03:17:26 | pretrain | step=450, loss=0.0235
I | 06-13 03:17:26 | pretrain | step=451, loss=0.0231
I | 06-13 03:17:26 | pretrain | step=452, loss=0.0237
I | 06-13 03:17:26 | pretrain | step=453, loss=0.0232
I | 06-13 03:17:26 | pretrain | step=454, loss=0.0230
I | 06-13 03:17:26 | pretrain | step=455, loss=0.0231
I | 06-13 03:17:26 | pretrain | step=456, loss=0.0233
I | 06-13 03:17:26 | pretrain | step=457, loss=0.0231
I | 06-13 03:17:27 | pretrain | step=458, loss=0.0231
I | 06-13 03:17:27 | pretrain | step=459, loss=0.0233
I | 06-13 03:17:27 | pretrain | step=460, loss=0.0229
I | 06-13 03:17:27 | pretrain | step=461, loss=0.0229
I | 06-13 03:17:27 | pretrain | step=462, loss=0.0229
I | 06-13 03:17:27 | pretrain | step=463, loss=0.0229
I | 06-13 03:17:27 | pretrain | step=464, loss=0.0229
I | 06-13 03:17:27 | pretrain | step=465, loss=0.0229
I | 06-13 03:17:28 | pretrain | step=466, loss=0.0229
I | 06-13 03:17:28 | pretrain | step=467, loss=0.0230
I | 06-13 03:17:28 | pretrain | step=468, loss=0.0230
I | 06-13 03:17:28 | pretrain | step=469, loss=0.0229
I | 06-13 03:17:28 | pretrain | step=470, loss=0.0228
I | 06-13 03:17:28 | pretrain | step=471, loss=0.0228
I | 06-13 03:17:28 | pretrain | step=472, loss=0.0229
I | 06-13 03:17:28 | pretrain | step=473, loss=0.0227
I | 06-13 03:17:28 | pretrain | step=474, loss=0.0225
I | 06-13 03:17:29 | pretrain | step=475, loss=0.0226
I | 06-13 03:17:29 | pretrain | step=476, loss=0.0228
I | 06-13 03:17:29 | pretrain | step=477, loss=0.0228
I | 06-13 03:17:29 | pretrain | step=478, loss=0.0228
I | 06-13 03:17:29 | pretrain | step=479, loss=0.0227
I | 06-13 03:17:29 | pretrain | step=480, loss=0.0226
I | 06-13 03:17:29 | pretrain | step=481, loss=0.0231
I | 06-13 03:17:30 | pretrain | step=482, loss=0.0226
I | 06-13 03:17:30 | pretrain | step=483, loss=0.0225
I | 06-13 03:17:30 | pretrain | step=484, loss=0.0226
I | 06-13 03:17:30 | pretrain | step=485, loss=0.0233
I | 06-13 03:17:30 | pretrain | step=486, loss=0.0228
I | 06-13 03:17:30 | pretrain | step=487, loss=0.0227
I | 06-13 03:17:30 | pretrain | step=488, loss=0.0228
I | 06-13 03:17:30 | pretrain | step=489, loss=0.0228
I | 06-13 03:17:31 | pretrain | step=490, loss=0.0232
I | 06-13 03:17:31 | pretrain | step=491, loss=0.0228
I | 06-13 03:17:31 | pretrain | step=492, loss=0.0229
I | 06-13 03:17:31 | pretrain | step=493, loss=0.0227
I | 06-13 03:17:31 | pretrain | step=494, loss=0.0227
I | 06-13 03:17:31 | pretrain | step=495, loss=0.0226
I | 06-13 03:17:31 | pretrain | step=496, loss=0.0226
I | 06-13 03:17:31 | pretrain | step=497, loss=0.0228
I | 06-13 03:17:31 | pretrain | step=498, loss=0.0223
I | 06-13 03:17:32 | pretrain | step=499, loss=0.0225
I | 06-13 03:17:32 | pretrain | step=500, loss=0.0227
I | 06-13 03:17:32 | pretrain | step=501, loss=0.0226
I | 06-13 03:17:32 | pretrain | step=502, loss=0.0224
I | 06-13 03:17:32 | pretrain | step=503, loss=0.0224
I | 06-13 03:17:32 | pretrain | step=504, loss=0.0225
I | 06-13 03:17:32 | pretrain | step=505, loss=0.0224
I | 06-13 03:17:32 | pretrain | step=506, loss=0.0225
I | 06-13 03:17:33 | pretrain | step=507, loss=0.0226
I | 06-13 03:17:33 | pretrain | step=508, loss=0.0225
I | 06-13 03:17:33 | pretrain | step=509, loss=0.0226
I | 06-13 03:17:33 | pretrain | step=510, loss=0.0237
I | 06-13 03:17:33 | pretrain | step=511, loss=0.0224
I | 06-13 03:17:33 | pretrain | step=512, loss=0.0243
I | 06-13 03:17:33 | pretrain | step=513, loss=0.0224
I | 06-13 03:17:33 | pretrain | step=514, loss=0.0228
I | 06-13 03:17:34 | pretrain | step=515, loss=0.0223
I | 06-13 03:17:34 | pretrain | step=516, loss=0.0226
I | 06-13 03:17:34 | pretrain | step=517, loss=0.0224
I | 06-13 03:17:34 | pretrain | step=518, loss=0.0224
I | 06-13 03:17:34 | pretrain | step=519, loss=0.0238
I | 06-13 03:17:34 | pretrain | step=520, loss=0.0223
I | 06-13 03:17:34 | pretrain | step=521, loss=0.0226
I | 06-13 03:17:34 | pretrain | step=522, loss=0.0223
I | 06-13 03:17:35 | pretrain | step=523, loss=0.0225
I | 06-13 03:17:35 | pretrain | step=524, loss=0.0223
I | 06-13 03:17:35 | pretrain | step=525, loss=0.0223
I | 06-13 03:17:35 | pretrain | step=526, loss=0.0224
I | 06-13 03:17:35 | pretrain | step=527, loss=0.0224
I | 06-13 03:17:35 | pretrain | step=528, loss=0.0225
I | 06-13 03:17:35 | pretrain | step=529, loss=0.0223
I | 06-13 03:17:35 | pretrain | step=530, loss=0.0224
I | 06-13 03:17:36 | pretrain | step=531, loss=0.0224
I | 06-13 03:17:36 | pretrain | step=532, loss=0.0223
I | 06-13 03:17:36 | pretrain | step=533, loss=0.0224
I | 06-13 03:17:36 | pretrain | step=534, loss=0.0224
I | 06-13 03:17:36 | pretrain | step=535, loss=0.0223
I | 06-13 03:17:36 | pretrain | step=536, loss=0.0224
I | 06-13 03:17:36 | pretrain | step=537, loss=0.0225
I | 06-13 03:17:36 | pretrain | step=538, loss=0.0226
I | 06-13 03:17:36 | pretrain | step=539, loss=0.0224
I | 06-13 03:17:37 | pretrain | step=540, loss=0.0224
I | 06-13 03:17:37 | pretrain | step=541, loss=0.0224
I | 06-13 03:17:37 | pretrain | step=542, loss=0.0224
I | 06-13 03:17:37 | pretrain | step=543, loss=0.0224
I | 06-13 03:17:37 | pretrain | step=544, loss=0.0225
I | 06-13 03:17:37 | pretrain | step=545, loss=0.0224
I | 06-13 03:17:37 | pretrain | step=546, loss=0.0228
I | 06-13 03:17:37 | pretrain | step=547, loss=0.0222
I | 06-13 03:17:38 | pretrain | step=548, loss=0.0231
I | 06-13 03:17:38 | pretrain | step=549, loss=0.0224
I | 06-13 03:17:38 | pretrain | step=550, loss=0.0223
I | 06-13 03:17:38 | pretrain | step=551, loss=0.0225
I | 06-13 03:17:38 | pretrain | step=552, loss=0.0223
I | 06-13 03:17:38 | pretrain | step=553, loss=0.0235
I | 06-13 03:17:38 | pretrain | step=554, loss=0.0226
I | 06-13 03:17:38 | pretrain | step=555, loss=0.0223
I | 06-13 03:17:39 | pretrain | step=556, loss=0.0224
I | 06-13 03:17:39 | pretrain | step=557, loss=0.0222
I | 06-13 03:17:39 | pretrain | step=558, loss=0.0223
I | 06-13 03:17:39 | pretrain | step=559, loss=0.0223
I | 06-13 03:17:39 | pretrain | step=560, loss=0.0226
I | 06-13 03:17:39 | pretrain | step=561, loss=0.0222
I | 06-13 03:17:39 | pretrain | step=562, loss=0.0224
I | 06-13 03:17:39 | pretrain | step=563, loss=0.0225
I | 06-13 03:17:40 | pretrain | step=564, loss=0.0226
I | 06-13 03:17:40 | pretrain | step=565, loss=0.0226
I | 06-13 03:17:40 | pretrain | step=566, loss=0.0223
I | 06-13 03:17:40 | pretrain | step=567, loss=0.0223
I | 06-13 03:17:40 | pretrain | step=568, loss=0.0224
I | 06-13 03:17:40 | pretrain | step=569, loss=0.0226
I | 06-13 03:17:40 | pretrain | step=570, loss=0.0229
I | 06-13 03:17:40 | pretrain | step=571, loss=0.0228
I | 06-13 03:17:40 | pretrain | step=572, loss=0.0226
I | 06-13 03:17:41 | pretrain | step=573, loss=0.0224
I | 06-13 03:17:41 | pretrain | step=574, loss=0.0222
I | 06-13 03:17:41 | pretrain | step=575, loss=0.0225
I | 06-13 03:17:41 | pretrain | step=576, loss=0.0227
I | 06-13 03:17:41 | pretrain | step=577, loss=0.0228
I | 06-13 03:17:41 | pretrain | step=578, loss=0.0224
I | 06-13 03:17:41 | pretrain | step=579, loss=0.0224
I | 06-13 03:17:41 | pretrain | step=580, loss=0.0225
I | 06-13 03:17:42 | pretrain | step=581, loss=0.0225
I | 06-13 03:17:42 | pretrain | step=582, loss=0.0224
I | 06-13 03:17:42 | pretrain | step=583, loss=0.0224
I | 06-13 03:17:42 | pretrain | step=584, loss=0.0226
I | 06-13 03:17:42 | pretrain | step=585, loss=0.0227
I | 06-13 03:17:42 | pretrain | step=586, loss=0.0224
I | 06-13 03:17:42 | pretrain | step=587, loss=0.0226
I | 06-13 03:17:42 | pretrain | step=588, loss=0.0224
I | 06-13 03:17:43 | pretrain | step=589, loss=0.0222
I | 06-13 03:17:43 | pretrain | step=590, loss=0.0224
I | 06-13 03:17:43 | pretrain | step=591, loss=0.0225
I | 06-13 03:17:43 | pretrain | step=592, loss=0.0224
I | 06-13 03:17:43 | pretrain | step=593, loss=0.0223
I | 06-13 03:17:43 | pretrain | step=594, loss=0.0223
I | 06-13 03:17:43 | pretrain | step=595, loss=0.0222
I | 06-13 03:17:43 | pretrain | step=596, loss=0.0224
I | 06-13 03:17:44 | pretrain | step=597, loss=0.0223
I | 06-13 03:17:44 | pretrain | step=598, loss=0.0222
I | 06-13 03:17:44 | pretrain | step=599, loss=0.0226
I | 06-13 03:17:44 | pretrain | step=600, loss=0.0223
I | 06-13 03:17:44 | pretrain | step=601, loss=0.0221
I | 06-13 03:17:44 | pretrain | step=602, loss=0.0224
I | 06-13 03:17:44 | pretrain | step=603, loss=0.0222
I | 06-13 03:17:44 | pretrain | step=604, loss=0.0224
I | 06-13 03:17:45 | pretrain | step=605, loss=0.0223
I | 06-13 03:17:45 | pretrain | step=606, loss=0.0223
I | 06-13 03:17:45 | pretrain | step=607, loss=0.0223
I | 06-13 03:17:45 | pretrain | step=608, loss=0.0223
I | 06-13 03:17:45 | pretrain | step=609, loss=0.0229
I | 06-13 03:17:45 | pretrain | step=610, loss=0.0222
I | 06-13 03:17:45 | pretrain | step=611, loss=0.0224
I | 06-13 03:17:45 | pretrain | step=612, loss=0.0222
I | 06-13 03:17:45 | pretrain | step=613, loss=0.0223
I | 06-13 03:17:46 | pretrain | step=614, loss=0.0227
I | 06-13 03:17:46 | pretrain | step=615, loss=0.0241
I | 06-13 03:17:46 | pretrain | step=616, loss=0.0226
I | 06-13 03:17:46 | pretrain | step=617, loss=0.0223
I | 06-13 03:17:46 | pretrain | step=618, loss=0.0223
I | 06-13 03:17:46 | pretrain | step=619, loss=0.0223
I | 06-13 03:17:46 | pretrain | step=620, loss=0.0224
I | 06-13 03:17:46 | pretrain | step=621, loss=0.0223
I | 06-13 03:17:47 | pretrain | step=622, loss=0.0223
I | 06-13 03:17:47 | pretrain | step=623, loss=0.0245
I | 06-13 03:17:47 | pretrain | step=624, loss=0.0223
I | 06-13 03:17:47 | pretrain | step=625, loss=0.0224
I | 06-13 03:17:47 | pretrain | step=626, loss=0.0228
I | 06-13 03:17:47 | pretrain | step=627, loss=0.0221
I | 06-13 03:17:47 | pretrain | step=628, loss=0.0221
I | 06-13 03:17:47 | pretrain | step=629, loss=0.0225
I | 06-13 03:17:48 | pretrain | step=630, loss=0.0223
I | 06-13 03:17:48 | pretrain | step=631, loss=0.0221
I | 06-13 03:17:48 | pretrain | step=632, loss=0.0427
I | 06-13 03:17:48 | pretrain | step=633, loss=0.0222
I | 06-13 03:17:48 | pretrain | step=634, loss=0.0244
I | 06-13 03:17:48 | pretrain | step=635, loss=0.0270
I | 06-13 03:17:48 | pretrain | step=636, loss=0.0222
I | 06-13 03:17:48 | pretrain | step=637, loss=0.0224
I | 06-13 03:17:49 | pretrain | step=638, loss=0.0224
I | 06-13 03:17:49 | pretrain | step=639, loss=0.0223
I | 06-13 03:17:49 | pretrain | step=640, loss=0.0221
I | 06-13 03:17:49 | pretrain | step=641, loss=0.0225
I | 06-13 03:17:49 | pretrain | step=642, loss=0.0223
I | 06-13 03:17:49 | pretrain | step=643, loss=0.0220
I | 06-13 03:17:49 | pretrain | step=644, loss=0.0223
I | 06-13 03:17:49 | pretrain | step=645, loss=0.0232
I | 06-13 03:17:50 | pretrain | step=646, loss=0.0222
I | 06-13 03:17:50 | pretrain | step=647, loss=0.0221
I | 06-13 03:17:50 | pretrain | step=648, loss=0.0221
I | 06-13 03:17:50 | pretrain | step=649, loss=0.0222
I | 06-13 03:17:50 | pretrain | step=650, loss=0.0221
I | 06-13 03:17:50 | pretrain | step=651, loss=0.0221
I | 06-13 03:17:50 | pretrain | step=652, loss=0.0222
I | 06-13 03:17:50 | pretrain | step=653, loss=0.0225
I | 06-13 03:17:50 | pretrain | step=654, loss=0.0221
I | 06-13 03:17:51 | pretrain | step=655, loss=0.0225
I | 06-13 03:17:51 | pretrain | step=656, loss=0.0222
I | 06-13 03:17:51 | pretrain | step=657, loss=0.0221
I | 06-13 03:17:51 | pretrain | step=658, loss=0.0224
I | 06-13 03:17:51 | pretrain | step=659, loss=0.0223
I | 06-13 03:17:51 | pretrain | step=660, loss=0.0223
I | 06-13 03:17:51 | pretrain | step=661, loss=0.0225
I | 06-13 03:17:51 | pretrain | step=662, loss=0.0221
I | 06-13 03:17:52 | pretrain | step=663, loss=0.0222
I | 06-13 03:17:52 | pretrain | step=664, loss=0.0221
I | 06-13 03:17:52 | pretrain | step=665, loss=0.0222
I | 06-13 03:17:52 | pretrain | step=666, loss=0.0223
I | 06-13 03:17:52 | pretrain | step=667, loss=0.0221
I | 06-13 03:17:52 | pretrain | step=668, loss=0.0221
I | 06-13 03:17:52 | pretrain | step=669, loss=0.0274
I | 06-13 03:17:52 | pretrain | step=670, loss=0.0222
I | 06-13 03:17:53 | pretrain | step=671, loss=0.0220
I | 06-13 03:17:53 | pretrain | step=672, loss=0.0224
I | 06-13 03:17:53 | pretrain | step=673, loss=0.0222
I | 06-13 03:17:53 | pretrain | step=674, loss=0.0261
I | 06-13 03:17:53 | pretrain | step=675, loss=0.0222
I | 06-13 03:17:53 | pretrain | step=676, loss=0.0221
I | 06-13 03:17:53 | pretrain | step=677, loss=0.0252
I | 06-13 03:17:53 | pretrain | step=678, loss=0.0223
I | 06-13 03:17:54 | pretrain | step=679, loss=0.0222
I | 06-13 03:17:54 | pretrain | step=680, loss=0.0221
I | 06-13 03:17:54 | pretrain | step=681, loss=0.0222
I | 06-13 03:17:54 | pretrain | step=682, loss=0.0223
I | 06-13 03:17:54 | pretrain | step=683, loss=0.0220
I | 06-13 03:17:54 | pretrain | step=684, loss=0.0222
I | 06-13 03:17:54 | pretrain | step=685, loss=0.0222
I | 06-13 03:17:54 | pretrain | step=686, loss=0.0222
I | 06-13 03:17:55 | pretrain | step=687, loss=0.0222
I | 06-13 03:17:55 | pretrain | step=688, loss=0.0222
I | 06-13 03:17:55 | pretrain | step=689, loss=0.0225
I | 06-13 03:17:55 | pretrain | step=690, loss=0.0222
I | 06-13 03:17:55 | pretrain | step=691, loss=0.0222
I | 06-13 03:17:55 | pretrain | step=692, loss=0.0225
I | 06-13 03:17:55 | pretrain | step=693, loss=0.0228
I | 06-13 03:17:55 | pretrain | step=694, loss=0.0221
I | 06-13 03:17:55 | pretrain | step=695, loss=0.0221
I | 06-13 03:17:56 | pretrain | step=696, loss=0.0220
I | 06-13 03:17:56 | pretrain | step=697, loss=0.0219
I | 06-13 03:17:56 | pretrain | step=698, loss=0.0222
I | 06-13 03:17:56 | pretrain | step=699, loss=0.0222
I | 06-13 03:17:56 | pretrain | step=700, loss=0.0220
I | 06-13 03:17:56 | pretrain | step=701, loss=0.0221
I | 06-13 03:17:56 | pretrain | step=702, loss=0.0221
I | 06-13 03:17:56 | pretrain | step=703, loss=0.0221
I | 06-13 03:17:57 | pretrain | step=704, loss=0.0219
I | 06-13 03:17:57 | pretrain | step=705, loss=0.0221
I | 06-13 03:17:57 | pretrain | step=706, loss=0.0220
I | 06-13 03:17:57 | pretrain | step=707, loss=0.0221
I | 06-13 03:17:57 | pretrain | step=708, loss=0.0222
I | 06-13 03:17:57 | pretrain | step=709, loss=0.0221
I | 06-13 03:17:57 | pretrain | step=710, loss=0.0220
I | 06-13 03:17:57 | pretrain | step=711, loss=0.0220
I | 06-13 03:17:58 | pretrain | step=712, loss=0.0219
I | 06-13 03:17:58 | pretrain | step=713, loss=0.0221
I | 06-13 03:17:58 | pretrain | step=714, loss=0.0220
I | 06-13 03:17:58 | pretrain | step=715, loss=0.0221
I | 06-13 03:17:58 | pretrain | step=716, loss=0.0221
I | 06-13 03:17:58 | pretrain | step=717, loss=0.0221
I | 06-13 03:17:58 | pretrain | step=718, loss=0.0221
I | 06-13 03:17:58 | pretrain | step=719, loss=0.0233
I | 06-13 03:17:59 | pretrain | step=720, loss=0.0220
I | 06-13 03:17:59 | pretrain | step=721, loss=0.0231
I | 06-13 03:17:59 | pretrain | step=722, loss=0.0221
I | 06-13 03:17:59 | pretrain | step=723, loss=0.0227
I | 06-13 03:17:59 | pretrain | step=724, loss=0.0220
I | 06-13 03:17:59 | pretrain | step=725, loss=0.0220
I | 06-13 03:17:59 | pretrain | step=726, loss=0.0229
I | 06-13 03:17:59 | pretrain | step=727, loss=0.0221
I | 06-13 03:18:00 | pretrain | step=728, loss=0.0223
I | 06-13 03:18:00 | pretrain | step=729, loss=0.0233
I | 06-13 03:18:00 | pretrain | step=730, loss=0.0220
I | 06-13 03:18:00 | pretrain | step=731, loss=0.0225
I | 06-13 03:18:00 | pretrain | step=732, loss=0.0511
I | 06-13 03:18:00 | pretrain | step=733, loss=0.0220
I | 06-13 03:18:00 | pretrain | step=734, loss=0.0230
I | 06-13 03:18:00 | pretrain | step=735, loss=0.0221
I | 06-13 03:18:00 | pretrain | step=736, loss=0.0219
I | 06-13 03:18:01 | pretrain | step=737, loss=0.0220
I | 06-13 03:18:01 | pretrain | step=738, loss=0.0219
I | 06-13 03:18:01 | pretrain | step=739, loss=0.0222
I | 06-13 03:18:01 | pretrain | step=740, loss=0.0222
I | 06-13 03:18:01 | pretrain | step=741, loss=0.0219
I | 06-13 03:18:01 | pretrain | step=742, loss=0.0260
I | 06-13 03:18:01 | pretrain | step=743, loss=0.0219
I | 06-13 03:18:01 | pretrain | step=744, loss=0.0220
I | 06-13 03:18:02 | pretrain | step=745, loss=0.0235
I | 06-13 03:18:02 | pretrain | step=746, loss=0.0220
I | 06-13 03:18:02 | pretrain | step=747, loss=0.0232
I | 06-13 03:18:02 | pretrain | step=748, loss=0.0223
I | 06-13 03:18:02 | pretrain | step=749, loss=0.0218
I | 06-13 03:18:02 | pretrain | step=750, loss=0.0220
I | 06-13 03:18:02 | pretrain | step=751, loss=0.0220
I | 06-13 03:18:02 | pretrain | step=752, loss=0.0221
I | 06-13 03:18:03 | pretrain | step=753, loss=0.0219
I | 06-13 03:18:03 | pretrain | step=754, loss=0.0219
I | 06-13 03:18:03 | pretrain | step=755, loss=0.0222
I | 06-13 03:18:03 | pretrain | step=756, loss=0.0221
I | 06-13 03:18:03 | pretrain | step=757, loss=0.0218
I | 06-13 03:18:03 | pretrain | step=758, loss=0.0223
I | 06-13 03:18:03 | pretrain | step=759, loss=0.0220
I | 06-13 03:18:03 | pretrain | step=760, loss=0.0220
I | 06-13 03:18:04 | pretrain | step=761, loss=0.0220
I | 06-13 03:18:04 | pretrain | step=762, loss=0.0220
I | 06-13 03:18:04 | pretrain | step=763, loss=0.0220
I | 06-13 03:18:04 | pretrain | step=764, loss=0.0220
I | 06-13 03:18:04 | pretrain | step=765, loss=0.0220
I | 06-13 03:18:04 | pretrain | step=766, loss=0.0225
I | 06-13 03:18:04 | pretrain | step=767, loss=0.0223
I | 06-13 03:18:04 | pretrain | step=768, loss=0.0220
I | 06-13 03:18:05 | pretrain | step=769, loss=0.0221
I | 06-13 03:18:05 | pretrain | step=770, loss=0.0218
I | 06-13 03:18:05 | pretrain | step=771, loss=0.0219
I | 06-13 03:18:05 | pretrain | step=772, loss=0.0220
I | 06-13 03:18:05 | pretrain | step=773, loss=0.0220
I | 06-13 03:18:05 | pretrain | step=774, loss=0.0219
I | 06-13 03:18:05 | pretrain | step=775, loss=0.0219
I | 06-13 03:18:05 | pretrain | step=776, loss=0.0219
I | 06-13 03:18:05 | pretrain | step=777, loss=0.0218
I | 06-13 03:18:06 | pretrain | step=778, loss=0.0218
I | 06-13 03:18:06 | pretrain | step=779, loss=0.0219
I | 06-13 03:18:06 | pretrain | step=780, loss=0.0219
I | 06-13 03:18:06 | pretrain | step=781, loss=0.0220
I | 06-13 03:18:06 | pretrain | step=782, loss=0.0220
I | 06-13 03:18:06 | pretrain | step=783, loss=0.0226
I | 06-13 03:18:06 | pretrain | step=784, loss=0.0222
I | 06-13 03:18:06 | pretrain | step=785, loss=0.0219
I | 06-13 03:18:07 | pretrain | step=786, loss=0.0219
I | 06-13 03:18:07 | pretrain | step=787, loss=0.0218
I | 06-13 03:18:07 | pretrain | step=788, loss=0.0224
I | 06-13 03:18:07 | pretrain | step=789, loss=0.0220
I | 06-13 03:18:07 | pretrain | step=790, loss=0.0221
I | 06-13 03:18:07 | pretrain | step=791, loss=0.0218
I | 06-13 03:18:07 | pretrain | step=792, loss=0.0219
I | 06-13 03:18:07 | pretrain | step=793, loss=0.0220
I | 06-13 03:18:08 | pretrain | step=794, loss=0.0221
I | 06-13 03:18:08 | pretrain | step=795, loss=0.0221
I | 06-13 03:18:08 | pretrain | step=796, loss=0.0219
I | 06-13 03:18:08 | pretrain | step=797, loss=0.0219
I | 06-13 03:18:08 | pretrain | step=798, loss=0.0218
I | 06-13 03:18:08 | pretrain | step=799, loss=0.0218
I | 06-13 03:18:08 | pretrain | step=800, loss=0.0218
I | 06-13 03:18:08 | pretrain | step=801, loss=0.0220
I | 06-13 03:18:09 | pretrain | step=802, loss=0.0218
I | 06-13 03:18:09 | pretrain | step=803, loss=0.0216
I | 06-13 03:18:09 | pretrain | step=804, loss=0.0218
I | 06-13 03:18:09 | pretrain | step=805, loss=0.0218
I | 06-13 03:18:09 | pretrain | step=806, loss=0.0217
I | 06-13 03:18:09 | pretrain | step=807, loss=0.0220
I | 06-13 03:18:09 | pretrain | step=808, loss=0.0220
I | 06-13 03:18:09 | pretrain | step=809, loss=0.0221
I | 06-13 03:18:10 | pretrain | step=810, loss=0.0222
I | 06-13 03:18:10 | pretrain | step=811, loss=0.0223
I | 06-13 03:18:10 | pretrain | step=812, loss=0.0217
I | 06-13 03:18:10 | pretrain | step=813, loss=0.0219
I | 06-13 03:18:10 | pretrain | step=814, loss=0.0221
I | 06-13 03:18:10 | pretrain | step=815, loss=0.0218
I | 06-13 03:18:10 | pretrain | step=816, loss=0.0220
I | 06-13 03:18:10 | pretrain | step=817, loss=0.0219
I | 06-13 03:18:10 | pretrain | step=818, loss=0.0218
I | 06-13 03:18:11 | pretrain | step=819, loss=0.0219
I | 06-13 03:18:11 | pretrain | step=820, loss=0.0219
I | 06-13 03:18:11 | pretrain | step=821, loss=0.0219
I | 06-13 03:18:11 | pretrain | step=822, loss=0.0218
I | 06-13 03:18:11 | pretrain | step=823, loss=0.0218
I | 06-13 03:18:11 | pretrain | step=824, loss=0.0219
I | 06-13 03:18:11 | pretrain | step=825, loss=0.0218
I | 06-13 03:18:11 | pretrain | step=826, loss=0.0218
I | 06-13 03:18:12 | pretrain | step=827, loss=0.0223
I | 06-13 03:18:12 | pretrain | step=828, loss=0.0219
I | 06-13 03:18:12 | pretrain | step=829, loss=0.0227
I | 06-13 03:18:12 | pretrain | step=830, loss=0.0219
I | 06-13 03:18:12 | pretrain | step=831, loss=0.0218
I | 06-13 03:18:12 | pretrain | step=832, loss=0.0217
I | 06-13 03:18:12 | pretrain | step=833, loss=0.0219
I | 06-13 03:18:12 | pretrain | step=834, loss=0.0218
I | 06-13 03:18:13 | pretrain | step=835, loss=0.0219
I | 06-13 03:18:13 | pretrain | step=836, loss=0.0219
I | 06-13 03:18:13 | pretrain | step=837, loss=0.0220
I | 06-13 03:18:13 | pretrain | step=838, loss=0.0218
I | 06-13 03:18:13 | pretrain | step=839, loss=0.0220
I | 06-13 03:18:13 | pretrain | step=840, loss=0.0276
I | 06-13 03:18:13 | pretrain | step=841, loss=0.0217
I | 06-13 03:18:13 | pretrain | step=842, loss=0.0216
I | 06-13 03:18:14 | pretrain | step=843, loss=0.0219
I | 06-13 03:18:14 | pretrain | step=844, loss=0.0218
I | 06-13 03:18:14 | pretrain | step=845, loss=0.0217
I | 06-13 03:18:14 | pretrain | step=846, loss=0.0219
I | 06-13 03:18:14 | pretrain | step=847, loss=0.0219
I | 06-13 03:18:14 | pretrain | step=848, loss=0.0219
I | 06-13 03:18:14 | pretrain | step=849, loss=0.0238
I | 06-13 03:18:14 | pretrain | step=850, loss=0.0221
I | 06-13 03:18:15 | pretrain | step=851, loss=0.0220
I | 06-13 03:18:15 | pretrain | step=852, loss=0.0218
I | 06-13 03:18:15 | pretrain | step=853, loss=0.0217
I | 06-13 03:18:15 | pretrain | step=854, loss=0.0220
I | 06-13 03:18:15 | pretrain | step=855, loss=0.0218
I | 06-13 03:18:15 | pretrain | step=856, loss=0.0217
I | 06-13 03:18:15 | pretrain | step=857, loss=0.0219
I | 06-13 03:18:15 | pretrain | step=858, loss=0.0218
I | 06-13 03:18:15 | pretrain | step=859, loss=0.0224
I | 06-13 03:18:16 | pretrain | step=860, loss=0.0217
I | 06-13 03:18:16 | pretrain | step=861, loss=0.0216
I | 06-13 03:18:16 | pretrain | step=862, loss=0.0218
I | 06-13 03:18:16 | pretrain | step=863, loss=0.0218
I | 06-13 03:18:16 | pretrain | step=864, loss=0.0220
I | 06-13 03:18:16 | pretrain | step=865, loss=0.0217
I | 06-13 03:18:16 | pretrain | step=866, loss=0.0218
I | 06-13 03:18:16 | pretrain | step=867, loss=0.0217
I | 06-13 03:18:17 | pretrain | step=868, loss=0.0217
I | 06-13 03:18:17 | pretrain | step=869, loss=0.0217
I | 06-13 03:18:17 | pretrain | step=870, loss=0.0219
I | 06-13 03:18:17 | pretrain | step=871, loss=0.0227
I | 06-13 03:18:17 | pretrain | step=872, loss=0.0219
I | 06-13 03:18:17 | pretrain | step=873, loss=0.0220
I | 06-13 03:18:17 | pretrain | step=874, loss=0.0218
I | 06-13 03:18:17 | pretrain | step=875, loss=0.0223
I | 06-13 03:18:18 | pretrain | step=876, loss=0.0219
I | 06-13 03:18:18 | pretrain | step=877, loss=0.0217
I | 06-13 03:18:18 | pretrain | step=878, loss=0.0218
I | 06-13 03:18:18 | pretrain | step=879, loss=0.0221
I | 06-13 03:18:18 | pretrain | step=880, loss=0.0217
I | 06-13 03:18:18 | pretrain | step=881, loss=0.0219
I | 06-13 03:18:18 | pretrain | step=882, loss=0.0218
I | 06-13 03:18:18 | pretrain | step=883, loss=0.0218
I | 06-13 03:18:19 | pretrain | step=884, loss=0.0218
I | 06-13 03:18:19 | pretrain | step=885, loss=0.0218
I | 06-13 03:18:19 | pretrain | step=886, loss=0.0217
I | 06-13 03:18:19 | pretrain | step=887, loss=0.0219
I | 06-13 03:18:19 | pretrain | step=888, loss=0.0219
I | 06-13 03:18:19 | pretrain | step=889, loss=0.0218
I | 06-13 03:18:19 | pretrain | step=890, loss=0.0219
I | 06-13 03:18:19 | pretrain | step=891, loss=0.0220
I | 06-13 03:18:19 | pretrain | step=892, loss=0.0218
I | 06-13 03:18:20 | pretrain | step=893, loss=0.0219
I | 06-13 03:18:20 | pretrain | step=894, loss=0.0217
I | 06-13 03:18:20 | pretrain | step=895, loss=0.0218
I | 06-13 03:18:20 | pretrain | step=896, loss=0.0219
I | 06-13 03:18:20 | pretrain | step=897, loss=0.0241
I | 06-13 03:18:20 | pretrain | step=898, loss=0.0218
I | 06-13 03:18:20 | pretrain | step=899, loss=0.0219
I | 06-13 03:18:20 | pretrain | step=900, loss=0.0218
I | 06-13 03:18:21 | pretrain | step=901, loss=0.0217
I | 06-13 03:18:21 | pretrain | step=902, loss=0.0218
I | 06-13 03:18:21 | pretrain | step=903, loss=0.0217
I | 06-13 03:18:21 | pretrain | step=904, loss=0.0217
I | 06-13 03:18:21 | pretrain | step=905, loss=0.0217
I | 06-13 03:18:21 | pretrain | step=906, loss=0.0223
I | 06-13 03:18:21 | pretrain | step=907, loss=0.0218
I | 06-13 03:18:21 | pretrain | step=908, loss=0.0217
I | 06-13 03:18:22 | pretrain | step=909, loss=0.0221
I | 06-13 03:18:22 | pretrain | step=910, loss=0.0218
I | 06-13 03:18:22 | pretrain | step=911, loss=0.0218
I | 06-13 03:18:22 | pretrain | step=912, loss=0.0217
I | 06-13 03:18:22 | pretrain | step=913, loss=0.0217
I | 06-13 03:18:22 | pretrain | step=914, loss=0.0218
I | 06-13 03:18:22 | pretrain | step=915, loss=0.0219
I | 06-13 03:18:22 | pretrain | step=916, loss=0.0219
I | 06-13 03:18:23 | pretrain | step=917, loss=0.0216
I | 06-13 03:18:23 | pretrain | step=918, loss=0.0219
I | 06-13 03:18:23 | pretrain | step=919, loss=0.0217
I | 06-13 03:18:23 | pretrain | step=920, loss=0.0217
I | 06-13 03:18:23 | pretrain | step=921, loss=0.0219
I | 06-13 03:18:23 | pretrain | step=922, loss=0.0216
I | 06-13 03:18:23 | pretrain | step=923, loss=0.0218
I | 06-13 03:18:23 | pretrain | step=924, loss=0.0217
I | 06-13 03:18:24 | pretrain | step=925, loss=0.0217
I | 06-13 03:18:24 | pretrain | step=926, loss=0.0219
I | 06-13 03:18:24 | pretrain | step=927, loss=0.0219
I | 06-13 03:18:24 | pretrain | step=928, loss=0.0218
I | 06-13 03:18:24 | pretrain | step=929, loss=0.0218
I | 06-13 03:18:24 | pretrain | step=930, loss=0.0220
I | 06-13 03:18:24 | pretrain | step=931, loss=0.0216
I | 06-13 03:18:24 | pretrain | step=932, loss=0.0216
I | 06-13 03:18:24 | pretrain | step=933, loss=0.0217
I | 06-13 03:18:25 | pretrain | step=934, loss=0.0217
I | 06-13 03:18:25 | pretrain | step=935, loss=0.0223
I | 06-13 03:18:25 | pretrain | step=936, loss=0.0220
I | 06-13 03:18:25 | pretrain | step=937, loss=0.0219
I | 06-13 03:18:25 | pretrain | step=938, loss=0.0224
I | 06-13 03:18:25 | pretrain | step=939, loss=0.0217
I | 06-13 03:18:25 | pretrain | step=940, loss=0.0228
I | 06-13 03:18:25 | pretrain | step=941, loss=0.0218
I | 06-13 03:18:26 | pretrain | step=942, loss=0.0220
I | 06-13 03:18:26 | pretrain | step=943, loss=0.0218
I | 06-13 03:18:26 | pretrain | step=944, loss=0.0219
I | 06-13 03:18:26 | pretrain | step=945, loss=0.0218
I | 06-13 03:18:26 | pretrain | step=946, loss=0.0218
I | 06-13 03:18:26 | pretrain | step=947, loss=0.0226
I | 06-13 03:18:26 | pretrain | step=948, loss=0.0217
I | 06-13 03:18:26 | pretrain | step=949, loss=0.0220
I | 06-13 03:18:27 | pretrain | step=950, loss=0.0216
I | 06-13 03:18:27 | pretrain | step=951, loss=0.0216
I | 06-13 03:18:27 | pretrain | step=952, loss=0.0220
I | 06-13 03:18:27 | pretrain | step=953, loss=0.0216
I | 06-13 03:18:27 | pretrain | step=954, loss=0.0217
I | 06-13 03:18:27 | pretrain | step=955, loss=0.0218
I | 06-13 03:18:27 | pretrain | step=956, loss=0.0218
I | 06-13 03:18:27 | pretrain | step=957, loss=0.0230
I | 06-13 03:18:28 | pretrain | step=958, loss=0.0215
I | 06-13 03:18:28 | pretrain | step=959, loss=0.0216
I | 06-13 03:18:28 | pretrain | step=960, loss=0.0232
I | 06-13 03:18:28 | pretrain | step=961, loss=0.0216
I | 06-13 03:18:28 | pretrain | step=962, loss=0.0215
I | 06-13 03:18:28 | pretrain | step=963, loss=0.0217
I | 06-13 03:18:28 | pretrain | step=964, loss=0.0216
I | 06-13 03:18:28 | pretrain | step=965, loss=0.0217
I | 06-13 03:18:29 | pretrain | step=966, loss=0.0217
I | 06-13 03:18:29 | pretrain | step=967, loss=0.0218
I | 06-13 03:18:29 | pretrain | step=968, loss=0.0217
I | 06-13 03:18:29 | pretrain | step=969, loss=0.0216
I | 06-13 03:18:29 | pretrain | step=970, loss=0.0218
I | 06-13 03:18:29 | pretrain | step=971, loss=0.0216
I | 06-13 03:18:29 | pretrain | step=972, loss=0.0216
I | 06-13 03:18:29 | pretrain | step=973, loss=0.0217
I | 06-13 03:18:29 | pretrain | step=974, loss=0.0216
I | 06-13 03:18:30 | pretrain | step=975, loss=0.0218
I | 06-13 03:18:30 | pretrain | step=976, loss=0.0221
I | 06-13 03:18:30 | pretrain | step=977, loss=0.0218
I | 06-13 03:18:30 | pretrain | step=978, loss=0.0222
I | 06-13 03:18:30 | pretrain | step=979, loss=0.0218
I | 06-13 03:18:30 | pretrain | step=980, loss=0.0217
I | 06-13 03:18:30 | pretrain | step=981, loss=0.0218
I | 06-13 03:18:30 | pretrain | step=982, loss=0.0219
I | 06-13 03:18:31 | pretrain | step=983, loss=0.0219
I | 06-13 03:18:31 | pretrain | step=984, loss=0.0217
I | 06-13 03:18:31 | pretrain | step=985, loss=0.0217
I | 06-13 03:18:31 | pretrain | step=986, loss=0.0217
I | 06-13 03:18:31 | pretrain | step=987, loss=0.0223
I | 06-13 03:18:31 | pretrain | step=988, loss=0.0217
I | 06-13 03:18:31 | pretrain | step=989, loss=0.0217
I | 06-13 03:18:31 | pretrain | step=990, loss=0.0219
I | 06-13 03:18:32 | pretrain | step=991, loss=0.0218
I | 06-13 03:18:32 | pretrain | step=992, loss=0.0218
I | 06-13 03:18:32 | pretrain | step=993, loss=0.0216
I | 06-13 03:18:32 | pretrain | step=994, loss=0.0217
I | 06-13 03:18:32 | pretrain | step=995, loss=0.0216
I | 06-13 03:18:32 | pretrain | step=996, loss=0.0219
I | 06-13 03:18:32 | pretrain | step=997, loss=0.0218
I | 06-13 03:18:32 | pretrain | step=998, loss=0.0217
I | 06-13 03:18:33 | pretrain | step=999, loss=0.0215
I | 06-13 03:18:33 |checkpoint| Saving checkpoint /rds/user/jc2405/hpc-work/JaQMC/jaqmc/runs/sc_chain_3.78_spin_0/pretrain_ckpt_000999.npz
I | 06-13 03:18:33 | pretrain | Done 1000 pretrain steps.
I | 06-13 03:18:33 | pretrain | Time per step: 0.122s
I | 06-13 03:18:35 |  jaqmc   | Setting Ewald alpha to 0.66137564
I | 06-13 03:18:39 |   absl   | ==================================================
I | 06-13 03:18:39 |   absl   | Graph parameter registrations:
I | 06-13 03:18:39 |   absl   | {'params': {'backbone_layer': {'Dense_0': {'bias': 'Auto[tag_variant=repeated_dense(0)|match_type=repeated[1]_flax_dense_with_bias]',
I | 06-13 03:18:39 |   absl   |                                            'kernel': 'Auto[tag_variant=repeated_dense(0)|match_type=repeated[1]_flax_dense_with_bias]'},
I | 06-13 03:18:39 |   absl   |                                'Dense_1': {'bias': 'Auto[tag_variant=repeated_dense(1)|match_type=repeated[2]_flax_dense_with_bias]',
I | 06-13 03:18:39 |   absl   |                                            'kernel': 'Auto[tag_variant=repeated_dense(1)|match_type=repeated[2]_flax_dense_with_bias]'},
I | 06-13 03:18:39 |   absl   |                                'Dense_2': {'bias': 'Auto[tag_variant=repeated_dense(2)|match_type=repeated[1]_flax_dense_with_bias]',
I | 06-13 03:18:39 |   absl   |                                            'kernel': 'Auto[tag_variant=repeated_dense(2)|match_type=repeated[1]_flax_dense_with_bias]'},
I | 06-13 03:18:39 |   absl   |                                'Dense_3': {'bias': 'Auto[tag_variant=repeated_dense(3)|match_type=repeated[2]_flax_dense_with_bias]',
I | 06-13 03:18:39 |   absl   |                                            'kernel': 'Auto[tag_variant=repeated_dense(3)|match_type=repeated[2]_flax_dense_with_bias]'},
I | 06-13 03:18:39 |   absl   |                                'Dense_4': {'bias': 'Auto[tag_variant=repeated_dense(4)|match_type=repeated[1]_flax_dense_with_bias]',
I | 06-13 03:18:39 |   absl   |                                            'kernel': 'Auto[tag_variant=repeated_dense(4)|match_type=repeated[1]_flax_dense_with_bias]'},
I | 06-13 03:18:39 |   absl   |                                'Dense_5': {'bias': 'Auto[tag_variant=repeated_dense(5)|match_type=repeated[2]_flax_dense_with_bias]',
I | 06-13 03:18:39 |   absl   |                                            'kernel': 'Auto[tag_variant=repeated_dense(5)|match_type=repeated[2]_flax_dense_with_bias]'},
I | 06-13 03:18:39 |   absl   |                                'Dense_6': {'bias': 'Auto[tag_variant=repeated_dense(6)|match_type=repeated[1]_flax_dense_with_bias]',
I | 06-13 03:18:39 |   absl   |                                            'kernel': 'Auto[tag_variant=repeated_dense(6)|match_type=repeated[1]_flax_dense_with_bias]'}},
I | 06-13 03:18:39 |   absl   |             'envelope_layer': {'_env_down': {'pi': 'Auto[tag_variant=scale_and_shift(3)|match_type=scale_only_broadcast_1]',
I | 06-13 03:18:39 |   absl   |                                              'sigma': 'Auto[tag_variant=scale_and_shift(2)|match_type=scale_only_broadcast_1]'},
I | 06-13 03:18:39 |   absl   |                                '_env_up': {'pi': 'Auto[tag_variant=scale_and_shift(1)|match_type=scale_only_broadcast_1]',
I | 06-13 03:18:39 |   absl   |                                            'sigma': 'Auto[tag_variant=scale_and_shift(0)|match_type=scale_only_broadcast_1]'}},
I | 06-13 03:18:39 |   absl   |             'imag_orbital_layer': {'SplitChannelDense_0': {'DenseGeneral_0': {'kernel': 'Auto[tag_variant=repeated_dense(9)|match_type=repeated[1]_flax_dense_no_bias]'},
I | 06-13 03:18:39 |   absl   |                                                            'DenseGeneral_1': {'kernel': 'Auto[tag_variant=repeated_dense(10)|match_type=repeated[1]_flax_dense_no_bias]'}}},
I | 06-13 03:18:39 |   absl   |             'real_orbital_layer': {'SplitChannelDense_0': {'DenseGeneral_0': {'kernel': 'Auto[tag_variant=repeated_dense(7)|match_type=repeated[1]_flax_dense_no_bias]'},
I | 06-13 03:18:39 |   absl   |                                                            'DenseGeneral_1': {'kernel': 'Auto[tag_variant=repeated_dense(8)|match_type=repeated[1]_flax_dense_no_bias]'}}}}}
I | 06-13 03:18:39 |   absl   | ==================================================
I | 06-13 03:18:39 |   absl   | Graph registered losses:
I | 06-13 03:18:39 |   absl   | NormalMeanNegativeLogProbLoss(mean=Var(id=22342020293056):complex64[1024,1], variance=Literal(0.5), weight=Literal(1.0), normalize_log_prob=Literal(True))
I | 06-13 03:18:39 |   absl   | ==================================================
I | 06-13 03:18:39 |   absl   | BlockDiagonalCurvature blocks:
I | 06-13 03:18:39 |   absl   | RepeatedDenseBlock(parameter_specs=['ab -> (a)(b)', 'a -> ()(a)'], parameters_concat_axis=0), tag name: Auto[tag_variant=repeated_dense(0)|match_type=repeated[1]_flax_dense_with_bias], params shapes: ((32, 256), (256,))
I | 06-13 03:18:39 |   absl   | RepeatedDenseBlock(parameter_specs=['ab -> (a)(b)', 'a -> ()(a)'], parameters_concat_axis=0), tag name: Auto[tag_variant=repeated_dense(1)|match_type=repeated[2]_flax_dense_with_bias], params shapes: ((4, 32), (32,))
I | 06-13 03:18:39 |   absl   | RepeatedDenseBlock(parameter_specs=['ab -> (a)(b)', 'a -> ()(a)'], parameters_concat_axis=0), tag name: Auto[tag_variant=repeated_dense(2)|match_type=repeated[1]_flax_dense_with_bias], params shapes: ((832, 256), (256,))
I | 06-13 03:18:39 |   absl   | RepeatedDenseBlock(parameter_specs=['ab -> (a)(b)', 'a -> ()(a)'], parameters_concat_axis=0), tag name: Auto[tag_variant=repeated_dense(3)|match_type=repeated[2]_flax_dense_with_bias], params shapes: ((32, 32), (32,))
I | 06-13 03:18:39 |   absl   | RepeatedDenseBlock(parameter_specs=['ab -> (a)(b)', 'a -> ()(a)'], parameters_concat_axis=0), tag name: Auto[tag_variant=repeated_dense(4)|match_type=repeated[1]_flax_dense_with_bias], params shapes: ((832, 256), (256,))
I | 06-13 03:18:39 |   absl   | RepeatedDenseBlock(parameter_specs=['ab -> (a)(b)', 'a -> ()(a)'], parameters_concat_axis=0), tag name: Auto[tag_variant=repeated_dense(5)|match_type=repeated[2]_flax_dense_with_bias], params shapes: ((32, 32), (32,))
I | 06-13 03:18:39 |   absl   | RepeatedDenseBlock(parameter_specs=['ab -> (a)(b)', 'a -> ()(a)'], parameters_concat_axis=0), tag name: Auto[tag_variant=repeated_dense(6)|match_type=repeated[1]_flax_dense_with_bias], params shapes: ((832, 256), (256,))
I | 06-13 03:18:39 |   absl   | ScaleAndShiftDiagonal, tag name: Auto[tag_variant=scale_and_shift(3)|match_type=scale_only_broadcast_1], params shapes: ((22, 2, 16),)
I | 06-13 03:18:39 |   absl   | ScaleAndShiftDiagonal, tag name: Auto[tag_variant=scale_and_shift(2)|match_type=scale_only_broadcast_1], params shapes: ((22, 2, 16),)
I | 06-13 03:18:39 |   absl   | ScaleAndShiftDiagonal, tag name: Auto[tag_variant=scale_and_shift(1)|match_type=scale_only_broadcast_1], params shapes: ((22, 2, 16),)
I | 06-13 03:18:39 |   absl   | ScaleAndShiftDiagonal, tag name: Auto[tag_variant=scale_and_shift(0)|match_type=scale_only_broadcast_1], params shapes: ((22, 2, 16),)
I | 06-13 03:18:39 |   absl   | RepeatedDenseBlock(parameter_specs=['abc -> (a)(bc)'], parameters_concat_axis=0), tag name: Auto[tag_variant=repeated_dense(9)|match_type=repeated[1]_flax_dense_no_bias], params shapes: ((256, 16, 22),)
I | 06-13 03:18:39 |   absl   | RepeatedDenseBlock(parameter_specs=['abc -> (a)(bc)'], parameters_concat_axis=0), tag name: Auto[tag_variant=repeated_dense(10)|match_type=repeated[1]_flax_dense_no_bias], params shapes: ((256, 16, 22),)
I | 06-13 03:18:39 |   absl   | RepeatedDenseBlock(parameter_specs=['abc -> (a)(bc)'], parameters_concat_axis=0), tag name: Auto[tag_variant=repeated_dense(7)|match_type=repeated[1]_flax_dense_no_bias], params shapes: ((256, 16, 22),)
I | 06-13 03:18:39 |   absl   | RepeatedDenseBlock(parameter_specs=['abc -> (a)(bc)'], parameters_concat_axis=0), tag name: Auto[tag_variant=repeated_dense(8)|match_type=repeated[1]_flax_dense_no_bias], params shapes: ((256, 16, 22),)
I | 06-13 03:18:39 |   absl   | ==================================================
I | 06-13 03:18:40 |  train   | Start 10000 train steps.
W | 06-13 03:18:40 |  train   | Disabling check_vma (incompatible with KFAC).
I | 06-13 03:18:40 |  jaqmc   | Start burn in 100 steps.
I | 06-13 03:18:53 |  jaqmc   | Burn in 100 steps complete.
WARNING:[folx]() - rem not in registry. The following call might be slow as we will compute the full hessian.
WARNING:[folx]() - rem not in registry. The following call might be slow as we will compute the full hessian.
WARNING:[folx]() - round not in registry. The following call might be slow as we will compute the full hessian.
WARNING:[folx]() - rem not in registry. The following call might be slow as we will compute the full hessian.
WARNING:[folx]() - rem not in registry. The following call might be slow as we will compute the full hessian.
WARNING:[folx]() - round not in registry. The following call might be slow as we will compute the full hessian.
E0613 03:21:09.750943   88413 slow_operation_alarm.cc:73]
********************************
[Compiling module input_reduce_fusion.126 for GPU] Very slow compile? If you want to file a bug, run with envvar XLA_FLAGS=--xla_dump_to=/tmp/foo and attach the results.
********************************
E0613 03:26:43.577974   88381 slow_operation_alarm.cc:140] The operation took 7m33.827095704s

********************************
[Compiling module input_reduce_fusion.126 for GPU] Very slow compile? If you want to file a bug, run with envvar XLA_FLAGS=--xla_dump_to=/tmp/foo and attach the results.
********************************
I | 06-13 03:27:10 |  train   | step=0, pmove=0.53, energy=161.3358-6.0203j
I | 06-13 03:27:15 |  train   | step=1, pmove=0.53, energy=158.3217-6.0329j
I | 06-13 03:27:18 |  train   | step=2, pmove=0.53, energy=155.2648-6.8799j
I | 06-13 03:27:21 |  train   | step=3, pmove=0.53, energy=162.6086-5.3238j
I | 06-13 03:27:24 |  train   | step=4, pmove=0.53, energy=150.6958+2.1117j
I | 06-13 03:27:28 |  train   | step=5, pmove=0.52, energy=147.0778-2.3972j
I | 06-13 03:27:31 |  train   | step=6, pmove=0.53, energy=154.7734+0.1174j
I | 06-13 03:27:34 |  train   | step=7, pmove=0.53, energy=151.2976+4.9815j
I | 06-13 03:27:37 |  train   | step=8, pmove=0.52, energy=154.0715+4.4042j
I | 06-13 03:27:40 |  train   | step=9, pmove=0.53, energy=148.5042+5.4487j
I | 06-13 03:27:43 |  train   | step=10, pmove=0.53, energy=141.4404+1.7370j
I | 06-13 03:27:47 |  train   | step=11, pmove=0.53, energy=132.9237+7.1649j
I | 06-13 03:27:50 |  train   | step=12, pmove=0.53, energy=138.5193-0.4226j
I | 06-13 03:27:53 |  train   | step=13, pmove=0.53, energy=139.6619+1.4324j
I | 06-13 03:27:56 |  train   | step=14, pmove=0.53, energy=132.8770+1.1864j
I | 06-13 03:27:59 |  train   | step=15, pmove=0.53, energy=133.4326+2.7840j
I | 06-13 03:28:03 |  train   | step=16, pmove=0.53, energy=131.3542-5.2606j
I | 06-13 03:28:06 |  train   | step=17, pmove=0.53, energy=131.9332-4.9395j
I | 06-13 03:28:09 |  train   | step=18, pmove=0.53, energy=126.2636-4.2539j
I | 06-13 03:28:12 |  train   | step=19, pmove=0.54, energy=123.2629+5.8512j
I | 06-13 03:28:15 |  train   | step=20, pmove=0.53, energy=128.0409+2.1608j
I | 06-13 03:28:18 |  train   | step=21, pmove=0.54, energy=123.2211+6.6195j
I | 06-13 03:28:22 |  train   | step=22, pmove=0.54, energy=125.1634+1.6555j
I | 06-13 03:28:25 |  train   | step=23, pmove=0.54, energy=117.1282-3.4344j
I | 06-13 03:28:28 |  train   | step=24, pmove=0.54, energy=118.1224+4.6143j
I | 06-13 03:28:31 |  train   | step=25, pmove=0.54, energy=124.5832+1.4999j
I | 06-13 03:28:34 |  train   | step=26, pmove=0.54, energy=116.2877+3.7666j
I | 06-13 03:28:38 |  train   | step=27, pmove=0.54, energy=112.3540+2.2508j
I | 06-13 03:28:41 |  train   | step=28, pmove=0.54, energy=120.9842-1.2843j
I | 06-13 03:28:44 |  train   | step=29, pmove=0.54, energy=104.9460+1.1543j
I | 06-13 03:28:47 |  train   | step=30, pmove=0.54, energy=115.0155+4.0915j
I | 06-13 03:28:50 |  train   | step=31, pmove=0.54, energy=107.6064-0.3652j
I | 06-13 03:28:53 |  train   | step=32, pmove=0.54, energy=106.8340-4.3829j
I | 06-13 03:28:57 |  train   | step=33, pmove=0.55, energy=102.0387-1.4336j
I | 06-13 03:29:00 |  train   | step=34, pmove=0.55, energy=97.6896+3.7868j
I | 06-13 03:29:03 |  train   | step=35, pmove=0.55, energy=100.1944-0.3938j
I | 06-13 03:29:06 |  train   | step=36, pmove=0.55, energy=101.4292+9.0814j
I | 06-13 03:29:09 |  train   | step=37, pmove=0.54, energy=104.8091-2.4566j
I | 06-13 03:29:13 |  train   | step=38, pmove=0.55, energy=91.8100-1.9394j
I | 06-13 03:29:16 |  train   | step=39, pmove=0.55, energy=97.4059-4.4712j
I | 06-13 03:29:19 |  train   | step=40, pmove=0.55, energy=93.5121-2.4151j
I | 06-13 03:29:22 |  train   | step=41, pmove=0.55, energy=92.2878-2.4062j
I | 06-13 03:29:25 |  train   | step=42, pmove=0.55, energy=91.5625-2.3297j
I | 06-13 03:29:28 |  train   | step=43, pmove=0.55, energy=90.0712+0.7531j
I | 06-13 03:29:32 |  train   | step=44, pmove=0.55, energy=87.6038-4.0744j
I | 06-13 03:29:35 |  train   | step=45, pmove=0.55, energy=90.3966-0.7929j
I | 06-13 03:29:38 |  train   | step=46, pmove=0.55, energy=86.1795+2.6446j
I | 06-13 03:29:41 |  train   | step=47, pmove=0.55, energy=86.3730-0.2251j
I | 06-13 03:29:44 |  train   | step=48, pmove=0.55, energy=85.2440-2.0705j
I | 06-13 03:29:47 |  train   | step=49, pmove=0.55, energy=85.6131-0.2275j
I | 06-13 03:29:51 |  train   | step=50, pmove=0.56, energy=85.1093-2.5750j
I | 06-13 03:29:54 |  train   | step=51, pmove=0.56, energy=76.0831+1.6231j
I | 06-13 03:29:57 |  train   | step=52, pmove=0.56, energy=78.2492+1.0427j
I | 06-13 03:30:00 |  train   | step=53, pmove=0.56, energy=77.9267-1.6265j
I | 06-13 03:30:03 |  train   | step=54, pmove=0.56, energy=77.6849-5.8956j
I | 06-13 03:30:07 |  train   | step=55, pmove=0.56, energy=72.1762+2.8690j
I | 06-13 03:30:10 |  train   | step=56, pmove=0.56, energy=72.1757+0.7761j
I | 06-13 03:30:13 |  train   | step=57, pmove=0.56, energy=69.4964-1.6333j
I | 06-13 03:30:16 |  train   | step=58, pmove=0.56, energy=68.4591+1.4979j
I | 06-13 03:30:19 |  train   | step=59, pmove=0.56, energy=65.4969+0.8426j
I | 06-13 03:30:22 |  train   | step=60, pmove=0.56, energy=65.4812+0.0289j
I | 06-13 03:30:26 |  train   | step=61, pmove=0.57, energy=58.9470-2.5717j
I | 06-13 03:30:29 |  train   | step=62, pmove=0.57, energy=59.1275-0.2178j
I | 06-13 03:30:32 |  train   | step=63, pmove=0.57, energy=67.7226-0.6602j
I | 06-13 03:30:35 |  train   | step=64, pmove=0.57, energy=56.7154-1.2214j
I | 06-13 03:30:38 |  train   | step=65, pmove=0.57, energy=59.2508-0.7700j
I | 06-13 03:30:42 |  train   | step=66, pmove=0.57, energy=57.3309+0.3315j
I | 06-13 03:30:45 |  train   | step=67, pmove=0.57, energy=57.8064-0.6490j
I | 06-13 03:30:48 |  train   | step=68, pmove=0.57, energy=56.2793+1.6811j
I | 06-13 03:30:51 |  train   | step=69, pmove=0.57, energy=54.0122-3.1620j
I | 06-13 03:30:54 |  train   | step=70, pmove=0.57, energy=54.8390-0.8417j
I | 06-13 03:30:57 |  train   | step=71, pmove=0.58, energy=47.6407+0.9288j
I | 06-13 03:31:01 |  train   | step=72, pmove=0.57, energy=50.4636+3.0930j
I | 06-13 03:31:04 |  train   | step=73, pmove=0.58, energy=48.7301-0.0245j
I | 06-13 03:31:07 |  train   | step=74, pmove=0.58, energy=47.6533+2.8728j
I | 06-13 03:31:10 |  train   | step=75, pmove=0.58, energy=49.0363-1.8046j
I | 06-13 03:31:13 |  train   | step=76, pmove=0.57, energy=48.5162-0.3821j
I | 06-13 03:31:17 |  train   | step=77, pmove=0.58, energy=46.5239-0.6742j
I | 06-13 03:31:20 |  train   | step=78, pmove=0.58, energy=42.6721+2.8459j
I | 06-13 03:31:23 |  train   | step=79, pmove=0.58, energy=41.9724-0.7267j
I | 06-13 03:31:26 |  train   | step=80, pmove=0.58, energy=43.4614-0.0599j
I | 06-13 03:31:29 |  train   | step=81, pmove=0.58, energy=37.0716+0.4026j
I | 06-13 03:31:32 |  train   | step=82, pmove=0.58, energy=37.2595-1.6627j
I | 06-13 03:31:36 |  train   | step=83, pmove=0.58, energy=37.7005+1.5960j
I | 06-13 03:31:39 |  train   | step=84, pmove=0.58, energy=33.5603-1.9078j
I | 06-13 03:31:42 |  train   | step=85, pmove=0.58, energy=33.8477-0.2309j
I | 06-13 03:31:45 |  train   | step=86, pmove=0.59, energy=33.6515-3.8286j
I | 06-13 03:31:48 |  train   | step=87, pmove=0.58, energy=37.7994-0.0087j
I | 06-13 03:31:51 |  train   | step=88, pmove=0.58, energy=33.0676-0.1842j
I | 06-13 03:31:55 |  train   | step=89, pmove=0.59, energy=34.7202-0.0924j
I | 06-13 03:31:58 |  train   | step=90, pmove=0.59, energy=30.6342-2.0418j
I | 06-13 03:32:01 |  train   | step=91, pmove=0.59, energy=30.0600+2.0150j
I | 06-13 03:32:04 |  train   | step=92, pmove=0.59, energy=26.7821+1.3983j
I | 06-13 03:32:07 |  train   | step=93, pmove=0.59, energy=29.3971+1.1823j
I | 06-13 03:32:11 |  train   | step=94, pmove=0.59, energy=23.3639+0.5259j
I | 06-13 03:32:14 |  train   | step=95, pmove=0.60, energy=23.6936+1.9875j
I | 06-13 03:32:17 |  train   | step=96, pmove=0.60, energy=22.9095+1.4455j
I | 06-13 03:32:20 |  train   | step=97, pmove=0.60, energy=19.8679+0.2798j
I | 06-13 03:32:23 |  train   | step=98, pmove=0.60, energy=21.0716+2.7704j
I | 06-13 03:32:26 |  train   | step=99, pmove=0.60, energy=20.8737-1.0768j
I | 06-13 03:32:30 |  train   | step=100, pmove=0.57, energy=16.6762+0.7384j
I | 06-13 03:32:33 |  train   | step=101, pmove=0.57, energy=18.6182+2.1400j
I | 06-13 03:32:36 |  train   | step=102, pmove=0.58, energy=16.6147-1.4465j
I | 06-13 03:32:39 |  train   | step=103, pmove=0.57, energy=15.8475-0.9784j
I | 06-13 03:32:42 |  train   | step=104, pmove=0.57, energy=16.9684+0.5199j
I | 06-13 03:32:46 |  train   | step=105, pmove=0.57, energy=15.8442-0.8378j
I | 06-13 03:32:49 |  train   | step=106, pmove=0.58, energy=13.1767-1.1109j
I | 06-13 03:32:52 |  train   | step=107, pmove=0.58, energy=12.3001-0.8567j
I | 06-13 03:32:55 |  train   | step=108, pmove=0.58, energy=12.3511+0.7822j
I | 06-13 03:32:58 |  train   | step=109, pmove=0.58, energy=11.1178+0.7505j
I | 06-13 03:33:01 |  train   | step=110, pmove=0.58, energy=9.5240-0.8162j
I | 06-13 03:33:05 |  train   | step=111, pmove=0.58, energy=7.1565-0.6316j
I | 06-13 03:33:08 |  train   | step=112, pmove=0.59, energy=6.8634-0.2278j
I | 06-13 03:33:11 |  train   | step=113, pmove=0.59, energy=4.0048+0.5846j
I | 06-13 03:33:14 |  train   | step=114, pmove=0.59, energy=3.8392-0.0357j
I | 06-13 03:33:17 |  train   | step=115, pmove=0.59, energy=2.5942+0.8760j
I | 06-13 03:33:20 |  train   | step=116, pmove=0.59, energy=1.0585-0.1040j
I | 06-13 03:33:24 |  train   | step=117, pmove=0.59, energy=1.3660-0.1454j
I | 06-13 03:33:27 |  train   | step=118, pmove=0.59, energy=-1.9473-2.2665j
I | 06-13 03:33:30 |  train   | step=119, pmove=0.59, energy=-0.7508-0.1172j
I | 06-13 03:33:33 |  train   | step=120, pmove=0.59, energy=-3.5583+0.5938j
I | 06-13 03:33:36 |  train   | step=121, pmove=0.59, energy=-2.1582-3.4943j
I | 06-13 03:33:40 |  train   | step=122, pmove=0.60, energy=-3.7857+1.2337j
I | 06-13 03:33:43 |  train   | step=123, pmove=0.60, energy=-6.4530-0.5638j
I | 06-13 03:33:46 |  train   | step=124, pmove=0.60, energy=-6.2529-0.4282j
I | 06-13 03:33:49 |  train   | step=125, pmove=0.60, energy=-7.7118+0.2536j
I | 06-13 03:33:52 |  train   | step=126, pmove=0.60, energy=-8.6328+1.1153j
I | 06-13 03:33:55 |  train   | step=127, pmove=0.60, energy=-9.0961-0.0277j
I | 06-13 03:33:59 |  train   | step=128, pmove=0.61, energy=-11.6422-0.5619j
I | 06-13 03:34:02 |  train   | step=129, pmove=0.61, energy=-10.8006+1.1336j
I | 06-13 03:34:05 |  train   | step=130, pmove=0.61, energy=-12.5432+1.0356j
I | 06-13 03:34:08 |  train   | step=131, pmove=0.61, energy=-14.0781+1.3606j
I | 06-13 03:34:11 |  train   | step=132, pmove=0.61, energy=-16.2827-0.5502j
I | 06-13 03:34:15 |  train   | step=133, pmove=0.62, energy=-15.8862+0.3079j
I | 06-13 03:34:18 |  train   | step=134, pmove=0.61, energy=-17.4823+1.0752j
I | 06-13 03:34:21 |  train   | step=135, pmove=0.62, energy=-18.6136+0.2019j
I | 06-13 03:34:24 |  train   | step=136, pmove=0.62, energy=-18.9472+0.4811j
I | 06-13 03:34:27 |  train   | step=137, pmove=0.62, energy=-19.8266-1.0684j
I | 06-13 03:34:30 |  train   | step=138, pmove=0.62, energy=-20.6819+0.2454j
I | 06-13 03:34:34 |  train   | step=139, pmove=0.63, energy=-20.9415+0.1396j
I | 06-13 03:34:37 |  train   | step=140, pmove=0.63, energy=-21.9506+0.7146j
I | 06-13 03:34:40 |  train   | step=141, pmove=0.63, energy=-24.3841+0.5036j
I | 06-13 03:34:43 |  train   | step=142, pmove=0.62, energy=-24.7251-0.1431j
I | 06-13 03:34:46 |  train   | step=143, pmove=0.63, energy=-25.2165-0.4434j
I | 06-13 03:34:49 |  train   | step=144, pmove=0.63, energy=-25.6049-0.9227j
I | 06-13 03:34:53 |  train   | step=145, pmove=0.63, energy=-26.0693+0.1802j
I | 06-13 03:34:56 |  train   | step=146, pmove=0.63, energy=-26.1668+0.4280j
I | 06-13 03:34:59 |  train   | step=147, pmove=0.64, energy=-29.0002+0.6984j
I | 06-13 03:35:02 |  train   | step=148, pmove=0.63, energy=-28.9899-0.3907j
I | 06-13 03:35:05 |  train   | step=149, pmove=0.63, energy=-29.2490-0.0613j
I | 06-13 03:35:09 |  train   | step=150, pmove=0.64, energy=-29.7795+0.7501j
I | 06-13 03:35:12 |  train   | step=151, pmove=0.63, energy=-30.7831-0.9211j
I | 06-13 03:35:15 |  train   | step=152, pmove=0.64, energy=-31.4168+0.4132j
I | 06-13 03:35:18 |  train   | step=153, pmove=0.64, energy=-33.4783+0.2428j
I | 06-13 03:35:21 |  train   | step=154, pmove=0.64, energy=-33.3490+0.7838j
I | 06-13 03:35:24 |  train   | step=155, pmove=0.64, energy=-34.2850-0.5048j
I | 06-13 03:35:28 |  train   | step=156, pmove=0.65, energy=-36.1182+0.1264j
I | 06-13 03:35:31 |  train   | step=157, pmove=0.64, energy=-36.2971+0.2557j
I | 06-13 03:35:34 |  train   | step=158, pmove=0.65, energy=-35.4701+0.2742j
I | 06-13 03:35:37 |  train   | step=159, pmove=0.65, energy=-34.6328-0.1728j
I | 06-13 03:35:40 |  train   | step=160, pmove=0.65, energy=-35.9921-0.7084j
I | 06-13 03:35:44 |  train   | step=161, pmove=0.65, energy=-37.3777+0.5672j
I | 06-13 03:35:47 |  train   | step=162, pmove=0.65, energy=-37.0258-0.1835j
I | 06-13 03:35:50 |  train   | step=163, pmove=0.66, energy=-38.5462+0.7759j
I | 06-13 03:35:53 |  train   | step=164, pmove=0.65, energy=-37.8342+0.4327j
I | 06-13 03:35:56 |  train   | step=165, pmove=0.65, energy=-39.2025+0.3749j
I | 06-13 03:35:59 |  train   | step=166, pmove=0.65, energy=-41.6413-0.3601j
I | 06-13 03:36:03 |  train   | step=167, pmove=0.66, energy=-39.5516-0.1617j
I | 06-13 03:36:06 |  train   | step=168, pmove=0.66, energy=-41.3577+0.0148j
I | 06-13 03:36:09 |  train   | step=169, pmove=0.67, energy=-41.4777+0.3528j
I | 06-13 03:36:12 |  train   | step=170, pmove=0.66, energy=-41.6044+0.7633j
I | 06-13 03:36:15 |  train   | step=171, pmove=0.66, energy=-42.9165-0.3239j
I | 06-13 03:36:19 |  train   | step=172, pmove=0.66, energy=-42.1949-0.0160j
I | 06-13 03:36:22 |  train   | step=173, pmove=0.66, energy=-43.6434+0.1190j
I | 06-13 03:36:25 |  train   | step=174, pmove=0.67, energy=-44.3537-0.5209j
I | 06-13 03:36:28 |  train   | step=175, pmove=0.67, energy=-45.2489+0.3939j
I | 06-13 03:36:31 |  train   | step=176, pmove=0.67, energy=-44.5617+0.0577j
I | 06-13 03:36:34 |  train   | step=177, pmove=0.66, energy=-44.1823-0.4742j
I | 06-13 03:36:38 |  train   | step=178, pmove=0.67, energy=-45.5221-0.4588j
I | 06-13 03:36:41 |  train   | step=179, pmove=0.66, energy=-45.4746+0.3336j
I | 06-13 03:36:44 |  train   | step=180, pmove=0.67, energy=-46.1762-0.8999j
I | 06-13 03:36:47 |  train   | step=181, pmove=0.67, energy=-46.6593-0.0932j
I | 06-13 03:36:50 |  train   | step=182, pmove=0.67, energy=-46.8888-0.2633j
I | 06-13 03:36:53 |  train   | step=183, pmove=0.67, energy=-47.6387-0.5947j
I | 06-13 03:36:57 |  train   | step=184, pmove=0.67, energy=-47.0369+0.1401j
I | 06-13 03:37:00 |  train   | step=185, pmove=0.67, energy=-47.9499+0.3193j
I | 06-13 03:37:03 |  train   | step=186, pmove=0.67, energy=-47.6100+0.0039j
I | 06-13 03:37:06 |  train   | step=187, pmove=0.67, energy=-48.2876+0.0950j
I | 06-13 03:37:09 |  train   | step=188, pmove=0.67, energy=-48.8642-0.1612j
I | 06-13 03:37:13 |  train   | step=189, pmove=0.67, energy=-48.4463-0.4305j
I | 06-13 03:37:16 |  train   | step=190, pmove=0.67, energy=-49.5129-0.9574j
I | 06-13 03:37:19 |  train   | step=191, pmove=0.67, energy=-48.8775-0.4059j
I | 06-13 03:37:22 |  train   | step=192, pmove=0.68, energy=-49.6231-0.0282j
I | 06-13 03:37:25 |  train   | step=193, pmove=0.67, energy=-49.3189+0.0104j
I | 06-13 03:37:28 |  train   | step=194, pmove=0.67, energy=-50.5487-0.2475j
I | 06-13 03:37:32 |  train   | step=195, pmove=0.67, energy=-51.5381+0.1227j
I | 06-13 03:37:35 |  train   | step=196, pmove=0.68, energy=-51.2380+0.2693j
I | 06-13 03:37:38 |  train   | step=197, pmove=0.68, energy=-51.7639+0.0223j
I | 06-13 03:37:41 |  train   | step=198, pmove=0.68, energy=-51.4617+0.1754j
I | 06-13 03:37:44 |  train   | step=199, pmove=0.68, energy=-51.6988-0.5828j
I | 06-13 03:37:48 |  train   | step=200, pmove=0.65, energy=-51.9453-0.4323j
I | 06-13 03:37:51 |  train   | step=201, pmove=0.65, energy=-52.1315-0.0948j
I | 06-13 03:37:54 |  train   | step=202, pmove=0.65, energy=-52.6477-0.3076j
I | 06-13 03:37:57 |  train   | step=203, pmove=0.65, energy=-52.3441+0.2059j
I | 06-13 03:38:00 |  train   | step=204, pmove=0.65, energy=-52.8702-0.2499j
I | 06-13 03:38:03 |  train   | step=205, pmove=0.65, energy=-53.7309-0.3529j
I | 06-13 03:38:07 |  train   | step=206, pmove=0.65, energy=-53.5804-0.0480j
I | 06-13 03:38:10 |  train   | step=207, pmove=0.65, energy=-54.6087+0.4359j
I | 06-13 03:38:13 |  train   | step=208, pmove=0.65, energy=-54.1340+0.2321j
I | 06-13 03:38:16 |  train   | step=209, pmove=0.65, energy=-54.6597+0.2980j
I | 06-13 03:38:19 |  train   | step=210, pmove=0.65, energy=-55.0072-0.4383j
I | 06-13 03:38:22 |  train   | step=211, pmove=0.65, energy=-54.9562+0.0850j
I | 06-13 03:38:26 |  train   | step=212, pmove=0.65, energy=-55.3060-0.0683j
I | 06-13 03:38:29 |  train   | step=213, pmove=0.65, energy=-55.2348-0.4909j
I | 06-13 03:38:32 |  train   | step=214, pmove=0.65, energy=-56.1074-0.1386j
I | 06-13 03:38:35 |  train   | step=215, pmove=0.65, energy=-56.0508-0.4374j
I | 06-13 03:38:38 |  train   | step=216, pmove=0.65, energy=-56.3141-0.1021j
I | 06-13 03:38:42 |  train   | step=217, pmove=0.65, energy=-56.6979+0.0148j
I | 06-13 03:38:45 |  train   | step=218, pmove=0.65, energy=-56.4962+0.3018j
I | 06-13 03:38:48 |  train   | step=219, pmove=0.65, energy=-56.8420-0.1813j
I | 06-13 03:38:51 |  train   | step=220, pmove=0.65, energy=-57.2977+0.4117j
I | 06-13 03:38:54 |  train   | step=221, pmove=0.65, energy=-56.8628-0.1656j
I | 06-13 03:38:57 |  train   | step=222, pmove=0.65, energy=-57.1851+0.1635j
I | 06-13 03:39:01 |  train   | step=223, pmove=0.65, energy=-57.1590-0.2313j
I | 06-13 03:39:04 |  train   | step=224, pmove=0.65, energy=-57.4475-0.2785j
I | 06-13 03:39:07 |  train   | step=225, pmove=0.65, energy=-57.6969+0.1600j
I | 06-13 03:39:10 |  train   | step=226, pmove=0.65, energy=-58.0358-0.1227j
I | 06-13 03:39:13 |  train   | step=227, pmove=0.65, energy=-57.8888+0.4437j
I | 06-13 03:39:17 |  train   | step=228, pmove=0.64, energy=-58.5324+0.0121j
I | 06-13 03:39:20 |  train   | step=229, pmove=0.65, energy=-58.6922-0.0196j
I | 06-13 03:39:23 |  train   | step=230, pmove=0.65, energy=-58.9006-0.2726j
I | 06-13 03:39:26 |  train   | step=231, pmove=0.65, energy=-59.4468-0.0765j
I | 06-13 03:39:29 |  train   | step=232, pmove=0.65, energy=-59.7648-0.4645j
I | 06-13 03:39:32 |  train   | step=233, pmove=0.64, energy=-59.5278-0.3150j
I | 06-13 03:39:36 |  train   | step=234, pmove=0.65, energy=-59.8814+0.1243j
I | 06-13 03:39:39 |  train   | step=235, pmove=0.65, energy=-59.9730-0.0758j
I | 06-13 03:39:42 |  train   | step=236, pmove=0.64, energy=-60.4578+0.0837j
I | 06-13 03:39:45 |  train   | step=237, pmove=0.64, energy=-59.9898-0.0822j
I | 06-13 03:39:48 |  train   | step=238, pmove=0.64, energy=-60.9096-0.0136j
I | 06-13 03:39:51 |  train   | step=239, pmove=0.64, energy=-60.4996+0.3243j
I | 06-13 03:39:55 |  train   | step=240, pmove=0.64, energy=-61.3233+0.0897j
I | 06-13 03:39:58 |  train   | step=241, pmove=0.64, energy=-61.4537-0.3174j
I | 06-13 03:40:01 |  train   | step=242, pmove=0.64, energy=-61.5194-0.4287j
I | 06-13 03:40:04 |  train   | step=243, pmove=0.64, energy=-61.7908-0.0119j
I | 06-13 03:40:07 |  train   | step=244, pmove=0.64, energy=-61.2625+0.2662j
I | 06-13 03:40:11 |  train   | step=245, pmove=0.64, energy=-61.8184+0.2892j
I | 06-13 03:40:14 |  train   | step=246, pmove=0.64, energy=-61.9777-0.0395j
I | 06-13 03:40:17 |  train   | step=247, pmove=0.64, energy=-62.1121-0.1691j
I | 06-13 03:40:20 |  train   | step=248, pmove=0.64, energy=-62.2032+0.4235j
I | 06-13 03:40:23 |  train   | step=249, pmove=0.64, energy=-62.2777-0.3268j
I | 06-13 03:40:26 |  train   | step=250, pmove=0.63, energy=-62.5579+0.0577j
I | 06-13 03:40:30 |  train   | step=251, pmove=0.64, energy=-62.5827-0.0158j
I | 06-13 03:40:33 |  train   | step=252, pmove=0.63, energy=-62.8777-0.1588j
I | 06-13 03:40:36 |  train   | step=253, pmove=0.64, energy=-63.3362-0.2421j
I | 06-13 03:40:39 |  train   | step=254, pmove=0.64, energy=-63.3839-0.2125j
I | 06-13 03:40:42 |  train   | step=255, pmove=0.63, energy=-63.9845-0.0244j
I | 06-13 03:40:46 |  train   | step=256, pmove=0.63, energy=-64.1473+0.1292j
I | 06-13 03:40:49 |  train   | step=257, pmove=0.63, energy=-64.1247+0.4080j
I | 06-13 03:40:52 |  train   | step=258, pmove=0.63, energy=-64.0644-0.1263j
I | 06-13 03:40:55 |  train   | step=259, pmove=0.63, energy=-64.3624+0.3210j
I | 06-13 03:40:58 |  train   | step=260, pmove=0.63, energy=-64.3165-0.0401j
I | 06-13 03:41:01 |  train   | step=261, pmove=0.63, energy=-64.7657+0.0543j
I | 06-13 03:41:05 |  train   | step=262, pmove=0.63, energy=-64.9125+0.1071j
I | 06-13 03:41:08 |  train   | step=263, pmove=0.63, energy=-65.0470+0.0516j
I | 06-13 03:41:11 |  train   | step=264, pmove=0.63, energy=-65.0053+0.0211j
I | 06-13 03:41:14 |  train   | step=265, pmove=0.62, energy=-65.4840-0.2328j
I | 06-13 03:41:17 |  train   | step=266, pmove=0.62, energy=-65.7013+0.1165j
I | 06-13 03:41:20 |  train   | step=267, pmove=0.63, energy=-65.9377-0.1939j
I | 06-13 03:41:24 |  train   | step=268, pmove=0.62, energy=-66.6411-0.3509j
I | 06-13 03:41:27 |  train   | step=269, pmove=0.62, energy=-65.4999+0.0523j
I | 06-13 03:41:30 |  train   | step=270, pmove=0.62, energy=-66.5221-0.1339j
I | 06-13 03:41:33 |  train   | step=271, pmove=0.62, energy=-66.5792-0.3244j
I | 06-13 03:41:36 |  train   | step=272, pmove=0.62, energy=-66.3985+0.0436j
I | 06-13 03:41:40 |  train   | step=273, pmove=0.62, energy=-66.7638+0.2537j
I | 06-13 03:41:43 |  train   | step=274, pmove=0.62, energy=-66.7724-0.0668j
I | 06-13 03:41:46 |  train   | step=275, pmove=0.62, energy=-67.3584-0.3834j
I | 06-13 03:41:49 |  train   | step=276, pmove=0.62, energy=-67.1696-0.1700j
I | 06-13 03:41:52 |  train   | step=277, pmove=0.62, energy=-66.8770+0.1782j
I | 06-13 03:41:55 |  train   | step=278, pmove=0.62, energy=-67.3852-0.1908j
I | 06-13 03:41:59 |  train   | step=279, pmove=0.62, energy=-67.7428+0.0212j
I | 06-13 03:42:02 |  train   | step=280, pmove=0.61, energy=-67.7238+0.2071j
I | 06-13 03:42:05 |  train   | step=281, pmove=0.61, energy=-67.7054-0.0983j
I | 06-13 03:42:08 |  train   | step=282, pmove=0.62, energy=-68.0012+0.0664j
I | 06-13 03:42:11 |  train   | step=283, pmove=0.62, energy=-68.5508-0.0689j
I | 06-13 03:42:15 |  train   | step=284, pmove=0.61, energy=-68.4252+0.0300j
I | 06-13 03:42:18 |  train   | step=285, pmove=0.61, energy=-68.4877-0.1831j
I | 06-13 03:42:21 |  train   | step=286, pmove=0.61, energy=-68.5280+0.0025j
I | 06-13 03:42:24 |  train   | step=287, pmove=0.61, energy=-68.7160-0.0019j
I | 06-13 03:42:27 |  train   | step=288, pmove=0.61, energy=-68.9713+0.0031j
I | 06-13 03:42:30 |  train   | step=289, pmove=0.61, energy=-69.0085+0.1716j
I | 06-13 03:42:34 |  train   | step=290, pmove=0.61, energy=-69.6106+0.4418j
I | 06-13 03:42:37 |  train   | step=291, pmove=0.61, energy=-69.3256-0.0028j
I | 06-13 03:42:40 |  train   | step=292, pmove=0.61, energy=-70.0670-0.0670j
I | 06-13 03:42:43 |  train   | step=293, pmove=0.61, energy=-70.0852-0.0169j
I | 06-13 03:42:46 |  train   | step=294, pmove=0.61, energy=-69.7876-0.0258j
I | 06-13 03:42:49 |  train   | step=295, pmove=0.61, energy=-69.9696-0.1461j
I | 06-13 03:42:53 |  train   | step=296, pmove=0.61, energy=-69.9160-0.1602j
I | 06-13 03:42:56 |  train   | step=297, pmove=0.61, energy=-69.7653-0.0239j
I | 06-13 03:42:59 |  train   | step=298, pmove=0.61, energy=-70.2045+0.1708j
I | 06-13 03:43:02 |  train   | step=299, pmove=0.60, energy=-70.3736+0.1323j
I | 06-13 03:43:05 |  train   | step=300, pmove=0.57, energy=-71.0177+0.1491j
I | 06-13 03:43:09 |  train   | step=301, pmove=0.57, energy=-71.1036+0.0137j
I | 06-13 03:43:12 |  train   | step=302, pmove=0.57, energy=-70.9196+0.3699j
I | 06-13 03:43:15 |  train   | step=303, pmove=0.57, energy=-71.1324-0.3277j
I | 06-13 03:43:18 |  train   | step=304, pmove=0.57, energy=-71.4773+0.3311j
I | 06-13 03:43:21 |  train   | step=305, pmove=0.57, energy=-71.2498-0.1101j
I | 06-13 03:43:24 |  train   | step=306, pmove=0.57, energy=-71.8830-0.2019j
I | 06-13 03:43:28 |  train   | step=307, pmove=0.57, energy=-71.6227-0.0666j
I | 06-13 03:43:31 |  train   | step=308, pmove=0.57, energy=-72.2233-0.0335j
I | 06-13 03:43:34 |  train   | step=309, pmove=0.57, energy=-72.2674-0.1603j
I | 06-13 03:43:37 |  train   | step=310, pmove=0.57, energy=-72.2618+0.1956j
I | 06-13 03:43:40 |  train   | step=311, pmove=0.57, energy=-71.9000+0.3386j
I | 06-13 03:43:44 |  train   | step=312, pmove=0.57, energy=-71.7602+0.0267j
I | 06-13 03:43:47 |  train   | step=313, pmove=0.57, energy=-72.0521+0.5610j
I | 06-13 03:43:50 |  train   | step=314, pmove=0.57, energy=-72.6602+0.1834j
I | 06-13 03:43:53 |  train   | step=315, pmove=0.57, energy=-72.5233+0.3377j
I | 06-13 03:43:56 |  train   | step=316, pmove=0.57, energy=-72.7104+0.1904j
I | 06-13 03:43:59 |  train   | step=317, pmove=0.57, energy=-72.9662+0.1614j
I | 06-13 03:44:03 |  train   | step=318, pmove=0.57, energy=-73.0494-0.0177j
I | 06-13 03:44:06 |  train   | step=319, pmove=0.57, energy=-72.7129-0.1141j
I | 06-13 03:44:09 |  train   | step=320, pmove=0.56, energy=-72.8722-0.0899j
I | 06-13 03:44:12 |  train   | step=321, pmove=0.57, energy=-73.2285+0.1657j
I | 06-13 03:44:15 |  train   | step=322, pmove=0.57, energy=-73.5027+0.0023j
I | 06-13 03:44:18 |  train   | step=323, pmove=0.56, energy=-73.2867-0.0385j
I | 06-13 03:44:22 |  train   | step=324, pmove=0.57, energy=-73.7578-0.1030j
I | 06-13 03:44:25 |  train   | step=325, pmove=0.56, energy=-73.4595-0.0349j
I | 06-13 03:44:28 |  train   | step=326, pmove=0.56, energy=-73.8355+0.0037j
I | 06-13 03:44:31 |  train   | step=327, pmove=0.56, energy=-73.6225+0.1266j
I | 06-13 03:44:34 |  train   | step=328, pmove=0.56, energy=-74.0955-0.0452j
I | 06-13 03:44:38 |  train   | step=329, pmove=0.56, energy=-73.9904+0.1173j
I | 06-13 03:44:41 |  train   | step=330, pmove=0.56, energy=-74.5704+0.0418j
I | 06-13 03:44:44 |  train   | step=331, pmove=0.56, energy=-73.9614+0.2080j
I | 06-13 03:44:47 |  train   | step=332, pmove=0.56, energy=-74.6682+0.2242j
I | 06-13 03:44:50 |  train   | step=333, pmove=0.56, energy=-74.1181-0.0062j
I | 06-13 03:44:53 |  train   | step=334, pmove=0.56, energy=-74.6746+0.0287j
I | 06-13 03:44:57 |  train   | step=335, pmove=0.56, energy=-74.6417-0.2581j
I | 06-13 03:45:00 |  train   | step=336, pmove=0.56, energy=-74.7728-0.1357j
I | 06-13 03:45:03 |  train   | step=337, pmove=0.56, energy=-74.6889-0.0416j
I | 06-13 03:45:06 |  train   | step=338, pmove=0.56, energy=-75.0027-0.0530j
I | 06-13 03:45:09 |  train   | step=339, pmove=0.56, energy=-75.0002+0.1571j
I | 06-13 03:45:13 |  train   | step=340, pmove=0.56, energy=-75.5105+0.0311j
I | 06-13 03:45:16 |  train   | step=341, pmove=0.56, energy=-74.9020+0.1120j
I | 06-13 03:45:19 |  train   | step=342, pmove=0.56, energy=-75.0724+0.1591j
I | 06-13 03:45:22 |  train   | step=343, pmove=0.56, energy=-75.4715-0.0244j
I | 06-13 03:45:25 |  train   | step=344, pmove=0.55, energy=-75.5075-0.1155j
I | 06-13 03:45:28 |  train   | step=345, pmove=0.55, energy=-76.0364+0.0456j
I | 06-13 03:45:32 |  train   | step=346, pmove=0.56, energy=-75.7282+0.0600j
I | 06-13 03:45:35 |  train   | step=347, pmove=0.56, energy=-75.6595-0.2739j
I | 06-13 03:45:38 |  train   | step=348, pmove=0.56, energy=-75.7679+0.0480j
I | 06-13 03:45:41 |  train   | step=349, pmove=0.56, energy=-75.9127-0.1754j
I | 06-13 03:45:44 |  train   | step=350, pmove=0.55, energy=-76.0792-0.0543j
I | 06-13 03:45:47 |  train   | step=351, pmove=0.55, energy=-76.0477+0.0386j
I | 06-13 03:45:51 |  train   | step=352, pmove=0.56, energy=-76.1410-0.0623j
I | 06-13 03:45:54 |  train   | step=353, pmove=0.56, energy=-76.0722-0.0122j
I | 06-13 03:45:57 |  train   | step=354, pmove=0.56, energy=-76.3005-0.1851j
I | 06-13 03:46:00 |  train   | step=355, pmove=0.55, energy=-76.5751+0.1319j
I | 06-13 03:46:03 |  train   | step=356, pmove=0.56, energy=-76.4756+0.1953j
I | 06-13 03:46:07 |  train   | step=357, pmove=0.55, energy=-76.3917+0.2089j
I | 06-13 03:46:10 |  train   | step=358, pmove=0.55, energy=-76.5034+0.0826j
I | 06-13 03:46:13 |  train   | step=359, pmove=0.56, energy=-76.7946+0.0559j
I | 06-13 03:46:16 |  train   | step=360, pmove=0.55, energy=-76.9476-0.2773j
I | 06-13 03:46:19 |  train   | step=361, pmove=0.55, energy=-76.7322+0.0179j
I | 06-13 03:46:22 |  train   | step=362, pmove=0.55, energy=-76.9980+0.2059j
I | 06-13 03:46:26 |  train   | step=363, pmove=0.55, energy=-77.1754-0.0849j
I | 06-13 03:46:29 |  train   | step=364, pmove=0.55, energy=-77.5969-0.0549j
I | 06-13 03:46:32 |  train   | step=365, pmove=0.55, energy=-77.4014+0.1217j
I | 06-13 03:46:35 |  train   | step=366, pmove=0.56, energy=-77.3682-0.1167j
I | 06-13 03:46:38 |  train   | step=367, pmove=0.55, energy=-77.5962+0.2456j
I | 06-13 03:46:42 |  train   | step=368, pmove=0.55, energy=-78.1717-0.0139j
I | 06-13 03:46:45 |  train   | step=369, pmove=0.55, energy=-78.1588+0.0960j
I | 06-13 03:46:48 |  train   | step=370, pmove=0.55, energy=-77.9060+0.0939j
I | 06-13 03:46:51 |  train   | step=371, pmove=0.55, energy=-78.0904+0.1152j
I | 06-13 03:46:54 |  train   | step=372, pmove=0.55, energy=-78.1507-0.1437j
I | 06-13 03:46:57 |  train   | step=373, pmove=0.55, energy=-78.0114+0.2566j
I | 06-13 03:47:01 |  train   | step=374, pmove=0.55, energy=-78.0564+0.0554j
I | 06-13 03:47:04 |  train   | step=375, pmove=0.55, energy=-78.2247+0.1423j
I | 06-13 03:47:07 |  train   | step=376, pmove=0.55, energy=-77.9923+0.0512j
I | 06-13 03:47:10 |  train   | step=377, pmove=0.55, energy=-78.6657+0.0190j
I | 06-13 03:47:13 |  train   | step=378, pmove=0.55, energy=-78.3261+0.2506j
I | 06-13 03:47:17 |  train   | step=379, pmove=0.54, energy=-78.4044+0.0609j
I | 06-13 03:47:20 |  train   | step=380, pmove=0.55, energy=-78.6507-0.0157j
I | 06-13 03:47:23 |  train   | step=381, pmove=0.55, energy=-78.7789-0.0169j
I | 06-13 03:47:26 |  train   | step=382, pmove=0.55, energy=-78.8276-0.0795j
I | 06-13 03:47:29 |  train   | step=383, pmove=0.55, energy=-78.7175+0.2073j
I | 06-13 03:47:32 |  train   | step=384, pmove=0.55, energy=-79.1360+0.0278j
I | 06-13 03:47:36 |  train   | step=385, pmove=0.55, energy=-79.2792+0.0936j
I | 06-13 03:47:39 |  train   | step=386, pmove=0.55, energy=-78.9764+0.1593j
I | 06-13 03:47:42 |  train   | step=387, pmove=0.55, energy=-79.1245-0.1664j
I | 06-13 03:47:45 |  train   | step=388, pmove=0.55, energy=-79.4791+0.2394j
I | 06-13 03:47:48 |  train   | step=389, pmove=0.54, energy=-79.2612+0.0864j
I | 06-13 03:47:51 |  train   | step=390, pmove=0.54, energy=-79.5961-0.0835j
I | 06-13 03:47:55 |  train   | step=391, pmove=0.55, energy=-79.7956-0.1498j
I | 06-13 03:47:58 |  train   | step=392, pmove=0.55, energy=-79.4641-0.0129j
I | 06-13 03:48:01 |  train   | step=393, pmove=0.54, energy=-79.8978-0.0498j
I | 06-13 03:48:04 |  train   | step=394, pmove=0.55, energy=-79.6520-0.1214j
I | 06-13 03:48:07 |  train   | step=395, pmove=0.55, energy=-79.7146+0.1850j
I | 06-13 03:48:11 |  train   | step=396, pmove=0.55, energy=-80.0935+0.0336j
I | 06-13 03:48:14 |  train   | step=397, pmove=0.55, energy=-79.9990+0.0275j
I | 06-13 03:48:17 |  train   | step=398, pmove=0.54, energy=-80.2915-0.1136j
I | 06-13 03:48:20 |  train   | step=399, pmove=0.55, energy=-79.8270-0.0657j
I | 06-13 03:48:23 |  train   | step=400, pmove=0.50, energy=-80.0733-0.2688j
I | 06-13 03:48:26 |  train   | step=401, pmove=0.50, energy=-80.1698-0.1048j
I | 06-13 03:48:30 |  train   | step=402, pmove=0.51, energy=-80.2091+0.1729j
I | 06-13 03:48:33 |  train   | step=403, pmove=0.51, energy=-80.1282+0.0660j
I | 06-13 03:48:36 |  train   | step=404, pmove=0.51, energy=-80.3145+0.0751j
I | 06-13 03:48:39 |  train   | step=405, pmove=0.51, energy=-80.4532+0.0407j
I | 06-13 03:48:42 |  train   | step=406, pmove=0.50, energy=-80.6006-0.0420j
I | 06-13 03:48:46 |  train   | step=407, pmove=0.50, energy=-80.5823-0.1275j
I | 06-13 03:48:49 |  train   | step=408, pmove=0.50, energy=-80.7713+0.0295j
I | 06-13 03:48:52 |  train   | step=409, pmove=0.50, energy=-80.7245-0.0672j
I | 06-13 03:48:55 |  train   | step=410, pmove=0.50, energy=-80.8126+0.1515j
I | 06-13 03:48:58 |  train   | step=411, pmove=0.50, energy=-80.8883+0.0040j
I | 06-13 03:49:01 |  train   | step=412, pmove=0.50, energy=-80.9662-0.0017j
I | 06-13 03:49:05 |  train   | step=413, pmove=0.50, energy=-81.0450-0.0389j
I | 06-13 03:49:08 |  train   | step=414, pmove=0.50, energy=-81.1918+0.0900j
I | 06-13 03:49:11 |  train   | step=415, pmove=0.50, energy=-81.0013-0.0055j
I | 06-13 03:49:14 |  train   | step=416, pmove=0.50, energy=-81.4403-0.0064j
I | 06-13 03:49:17 |  train   | step=417, pmove=0.50, energy=-81.1480-0.1207j
I | 06-13 03:49:20 |  train   | step=418, pmove=0.50, energy=-81.6057+0.1470j
I | 06-13 03:49:24 |  train   | step=419, pmove=0.50, energy=-81.6865+0.0908j
I | 06-13 03:49:27 |  train   | step=420, pmove=0.50, energy=-81.9478+0.0920j
I | 06-13 03:49:30 |  train   | step=421, pmove=0.50, energy=-81.7045-0.1118j
I | 06-13 03:49:33 |  train   | step=422, pmove=0.50, energy=-81.9709+0.0598j
I | 06-13 03:49:36 |  train   | step=423, pmove=0.50, energy=-81.6893+0.0078j
I | 06-13 03:49:40 |  train   | step=424, pmove=0.50, energy=-81.7265+0.0297j
I | 06-13 03:49:43 |  train   | step=425, pmove=0.50, energy=-81.9229-0.1193j
I | 06-13 03:49:46 |  train   | step=426, pmove=0.50, energy=-82.0932-0.0819j
I | 06-13 03:49:49 |  train   | step=427, pmove=0.50, energy=-82.1572+0.0301j
I | 06-13 03:49:52 |  train   | step=428, pmove=0.50, energy=-82.6103+0.0822j
I | 06-13 03:49:55 |  train   | step=429, pmove=0.50, energy=-82.1915+0.1261j
I | 06-13 03:49:59 |  train   | step=430, pmove=0.50, energy=-82.3199-0.1721j
I | 06-13 03:50:02 |  train   | step=431, pmove=0.50, energy=-82.4699-0.1309j
I | 06-13 03:50:05 |  train   | step=432, pmove=0.50, energy=-82.4157-0.0184j
I | 06-13 03:50:08 |  train   | step=433, pmove=0.50, energy=-82.5936+0.0898j
I | 06-13 03:50:11 |  train   | step=434, pmove=0.49, energy=-82.7919+0.0577j
I | 06-13 03:50:15 |  train   | step=435, pmove=0.50, energy=-82.7669+0.0088j
I | 06-13 03:50:18 |  train   | step=436, pmove=0.50, energy=-82.7365-0.0164j
I | 06-13 03:50:21 |  train   | step=437, pmove=0.50, energy=-82.6810-0.0818j
I | 06-13 03:50:24 |  train   | step=438, pmove=0.49, energy=-82.9461+0.1194j
I | 06-13 03:50:27 |  train   | step=439, pmove=0.50, energy=-82.5902-0.0384j
I | 06-13 03:50:30 |  train   | step=440, pmove=0.50, energy=-82.8199-0.0932j
I | 06-13 03:50:34 |  train   | step=441, pmove=0.50, energy=-83.0507+0.0164j
I | 06-13 03:50:37 |  train   | step=442, pmove=0.50, energy=-82.9870+0.1288j
I | 06-13 03:50:40 |  train   | step=443, pmove=0.50, energy=-83.1131+0.0107j
I | 06-13 03:50:43 |  train   | step=444, pmove=0.50, energy=-83.3572-0.0111j
I | 06-13 03:50:46 |  train   | step=445, pmove=0.50, energy=-83.2626+0.0359j
I | 06-13 03:50:49 |  train   | step=446, pmove=0.50, energy=-82.9435+0.0589j
I | 06-13 03:50:53 |  train   | step=447, pmove=0.50, energy=-83.0974-0.0056j
I | 06-13 03:50:56 |  train   | step=448, pmove=0.49, energy=-83.5457-0.0348j
I | 06-13 03:50:59 |  train   | step=449, pmove=0.49, energy=-83.2676-0.0749j
I | 06-13 03:51:02 |  train   | step=450, pmove=0.50, energy=-83.5865+0.1260j
I | 06-13 03:51:05 |  train   | step=451, pmove=0.49, energy=-83.7735+0.0779j
I | 06-13 03:51:09 |  train   | step=452, pmove=0.49, energy=-83.3605-0.1500j
I | 06-13 03:51:12 |  train   | step=453, pmove=0.50, energy=-83.6017+0.0425j
I | 06-13 03:51:15 |  train   | step=454, pmove=0.49, energy=-83.8084-0.1332j
I | 06-13 03:51:18 |  train   | step=455, pmove=0.49, energy=-83.7026+0.0957j
I | 06-13 03:51:21 |  train   | step=456, pmove=0.50, energy=-83.6964-0.0318j
I | 06-13 03:51:24 |  train   | step=457, pmove=0.49, energy=-83.8877+0.0663j
I | 06-13 03:51:28 |  train   | step=458, pmove=0.49, energy=-83.5922+0.2580j
I | 06-13 03:51:31 |  train   | step=459, pmove=0.49, energy=-83.8146-0.1208j
I | 06-13 03:51:34 |  train   | step=460, pmove=0.49, energy=-83.9051-0.0254j
I | 06-13 03:51:37 |  train   | step=461, pmove=0.50, energy=-83.9440+0.0725j
I | 06-13 03:51:40 |  train   | step=462, pmove=0.50, energy=-83.8522+0.2535j
I | 06-13 03:51:44 |  train   | step=463, pmove=0.49, energy=-84.2578+0.0838j
I | 06-13 03:51:47 |  train   | step=464, pmove=0.49, energy=-84.1481+0.3331j
I | 06-13 03:51:50 |  train   | step=465, pmove=0.49, energy=-84.0792-0.0979j
I | 06-13 03:51:53 |  train   | step=466, pmove=0.50, energy=-84.2803+0.0623j
I | 06-13 03:51:56 |  train   | step=467, pmove=0.49, energy=-84.2966+0.0920j
I | 06-13 03:51:59 |  train   | step=468, pmove=0.49, energy=-84.3777-0.2525j
I | 06-13 03:52:03 |  train   | step=469, pmove=0.49, energy=-84.2870+0.0853j
I | 06-13 03:52:06 |  train   | step=470, pmove=0.49, energy=-84.3397-0.1436j
I | 06-13 03:52:09 |  train   | step=471, pmove=0.50, energy=-84.6072-0.0915j
I | 06-13 03:52:12 |  train   | step=472, pmove=0.49, energy=-84.4564+0.0226j
I | 06-13 03:52:15 |  train   | step=473, pmove=0.49, energy=-84.3506+0.1125j
I | 06-13 03:52:18 |  train   | step=474, pmove=0.49, energy=-84.4344+0.0150j
I | 06-13 03:52:22 |  train   | step=475, pmove=0.49, energy=-84.2156-0.1232j
I | 06-13 03:52:25 |  train   | step=476, pmove=0.49, energy=-84.4438+0.0462j
I | 06-13 03:52:28 |  train   | step=477, pmove=0.49, energy=-84.6328+0.0893j
I | 06-13 03:52:31 |  train   | step=478, pmove=0.49, energy=-84.7707-0.0020j
I | 06-13 03:52:34 |  train   | step=479, pmove=0.49, energy=-84.9774-0.0181j
I | 06-13 03:52:38 |  train   | step=480, pmove=0.49, energy=-84.9954-0.0347j
I | 06-13 03:52:41 |  train   | step=481, pmove=0.49, energy=-85.0341-0.0282j
I | 06-13 03:52:44 |  train   | step=482, pmove=0.49, energy=-84.8216-0.0149j
I | 06-13 03:52:47 |  train   | step=483, pmove=0.49, energy=-85.1416+0.0758j
I | 06-13 03:52:50 |  train   | step=484, pmove=0.49, energy=-85.0537-0.0274j
I | 06-13 03:52:53 |  train   | step=485, pmove=0.49, energy=-84.9811+0.1854j
I | 06-13 03:52:57 |  train   | step=486, pmove=0.49, energy=-85.0653+0.0868j
I | 06-13 03:53:00 |  train   | step=487, pmove=0.49, energy=-85.3152-0.0962j
I | 06-13 03:53:03 |  train   | step=488, pmove=0.49, energy=-85.3625+0.0773j
I | 06-13 03:53:06 |  train   | step=489, pmove=0.49, energy=-85.3527+0.0367j
I | 06-13 03:53:09 |  train   | step=490, pmove=0.49, energy=-85.3483-0.0903j
I | 06-13 03:53:13 |  train   | step=491, pmove=0.49, energy=-85.3435+0.0139j
I | 06-13 03:53:16 |  train   | step=492, pmove=0.48, energy=-85.2535-0.0020j
I | 06-13 03:53:19 |  train   | step=493, pmove=0.49, energy=-85.3514+0.0794j
I | 06-13 03:53:22 |  train   | step=494, pmove=0.49, energy=-85.6902+0.0277j
I | 06-13 03:53:25 |  train   | step=495, pmove=0.49, energy=-85.5972-0.0658j
I | 06-13 03:53:28 |  train   | step=496, pmove=0.49, energy=-85.7111-0.0362j
I | 06-13 03:53:32 |  train   | step=497, pmove=0.48, energy=-85.2696+0.2333j
I | 06-13 03:53:35 |  train   | step=498, pmove=0.49, energy=-85.5560-0.2015j
I | 06-13 03:53:38 |  train   | step=499, pmove=0.49, energy=-85.4625-0.0597j
I | 06-13 03:53:41 |  train   | step=500, pmove=0.53, energy=-85.5074-0.0823j
I | 06-13 03:53:44 |  train   | step=501, pmove=0.52, energy=-85.5182-0.1325j
I | 06-13 03:53:47 |  train   | step=502, pmove=0.52, energy=-85.6307-0.1348j
I | 06-13 03:53:51 |  train   | step=503, pmove=0.53, energy=-85.9379-0.1116j
I | 06-13 03:53:54 |  train   | step=504, pmove=0.53, energy=-85.5423+0.0811j
I | 06-13 03:53:57 |  train   | step=505, pmove=0.53, energy=-85.8133+0.2149j
I | 06-13 03:54:00 |  train   | step=506, pmove=0.52, energy=-85.7613-0.0177j
I | 06-13 03:54:03 |  train   | step=507, pmove=0.53, energy=-85.6085+0.0722j
I | 06-13 03:54:07 |  train   | step=508, pmove=0.53, energy=-85.6473-0.2473j
I | 06-13 03:54:10 |  train   | step=509, pmove=0.53, energy=-85.8976+0.1775j
I | 06-13 03:54:13 |  train   | step=510, pmove=0.52, energy=-85.7914-0.1362j
I | 06-13 03:54:16 |  train   | step=511, pmove=0.53, energy=-85.9615+0.1572j
I | 06-13 03:54:19 |  train   | step=512, pmove=0.52, energy=-86.2118-0.0388j
I | 06-13 03:54:22 |  train   | step=513, pmove=0.53, energy=-86.1804-0.0395j
I | 06-13 03:54:26 |  train   | step=514, pmove=0.53, energy=-86.2607-0.0845j
I | 06-13 03:54:29 |  train   | step=515, pmove=0.53, energy=-86.0704-0.0001j
I | 06-13 03:54:32 |  train   | step=516, pmove=0.53, energy=-86.3017+0.0203j
I | 06-13 03:54:35 |  train   | step=517, pmove=0.52, energy=-86.3124+0.0035j
I | 06-13 03:54:38 |  train   | step=518, pmove=0.52, energy=-86.2816-0.0137j
I | 06-13 03:54:42 |  train   | step=519, pmove=0.52, energy=-86.2195-0.0886j
I | 06-13 03:54:45 |  train   | step=520, pmove=0.52, energy=-86.1445+0.0982j
I | 06-13 03:54:48 |  train   | step=521, pmove=0.52, energy=-86.1295-0.0324j
I | 06-13 03:54:51 |  train   | step=522, pmove=0.53, energy=-86.2300-0.0227j
I | 06-13 03:54:54 |  train   | step=523, pmove=0.52, energy=-86.5233+0.0752j
I | 06-13 03:54:57 |  train   | step=524, pmove=0.52, energy=-86.4303+0.1414j
I | 06-13 03:55:01 |  train   | step=525, pmove=0.52, energy=-86.5599+0.1121j
I | 06-13 03:55:04 |  train   | step=526, pmove=0.52, energy=-86.8316+0.1813j
I | 06-13 03:55:07 |  train   | step=527, pmove=0.52, energy=-86.4660-0.0587j
I | 06-13 03:55:10 |  train   | step=528, pmove=0.52, energy=-86.8992+0.0343j
I | 06-13 03:55:13 |  train   | step=529, pmove=0.52, energy=-86.5652-0.0439j
I | 06-13 03:55:16 |  train   | step=530, pmove=0.52, energy=-86.6416-0.0708j
I | 06-13 03:55:20 |  train   | step=531, pmove=0.52, energy=-86.8471+0.0316j
I | 06-13 03:55:23 |  train   | step=532, pmove=0.52, energy=-86.6205+0.0542j
I | 06-13 03:55:26 |  train   | step=533, pmove=0.52, energy=-86.7710-0.1214j
I | 06-13 03:55:29 |  train   | step=534, pmove=0.52, energy=-86.8732-0.0497j
I | 06-13 03:55:32 |  train   | step=535, pmove=0.52, energy=-86.7986+0.0291j
I | 06-13 03:55:36 |  train   | step=536, pmove=0.52, energy=-86.9861-0.0398j
I | 06-13 03:55:39 |  train   | step=537, pmove=0.52, energy=-86.7793+0.1234j
I | 06-13 03:55:42 |  train   | step=538, pmove=0.52, energy=-86.7843-0.0093j
I | 06-13 03:55:45 |  train   | step=539, pmove=0.53, energy=-87.0163+0.0300j
I | 06-13 03:55:48 |  train   | step=540, pmove=0.52, energy=-86.9387+0.0042j
I | 06-13 03:55:51 |  train   | step=541, pmove=0.52, energy=-86.9727+0.0082j
I | 06-13 03:55:55 |  train   | step=542, pmove=0.52, energy=-87.1771-0.0628j
I | 06-13 03:55:58 |  train   | step=543, pmove=0.52, energy=-87.0062+0.2127j
I | 06-13 03:56:01 |  train   | step=544, pmove=0.52, energy=-87.0998-0.1074j
I | 06-13 03:56:04 |  train   | step=545, pmove=0.52, energy=-86.9740-0.0264j
I | 06-13 03:56:07 |  train   | step=546, pmove=0.52, energy=-86.9260+0.0428j
I | 06-13 03:56:11 |  train   | step=547, pmove=0.52, energy=-86.9545-0.0656j
I | 06-13 03:56:14 |  train   | step=548, pmove=0.52, energy=-87.1069-0.0492j
I | 06-13 03:56:17 |  train   | step=549, pmove=0.53, energy=-87.2442+0.1318j
I | 06-13 03:56:20 |  train   | step=550, pmove=0.52, energy=-87.4099-0.0869j
I | 06-13 03:56:23 |  train   | step=551, pmove=0.52, energy=-87.2667+0.0186j
I | 06-13 03:56:26 |  train   | step=552, pmove=0.52, energy=-87.3418-0.0637j
I | 06-13 03:56:30 |  train   | step=553, pmove=0.52, energy=-87.3363-0.1313j
I | 06-13 03:56:33 |  train   | step=554, pmove=0.52, energy=-87.1058-0.0467j
I | 06-13 03:56:36 |  train   | step=555, pmove=0.52, energy=-87.4415+0.0840j
I | 06-13 03:56:39 |  train   | step=556, pmove=0.52, energy=-87.4506+0.0644j
I | 06-13 03:56:42 |  train   | step=557, pmove=0.52, energy=-87.1564-0.0039j
I | 06-13 03:56:45 |  train   | step=558, pmove=0.52, energy=-87.4263+0.1736j
I | 06-13 03:56:49 |  train   | step=559, pmove=0.52, energy=-87.3452+0.0949j
I | 06-13 03:56:52 |  train   | step=560, pmove=0.52, energy=-87.7475+0.0705j
I | 06-13 03:56:55 |  train   | step=561, pmove=0.52, energy=-87.3034+0.0536j
I | 06-13 03:56:58 |  train   | step=562, pmove=0.53, energy=-87.4909+0.0431j
I | 06-13 03:57:01 |  train   | step=563, pmove=0.52, energy=-87.8403+0.1655j
I | 06-13 03:57:05 |  train   | step=564, pmove=0.52, energy=-87.4301+0.0965j
I | 06-13 03:57:08 |  train   | step=565, pmove=0.52, energy=-87.6049-0.0494j
I | 06-13 03:57:11 |  train   | step=566, pmove=0.52, energy=-87.8423-0.0129j
I | 06-13 03:57:14 |  train   | step=567, pmove=0.52, energy=-87.8310+0.0586j
I | 06-13 03:57:17 |  train   | step=568, pmove=0.52, energy=-87.5987+0.0006j
I | 06-13 03:57:20 |  train   | step=569, pmove=0.52, energy=-87.7331-0.0157j
I | 06-13 03:57:24 |  train   | step=570, pmove=0.52, energy=-87.8604+0.2255j
I | 06-13 03:57:27 |  train   | step=571, pmove=0.52, energy=-87.9490-0.0286j
I | 06-13 03:57:30 |  train   | step=572, pmove=0.52, energy=-87.9563-0.0390j
I | 06-13 03:57:33 |  train   | step=573, pmove=0.52, energy=-88.1605+0.1097j
I | 06-13 03:57:36 |  train   | step=574, pmove=0.52, energy=-87.9255+0.0162j
I | 06-13 03:57:40 |  train   | step=575, pmove=0.52, energy=-88.0413+0.0228j
I | 06-13 03:57:43 |  train   | step=576, pmove=0.52, energy=-88.1174-0.0984j
I | 06-13 03:57:46 |  train   | step=577, pmove=0.52, energy=-88.1054-0.0318j
I | 06-13 03:57:49 |  train   | step=578, pmove=0.52, energy=-88.0721-0.0614j
I | 06-13 03:57:52 |  train   | step=579, pmove=0.51, energy=-88.0216+0.0722j
I | 06-13 03:57:55 |  train   | step=580, pmove=0.52, energy=-88.1841+0.0134j
I | 06-13 03:57:59 |  train   | step=581, pmove=0.52, energy=-88.0113-0.0409j
I | 06-13 03:58:02 |  train   | step=582, pmove=0.52, energy=-88.2527+0.1095j
I | 06-13 03:58:05 |  train   | step=583, pmove=0.52, energy=-88.1799+0.0869j
I | 06-13 03:58:08 |  train   | step=584, pmove=0.51, energy=-88.1972-0.0565j
I | 06-13 03:58:11 |  train   | step=585, pmove=0.52, energy=-88.3251-0.1538j
I | 06-13 03:58:14 |  train   | step=586, pmove=0.52, energy=-88.5695-0.0060j
I | 06-13 03:58:18 |  train   | step=587, pmove=0.52, energy=-88.4367-0.0654j
I | 06-13 03:58:21 |  train   | step=588, pmove=0.52, energy=-88.3571-0.0180j
I | 06-13 03:58:24 |  train   | step=589, pmove=0.51, energy=-88.3414+0.0688j
I | 06-13 03:58:27 |  train   | step=590, pmove=0.52, energy=-88.4222-0.0737j
I | 06-13 03:58:30 |  train   | step=591, pmove=0.51, energy=-88.2614-0.0798j
I | 06-13 03:58:34 |  train   | step=592, pmove=0.52, energy=-88.3494-0.0849j
I | 06-13 03:58:37 |  train   | step=593, pmove=0.51, energy=-88.3069-0.0157j
I | 06-13 03:58:40 |  train   | step=594, pmove=0.52, energy=-88.4603-0.1432j
I | 06-13 03:58:43 |  train   | step=595, pmove=0.51, energy=-88.6075+0.0943j
I | 06-13 03:58:46 |  train   | step=596, pmove=0.52, energy=-88.4758+0.1185j
I | 06-13 03:58:49 |  train   | step=597, pmove=0.52, energy=-88.7846+0.0877j
I | 06-13 03:58:53 |  train   | step=598, pmove=0.52, energy=-88.6190-0.0638j
I | 06-13 03:58:56 |  train   | step=599, pmove=0.52, energy=-88.7797-0.1392j
I | 06-13 03:58:59 |  train   | step=600, pmove=0.52, energy=-88.5501-0.1442j
I | 06-13 03:59:02 |  train   | step=601, pmove=0.51, energy=-88.6662-0.0539j
I | 06-13 03:59:05 |  train   | step=602, pmove=0.52, energy=-88.7808-0.0660j
I | 06-13 03:59:09 |  train   | step=603, pmove=0.52, energy=-88.6364+0.0073j
I | 06-13 03:59:12 |  train   | step=604, pmove=0.52, energy=-88.9339-0.0905j
I | 06-13 03:59:15 |  train   | step=605, pmove=0.52, energy=-88.9624+0.0560j
I | 06-13 03:59:18 |  train   | step=606, pmove=0.51, energy=-88.8537+0.1898j
I | 06-13 03:59:21 |  train   | step=607, pmove=0.52, energy=-88.8534-0.1334j
I | 06-13 03:59:24 |  train   | step=608, pmove=0.52, energy=-88.8641+0.1915j
I | 06-13 03:59:28 |  train   | step=609, pmove=0.52, energy=-89.2499-0.0712j
I | 06-13 03:59:31 |  train   | step=610, pmove=0.52, energy=-89.1520-0.0893j
I | 06-13 03:59:34 |  train   | step=611, pmove=0.52, energy=-88.8986-0.0888j
I | 06-13 03:59:37 |  train   | step=612, pmove=0.52, energy=-89.1449-0.1462j
I | 06-13 03:59:40 |  train   | step=613, pmove=0.52, energy=-89.0363-0.0632j
I | 06-13 03:59:43 |  train   | step=614, pmove=0.51, energy=-89.0735-0.0392j
I | 06-13 03:59:47 |  train   | step=615, pmove=0.51, energy=-89.1169-0.0772j
I | 06-13 03:59:50 |  train   | step=616, pmove=0.51, energy=-89.0551+0.0098j
I | 06-13 03:59:53 |  train   | step=617, pmove=0.51, energy=-89.0367+0.1222j
I | 06-13 03:59:56 |  train   | step=618, pmove=0.51, energy=-89.1039+0.0039j
I | 06-13 03:59:59 |  train   | step=619, pmove=0.51, energy=-89.1579+0.0742j
I | 06-13 04:00:03 |  train   | step=620, pmove=0.52, energy=-89.0662+0.0116j
I | 06-13 04:00:06 |  train   | step=621, pmove=0.52, energy=-88.9406+0.0018j
I | 06-13 04:00:09 |  train   | step=622, pmove=0.52, energy=-89.2000+0.0300j
I | 06-13 04:00:12 |  train   | step=623, pmove=0.51, energy=-89.4460+0.0260j
I | 06-13 04:00:15 |  train   | step=624, pmove=0.52, energy=-89.3301-0.2156j
I | 06-13 04:00:18 |  train   | step=625, pmove=0.51, energy=-89.2823+0.0718j
I | 06-13 04:00:22 |  train   | step=626, pmove=0.51, energy=-89.1204+0.0185j
I | 06-13 04:00:25 |  train   | step=627, pmove=0.52, energy=-89.2554+0.0243j
I | 06-13 04:00:28 |  train   | step=628, pmove=0.52, energy=-89.5107-0.0021j
I | 06-13 04:00:31 |  train   | step=629, pmove=0.52, energy=-89.3985-0.0146j
I | 06-13 04:00:34 |  train   | step=630, pmove=0.51, energy=-89.4451+0.0120j
I | 06-13 04:00:38 |  train   | step=631, pmove=0.51, energy=-89.5349-0.0325j
I | 06-13 04:00:41 |  train   | step=632, pmove=0.52, energy=-89.3675+0.0178j
I | 06-13 04:00:44 |  train   | step=633, pmove=0.51, energy=-89.4401+0.1562j
I | 06-13 04:00:47 |  train   | step=634, pmove=0.51, energy=-89.2537+0.2010j
I | 06-13 04:00:50 |  train   | step=635, pmove=0.51, energy=-89.5603+0.0273j
I | 06-13 04:00:53 |  train   | step=636, pmove=0.52, energy=-89.3834-0.0104j
I | 06-13 04:00:57 |  train   | step=637, pmove=0.51, energy=-89.4428-0.0766j
I | 06-13 04:01:00 |  train   | step=638, pmove=0.52, energy=-89.5004-0.0278j
I | 06-13 04:01:03 |  train   | step=639, pmove=0.51, energy=-89.5794+0.0303j
I | 06-13 04:01:06 |  train   | step=640, pmove=0.51, energy=-89.6281+0.0953j
I | 06-13 04:01:09 |  train   | step=641, pmove=0.52, energy=-89.6348-0.0026j
I | 06-13 04:01:12 |  train   | step=642, pmove=0.51, energy=-89.8009-0.0022j
I | 06-13 04:01:16 |  train   | step=643, pmove=0.51, energy=-89.8901+0.1545j
I | 06-13 04:01:19 |  train   | step=644, pmove=0.52, energy=-89.5512+0.1296j
I | 06-13 04:01:22 |  train   | step=645, pmove=0.52, energy=-89.5751+0.1730j
I | 06-13 04:01:25 |  train   | step=646, pmove=0.51, energy=-89.7682+0.0064j
I | 06-13 04:01:28 |  train   | step=647, pmove=0.51, energy=-89.7040-0.0471j
I | 06-13 04:01:32 |  train   | step=648, pmove=0.51, energy=-89.8397+0.1211j
I | 06-13 04:01:35 |  train   | step=649, pmove=0.51, energy=-89.8714+0.0136j
I | 06-13 04:01:38 |  train   | step=650, pmove=0.51, energy=-90.0023+0.0923j
I | 06-13 04:01:41 |  train   | step=651, pmove=0.51, energy=-89.7997-0.0214j
I | 06-13 04:01:44 |  train   | step=652, pmove=0.51, energy=-89.7179+0.0755j
I | 06-13 04:01:47 |  train   | step=653, pmove=0.51, energy=-89.9156+0.0414j
I | 06-13 04:01:51 |  train   | step=654, pmove=0.51, energy=-89.8198+0.0986j
I | 06-13 04:01:54 |  train   | step=655, pmove=0.51, energy=-89.6871+0.0581j
I | 06-13 04:01:57 |  train   | step=656, pmove=0.51, energy=-89.8780+0.0380j
I | 06-13 04:02:00 |  train   | step=657, pmove=0.51, energy=-90.1832-0.0470j
I | 06-13 04:02:03 |  train   | step=658, pmove=0.51, energy=-90.0671+0.0446j
I | 06-13 04:02:07 |  train   | step=659, pmove=0.51, energy=-90.1704-0.1078j
I | 06-13 04:02:10 |  train   | step=660, pmove=0.51, energy=-89.9552-0.0009j
I | 06-13 04:02:13 |  train   | step=661, pmove=0.51, energy=-89.8969-0.0105j
I | 06-13 04:02:16 |  train   | step=662, pmove=0.51, energy=-89.9456-0.0473j
I | 06-13 04:02:19 |  train   | step=663, pmove=0.51, energy=-90.1236+0.0311j
I | 06-13 04:02:23 |  train   | step=664, pmove=0.51, energy=-90.2055-0.0471j
I | 06-13 04:02:26 |  train   | step=665, pmove=0.51, energy=-90.0052-0.0990j
I | 06-13 04:02:29 |  train   | step=666, pmove=0.51, energy=-90.0608-0.0121j
I | 06-13 04:02:32 |  train   | step=667, pmove=0.51, energy=-90.0685+0.0002j
I | 06-13 04:02:35 |  train   | step=668, pmove=0.51, energy=-90.0700-0.0097j
I | 06-13 04:02:39 |  train   | step=669, pmove=0.51, energy=-90.2149+0.0489j
I | 06-13 04:02:42 |  train   | step=670, pmove=0.51, energy=-90.1544-0.0126j
I | 06-13 04:02:45 |  train   | step=671, pmove=0.51, energy=-90.0379+0.0696j
I | 06-13 04:02:48 |  train   | step=672, pmove=0.51, energy=-89.9728+0.0555j
I | 06-13 04:02:51 |  train   | step=673, pmove=0.51, energy=-90.0979-0.0102j
I | 06-13 04:02:54 |  train   | step=674, pmove=0.52, energy=-90.1813+0.0076j
I | 06-13 04:02:58 |  train   | step=675, pmove=0.51, energy=-90.0788+0.0379j
I | 06-13 04:03:01 |  train   | step=676, pmove=0.51, energy=-90.1039+0.0070j
I | 06-13 04:03:04 |  train   | step=677, pmove=0.52, energy=-90.3155-0.0467j
I | 06-13 04:03:07 |  train   | step=678, pmove=0.51, energy=-90.2256+0.0403j
I | 06-13 04:03:10 |  train   | step=679, pmove=0.51, energy=-90.2962-0.0144j
I | 06-13 04:03:13 |  train   | step=680, pmove=0.51, energy=-90.3855+0.0015j
I | 06-13 04:03:17 |  train   | step=681, pmove=0.51, energy=-90.3236+0.0297j
I | 06-13 04:03:20 |  train   | step=682, pmove=0.51, energy=-90.1872-0.0743j
I | 06-13 04:03:23 |  train   | step=683, pmove=0.51, energy=-90.2759+0.0775j
I | 06-13 04:03:26 |  train   | step=684, pmove=0.51, energy=-90.4291-0.1036j
I | 06-13 04:03:29 |  train   | step=685, pmove=0.51, energy=-90.2686-0.0366j
I | 06-13 04:03:33 |  train   | step=686, pmove=0.51, energy=-90.4432+0.0038j
I | 06-13 04:03:36 |  train   | step=687, pmove=0.51, energy=-90.1566-0.0487j
I | 06-13 04:03:39 |  train   | step=688, pmove=0.51, energy=-90.4741-0.0449j
I | 06-13 04:03:42 |  train   | step=689, pmove=0.51, energy=-90.4568+0.0695j
I | 06-13 04:03:46 |  train   | step=690, pmove=0.51, energy=-90.4124-0.1267j
I | 06-13 04:03:49 |  train   | step=691, pmove=0.52, energy=-90.5120+0.0899j
I | 06-13 04:03:52 |  train   | step=692, pmove=0.51, energy=-90.5034+0.0588j
I | 06-13 04:03:55 |  train   | step=693, pmove=0.51, energy=-90.4613-0.0678j
I | 06-13 04:03:58 |  train   | step=694, pmove=0.51, energy=-90.5700-0.0978j
I | 06-13 04:04:01 |  train   | step=695, pmove=0.51, energy=-90.2435+0.1373j
I | 06-13 04:04:05 |  train   | step=696, pmove=0.51, energy=-90.4865+0.0031j
I | 06-13 04:04:08 |  train   | step=697, pmove=0.51, energy=-90.3756-0.1205j
I | 06-13 04:04:11 |  train   | step=698, pmove=0.51, energy=-90.4976-0.0693j
I | 06-13 04:04:14 |  train   | step=699, pmove=0.51, energy=-90.3302+0.0204j
I | 06-13 04:04:17 |  train   | step=700, pmove=0.51, energy=-90.5585+0.0419j
I | 06-13 04:04:21 |  train   | step=701, pmove=0.51, energy=-90.4992+0.0126j
I | 06-13 04:04:24 |  train   | step=702, pmove=0.51, energy=-90.8485+0.2164j
I | 06-13 04:04:27 |  train   | step=703, pmove=0.51, energy=-90.5715+0.0416j
I | 06-13 04:04:30 |  train   | step=704, pmove=0.50, energy=-90.5336+0.0376j
I | 06-13 04:04:33 |  train   | step=705, pmove=0.51, energy=-90.6793-0.0313j
I | 06-13 04:04:36 |  train   | step=706, pmove=0.51, energy=-90.5784+0.0471j
I | 06-13 04:04:40 |  train   | step=707, pmove=0.50, energy=-90.6770-0.0101j
I | 06-13 04:04:43 |  train   | step=708, pmove=0.51, energy=-90.6860+0.0310j
I | 06-13 04:04:46 |  train   | step=709, pmove=0.51, energy=-90.8471+0.0511j
I | 06-13 04:04:49 |  train   | step=710, pmove=0.51, energy=-90.7165-0.1699j
I | 06-13 04:04:52 |  train   | step=711, pmove=0.51, energy=-90.7602-0.1089j
I | 06-13 04:04:55 |  train   | step=712, pmove=0.51, energy=-90.7124+0.0263j
I | 06-13 04:04:59 |  train   | step=713, pmove=0.50, energy=-90.5550-0.0704j
I | 06-13 04:05:02 |  train   | step=714, pmove=0.51, energy=-90.7031+0.0556j
I | 06-13 04:05:05 |  train   | step=715, pmove=0.50, energy=-90.7494+0.0443j
I | 06-13 04:05:08 |  train   | step=716, pmove=0.51, energy=-90.6737+0.0315j
I | 06-13 04:05:11 |  train   | step=717, pmove=0.51, energy=-90.7219+0.0299j
I | 06-13 04:05:15 |  train   | step=718, pmove=0.51, energy=-90.7797+0.0408j
I | 06-13 04:05:18 |  train   | step=719, pmove=0.51, energy=-90.8445+0.1041j
I | 06-13 04:05:21 |  train   | step=720, pmove=0.51, energy=-90.6232+0.0858j
I | 06-13 04:05:24 |  train   | step=721, pmove=0.51, energy=-90.8141-0.0434j
I | 06-13 04:05:27 |  train   | step=722, pmove=0.51, energy=-90.8008+0.0961j
I | 06-13 04:05:30 |  train   | step=723, pmove=0.51, energy=-90.6933+0.0199j
I | 06-13 04:05:34 |  train   | step=724, pmove=0.51, energy=-90.6885-0.0137j
I | 06-13 04:05:37 |  train   | step=725, pmove=0.51, energy=-90.9885+0.0403j
I | 06-13 04:05:40 |  train   | step=726, pmove=0.51, energy=-90.6175+0.1946j
I | 06-13 04:05:43 |  train   | step=727, pmove=0.51, energy=-90.8486+0.0669j
I | 06-13 04:05:46 |  train   | step=728, pmove=0.51, energy=-90.7350+0.0182j
I | 06-13 04:05:50 |  train   | step=729, pmove=0.51, energy=-90.8315+0.2342j
I | 06-13 04:05:53 |  train   | step=730, pmove=0.51, energy=-90.6780+0.0417j
I | 06-13 04:05:56 |  train   | step=731, pmove=0.51, energy=-90.8716-0.0973j
I | 06-13 04:05:59 |  train   | step=732, pmove=0.51, energy=-90.9061+0.0039j
I | 06-13 04:06:02 |  train   | step=733, pmove=0.51, energy=-90.7437+0.0362j
I | 06-13 04:06:05 |  train   | step=734, pmove=0.51, energy=-90.7657-0.0669j
I | 06-13 04:06:09 |  train   | step=735, pmove=0.51, energy=-91.0035+0.0044j
I | 06-13 04:06:12 |  train   | step=736, pmove=0.51, energy=-91.0305-0.0106j
I | 06-13 04:06:15 |  train   | step=737, pmove=0.51, energy=-90.8707+0.0048j
I | 06-13 04:06:18 |  train   | step=738, pmove=0.51, energy=-90.8524-0.0261j
I | 06-13 04:06:21 |  train   | step=739, pmove=0.51, energy=-90.8127-0.0414j
I | 06-13 04:06:24 |  train   | step=740, pmove=0.50, energy=-90.8366+0.0478j
I | 06-13 04:06:28 |  train   | step=741, pmove=0.52, energy=-90.9526+0.0445j
I | 06-13 04:06:31 |  train   | step=742, pmove=0.50, energy=-90.9166+0.0582j
I | 06-13 04:06:34 |  train   | step=743, pmove=0.51, energy=-90.9388-0.0089j
I | 06-13 04:06:37 |  train   | step=744, pmove=0.51, energy=-90.8446+0.0162j
I | 06-13 04:06:40 |  train   | step=745, pmove=0.51, energy=-91.0321+0.0603j
I | 06-13 04:06:44 |  train   | step=746, pmove=0.51, energy=-90.9446-0.0352j
I | 06-13 04:06:47 |  train   | step=747, pmove=0.51, energy=-91.0678-0.1231j
I | 06-13 04:06:50 |  train   | step=748, pmove=0.51, energy=-91.0152-0.2293j
I | 06-13 04:06:53 |  train   | step=749, pmove=0.51, energy=-90.9545-0.0044j
I | 06-13 04:06:56 |  train   | step=750, pmove=0.51, energy=-91.0668+0.0325j
I | 06-13 04:06:59 |  train   | step=751, pmove=0.51, energy=-90.9402+0.0189j
I | 06-13 04:07:03 |  train   | step=752, pmove=0.51, energy=-91.0611+0.0169j
I | 06-13 04:07:06 |  train   | step=753, pmove=0.50, energy=-90.9445-0.0415j
I | 06-13 04:07:09 |  train   | step=754, pmove=0.51, energy=-90.9079-0.0155j
I | 06-13 04:07:12 |  train   | step=755, pmove=0.51, energy=-91.0494+0.0954j
I | 06-13 04:07:15 |  train   | step=756, pmove=0.51, energy=-90.8432+0.0919j
I | 06-13 04:07:19 |  train   | step=757, pmove=0.51, energy=-90.9165-0.0622j
I | 06-13 04:07:22 |  train   | step=758, pmove=0.51, energy=-90.8599-0.0143j
I | 06-13 04:07:25 |  train   | step=759, pmove=0.51, energy=-90.8891+0.0493j
I | 06-13 04:07:28 |  train   | step=760, pmove=0.51, energy=-90.9126+0.0394j
I | 06-13 04:07:31 |  train   | step=761, pmove=0.51, energy=-91.0160-0.0426j
I | 06-13 04:07:34 |  train   | step=762, pmove=0.51, energy=-90.9405-0.0063j
I | 06-13 04:07:38 |  train   | step=763, pmove=0.51, energy=-90.8457+0.0155j
I | 06-13 04:07:41 |  train   | step=764, pmove=0.51, energy=-90.9052-0.0359j
I | 06-13 04:07:44 |  train   | step=765, pmove=0.51, energy=-91.0620-0.1089j
I | 06-13 04:07:47 |  train   | step=766, pmove=0.51, energy=-90.9823+0.0449j
I | 06-13 04:07:50 |  train   | step=767, pmove=0.51, energy=-91.0786+0.0380j
I | 06-13 04:07:53 |  train   | step=768, pmove=0.51, energy=-90.9660+0.0729j
I | 06-13 04:07:57 |  train   | step=769, pmove=0.51, energy=-90.9356+0.0254j
I | 06-13 04:08:00 |  train   | step=770, pmove=0.51, energy=-90.8521-0.0091j
I | 06-13 04:08:03 |  train   | step=771, pmove=0.51, energy=-90.9788+0.0274j
I | 06-13 04:08:06 |  train   | step=772, pmove=0.51, energy=-90.9709+0.0833j
I | 06-13 04:08:09 |  train   | step=773, pmove=0.51, energy=-91.0108-0.0097j
I | 06-13 04:08:13 |  train   | step=774, pmove=0.51, energy=-91.0504-0.0386j
I | 06-13 04:08:16 |  train   | step=775, pmove=0.50, energy=-90.7319+0.0978j
I | 06-13 04:08:19 |  train   | step=776, pmove=0.50, energy=-90.9140+0.0740j
I | 06-13 04:08:22 |  train   | step=777, pmove=0.51, energy=-91.0692+0.0343j
I | 06-13 04:08:25 |  train   | step=778, pmove=0.51, energy=-90.9887-0.1010j
I | 06-13 04:08:28 |  train   | step=779, pmove=0.51, energy=-91.1272+0.0102j
I | 06-13 04:08:32 |  train   | step=780, pmove=0.51, energy=-91.0756-0.0529j
I | 06-13 04:08:35 |  train   | step=781, pmove=0.51, energy=-91.0371+0.0864j
I | 06-13 04:08:38 |  train   | step=782, pmove=0.51, energy=-91.1643+0.0515j
I | 06-13 04:08:41 |  train   | step=783, pmove=0.51, energy=-91.0028-0.0928j
I | 06-13 04:08:44 |  train   | step=784, pmove=0.51, energy=-90.9590+0.0045j
I | 06-13 04:08:48 |  train   | step=785, pmove=0.51, energy=-90.9653+0.0537j
I | 06-13 04:08:51 |  train   | step=786, pmove=0.51, energy=-91.2769+0.0616j
I | 06-13 04:08:54 |  train   | step=787, pmove=0.51, energy=-91.2314+0.0678j
I | 06-13 04:08:57 |  train   | step=788, pmove=0.51, energy=-91.1560+0.1043j
I | 06-13 04:09:00 |  train   | step=789, pmove=0.51, energy=-91.2895+0.0518j
I | 06-13 04:09:03 |  train   | step=790, pmove=0.51, energy=-91.2192+0.0485j
I | 06-13 04:09:07 |  train   | step=791, pmove=0.51, energy=-91.1270+0.0981j
I | 06-13 04:09:10 |  train   | step=792, pmove=0.50, energy=-91.1907+0.0065j
I | 06-13 04:09:13 |  train   | step=793, pmove=0.51, energy=-91.1102-0.0247j
I | 06-13 04:09:16 |  train   | step=794, pmove=0.50, energy=-91.2535+0.0165j
I | 06-13 04:09:19 |  train   | step=795, pmove=0.51, energy=-91.2228+0.0803j
I | 06-13 04:09:22 |  train   | step=796, pmove=0.51, energy=-91.1375-0.0957j
I | 06-13 04:09:26 |  train   | step=797, pmove=0.51, energy=-91.2592-0.0201j
I | 06-13 04:09:29 |  train   | step=798, pmove=0.51, energy=-91.1834+0.0149j
I | 06-13 04:09:32 |  train   | step=799, pmove=0.51, energy=-91.1327-0.0404j
I | 06-13 04:09:35 |  train   | step=800, pmove=0.51, energy=-91.1524+0.0048j
I | 06-13 04:09:38 |  train   | step=801, pmove=0.51, energy=-91.2416+0.1074j
I | 06-13 04:09:42 |  train   | step=802, pmove=0.51, energy=-91.1108+0.0190j
I | 06-13 04:09:45 |  train   | step=803, pmove=0.51, energy=-91.2156-0.0801j
I | 06-13 04:09:48 |  train   | step=804, pmove=0.51, energy=-91.3007+0.0131j
I | 06-13 04:09:51 |  train   | step=805, pmove=0.51, energy=-91.2128+0.0864j
I | 06-13 04:09:54 |  train   | step=806, pmove=0.51, energy=-91.2598-0.0709j
I | 06-13 04:09:57 |  train   | step=807, pmove=0.51, energy=-91.2871+0.0333j
I | 06-13 04:10:01 |  train   | step=808, pmove=0.51, energy=-91.0960-0.1397j
I | 06-13 04:10:04 |  train   | step=809, pmove=0.51, energy=-91.1869-0.0131j
I | 06-13 04:10:07 |  train   | step=810, pmove=0.51, energy=-91.1982+0.0241j
I | 06-13 04:10:10 |  train   | step=811, pmove=0.51, energy=-91.0874+0.0674j
I | 06-13 04:10:13 |  train   | step=812, pmove=0.51, energy=-91.0506-0.0971j
I | 06-13 04:10:17 |  train   | step=813, pmove=0.51, energy=-91.3281+0.1195j
I | 06-13 04:10:20 |  train   | step=814, pmove=0.51, energy=-91.4098+0.0423j
I | 06-13 04:10:23 |  train   | step=815, pmove=0.51, energy=-91.3832-0.0065j
I | 06-13 04:10:26 |  train   | step=816, pmove=0.50, energy=-91.3371+0.1377j
I | 06-13 04:10:29 |  train   | step=817, pmove=0.51, energy=-91.3665+0.1078j
I | 06-13 04:10:32 |  train   | step=818, pmove=0.51, energy=-91.2933+0.0978j
I | 06-13 04:10:36 |  train   | step=819, pmove=0.50, energy=-91.3997-0.0396j
I | 06-13 04:10:39 |  train   | step=820, pmove=0.50, energy=-91.4407+0.0379j
I | 06-13 04:10:42 |  train   | step=821, pmove=0.50, energy=-91.2460+0.0223j
I | 06-13 04:10:45 |  train   | step=822, pmove=0.51, energy=-91.3023-0.0505j
I | 06-13 04:10:48 |  train   | step=823, pmove=0.50, energy=-91.3671+0.1060j
I | 06-13 04:10:51 |  train   | step=824, pmove=0.51, energy=-91.2381+0.0037j
I | 06-13 04:10:55 |  train   | step=825, pmove=0.51, energy=-91.2304+0.0075j
I | 06-13 04:10:58 |  train   | step=826, pmove=0.51, energy=-91.2692+0.0610j
I | 06-13 04:11:01 |  train   | step=827, pmove=0.51, energy=-91.1702-0.0137j
I | 06-13 04:11:04 |  train   | step=828, pmove=0.51, energy=-91.2341-0.1306j
I | 06-13 04:11:07 |  train   | step=829, pmove=0.50, energy=-91.3076+0.0558j
I | 06-13 04:11:11 |  train   | step=830, pmove=0.50, energy=-91.2769-0.0819j
I | 06-13 04:11:14 |  train   | step=831, pmove=0.51, energy=-91.3584-0.0582j
I | 06-13 04:11:17 |  train   | step=832, pmove=0.51, energy=-91.4229-0.0224j
I | 06-13 04:11:20 |  train   | step=833, pmove=0.51, energy=-91.4453-0.0480j
I | 06-13 04:11:23 |  train   | step=834, pmove=0.51, energy=-91.3650-0.1269j
I | 06-13 04:11:26 |  train   | step=835, pmove=0.50, energy=-91.3316-0.0427j
I | 06-13 04:11:30 |  train   | step=836, pmove=0.51, energy=-91.3856-0.0495j
I | 06-13 04:11:33 |  train   | step=837, pmove=0.51, energy=-91.3232+0.0976j
I | 06-13 04:11:36 |  train   | step=838, pmove=0.51, energy=-91.3261+0.0035j
I | 06-13 04:11:39 |  train   | step=839, pmove=0.50, energy=-91.3808-0.0233j
I | 06-13 04:11:42 |  train   | step=840, pmove=0.51, energy=-91.3562+0.0062j
I | 06-13 04:11:46 |  train   | step=841, pmove=0.50, energy=-91.3674-0.0283j
I | 06-13 04:11:49 |  train   | step=842, pmove=0.50, energy=-91.3982-0.0968j
I | 06-13 04:11:52 |  train   | step=843, pmove=0.51, energy=-91.4172-0.0575j
I | 06-13 04:11:55 |  train   | step=844, pmove=0.51, energy=-91.4656-0.0697j
I | 06-13 04:11:58 |  train   | step=845, pmove=0.51, energy=-91.3434-0.0292j
I | 06-13 04:12:01 |  train   | step=846, pmove=0.51, energy=-91.5667-0.0021j
I | 06-13 04:12:05 |  train   | step=847, pmove=0.50, energy=-91.5460-0.0423j
I | 06-13 04:12:08 |  train   | step=848, pmove=0.51, energy=-91.3864+0.1177j
I | 06-13 04:12:11 |  train   | step=849, pmove=0.51, energy=-91.3550+0.1396j
I | 06-13 04:12:14 |  train   | step=850, pmove=0.50, energy=-91.2838-0.0067j
I | 06-13 04:12:17 |  train   | step=851, pmove=0.50, energy=-91.3787-0.0907j
I | 06-13 04:12:20 |  train   | step=852, pmove=0.51, energy=-91.3317+0.0265j
I | 06-13 04:12:24 |  train   | step=853, pmove=0.51, energy=-91.4069+0.0522j
I | 06-13 04:12:27 |  train   | step=854, pmove=0.50, energy=-91.4980-0.0613j
I | 06-13 04:12:30 |  train   | step=855, pmove=0.51, energy=-91.4861-0.0507j
I | 06-13 04:12:33 |  train   | step=856, pmove=0.51, energy=-91.3441+0.0683j
I | 06-13 04:12:36 |  train   | step=857, pmove=0.50, energy=-91.5024+0.0244j
I | 06-13 04:12:40 |  train   | step=858, pmove=0.50, energy=-91.5374-0.0500j
I | 06-13 04:12:43 |  train   | step=859, pmove=0.51, energy=-91.5887-0.0413j
I | 06-13 04:12:46 |  train   | step=860, pmove=0.51, energy=-91.5160+0.0590j
I | 06-13 04:12:49 |  train   | step=861, pmove=0.51, energy=-91.4735-0.0241j
I | 06-13 04:12:52 |  train   | step=862, pmove=0.51, energy=-91.6394-0.0421j
I | 06-13 04:12:55 |  train   | step=863, pmove=0.51, energy=-91.5530-0.0138j
I | 06-13 04:12:59 |  train   | step=864, pmove=0.51, energy=-91.5978+0.0364j
I | 06-13 04:13:02 |  train   | step=865, pmove=0.51, energy=-91.5422-0.0460j
I | 06-13 04:13:05 |  train   | step=866, pmove=0.50, energy=-91.5186+0.0021j
I | 06-13 04:13:08 |  train   | step=867, pmove=0.51, energy=-91.3220-0.0183j
I | 06-13 04:13:11 |  train   | step=868, pmove=0.50, energy=-91.3194+0.0042j
I | 06-13 04:13:15 |  train   | step=869, pmove=0.51, energy=-91.4983+0.0651j
I | 06-13 04:13:18 |  train   | step=870, pmove=0.50, energy=-91.4514-0.0157j
I | 06-13 04:13:21 |  train   | step=871, pmove=0.51, energy=-91.4328+0.1166j
I | 06-13 04:13:24 |  train   | step=872, pmove=0.51, energy=-91.4772-0.1351j
I | 06-13 04:13:27 |  train   | step=873, pmove=0.51, energy=-91.5334-0.0529j
I | 06-13 04:13:30 |  train   | step=874, pmove=0.50, energy=-91.5261-0.0483j
I | 06-13 04:13:34 |  train   | step=875, pmove=0.51, energy=-91.2695+0.0902j
I | 06-13 04:13:37 |  train   | step=876, pmove=0.51, energy=-91.4518+0.0124j
I | 06-13 04:13:40 |  train   | step=877, pmove=0.51, energy=-91.5408-0.0130j
I | 06-13 04:13:43 |  train   | step=878, pmove=0.50, energy=-91.5872-0.0648j
I | 06-13 04:13:46 |  train   | step=879, pmove=0.51, energy=-91.4726-0.0249j
I | 06-13 04:13:49 |  train   | step=880, pmove=0.51, energy=-91.6646+0.0211j
I | 06-13 04:13:53 |  train   | step=881, pmove=0.50, energy=-91.4526-0.0478j
I | 06-13 04:13:56 |  train   | step=882, pmove=0.51, energy=-91.3794+0.0693j
I | 06-13 04:13:59 |  train   | step=883, pmove=0.51, energy=-91.5610-0.0764j
I | 06-13 04:14:02 |  train   | step=884, pmove=0.51, energy=-91.5154+0.0151j
I | 06-13 04:14:05 |  train   | step=885, pmove=0.50, energy=-91.4875+0.0098j
I | 06-13 04:14:09 |  train   | step=886, pmove=0.50, energy=-91.4413-0.1082j
I | 06-13 04:14:12 |  train   | step=887, pmove=0.51, energy=-91.3835-0.0363j
I | 06-13 04:14:15 |  train   | step=888, pmove=0.51, energy=-91.4336+0.0797j
I | 06-13 04:14:18 |  train   | step=889, pmove=0.51, energy=-91.5508+0.0150j
I | 06-13 04:14:21 |  train   | step=890, pmove=0.51, energy=-91.5107-0.0449j
I | 06-13 04:14:24 |  train   | step=891, pmove=0.51, energy=-91.5678+0.0529j
I | 06-13 04:14:28 |  train   | step=892, pmove=0.51, energy=-91.5525+0.0989j
I | 06-13 04:14:31 |  train   | step=893, pmove=0.51, energy=-91.5536+0.0082j
I | 06-13 04:14:34 |  train   | step=894, pmove=0.51, energy=-91.4127+0.0619j
I | 06-13 04:14:37 |  train   | step=895, pmove=0.51, energy=-91.4691-0.0804j
I | 06-13 04:14:40 |  train   | step=896, pmove=0.50, energy=-91.6023+0.0065j
I | 06-13 04:14:44 |  train   | step=897, pmove=0.50, energy=-91.4982+0.0033j
I | 06-13 04:14:47 |  train   | step=898, pmove=0.50, energy=-91.6361-0.0492j
I | 06-13 04:14:50 |  train   | step=899, pmove=0.51, energy=-91.5744-0.1279j
I | 06-13 04:14:53 |  train   | step=900, pmove=0.50, energy=-91.5696-0.0466j
I | 06-13 04:14:56 |  train   | step=901, pmove=0.50, energy=-91.5965-0.0300j
I | 06-13 04:14:59 |  train   | step=902, pmove=0.51, energy=-91.4719-0.1535j
I | 06-13 04:15:03 |  train   | step=903, pmove=0.51, energy=-91.6022-0.0254j
I | 06-13 04:15:06 |  train   | step=904, pmove=0.51, energy=-91.5642+0.0258j
I | 06-13 04:15:09 |  train   | step=905, pmove=0.51, energy=-91.4517-0.0825j
I | 06-13 04:15:12 |  train   | step=906, pmove=0.51, energy=-91.4200+0.0395j
I | 06-13 04:15:15 |  train   | step=907, pmove=0.50, energy=-91.5193-0.0297j
I | 06-13 04:15:18 |  train   | step=908, pmove=0.50, energy=-91.4311-0.0112j
I | 06-13 04:15:22 |  train   | step=909, pmove=0.51, energy=-91.4892-0.1387j
I | 06-13 04:15:25 |  train   | step=910, pmove=0.50, energy=-91.6297+0.0706j
I | 06-13 04:15:28 |  train   | step=911, pmove=0.51, energy=-91.6531-0.0454j
I | 06-13 04:15:31 |  train   | step=912, pmove=0.50, energy=-91.5128-0.0506j
I | 06-13 04:15:34 |  train   | step=913, pmove=0.50, energy=-91.5322-0.0093j
I | 06-13 04:15:38 |  train   | step=914, pmove=0.51, energy=-91.7161-0.1069j
I | 06-13 04:15:41 |  train   | step=915, pmove=0.50, energy=-91.5565+0.0565j
I | 06-13 04:15:44 |  train   | step=916, pmove=0.50, energy=-91.5112-0.0986j
I | 06-13 04:15:47 |  train   | step=917, pmove=0.51, energy=-91.6323-0.0906j
I | 06-13 04:15:50 |  train   | step=918, pmove=0.51, energy=-91.5832+0.0151j
I | 06-13 04:15:53 |  train   | step=919, pmove=0.51, energy=-91.6495-0.0122j
I | 06-13 04:15:57 |  train   | step=920, pmove=0.50, energy=-91.5582+0.0711j
I | 06-13 04:16:00 |  train   | step=921, pmove=0.51, energy=-91.6483+0.0367j
I | 06-13 04:16:03 |  train   | step=922, pmove=0.50, energy=-91.5376-0.0199j
I | 06-13 04:16:06 |  train   | step=923, pmove=0.50, energy=-91.6760-0.0198j
I | 06-13 04:16:09 |  train   | step=924, pmove=0.51, energy=-91.5652+0.0209j
I | 06-13 04:16:13 |  train   | step=925, pmove=0.50, energy=-91.6900-0.0024j
I | 06-13 04:16:16 |  train   | step=926, pmove=0.50, energy=-91.6073+0.0725j
I | 06-13 04:16:19 |  train   | step=927, pmove=0.51, energy=-91.7095-0.0128j
I | 06-13 04:16:22 |  train   | step=928, pmove=0.51, energy=-91.7025-0.0215j
I | 06-13 04:16:25 |  train   | step=929, pmove=0.50, energy=-91.5592-0.0100j
I | 06-13 04:16:28 |  train   | step=930, pmove=0.50, energy=-91.6395+0.0733j
I | 06-13 04:16:32 |  train   | step=931, pmove=0.51, energy=-91.6306+0.0487j
I | 06-13 04:16:35 |  train   | step=932, pmove=0.51, energy=-91.7613+0.0831j
I | 06-13 04:16:38 |  train   | step=933, pmove=0.50, energy=-91.5909+0.0061j
I | 06-13 04:16:41 |  train   | step=934, pmove=0.51, energy=-91.7274-0.0480j
I | 06-13 04:16:44 |  train   | step=935, pmove=0.50, energy=-91.7321+0.0526j
I | 06-13 04:16:47 |  train   | step=936, pmove=0.51, energy=-91.7574-0.0395j
I | 06-13 04:16:51 |  train   | step=937, pmove=0.51, energy=-91.6798+0.0283j
I | 06-13 04:16:54 |  train   | step=938, pmove=0.51, energy=-91.7233-0.0685j
I | 06-13 04:16:57 |  train   | step=939, pmove=0.51, energy=-91.6585+0.0137j
I | 06-13 04:17:00 |  train   | step=940, pmove=0.50, energy=-91.6709-0.0898j
I | 06-13 04:17:03 |  train   | step=941, pmove=0.50, energy=-91.5687+0.0010j
I | 06-13 04:17:07 |  train   | step=942, pmove=0.50, energy=-91.6277+0.0805j
I | 06-13 04:17:10 |  train   | step=943, pmove=0.51, energy=-91.6205-0.0668j
I | 06-13 04:17:13 |  train   | step=944, pmove=0.50, energy=-91.7322-0.0103j
I | 06-13 04:17:16 |  train   | step=945, pmove=0.50, energy=-91.8037+0.0245j
I | 06-13 04:17:19 |  train   | step=946, pmove=0.51, energy=-91.7612-0.0313j
I | 06-13 04:17:22 |  train   | step=947, pmove=0.50, energy=-91.7055-0.0136j
I | 06-13 04:17:26 |  train   | step=948, pmove=0.51, energy=-91.7075-0.0539j
I | 06-13 04:17:29 |  train   | step=949, pmove=0.51, energy=-91.7491+0.0266j
I | 06-13 04:17:32 |  train   | step=950, pmove=0.50, energy=-91.7339+0.0528j
I | 06-13 04:17:35 |  train   | step=951, pmove=0.51, energy=-91.8181+0.0375j
I | 06-13 04:17:38 |  train   | step=952, pmove=0.51, energy=-91.5912+0.0255j
I | 06-13 04:17:42 |  train   | step=953, pmove=0.51, energy=-91.6436-0.0042j
I | 06-13 04:17:45 |  train   | step=954, pmove=0.50, energy=-91.6718-0.0176j
I | 06-13 04:17:48 |  train   | step=955, pmove=0.50, energy=-91.5970-0.0235j
I | 06-13 04:17:51 |  train   | step=956, pmove=0.50, energy=-91.6471-0.0102j
I | 06-13 04:17:54 |  train   | step=957, pmove=0.50, energy=-91.5649+0.0078j
I | 06-13 04:17:57 |  train   | step=958, pmove=0.50, energy=-91.6681+0.0572j
I | 06-13 04:18:01 |  train   | step=959, pmove=0.51, energy=-91.6846+0.0255j
I | 06-13 04:18:04 |  train   | step=960, pmove=0.50, energy=-91.6949+0.0201j
I | 06-13 04:18:07 |  train   | step=961, pmove=0.51, energy=-91.6331-0.0230j
I | 06-13 04:18:10 |  train   | step=962, pmove=0.50, energy=-91.7320-0.0655j
I | 06-13 04:18:13 |  train   | step=963, pmove=0.50, energy=-91.5685+0.0252j
I | 06-13 04:18:16 |  train   | step=964, pmove=0.50, energy=-91.6165+0.0282j
I | 06-13 04:18:20 |  train   | step=965, pmove=0.50, energy=-91.6855+0.0754j
I | 06-13 04:18:23 |  train   | step=966, pmove=0.50, energy=-91.7440-0.0031j
I | 06-13 04:18:26 |  train   | step=967, pmove=0.50, energy=-91.7595+0.0314j
I | 06-13 04:18:29 |  train   | step=968, pmove=0.51, energy=-91.7867+0.0204j
I | 06-13 04:18:32 |  train   | step=969, pmove=0.50, energy=-91.7500-0.0164j
I | 06-13 04:18:36 |  train   | step=970, pmove=0.50, energy=-91.6638+0.0088j
I | 06-13 04:18:39 |  train   | step=971, pmove=0.51, energy=-91.6872-0.0120j
I | 06-13 04:18:42 |  train   | step=972, pmove=0.51, energy=-91.7070+0.0565j
I | 06-13 04:18:45 |  train   | step=973, pmove=0.51, energy=-91.7503+0.0402j
I | 06-13 04:18:48 |  train   | step=974, pmove=0.51, energy=-91.7262+0.0728j
I | 06-13 04:18:51 |  train   | step=975, pmove=0.50, energy=-91.6047+0.0319j
I | 06-13 04:18:55 |  train   | step=976, pmove=0.51, energy=-91.6179+0.0836j
I | 06-13 04:18:58 |  train   | step=977, pmove=0.50, energy=-91.7564-0.0313j
I | 06-13 04:19:01 |  train   | step=978, pmove=0.50, energy=-91.7231+0.0154j
I | 06-13 04:19:04 |  train   | step=979, pmove=0.50, energy=-91.6965+0.0203j
I | 06-13 04:19:07 |  train   | step=980, pmove=0.51, energy=-91.7142-0.0978j
I | 06-13 04:19:11 |  train   | step=981, pmove=0.50, energy=-91.6474-0.0087j
I | 06-13 04:19:14 |  train   | step=982, pmove=0.50, energy=-91.7193-0.0848j
I | 06-13 04:19:17 |  train   | step=983, pmove=0.51, energy=-91.6113+0.0162j
I | 06-13 04:19:20 |  train   | step=984, pmove=0.50, energy=-91.7066-0.0363j
I | 06-13 04:19:23 |  train   | step=985, pmove=0.50, energy=-91.6869+0.1061j
I | 06-13 04:19:26 |  train   | step=986, pmove=0.51, energy=-91.5987-0.0213j
I | 06-13 04:19:30 |  train   | step=987, pmove=0.51, energy=-91.4755+0.1073j
I | 06-13 04:19:33 |  train   | step=988, pmove=0.50, energy=-91.7946-0.0624j
I | 06-13 04:19:36 |  train   | step=989, pmove=0.51, energy=-91.7302-0.0263j
I | 06-13 04:19:39 |  train   | step=990, pmove=0.50, energy=-91.8290-0.0398j
I | 06-13 04:19:42 |  train   | step=991, pmove=0.50, energy=-91.7673-0.0109j
I | 06-13 04:19:45 |  train   | step=992, pmove=0.50, energy=-91.6500-0.0040j
I | 06-13 04:19:49 |  train   | step=993, pmove=0.50, energy=-91.7121-0.0137j
I | 06-13 04:19:52 |  train   | step=994, pmove=0.51, energy=-91.8126+0.0064j
I | 06-13 04:19:55 |  train   | step=995, pmove=0.50, energy=-91.8314-0.0964j
I | 06-13 04:19:58 |  train   | step=996, pmove=0.51, energy=-91.6342+0.0023j
I | 06-13 04:20:01 |  train   | step=997, pmove=0.50, energy=-91.7888-0.0198j
I | 06-13 04:20:05 |  train   | step=998, pmove=0.50, energy=-91.6755+0.0235j
I | 06-13 04:20:08 |  train   | step=999, pmove=0.50, energy=-91.6752-0.0019j
I | 06-13 04:20:10 |checkpoint| Saving checkpoint /rds/user/jc2405/hpc-work/JaQMC/jaqmc/runs/sc_chain_3.78_spin_0/train_ckpt_000999.npz
I | 06-13 04:20:14 |  train   | step=1000, pmove=0.50, energy=-91.7440-0.0425j
I | 06-13 04:20:17 |  train   | step=1001, pmove=0.50, energy=-91.7447-0.0526j
I | 06-13 04:20:20 |  train   | step=1002, pmove=0.50, energy=-91.7216-0.0254j
I | 06-13 04:20:23 |  train   | step=1003, pmove=0.50, energy=-91.7508-0.0133j
I | 06-13 04:20:26 |  train   | step=1004, pmove=0.50, energy=-91.8893-0.0607j
I | 06-13 04:20:29 |  train   | step=1005, pmove=0.50, energy=-91.7838+0.0461j
I | 06-13 04:20:33 |  train   | step=1006, pmove=0.50, energy=-91.7841+0.0434j
I | 06-13 04:20:36 |  train   | step=1007, pmove=0.51, energy=-91.7692-0.0506j
I | 06-13 04:20:39 |  train   | step=1008, pmove=0.51, energy=-91.7868+0.0179j
I | 06-13 04:20:42 |  train   | step=1009, pmove=0.51, energy=-91.8665-0.0454j
I | 06-13 04:20:45 |  train   | step=1010, pmove=0.51, energy=-91.8403-0.0469j
I | 06-13 04:20:49 |  train   | step=1011, pmove=0.51, energy=-91.8748+0.0620j
I | 06-13 04:20:52 |  train   | step=1012, pmove=0.50, energy=-91.8804-0.0369j
I | 06-13 04:20:55 |  train   | step=1013, pmove=0.50, energy=-91.7985-0.0604j
I | 06-13 04:20:58 |  train   | step=1014, pmove=0.50, energy=-91.7346-0.0332j
I | 06-13 04:21:01 |  train   | step=1015, pmove=0.50, energy=-91.6442+0.0274j
I | 06-13 04:21:04 |  train   | step=1016, pmove=0.50, energy=-91.7163-0.0222j
I | 06-13 04:21:08 |  train   | step=1017, pmove=0.50, energy=-91.5694+0.0746j
I | 06-13 04:21:11 |  train   | step=1018, pmove=0.50, energy=-91.6687+0.0185j
I | 06-13 04:21:14 |  train   | step=1019, pmove=0.51, energy=-91.9101+0.0011j
I | 06-13 04:21:17 |  train   | step=1020, pmove=0.50, energy=-91.7877+0.0789j
I | 06-13 04:21:21 |  train   | step=1021, pmove=0.50, energy=-91.8263+0.0847j
I | 06-13 04:21:24 |  train   | step=1022, pmove=0.51, energy=-91.8102+0.1188j
I | 06-13 04:21:27 |  train   | step=1023, pmove=0.50, energy=-91.8216+0.0492j
I | 06-13 04:21:30 |  train   | step=1024, pmove=0.50, energy=-91.8737+0.0128j
I | 06-13 04:21:33 |  train   | step=1025, pmove=0.50, energy=-91.8001-0.0584j
I | 06-13 04:21:37 |  train   | step=1026, pmove=0.51, energy=-91.8473-0.0006j
I | 06-13 04:21:40 |  train   | step=1027, pmove=0.51, energy=-91.9103+0.0937j
I | 06-13 04:21:43 |  train   | step=1028, pmove=0.50, energy=-91.8136-0.0899j
I | 06-13 04:21:46 |  train   | step=1029, pmove=0.50, energy=-91.7044-0.0107j
I | 06-13 04:21:49 |  train   | step=1030, pmove=0.50, energy=-91.8289+0.0416j
I | 06-13 04:21:53 |  train   | step=1031, pmove=0.50, energy=-91.8318-0.0117j
I | 06-13 04:21:56 |  train   | step=1032, pmove=0.50, energy=-91.7831-0.0051j
I | 06-13 04:21:59 |  train   | step=1033, pmove=0.50, energy=-91.7345-0.0263j
I | 06-13 04:22:02 |  train   | step=1034, pmove=0.51, energy=-91.8265-0.0611j
I | 06-13 04:22:05 |  train   | step=1035, pmove=0.50, energy=-91.6979+0.0697j
I | 06-13 04:22:08 |  train   | step=1036, pmove=0.50, energy=-91.7694-0.0079j
I | 06-13 04:22:12 |  train   | step=1037, pmove=0.51, energy=-91.8230+0.0124j
I | 06-13 04:22:15 |  train   | step=1038, pmove=0.50, energy=-91.7380+0.0410j
I | 06-13 04:22:18 |  train   | step=1039, pmove=0.50, energy=-91.7261-0.0286j
I | 06-13 04:22:21 |  train   | step=1040, pmove=0.50, energy=-91.7724-0.1093j
I | 06-13 04:22:24 |  train   | step=1041, pmove=0.50, energy=-91.7942+0.0101j
I | 06-13 04:22:28 |  train   | step=1042, pmove=0.51, energy=-91.9078-0.0572j
I | 06-13 04:22:31 |  train   | step=1043, pmove=0.51, energy=-91.8943+0.0118j
I | 06-13 04:22:34 |  train   | step=1044, pmove=0.51, energy=-91.8430+0.0698j
I | 06-13 04:22:37 |  train   | step=1045, pmove=0.50, energy=-91.7803+0.0646j
I | 06-13 04:22:40 |  train   | step=1046, pmove=0.50, energy=-91.8976-0.0466j
I | 06-13 04:22:43 |  train   | step=1047, pmove=0.50, energy=-91.8394+0.0185j
I | 06-13 04:22:47 |  train   | step=1048, pmove=0.50, energy=-91.7255+0.0004j
I | 06-13 04:22:50 |  train   | step=1049, pmove=0.50, energy=-91.9238-0.0233j
I | 06-13 04:22:53 |  train   | step=1050, pmove=0.50, energy=-91.9202-0.0161j
I | 06-13 04:22:56 |  train   | step=1051, pmove=0.51, energy=-91.9444-0.0385j
I | 06-13 04:22:59 |  train   | step=1052, pmove=0.51, energy=-91.8890-0.0469j
I | 06-13 04:23:02 |  train   | step=1053, pmove=0.50, energy=-91.7525-0.0322j
I | 06-13 04:23:06 |  train   | step=1054, pmove=0.50, energy=-91.9433+0.1253j
I | 06-13 04:23:09 |  train   | step=1055, pmove=0.51, energy=-91.8788-0.0123j
I | 06-13 04:23:12 |  train   | step=1056, pmove=0.50, energy=-91.8768+0.0419j
I | 06-13 04:23:15 |  train   | step=1057, pmove=0.50, energy=-91.9903+0.0266j
I | 06-13 04:23:18 |  train   | step=1058, pmove=0.50, energy=-91.7840-0.0450j
I | 06-13 04:23:22 |  train   | step=1059, pmove=0.50, energy=-91.7854-0.0568j
I | 06-13 04:23:25 |  train   | step=1060, pmove=0.50, energy=-91.8089-0.0006j
I | 06-13 04:23:28 |  train   | step=1061, pmove=0.50, energy=-91.7502-0.0469j
I | 06-13 04:23:32 |  train   | step=1062, pmove=0.51, energy=-91.8518-0.0438j
I | 06-13 04:23:35 |  train   | step=1063, pmove=0.50, energy=-91.8805+0.0268j
I | 06-13 04:23:38 |  train   | step=1064, pmove=0.50, energy=-91.8389+0.0366j
I | 06-13 04:23:41 |  train   | step=1065, pmove=0.50, energy=-91.8841-0.0366j
I | 06-13 04:23:44 |  train   | step=1066, pmove=0.51, energy=-91.8174-0.0081j
I | 06-13 04:23:47 |  train   | step=1067, pmove=0.51, energy=-91.8976-0.0138j
I | 06-13 04:23:51 |  train   | step=1068, pmove=0.50, energy=-91.8321+0.0803j
I | 06-13 04:23:54 |  train   | step=1069, pmove=0.50, energy=-91.8275-0.0064j
I | 06-13 04:23:57 |  train   | step=1070, pmove=0.50, energy=-91.8233+0.0530j
I | 06-13 04:24:01 |  train   | step=1071, pmove=0.51, energy=-91.9475-0.0193j
I | 06-13 04:24:04 |  train   | step=1072, pmove=0.51, energy=-91.9895-0.0044j
I | 06-13 04:24:08 |  train   | step=1073, pmove=0.51, energy=-91.8467-0.0708j
I | 06-13 04:24:11 |  train   | step=1074, pmove=0.50, energy=-91.8235+0.0480j
I | 06-13 04:24:14 |  train   | step=1075, pmove=0.50, energy=-91.6810+0.0217j
I | 06-13 04:24:17 |  train   | step=1076, pmove=0.50, energy=-91.7259+0.0472j
I | 06-13 04:24:20 |  train   | step=1077, pmove=0.50, energy=-91.7331+0.0372j
I | 06-13 04:24:23 |  train   | step=1078, pmove=0.50, energy=-91.9060-0.0066j
I | 06-13 04:24:27 |  train   | step=1079, pmove=0.51, energy=-91.8569-0.0807j
I | 06-13 04:24:30 |  train   | step=1080, pmove=0.51, energy=-91.8972-0.0519j
I | 06-13 04:24:33 |  train   | step=1081, pmove=0.50, energy=-91.8303+0.0191j
I | 06-13 04:24:36 |  train   | step=1082, pmove=0.50, energy=-91.8085-0.0589j
I | 06-13 04:24:39 |  train   | step=1083, pmove=0.50, energy=-91.7784+0.1009j
I | 06-13 04:24:43 |  train   | step=1084, pmove=0.50, energy=-91.8847+0.0328j
I | 06-13 04:24:46 |  train   | step=1085, pmove=0.51, energy=-91.8139+0.0116j
I | 06-13 04:24:49 |  train   | step=1086, pmove=0.50, energy=-91.9035-0.0631j
I | 06-13 04:24:52 |  train   | step=1087, pmove=0.50, energy=-91.9946-0.0955j
I | 06-13 04:24:55 |  train   | step=1088, pmove=0.51, energy=-91.8828-0.0521j
I | 06-13 04:24:58 |  train   | step=1089, pmove=0.50, energy=-91.9122-0.0714j
I | 06-13 04:25:02 |  train   | step=1090, pmove=0.51, energy=-92.0104+0.0431j
I | 06-13 04:25:05 |  train   | step=1091, pmove=0.50, energy=-91.9523+0.0476j
I | 06-13 04:25:08 |  train   | step=1092, pmove=0.51, energy=-91.9339+0.0426j
I | 06-13 04:25:11 |  train   | step=1093, pmove=0.50, energy=-91.9176+0.0389j
I | 06-13 04:25:14 |  train   | step=1094, pmove=0.50, energy=-91.9100-0.0188j
I | 06-13 04:25:18 |  train   | step=1095, pmove=0.50, energy=-91.9102-0.0655j
I | 06-13 04:25:21 |  train   | step=1096, pmove=0.50, energy=-91.8479+0.0588j
I | 06-13 04:25:24 |  train   | step=1097, pmove=0.51, energy=-91.9509-0.0002j
I | 06-13 04:25:27 |  train   | step=1098, pmove=0.50, energy=-91.9617-0.0491j
I | 06-13 04:25:30 |  train   | step=1099, pmove=0.50, energy=-91.9047+0.0022j
I | 06-13 04:25:33 |  train   | step=1100, pmove=0.50, energy=-91.9412-0.0645j
I | 06-13 04:25:37 |  train   | step=1101, pmove=0.50, energy=-91.9272-0.0070j
I | 06-13 04:25:40 |  train   | step=1102, pmove=0.50, energy=-91.9270-0.0161j
I | 06-13 04:25:43 |  train   | step=1103, pmove=0.50, energy=-91.9234+0.0102j
I | 06-13 04:25:46 |  train   | step=1104, pmove=0.50, energy=-91.9581+0.0203j
I | 06-13 04:25:49 |  train   | step=1105, pmove=0.50, energy=-91.8940+0.0057j
I | 06-13 04:25:52 |  train   | step=1106, pmove=0.51, energy=-92.0135-0.0114j
I | 06-13 04:25:56 |  train   | step=1107, pmove=0.51, energy=-91.9075+0.0052j
I | 06-13 04:25:59 |  train   | step=1108, pmove=0.50, energy=-91.8751-0.0011j
I | 06-13 04:26:02 |  train   | step=1109, pmove=0.50, energy=-92.0010-0.0349j
I | 06-13 04:26:05 |  train   | step=1110, pmove=0.50, energy=-91.9624-0.0375j
I | 06-13 04:26:08 |  train   | step=1111, pmove=0.50, energy=-91.9469+0.0337j
I | 06-13 04:26:12 |  train   | step=1112, pmove=0.50, energy=-91.9214+0.0750j
I | 06-13 04:26:15 |  train   | step=1113, pmove=0.51, energy=-92.0867+0.0666j
I | 06-13 04:26:18 |  train   | step=1114, pmove=0.50, energy=-91.8419-0.0067j
I | 06-13 04:26:21 |  train   | step=1115, pmove=0.50, energy=-91.9125-0.0624j
I | 06-13 04:26:24 |  train   | step=1116, pmove=0.50, energy=-91.9650-0.0354j
I | 06-13 04:26:27 |  train   | step=1117, pmove=0.50, energy=-91.9747-0.0124j
I | 06-13 04:26:31 |  train   | step=1118, pmove=0.50, energy=-91.8809-0.0007j
I | 06-13 04:26:34 |  train   | step=1119, pmove=0.50, energy=-91.9808+0.0469j
I | 06-13 04:26:37 |  train   | step=1120, pmove=0.50, energy=-91.9114+0.0296j
I | 06-13 04:26:40 |  train   | step=1121, pmove=0.50, energy=-91.9242+0.0336j
I | 06-13 04:26:43 |  train   | step=1122, pmove=0.51, energy=-91.9419-0.0467j
I | 06-13 04:26:47 |  train   | step=1123, pmove=0.50, energy=-91.8959-0.0089j
I | 06-13 04:26:50 |  train   | step=1124, pmove=0.50, energy=-91.9343+0.0081j
I | 06-13 04:26:53 |  train   | step=1125, pmove=0.50, energy=-91.9555+0.0022j
I | 06-13 04:26:56 |  train   | step=1126, pmove=0.50, energy=-91.9413-0.0055j
I | 06-13 04:26:59 |  train   | step=1127, pmove=0.50, energy=-91.8927+0.0203j
I | 06-13 04:27:02 |  train   | step=1128, pmove=0.50, energy=-91.9085-0.0173j
I | 06-13 04:27:06 |  train   | step=1129, pmove=0.51, energy=-91.9646+0.0209j
I | 06-13 04:27:09 |  train   | step=1130, pmove=0.50, energy=-91.9220+0.0269j
I | 06-13 04:27:12 |  train   | step=1131, pmove=0.50, energy=-91.9668-0.1424j
I | 06-13 04:27:15 |  train   | step=1132, pmove=0.50, energy=-91.9062-0.0198j
I | 06-13 04:27:18 |  train   | step=1133, pmove=0.50, energy=-92.0644-0.0209j
I | 06-13 04:27:21 |  train   | step=1134, pmove=0.50, energy=-91.9989-0.0017j
I | 06-13 04:27:25 |  train   | step=1135, pmove=0.50, energy=-91.9695-0.0300j
I | 06-13 04:27:28 |  train   | step=1136, pmove=0.50, energy=-91.9435-0.0442j
I | 06-13 04:27:31 |  train   | step=1137, pmove=0.50, energy=-92.0041-0.0852j
I | 06-13 04:27:34 |  train   | step=1138, pmove=0.50, energy=-92.0295-0.0374j
I | 06-13 04:27:37 |  train   | step=1139, pmove=0.51, energy=-92.0416-0.0258j
I | 06-13 04:27:41 |  train   | step=1140, pmove=0.51, energy=-92.0366-0.1187j
I | 06-13 04:27:44 |  train   | step=1141, pmove=0.50, energy=-91.9780+0.0241j
I | 06-13 04:27:47 |  train   | step=1142, pmove=0.50, energy=-91.9906+0.0275j
I | 06-13 04:27:50 |  train   | step=1143, pmove=0.50, energy=-91.9842+0.0433j
I | 06-13 04:27:53 |  train   | step=1144, pmove=0.50, energy=-92.0004+0.0121j
I | 06-13 04:27:56 |  train   | step=1145, pmove=0.50, energy=-91.9878-0.0373j
I | 06-13 04:28:00 |  train   | step=1146, pmove=0.50, energy=-91.9493+0.0620j
I | 06-13 04:28:03 |  train   | step=1147, pmove=0.50, energy=-92.1058-0.0062j
I | 06-13 04:28:06 |  train   | step=1148, pmove=0.50, energy=-91.9945+0.0079j
I | 06-13 04:28:09 |  train   | step=1149, pmove=0.50, energy=-91.9435+0.0690j
I | 06-13 04:28:12 |  train   | step=1150, pmove=0.50, energy=-91.9725+0.0534j
I | 06-13 04:28:16 |  train   | step=1151, pmove=0.50, energy=-91.9254+0.0526j
I | 06-13 04:28:19 |  train   | step=1152, pmove=0.50, energy=-91.9792+0.0134j
I | 06-13 04:28:22 |  train   | step=1153, pmove=0.50, energy=-91.9597-0.0019j
I | 06-13 04:28:25 |  train   | step=1154, pmove=0.51, energy=-91.9153-0.0449j
I | 06-13 04:28:28 |  train   | step=1155, pmove=0.50, energy=-91.8577-0.0054j
I | 06-13 04:28:31 |  train   | step=1156, pmove=0.50, energy=-91.9387+0.0490j
I | 06-13 04:28:35 |  train   | step=1157, pmove=0.50, energy=-92.0034-0.0345j
I | 06-13 04:28:38 |  train   | step=1158, pmove=0.51, energy=-92.0477+0.0046j
I | 06-13 04:28:41 |  train   | step=1159, pmove=0.50, energy=-92.0756-0.0121j
I | 06-13 04:28:44 |  train   | step=1160, pmove=0.50, energy=-92.0653+0.0619j
I | 06-13 04:28:47 |  train   | step=1161, pmove=0.51, energy=-91.9703-0.0020j
I | 06-13 04:28:50 |  train   | step=1162, pmove=0.50, energy=-92.0223+0.0130j
I | 06-13 04:28:54 |  train   | step=1163, pmove=0.50, energy=-91.8436-0.0280j
I | 06-13 04:28:57 |  train   | step=1164, pmove=0.50, energy=-91.9744+0.0395j
I | 06-13 04:29:00 |  train   | step=1165, pmove=0.50, energy=-91.9913-0.0020j
I | 06-13 04:29:03 |  train   | step=1166, pmove=0.50, energy=-91.9810+0.0038j
I | 06-13 04:29:06 |  train   | step=1167, pmove=0.50, energy=-91.9710-0.0712j
I | 06-13 04:29:10 |  train   | step=1168, pmove=0.51, energy=-91.8305+0.0222j
I | 06-13 04:29:13 |  train   | step=1169, pmove=0.50, energy=-92.0789-0.0054j
I | 06-13 04:29:16 |  train   | step=1170, pmove=0.50, energy=-92.1466-0.0225j
I | 06-13 04:29:19 |  train   | step=1171, pmove=0.50, energy=-91.9973+0.0545j
I | 06-13 04:29:22 |  train   | step=1172, pmove=0.51, energy=-92.0551-0.0306j
I | 06-13 04:29:25 |  train   | step=1173, pmove=0.50, energy=-92.0578-0.0148j
I | 06-13 04:29:29 |  train   | step=1174, pmove=0.50, energy=-92.0130-0.0917j
I | 06-13 04:29:32 |  train   | step=1175, pmove=0.51, energy=-91.9771-0.0040j
I | 06-13 04:29:35 |  train   | step=1176, pmove=0.50, energy=-92.0701-0.0301j
I | 06-13 04:29:38 |  train   | step=1177, pmove=0.50, energy=-92.1357-0.0066j
I | 06-13 04:29:41 |  train   | step=1178, pmove=0.50, energy=-92.0658-0.0742j
I | 06-13 04:29:45 |  train   | step=1179, pmove=0.51, energy=-92.0329-0.1122j
I | 06-13 04:29:48 |  train   | step=1180, pmove=0.50, energy=-92.0002+0.0693j
I | 06-13 04:29:51 |  train   | step=1181, pmove=0.50, energy=-91.8647+0.0323j
I | 06-13 04:29:54 |  train   | step=1182, pmove=0.50, energy=-91.9653+0.0055j
I | 06-13 04:29:57 |  train   | step=1183, pmove=0.50, energy=-92.0547+0.0022j
I | 06-13 04:30:00 |  train   | step=1184, pmove=0.51, energy=-92.1070+0.0225j
I | 06-13 04:30:04 |  train   | step=1185, pmove=0.50, energy=-92.0823-0.0400j
I | 06-13 04:30:07 |  train   | step=1186, pmove=0.50, energy=-92.0771-0.0289j
I | 06-13 04:30:10 |  train   | step=1187, pmove=0.50, energy=-92.0599-0.0616j
I | 06-13 04:30:13 |  train   | step=1188, pmove=0.50, energy=-91.9642-0.0223j
I | 06-13 04:30:16 |  train   | step=1189, pmove=0.50, energy=-92.0800-0.0519j
I | 06-13 04:30:19 |  train   | step=1190, pmove=0.50, energy=-92.0734-0.0051j
I | 06-13 04:30:23 |  train   | step=1191, pmove=0.50, energy=-92.0032+0.0403j
I | 06-13 04:30:26 |  train   | step=1192, pmove=0.50, energy=-91.9417-0.0534j
I | 06-13 04:30:29 |  train   | step=1193, pmove=0.50, energy=-91.9741+0.0627j
I | 06-13 04:30:32 |  train   | step=1194, pmove=0.50, energy=-92.0487+0.0253j
I | 06-13 04:30:35 |  train   | step=1195, pmove=0.50, energy=-92.1850-0.0055j
I | 06-13 04:30:39 |  train   | step=1196, pmove=0.50, energy=-92.0739+0.0557j
I | 06-13 04:30:42 |  train   | step=1197, pmove=0.50, energy=-91.9692-0.0779j
I | 06-13 04:30:45 |  train   | step=1198, pmove=0.50, energy=-91.9527-0.1047j
I | 06-13 04:30:48 |  train   | step=1199, pmove=0.50, energy=-91.8986-0.0498j
I | 06-13 04:30:51 |  train   | step=1200, pmove=0.50, energy=-92.0036-0.0141j
I | 06-13 04:30:54 |  train   | step=1201, pmove=0.50, energy=-92.0486-0.0078j
I | 06-13 04:30:58 |  train   | step=1202, pmove=0.50, energy=-91.9203+0.0285j
I | 06-13 04:31:01 |  train   | step=1203, pmove=0.50, energy=-92.0764+0.0486j
I | 06-13 04:31:04 |  train   | step=1204, pmove=0.50, energy=-91.9680+0.0432j
I | 06-13 04:31:07 |  train   | step=1205, pmove=0.50, energy=-92.0146-0.0337j
I | 06-13 04:31:10 |  train   | step=1206, pmove=0.50, energy=-92.0212-0.0036j
I | 06-13 04:31:13 |  train   | step=1207, pmove=0.50, energy=-92.0298+0.0135j
I | 06-13 04:31:17 |  train   | step=1208, pmove=0.50, energy=-92.0759-0.0577j
I | 06-13 04:31:20 |  train   | step=1209, pmove=0.50, energy=-92.1006+0.0429j
I | 06-13 04:31:23 |  train   | step=1210, pmove=0.50, energy=-92.1439+0.1044j
I | 06-13 04:31:26 |  train   | step=1211, pmove=0.50, energy=-92.1680+0.0355j
I | 06-13 04:31:29 |  train   | step=1212, pmove=0.50, energy=-92.1047+0.0653j
I | 06-13 04:31:33 |  train   | step=1213, pmove=0.50, energy=-92.0705+0.0024j
I | 06-13 04:31:36 |  train   | step=1214, pmove=0.51, energy=-92.1127-0.0249j
I | 06-13 04:31:39 |  train   | step=1215, pmove=0.50, energy=-92.0519+0.0537j
I | 06-13 04:31:42 |  train   | step=1216, pmove=0.50, energy=-92.0051-0.0455j
I | 06-13 04:31:45 |  train   | step=1217, pmove=0.50, energy=-92.0763+0.0047j
I | 06-13 04:31:48 |  train   | step=1218, pmove=0.50, energy=-91.9923-0.0116j
I | 06-13 04:31:52 |  train   | step=1219, pmove=0.50, energy=-92.1857-0.0222j
I | 06-13 04:31:55 |  train   | step=1220, pmove=0.50, energy=-92.0824+0.0534j
I | 06-13 04:31:58 |  train   | step=1221, pmove=0.50, energy=-92.0158+0.0116j
I | 06-13 04:32:01 |  train   | step=1222, pmove=0.51, energy=-92.2251+0.0012j
I | 06-13 04:32:05 |  train   | step=1223, pmove=0.50, energy=-92.0734-0.0082j
I | 06-13 04:32:08 |  train   | step=1224, pmove=0.50, energy=-92.1188-0.0407j
I | 06-13 04:32:11 |  train   | step=1225, pmove=0.50, energy=-92.0807+0.0307j
I | 06-13 04:32:14 |  train   | step=1226, pmove=0.50, energy=-92.0340-0.0506j
I | 06-13 04:32:17 |  train   | step=1227, pmove=0.51, energy=-92.1762+0.0290j
I | 06-13 04:32:21 |  train   | step=1228, pmove=0.50, energy=-92.0829+0.0399j
I | 06-13 04:32:25 |  train   | step=1229, pmove=0.50, energy=-91.9850-0.0153j
I | 06-13 04:32:28 |  train   | step=1230, pmove=0.50, energy=-91.9568-0.0223j
I | 06-13 04:32:31 |  train   | step=1231, pmove=0.50, energy=-92.0221-0.0031j
I | 06-13 04:32:34 |  train   | step=1232, pmove=0.50, energy=-92.1188-0.0645j
I | 06-13 04:32:38 |  train   | step=1233, pmove=0.51, energy=-92.1127+0.0527j
I | 06-13 04:32:41 |  train   | step=1234, pmove=0.50, energy=-92.1444+0.0075j
I | 06-13 04:32:44 |  train   | step=1235, pmove=0.50, energy=-92.0094+0.0882j
I | 06-13 04:32:47 |  train   | step=1236, pmove=0.50, energy=-91.9680-0.0323j
I | 06-13 04:32:50 |  train   | step=1237, pmove=0.50, energy=-92.0250-0.0699j
I | 06-13 04:32:53 |  train   | step=1238, pmove=0.50, energy=-92.0817+0.0098j
I | 06-13 04:32:57 |  train   | step=1239, pmove=0.50, energy=-92.0931-0.0164j
I | 06-13 04:33:00 |  train   | step=1240, pmove=0.50, energy=-92.0363-0.0168j
I | 06-13 04:33:03 |  train   | step=1241, pmove=0.50, energy=-92.0544-0.0099j
I | 06-13 04:33:06 |  train   | step=1242, pmove=0.50, energy=-91.9757+0.0043j
I | 06-13 04:33:09 |  train   | step=1243, pmove=0.50, energy=-92.0948-0.0512j
I | 06-13 04:33:13 |  train   | step=1244, pmove=0.50, energy=-92.0923-0.0073j
I | 06-13 04:33:16 |  train   | step=1245, pmove=0.50, energy=-91.9940+0.0530j
I | 06-13 04:33:19 |  train   | step=1246, pmove=0.50, energy=-92.1281-0.0917j
I | 06-13 04:33:22 |  train   | step=1247, pmove=0.50, energy=-92.0856+0.0180j
I | 06-13 04:33:25 |  train   | step=1248, pmove=0.50, energy=-92.1503+0.0316j
I | 06-13 04:33:28 |  train   | step=1249, pmove=0.51, energy=-92.0882-0.0084j
I | 06-13 04:33:32 |  train   | step=1250, pmove=0.50, energy=-92.1195+0.0178j
I | 06-13 04:33:35 |  train   | step=1251, pmove=0.50, energy=-92.1727-0.0599j
I | 06-13 04:33:38 |  train   | step=1252, pmove=0.50, energy=-92.1269+0.0147j
I | 06-13 04:33:41 |  train   | step=1253, pmove=0.50, energy=-92.1123-0.0734j
I | 06-13 04:33:44 |  train   | step=1254, pmove=0.50, energy=-92.1354-0.0383j
I | 06-13 04:33:47 |  train   | step=1255, pmove=0.50, energy=-92.1917-0.0171j
I | 06-13 04:33:51 |  train   | step=1256, pmove=0.50, energy=-92.2352+0.0004j
I | 06-13 04:33:54 |  train   | step=1257, pmove=0.50, energy=-92.1774-0.0163j
I | 06-13 04:33:57 |  train   | step=1258, pmove=0.50, energy=-92.1986+0.0154j
I | 06-13 04:34:00 |  train   | step=1259, pmove=0.50, energy=-92.0549-0.0365j
I | 06-13 04:34:03 |  train   | step=1260, pmove=0.50, energy=-92.1862-0.0003j
I | 06-13 04:34:07 |  train   | step=1261, pmove=0.50, energy=-92.0984-0.0359j
I | 06-13 04:34:10 |  train   | step=1262, pmove=0.50, energy=-92.0938+0.0416j
I | 06-13 04:34:13 |  train   | step=1263, pmove=0.50, energy=-92.2040+0.0637j
I | 06-13 04:34:16 |  train   | step=1264, pmove=0.50, energy=-92.0937-0.0154j
I | 06-13 04:34:20 |  train   | step=1265, pmove=0.50, energy=-92.0308+0.0729j
I | 06-13 04:34:23 |  train   | step=1266, pmove=0.50, energy=-91.9386-0.0206j
I | 06-13 04:34:26 |  train   | step=1267, pmove=0.50, energy=-92.0755+0.0020j
I | 06-13 04:34:29 |  train   | step=1268, pmove=0.50, energy=-92.1017-0.0430j
I | 06-13 04:34:32 |  train   | step=1269, pmove=0.50, energy=-92.1528-0.0100j
I | 06-13 04:34:35 |  train   | step=1270, pmove=0.50, energy=-92.0742+0.0429j
I | 06-13 04:34:39 |  train   | step=1271, pmove=0.50, energy=-92.1194+0.0535j
I | 06-13 04:34:42 |  train   | step=1272, pmove=0.50, energy=-92.0881-0.0135j
I | 06-13 04:34:45 |  train   | step=1273, pmove=0.50, energy=-92.0465-0.0117j
I | 06-13 04:34:48 |  train   | step=1274, pmove=0.50, energy=-92.1483+0.0216j
I | 06-13 04:34:51 |  train   | step=1275, pmove=0.50, energy=-92.1479-0.0796j
I | 06-13 04:34:55 |  train   | step=1276, pmove=0.50, energy=-92.0787-0.0298j
I | 06-13 04:34:58 |  train   | step=1277, pmove=0.50, energy=-92.0652-0.0026j
I | 06-13 04:35:01 |  train   | step=1278, pmove=0.50, energy=-92.2386+0.0229j
I | 06-13 04:35:04 |  train   | step=1279, pmove=0.50, energy=-92.0890-0.0926j
I | 06-13 04:35:07 |  train   | step=1280, pmove=0.50, energy=-92.0968-0.0007j
I | 06-13 04:35:10 |  train   | step=1281, pmove=0.50, energy=-92.0141+0.0453j
I | 06-13 04:35:14 |  train   | step=1282, pmove=0.50, energy=-92.1186-0.0228j
I | 06-13 04:35:17 |  train   | step=1283, pmove=0.50, energy=-92.1163+0.0172j
I | 06-13 04:35:20 |  train   | step=1284, pmove=0.50, energy=-92.1739+0.0765j
I | 06-13 04:35:23 |  train   | step=1285, pmove=0.50, energy=-92.0630+0.0142j
I | 06-13 04:35:26 |  train   | step=1286, pmove=0.49, energy=-92.1014-0.0060j
I | 06-13 04:35:30 |  train   | step=1287, pmove=0.50, energy=-92.1484+0.0261j
I | 06-13 04:35:33 |  train   | step=1288, pmove=0.50, energy=-92.1785-0.0061j
I | 06-13 04:35:36 |  train   | step=1289, pmove=0.50, energy=-92.1157-0.0047j
I | 06-13 04:35:39 |  train   | step=1290, pmove=0.50, energy=-92.1530+0.0062j
I | 06-13 04:35:42 |  train   | step=1291, pmove=0.50, energy=-92.1540-0.0137j
I | 06-13 04:35:45 |  train   | step=1292, pmove=0.50, energy=-92.1126+0.0100j
I | 06-13 04:35:49 |  train   | step=1293, pmove=0.50, energy=-92.0962+0.0352j
I | 06-13 04:35:52 |  train   | step=1294, pmove=0.50, energy=-92.1456-0.0036j
I | 06-13 04:35:55 |  train   | step=1295, pmove=0.50, energy=-92.1556+0.0045j
I | 06-13 04:35:58 |  train   | step=1296, pmove=0.50, energy=-92.1008-0.0456j
I | 06-13 04:36:01 |  train   | step=1297, pmove=0.50, energy=-92.0883-0.0307j
I | 06-13 04:36:04 |  train   | step=1298, pmove=0.50, energy=-92.0770-0.0191j
I | 06-13 04:36:08 |  train   | step=1299, pmove=0.50, energy=-92.0544+0.0032j
I | 06-13 04:36:11 |  train   | step=1300, pmove=0.50, energy=-92.0512+0.0763j
I | 06-13 04:36:14 |  train   | step=1301, pmove=0.50, energy=-92.1804+0.0111j
I | 06-13 04:36:17 |  train   | step=1302, pmove=0.50, energy=-92.1302-0.0215j
I | 06-13 04:36:20 |  train   | step=1303, pmove=0.50, energy=-92.1503+0.0522j
I | 06-13 04:36:24 |  train   | step=1304, pmove=0.50, energy=-92.1794-0.0403j
I | 06-13 04:36:27 |  train   | step=1305, pmove=0.50, energy=-92.1971-0.0124j
I | 06-13 04:36:30 |  train   | step=1306, pmove=0.50, energy=-92.1474-0.0212j
I | 06-13 04:36:33 |  train   | step=1307, pmove=0.50, energy=-92.1865-0.0344j
I | 06-13 04:36:36 |  train   | step=1308, pmove=0.50, energy=-92.0680+0.0182j
I | 06-13 04:36:39 |  train   | step=1309, pmove=0.50, energy=-92.1207+0.0115j
I | 06-13 04:36:43 |  train   | step=1310, pmove=0.50, energy=-92.1899+0.0203j
I | 06-13 04:36:46 |  train   | step=1311, pmove=0.50, energy=-92.1715+0.0346j
I | 06-13 04:36:49 |  train   | step=1312, pmove=0.50, energy=-92.0714+0.0133j
I | 06-13 04:36:52 |  train   | step=1313, pmove=0.50, energy=-92.1142-0.0357j
I | 06-13 04:36:55 |  train   | step=1314, pmove=0.50, energy=-92.1477-0.0826j
I | 06-13 04:36:59 |  train   | step=1315, pmove=0.50, energy=-92.1275+0.0005j
I | 06-13 04:37:02 |  train   | step=1316, pmove=0.50, energy=-92.0705-0.0296j
I | 06-13 04:37:05 |  train   | step=1317, pmove=0.50, energy=-92.1205-0.0136j
I | 06-13 04:37:08 |  train   | step=1318, pmove=0.50, energy=-92.1600+0.0324j
I | 06-13 04:37:11 |  train   | step=1319, pmove=0.50, energy=-92.1667+0.0189j
I | 06-13 04:37:14 |  train   | step=1320, pmove=0.50, energy=-92.1065+0.0163j
I | 06-13 04:37:18 |  train   | step=1321, pmove=0.50, energy=-92.1699+0.0498j
I | 06-13 04:37:21 |  train   | step=1322, pmove=0.50, energy=-92.0584-0.0316j
I | 06-13 04:37:24 |  train   | step=1323, pmove=0.50, energy=-92.0697-0.0180j
I | 06-13 04:37:27 |  train   | step=1324, pmove=0.50, energy=-92.1518-0.0827j
I | 06-13 04:37:30 |  train   | step=1325, pmove=0.50, energy=-92.1902+0.0300j
I | 06-13 04:37:33 |  train   | step=1326, pmove=0.50, energy=-92.2148-0.0128j
I | 06-13 04:37:37 |  train   | step=1327, pmove=0.50, energy=-92.2336-0.0417j
I | 06-13 04:37:40 |  train   | step=1328, pmove=0.50, energy=-92.0684-0.0556j
I | 06-13 04:37:43 |  train   | step=1329, pmove=0.50, energy=-92.0627-0.0149j
I | 06-13 04:37:46 |  train   | step=1330, pmove=0.50, energy=-92.0717+0.0284j
I | 06-13 04:37:49 |  train   | step=1331, pmove=0.50, energy=-92.0933-0.0501j
I | 06-13 04:37:53 |  train   | step=1332, pmove=0.50, energy=-92.1306+0.0354j
I | 06-13 04:37:56 |  train   | step=1333, pmove=0.50, energy=-92.2012+0.0484j
I | 06-13 04:37:59 |  train   | step=1334, pmove=0.50, energy=-92.1920-0.0251j
I | 06-13 04:38:02 |  train   | step=1335, pmove=0.50, energy=-92.1926+0.0506j
I | 06-13 04:38:05 |  train   | step=1336, pmove=0.50, energy=-92.0975+0.0116j
I | 06-13 04:38:08 |  train   | step=1337, pmove=0.50, energy=-92.1699+0.0395j
I | 06-13 04:38:12 |  train   | step=1338, pmove=0.50, energy=-92.0445-0.0043j
I | 06-13 04:38:15 |  train   | step=1339, pmove=0.50, energy=-92.1589-0.0366j
I | 06-13 04:38:18 |  train   | step=1340, pmove=0.50, energy=-92.0862-0.0386j
I | 06-13 04:38:21 |  train   | step=1341, pmove=0.50, energy=-92.2348-0.0027j
I | 06-13 04:38:24 |  train   | step=1342, pmove=0.50, energy=-92.1913+0.0244j
I | 06-13 04:38:28 |  train   | step=1343, pmove=0.50, energy=-92.2043+0.0178j
I | 06-13 04:38:31 |  train   | step=1344, pmove=0.50, energy=-92.1514-0.0005j
I | 06-13 04:38:34 |  train   | step=1345, pmove=0.50, energy=-92.2180-0.0226j
I | 06-13 04:38:37 |  train   | step=1346, pmove=0.50, energy=-92.1842-0.0118j
I | 06-13 04:38:40 |  train   | step=1347, pmove=0.50, energy=-92.1043+0.0565j
I | 06-13 04:38:43 |  train   | step=1348, pmove=0.50, energy=-92.2307-0.0185j
I | 06-13 04:38:47 |  train   | step=1349, pmove=0.50, energy=-92.2034+0.0453j
I | 06-13 04:38:50 |  train   | step=1350, pmove=0.50, energy=-92.3147+0.0079j
I | 06-13 04:38:53 |  train   | step=1351, pmove=0.50, energy=-92.1122-0.0268j
I | 06-13 04:38:56 |  train   | step=1352, pmove=0.50, energy=-92.1723-0.0587j
I | 06-13 04:38:59 |  train   | step=1353, pmove=0.50, energy=-92.2472-0.0412j
I | 06-13 04:39:02 |  train   | step=1354, pmove=0.50, energy=-92.1207+0.0299j
I | 06-13 04:39:06 |  train   | step=1355, pmove=0.50, energy=-92.2413-0.0119j
I | 06-13 04:39:09 |  train   | step=1356, pmove=0.50, energy=-92.1695+0.0067j
I | 06-13 04:39:12 |  train   | step=1357, pmove=0.50, energy=-92.1679-0.0010j
I | 06-13 04:39:15 |  train   | step=1358, pmove=0.50, energy=-92.1768-0.0211j
I | 06-13 04:39:18 |  train   | step=1359, pmove=0.50, energy=-92.2265-0.0793j
I | 06-13 04:39:22 |  train   | step=1360, pmove=0.50, energy=-92.1735-0.0144j
I | 06-13 04:39:25 |  train   | step=1361, pmove=0.50, energy=-92.2251+0.0449j
I | 06-13 04:39:28 |  train   | step=1362, pmove=0.50, energy=-92.1340+0.0101j
I | 06-13 04:39:31 |  train   | step=1363, pmove=0.50, energy=-92.1356-0.0172j
I | 06-13 04:39:34 |  train   | step=1364, pmove=0.50, energy=-92.1870+0.0489j
I | 06-13 04:39:37 |  train   | step=1365, pmove=0.50, energy=-92.2485+0.0477j
I | 06-13 04:39:41 |  train   | step=1366, pmove=0.50, energy=-92.2296-0.0016j
I | 06-13 04:39:44 |  train   | step=1367, pmove=0.50, energy=-92.2236+0.0174j
I | 06-13 04:39:47 |  train   | step=1368, pmove=0.50, energy=-92.2622-0.0581j
I | 06-13 04:39:50 |  train   | step=1369, pmove=0.50, energy=-92.2963-0.0226j
I | 06-13 04:39:53 |  train   | step=1370, pmove=0.50, energy=-92.1762+0.0483j
I | 06-13 04:39:56 |  train   | step=1371, pmove=0.50, energy=-92.2541+0.0166j
I | 06-13 04:40:00 |  train   | step=1372, pmove=0.50, energy=-92.2022+0.0550j
I | 06-13 04:40:03 |  train   | step=1373, pmove=0.50, energy=-92.1426-0.0018j
I | 06-13 04:40:06 |  train   | step=1374, pmove=0.50, energy=-92.1465-0.0523j
I | 06-13 04:40:09 |  train   | step=1375, pmove=0.50, energy=-92.1553+0.0439j
I | 06-13 04:40:12 |  train   | step=1376, pmove=0.50, energy=-92.2180+0.0037j
I | 06-13 04:40:16 |  train   | step=1377, pmove=0.50, energy=-92.2548+0.0260j
I | 06-13 04:40:19 |  train   | step=1378, pmove=0.50, energy=-92.0915-0.0184j
I | 06-13 04:40:22 |  train   | step=1379, pmove=0.50, energy=-92.2450+0.0216j
I | 06-13 04:40:25 |  train   | step=1380, pmove=0.50, energy=-92.2419-0.0033j
I | 06-13 04:40:28 |  train   | step=1381, pmove=0.50, energy=-92.2353-0.0728j
I | 06-13 04:40:31 |  train   | step=1382, pmove=0.50, energy=-92.2517+0.0150j
I | 06-13 04:40:35 |  train   | step=1383, pmove=0.50, energy=-92.1889+0.0009j
I | 06-13 04:40:38 |  train   | step=1384, pmove=0.50, energy=-92.3035-0.0727j
I | 06-13 04:40:41 |  train   | step=1385, pmove=0.50, energy=-92.0782-0.0323j
I | 06-13 04:40:44 |  train   | step=1386, pmove=0.50, energy=-92.1292-0.0083j
I | 06-13 04:40:47 |  train   | step=1387, pmove=0.50, energy=-92.2906+0.0634j
I | 06-13 04:40:51 |  train   | step=1388, pmove=0.50, energy=-92.2010+0.0771j
I | 06-13 04:40:54 |  train   | step=1389, pmove=0.50, energy=-92.2777+0.0080j
I | 06-13 04:40:57 |  train   | step=1390, pmove=0.50, energy=-92.2587-0.0021j
I | 06-13 04:41:00 |  train   | step=1391, pmove=0.50, energy=-92.1112+0.0761j
I | 06-13 04:41:03 |  train   | step=1392, pmove=0.50, energy=-92.2549+0.0651j
I | 06-13 04:41:06 |  train   | step=1393, pmove=0.50, energy=-92.1704-0.0052j
I | 06-13 04:41:10 |  train   | step=1394, pmove=0.50, energy=-92.1609-0.0086j
I | 06-13 04:41:13 |  train   | step=1395, pmove=0.50, energy=-92.2532-0.0105j
I | 06-13 04:41:16 |  train   | step=1396, pmove=0.50, energy=-92.2068+0.0503j
I | 06-13 04:41:19 |  train   | step=1397, pmove=0.50, energy=-92.1371+0.0300j
I | 06-13 04:41:22 |  train   | step=1398, pmove=0.49, energy=-92.1734-0.0109j
I | 06-13 04:41:25 |  train   | step=1399, pmove=0.50, energy=-92.2348+0.0238j
I | 06-13 04:41:29 |  train   | step=1400, pmove=0.55, energy=-92.1841+0.0149j
I | 06-13 04:41:32 |  train   | step=1401, pmove=0.54, energy=-92.2113-0.0285j
I | 06-13 04:41:35 |  train   | step=1402, pmove=0.54, energy=-92.2219-0.0260j
I | 06-13 04:41:38 |  train   | step=1403, pmove=0.54, energy=-92.2656+0.0136j
I | 06-13 04:41:41 |  train   | step=1404, pmove=0.54, energy=-92.2383-0.0607j
I | 06-13 04:41:45 |  train   | step=1405, pmove=0.54, energy=-92.2792-0.0060j
I | 06-13 04:41:48 |  train   | step=1406, pmove=0.54, energy=-92.3161-0.0234j
I | 06-13 04:41:51 |  train   | step=1407, pmove=0.53, energy=-92.3019+0.0036j
I | 06-13 04:41:54 |  train   | step=1408, pmove=0.54, energy=-92.1549+0.0236j
I | 06-13 04:41:57 |  train   | step=1409, pmove=0.54, energy=-92.2111-0.0041j
I | 06-13 04:42:00 |  train   | step=1410, pmove=0.54, energy=-92.1352+0.0525j
I | 06-13 04:42:04 |  train   | step=1411, pmove=0.54, energy=-92.2779+0.0077j
I | 06-13 04:42:07 |  train   | step=1412, pmove=0.54, energy=-92.1834+0.0455j
I | 06-13 04:42:10 |  train   | step=1413, pmove=0.54, energy=-92.1022+0.0067j
I | 06-13 04:42:13 |  train   | step=1414, pmove=0.54, energy=-92.2868+0.0353j
I | 06-13 04:42:16 |  train   | step=1415, pmove=0.54, energy=-92.1976+0.0011j
I | 06-13 04:42:20 |  train   | step=1416, pmove=0.54, energy=-92.1738+0.0291j
I | 06-13 04:42:23 |  train   | step=1417, pmove=0.54, energy=-92.2620+0.0363j
I | 06-13 04:42:26 |  train   | step=1418, pmove=0.54, energy=-92.1496+0.0317j
I | 06-13 04:42:29 |  train   | step=1419, pmove=0.54, energy=-92.2902-0.0290j
I | 06-13 04:42:32 |  train   | step=1420, pmove=0.54, energy=-92.2103-0.0213j
I | 06-13 04:42:35 |  train   | step=1421, pmove=0.54, energy=-92.2626+0.0268j
I | 06-13 04:42:39 |  train   | step=1422, pmove=0.53, energy=-92.2630-0.0138j
I | 06-13 04:42:42 |  train   | step=1423, pmove=0.54, energy=-92.3185+0.0698j
I | 06-13 04:42:45 |  train   | step=1424, pmove=0.54, energy=-92.2642-0.0298j
I | 06-13 04:42:48 |  train   | step=1425, pmove=0.54, energy=-92.2547-0.0245j
I | 06-13 04:42:51 |  train   | step=1426, pmove=0.53, energy=-92.2297+0.0009j
I | 06-13 04:42:54 |  train   | step=1427, pmove=0.54, energy=-92.1928+0.0024j
I | 06-13 04:42:58 |  train   | step=1428, pmove=0.54, energy=-92.2977-0.0220j
I | 06-13 04:43:01 |  train   | step=1429, pmove=0.54, energy=-92.1960-0.0073j
I | 06-13 04:43:04 |  train   | step=1430, pmove=0.54, energy=-92.2078-0.0204j
I | 06-13 04:43:07 |  train   | step=1431, pmove=0.54, energy=-92.2342-0.0584j
I | 06-13 04:43:10 |  train   | step=1432, pmove=0.54, energy=-92.2966-0.0404j
I | 06-13 04:43:14 |  train   | step=1433, pmove=0.54, energy=-92.3237+0.0344j
I | 06-13 04:43:17 |  train   | step=1434, pmove=0.54, energy=-92.2976+0.0718j
I | 06-13 04:43:20 |  train   | step=1435, pmove=0.54, energy=-92.2857-0.0314j
I | 06-13 04:43:23 |  train   | step=1436, pmove=0.54, energy=-92.2560-0.0055j
I | 06-13 04:43:26 |  train   | step=1437, pmove=0.54, energy=-92.2599+0.0379j
I | 06-13 04:43:29 |  train   | step=1438, pmove=0.54, energy=-92.3588+0.0272j
I | 06-13 04:43:33 |  train   | step=1439, pmove=0.54, energy=-92.3248+0.0230j
I | 06-13 04:43:36 |  train   | step=1440, pmove=0.54, energy=-92.2138+0.0528j
I | 06-13 04:43:39 |  train   | step=1441, pmove=0.53, energy=-92.2911-0.0407j
I | 06-13 04:43:42 |  train   | step=1442, pmove=0.54, energy=-92.2390-0.0131j
I | 06-13 04:43:45 |  train   | step=1443, pmove=0.54, energy=-92.1683-0.0356j
I | 06-13 04:43:49 |  train   | step=1444, pmove=0.54, energy=-92.1857-0.0122j
I | 06-13 04:43:52 |  train   | step=1445, pmove=0.54, energy=-92.2115+0.0047j
I | 06-13 04:43:55 |  train   | step=1446, pmove=0.54, energy=-92.1909+0.0161j
I | 06-13 04:43:58 |  train   | step=1447, pmove=0.54, energy=-92.2883+0.0080j
I | 06-13 04:44:01 |  train   | step=1448, pmove=0.54, energy=-92.3003+0.0156j
I | 06-13 04:44:04 |  train   | step=1449, pmove=0.54, energy=-92.2399-0.0376j
I | 06-13 04:44:08 |  train   | step=1450, pmove=0.54, energy=-92.2405-0.0209j
I | 06-13 04:44:11 |  train   | step=1451, pmove=0.54, energy=-92.1300+0.0454j
I | 06-13 04:44:14 |  train   | step=1452, pmove=0.54, energy=-92.1615-0.0372j
I | 06-13 04:44:17 |  train   | step=1453, pmove=0.54, energy=-92.2823-0.0174j
I | 06-13 04:44:20 |  train   | step=1454, pmove=0.54, energy=-92.1496+0.0540j
I | 06-13 04:44:23 |  train   | step=1455, pmove=0.54, energy=-92.2211+0.0305j
I | 06-13 04:44:27 |  train   | step=1456, pmove=0.53, energy=-92.1699+0.0058j
I | 06-13 04:44:30 |  train   | step=1457, pmove=0.54, energy=-92.2520+0.0415j
I | 06-13 04:44:33 |  train   | step=1458, pmove=0.53, energy=-92.2918-0.0354j
I | 06-13 04:44:36 |  train   | step=1459, pmove=0.54, energy=-92.1853-0.0567j
I | 06-13 04:44:39 |  train   | step=1460, pmove=0.54, energy=-92.1973+0.0438j
I | 06-13 04:44:43 |  train   | step=1461, pmove=0.54, energy=-92.3533-0.0641j
I | 06-13 04:44:46 |  train   | step=1462, pmove=0.54, energy=-92.3427-0.0172j
I | 06-13 04:44:49 |  train   | step=1463, pmove=0.54, energy=-92.3064+0.0018j
I | 06-13 04:44:52 |  train   | step=1464, pmove=0.54, energy=-92.2355-0.0272j
I | 06-13 04:44:55 |  train   | step=1465, pmove=0.54, energy=-92.2188+0.0583j
I | 06-13 04:44:58 |  train   | step=1466, pmove=0.54, energy=-92.2450+0.0458j
I | 06-13 04:45:02 |  train   | step=1467, pmove=0.53, energy=-92.1757-0.0312j
I | 06-13 04:45:05 |  train   | step=1468, pmove=0.54, energy=-92.3513-0.0139j
I | 06-13 04:45:08 |  train   | step=1469, pmove=0.54, energy=-92.3602-0.0199j
I | 06-13 04:45:11 |  train   | step=1470, pmove=0.54, energy=-92.2716+0.0450j
I | 06-13 04:45:14 |  train   | step=1471, pmove=0.54, energy=-92.2739-0.0334j
I | 06-13 04:45:18 |  train   | step=1472, pmove=0.53, energy=-92.2142-0.0691j
I | 06-13 04:45:21 |  train   | step=1473, pmove=0.54, energy=-92.2292-0.0359j
I | 06-13 04:45:24 |  train   | step=1474, pmove=0.54, energy=-92.2684-0.0527j
I | 06-13 04:45:27 |  train   | step=1475, pmove=0.54, energy=-92.3516+0.0484j
I | 06-13 04:45:30 |  train   | step=1476, pmove=0.53, energy=-92.2708+0.0069j
I | 06-13 04:45:33 |  train   | step=1477, pmove=0.54, energy=-92.2238-0.0226j
I | 06-13 04:45:37 |  train   | step=1478, pmove=0.53, energy=-92.3400+0.0166j
I | 06-13 04:45:40 |  train   | step=1479, pmove=0.54, energy=-92.2940+0.0320j
I | 06-13 04:45:43 |  train   | step=1480, pmove=0.53, energy=-92.2703+0.0327j
I | 06-13 04:45:46 |  train   | step=1481, pmove=0.53, energy=-92.2121-0.0052j
I | 06-13 04:45:49 |  train   | step=1482, pmove=0.54, energy=-92.1826+0.0182j
I | 06-13 04:45:52 |  train   | step=1483, pmove=0.54, energy=-92.2479+0.0024j
I | 06-13 04:45:56 |  train   | step=1484, pmove=0.54, energy=-92.2949+0.0488j
I | 06-13 04:45:59 |  train   | step=1485, pmove=0.54, energy=-92.3287+0.0601j
I | 06-13 04:46:02 |  train   | step=1486, pmove=0.54, energy=-92.3142+0.0614j
I | 06-13 04:46:05 |  train   | step=1487, pmove=0.54, energy=-92.3492+0.0382j
I | 06-13 04:46:08 |  train   | step=1488, pmove=0.54, energy=-92.3110-0.0309j
I | 06-13 04:46:12 |  train   | step=1489, pmove=0.54, energy=-92.3304-0.0044j
I | 06-13 04:46:15 |  train   | step=1490, pmove=0.54, energy=-92.2980-0.0389j
I | 06-13 04:46:18 |  train   | step=1491, pmove=0.54, energy=-92.3655-0.0102j
I | 06-13 04:46:21 |  train   | step=1492, pmove=0.54, energy=-92.3124+0.0383j
I | 06-13 04:46:24 |  train   | step=1493, pmove=0.54, energy=-92.1905-0.0144j
I | 06-13 04:46:27 |  train   | step=1494, pmove=0.54, energy=-92.3218+0.0189j
I | 06-13 04:46:31 |  train   | step=1495, pmove=0.54, energy=-92.3553-0.0647j
I | 06-13 04:46:34 |  train   | step=1496, pmove=0.54, energy=-92.3068+0.0124j
I | 06-13 04:46:37 |  train   | step=1497, pmove=0.54, energy=-92.1944-0.0361j
I | 06-13 04:46:40 |  train   | step=1498, pmove=0.53, energy=-92.2902+0.0243j
I | 06-13 04:46:43 |  train   | step=1499, pmove=0.54, energy=-92.3097+0.0060j
I | 06-13 04:46:47 |  train   | step=1500, pmove=0.54, energy=-92.2686+0.0496j
I | 06-13 04:46:50 |  train   | step=1501, pmove=0.54, energy=-92.3339+0.0252j
I | 06-13 04:46:53 |  train   | step=1502, pmove=0.53, energy=-92.3311+0.0008j
I | 06-13 04:46:56 |  train   | step=1503, pmove=0.54, energy=-92.2306+0.0254j
I | 06-13 04:46:59 |  train   | step=1504, pmove=0.54, energy=-92.1945+0.0145j
I | 06-13 04:47:02 |  train   | step=1505, pmove=0.54, energy=-92.2749+0.0417j
I | 06-13 04:47:06 |  train   | step=1506, pmove=0.53, energy=-92.3371-0.0029j
I | 06-13 04:47:09 |  train   | step=1507, pmove=0.53, energy=-92.3841+0.0211j
I | 06-13 04:47:12 |  train   | step=1508, pmove=0.54, energy=-92.3311-0.0093j
I | 06-13 04:47:15 |  train   | step=1509, pmove=0.54, energy=-92.2655-0.0002j
I | 06-13 04:47:18 |  train   | step=1510, pmove=0.54, energy=-92.2899-0.0208j
I | 06-13 04:47:21 |  train   | step=1511, pmove=0.54, energy=-92.1992-0.0542j
I | 06-13 04:47:25 |  train   | step=1512, pmove=0.54, energy=-92.3090-0.0398j
I | 06-13 04:47:28 |  train   | step=1513, pmove=0.53, energy=-92.3146-0.0198j
I | 06-13 04:47:31 |  train   | step=1514, pmove=0.53, energy=-92.3103+0.0188j
I | 06-13 04:47:34 |  train   | step=1515, pmove=0.54, energy=-92.2661+0.0073j
I | 06-13 04:47:37 |  train   | step=1516, pmove=0.54, energy=-92.2800+0.0219j
I | 06-13 04:47:41 |  train   | step=1517, pmove=0.54, energy=-92.3232-0.0422j
I | 06-13 04:47:44 |  train   | step=1518, pmove=0.54, energy=-92.2682-0.0330j
I | 06-13 04:47:47 |  train   | step=1519, pmove=0.54, energy=-92.3447+0.0864j
I | 06-13 04:47:50 |  train   | step=1520, pmove=0.54, energy=-92.3185+0.0170j
I | 06-13 04:47:53 |  train   | step=1521, pmove=0.54, energy=-92.2784-0.0182j
I | 06-13 04:47:56 |  train   | step=1522, pmove=0.54, energy=-92.3019-0.0470j
I | 06-13 04:48:00 |  train   | step=1523, pmove=0.54, energy=-92.3286-0.0397j
I | 06-13 04:48:03 |  train   | step=1524, pmove=0.54, energy=-92.2157+0.0579j
I | 06-13 04:48:06 |  train   | step=1525, pmove=0.54, energy=-92.3305-0.0064j
I | 06-13 04:48:09 |  train   | step=1526, pmove=0.54, energy=-92.2549-0.0165j
I | 06-13 04:48:12 |  train   | step=1527, pmove=0.54, energy=-92.3552+0.0128j
I | 06-13 04:48:16 |  train   | step=1528, pmove=0.54, energy=-92.2459+0.0315j
I | 06-13 04:48:19 |  train   | step=1529, pmove=0.54, energy=-92.3344+0.0269j
I | 06-13 04:48:22 |  train   | step=1530, pmove=0.54, energy=-92.2578-0.0478j
I | 06-13 04:48:25 |  train   | step=1531, pmove=0.54, energy=-92.2058-0.0123j
I | 06-13 04:48:28 |  train   | step=1532, pmove=0.53, energy=-92.3496+0.0456j
I | 06-13 04:48:31 |  train   | step=1533, pmove=0.54, energy=-92.3662+0.0536j
I | 06-13 04:48:35 |  train   | step=1534, pmove=0.54, energy=-92.3107+0.0281j
I | 06-13 04:48:38 |  train   | step=1535, pmove=0.53, energy=-92.1967-0.0382j
I | 06-13 04:48:41 |  train   | step=1536, pmove=0.54, energy=-92.3316+0.0371j
I | 06-13 04:48:44 |  train   | step=1537, pmove=0.53, energy=-92.2746-0.0467j
I | 06-13 04:48:47 |  train   | step=1538, pmove=0.53, energy=-92.3059+0.0109j
I | 06-13 04:48:50 |  train   | step=1539, pmove=0.54, energy=-92.3787-0.0494j
I | 06-13 04:48:54 |  train   | step=1540, pmove=0.54, energy=-92.3366+0.0374j
I | 06-13 04:48:57 |  train   | step=1541, pmove=0.54, energy=-92.3499-0.0081j
I | 06-13 04:49:00 |  train   | step=1542, pmove=0.54, energy=-92.3276-0.0049j
I | 06-13 04:49:03 |  train   | step=1543, pmove=0.54, energy=-92.3675+0.0375j
I | 06-13 04:49:06 |  train   | step=1544, pmove=0.54, energy=-92.3936+0.0315j
I | 06-13 04:49:10 |  train   | step=1545, pmove=0.54, energy=-92.3158+0.0143j
I | 06-13 04:49:13 |  train   | step=1546, pmove=0.54, energy=-92.3088+0.0093j
I | 06-13 04:49:16 |  train   | step=1547, pmove=0.53, energy=-92.2764-0.0249j
I | 06-13 04:49:19 |  train   | step=1548, pmove=0.54, energy=-92.3709+0.0251j
I | 06-13 04:49:22 |  train   | step=1549, pmove=0.53, energy=-92.3833+0.0327j
I | 06-13 04:49:25 |  train   | step=1550, pmove=0.54, energy=-92.3699+0.0364j
I | 06-13 04:49:29 |  train   | step=1551, pmove=0.53, energy=-92.3375+0.0312j
I | 06-13 04:49:32 |  train   | step=1552, pmove=0.54, energy=-92.3459-0.0002j
I | 06-13 04:49:35 |  train   | step=1553, pmove=0.54, energy=-92.3136+0.0010j
I | 06-13 04:49:38 |  train   | step=1554, pmove=0.54, energy=-92.3648+0.0197j
I | 06-13 04:49:41 |  train   | step=1555, pmove=0.54, energy=-92.3802+0.0388j
I | 06-13 04:49:45 |  train   | step=1556, pmove=0.54, energy=-92.3827+0.0264j
I | 06-13 04:49:48 |  train   | step=1557, pmove=0.54, energy=-92.3191+0.0016j
I | 06-13 04:49:51 |  train   | step=1558, pmove=0.53, energy=-92.2979+0.0359j
I | 06-13 04:49:54 |  train   | step=1559, pmove=0.53, energy=-92.3393+0.0263j
I | 06-13 04:49:57 |  train   | step=1560, pmove=0.54, energy=-92.3049+0.0237j
I | 06-13 04:50:00 |  train   | step=1561, pmove=0.53, energy=-92.3121+0.0035j
I | 06-13 04:50:04 |  train   | step=1562, pmove=0.54, energy=-92.3257-0.0358j
I | 06-13 04:50:07 |  train   | step=1563, pmove=0.54, energy=-92.2707+0.0032j
I | 06-13 04:50:10 |  train   | step=1564, pmove=0.54, energy=-92.3194+0.0112j
I | 06-13 04:50:13 |  train   | step=1565, pmove=0.54, energy=-92.3650-0.0461j
I | 06-13 04:50:16 |  train   | step=1566, pmove=0.54, energy=-92.4052+0.0085j
I | 06-13 04:50:19 |  train   | step=1567, pmove=0.54, energy=-92.3693+0.0096j
I | 06-13 04:50:23 |  train   | step=1568, pmove=0.54, energy=-92.2709-0.0004j
I | 06-13 04:50:26 |  train   | step=1569, pmove=0.53, energy=-92.3210-0.0324j
I | 06-13 04:50:29 |  train   | step=1570, pmove=0.54, energy=-92.2507+0.0502j
I | 06-13 04:50:32 |  train   | step=1571, pmove=0.54, energy=-92.2432-0.0346j
I | 06-13 04:50:35 |  train   | step=1572, pmove=0.54, energy=-92.3655-0.0619j
I | 06-13 04:50:39 |  train   | step=1573, pmove=0.53, energy=-92.3227+0.0032j
I | 06-13 04:50:42 |  train   | step=1574, pmove=0.54, energy=-92.3650+0.0144j
I | 06-13 04:50:45 |  train   | step=1575, pmove=0.54, energy=-92.2352-0.0277j
I | 06-13 04:50:48 |  train   | step=1576, pmove=0.54, energy=-92.3312+0.0057j
I | 06-13 04:50:51 |  train   | step=1577, pmove=0.53, energy=-92.3362-0.0145j
I | 06-13 04:50:54 |  train   | step=1578, pmove=0.54, energy=-92.3544-0.0020j
I | 06-13 04:50:58 |  train   | step=1579, pmove=0.54, energy=-92.3208-0.0032j
I | 06-13 04:51:01 |  train   | step=1580, pmove=0.53, energy=-92.2877+0.0248j
I | 06-13 04:51:04 |  train   | step=1581, pmove=0.54, energy=-92.3494+0.0083j
I | 06-13 04:51:07 |  train   | step=1582, pmove=0.53, energy=-92.3083+0.0193j
I | 06-13 04:51:10 |  train   | step=1583, pmove=0.54, energy=-92.3652+0.0321j
I | 06-13 04:51:13 |  train   | step=1584, pmove=0.54, energy=-92.2890+0.0165j
I | 06-13 04:51:17 |  train   | step=1585, pmove=0.54, energy=-92.2566+0.0586j
I | 06-13 04:51:20 |  train   | step=1586, pmove=0.54, energy=-92.2646-0.0218j
I | 06-13 04:51:23 |  train   | step=1587, pmove=0.53, energy=-92.3246-0.0435j
I | 06-13 04:51:26 |  train   | step=1588, pmove=0.54, energy=-92.3260+0.0104j
I | 06-13 04:51:29 |  train   | step=1589, pmove=0.54, energy=-92.4174-0.0539j
I | 06-13 04:51:33 |  train   | step=1590, pmove=0.54, energy=-92.4029-0.0194j
I | 06-13 04:51:36 |  train   | step=1591, pmove=0.53, energy=-92.3779-0.0256j
I | 06-13 04:51:39 |  train   | step=1592, pmove=0.54, energy=-92.3571+0.0253j
I | 06-13 04:51:42 |  train   | step=1593, pmove=0.54, energy=-92.3799+0.0022j
I | 06-13 04:51:45 |  train   | step=1594, pmove=0.54, energy=-92.3308+0.0323j
I | 06-13 04:51:48 |  train   | step=1595, pmove=0.54, energy=-92.3250-0.0312j
I | 06-13 04:51:52 |  train   | step=1596, pmove=0.54, energy=-92.3201+0.0593j
I | 06-13 04:51:55 |  train   | step=1597, pmove=0.54, energy=-92.3832-0.0138j
I | 06-13 04:51:58 |  train   | step=1598, pmove=0.54, energy=-92.4271+0.0308j
I | 06-13 04:52:01 |  train   | step=1599, pmove=0.54, energy=-92.4048-0.0252j
I | 06-13 04:52:04 |  train   | step=1600, pmove=0.54, energy=-92.3219+0.0245j
I | 06-13 04:52:08 |  train   | step=1601, pmove=0.54, energy=-92.3414+0.0082j
I | 06-13 04:52:11 |  train   | step=1602, pmove=0.54, energy=-92.3530-0.0022j
I | 06-13 04:52:14 |  train   | step=1603, pmove=0.54, energy=-92.2722+0.0235j
I | 06-13 04:52:17 |  train   | step=1604, pmove=0.54, energy=-92.3353+0.0631j
I | 06-13 04:52:20 |  train   | step=1605, pmove=0.53, energy=-92.3448+0.0419j
I | 06-13 04:52:23 |  train   | step=1606, pmove=0.54, energy=-92.3166-0.0379j
I | 06-13 04:52:27 |  train   | step=1607, pmove=0.54, energy=-92.3018-0.0392j
I | 06-13 04:52:30 |  train   | step=1608, pmove=0.54, energy=-92.2762-0.0007j
I | 06-13 04:52:33 |  train   | step=1609, pmove=0.54, energy=-92.2516-0.0080j
I | 06-13 04:52:36 |  train   | step=1610, pmove=0.54, energy=-92.2980-0.0170j
I | 06-13 04:52:39 |  train   | step=1611, pmove=0.54, energy=-92.3676-0.0429j
I | 06-13 04:52:42 |  train   | step=1612, pmove=0.54, energy=-92.3281-0.0127j
I | 06-13 04:52:46 |  train   | step=1613, pmove=0.53, energy=-92.3389-0.0106j
I | 06-13 04:52:49 |  train   | step=1614, pmove=0.54, energy=-92.3580-0.0206j
I | 06-13 04:52:52 |  train   | step=1615, pmove=0.54, energy=-92.3512-0.0327j
I | 06-13 04:52:55 |  train   | step=1616, pmove=0.54, energy=-92.3850+0.0443j
I | 06-13 04:52:58 |  train   | step=1617, pmove=0.54, energy=-92.3824+0.0146j
I | 06-13 04:53:02 |  train   | step=1618, pmove=0.54, energy=-92.4164+0.0197j
I | 06-13 04:53:05 |  train   | step=1619, pmove=0.53, energy=-92.3025+0.0084j
I | 06-13 04:53:08 |  train   | step=1620, pmove=0.54, energy=-92.3699-0.0183j
I | 06-13 04:53:11 |  train   | step=1621, pmove=0.54, energy=-92.3583+0.0318j
I | 06-13 04:53:14 |  train   | step=1622, pmove=0.54, energy=-92.3815+0.0278j
I | 06-13 04:53:17 |  train   | step=1623, pmove=0.53, energy=-92.3341+0.0182j
I | 06-13 04:53:21 |  train   | step=1624, pmove=0.54, energy=-92.2904+0.0345j
I | 06-13 04:53:24 |  train   | step=1625, pmove=0.54, energy=-92.3685-0.0338j
I | 06-13 04:53:27 |  train   | step=1626, pmove=0.54, energy=-92.3383+0.0011j
I | 06-13 04:53:30 |  train   | step=1627, pmove=0.54, energy=-92.3683+0.0288j
I | 06-13 04:53:33 |  train   | step=1628, pmove=0.54, energy=-92.4259-0.0342j
I | 06-13 04:53:37 |  train   | step=1629, pmove=0.53, energy=-92.3273-0.0233j
I | 06-13 04:53:40 |  train   | step=1630, pmove=0.53, energy=-92.3746+0.0215j
I | 06-13 04:53:43 |  train   | step=1631, pmove=0.54, energy=-92.4175+0.0014j
I | 06-13 04:53:46 |  train   | step=1632, pmove=0.53, energy=-92.3530+0.0041j
I | 06-13 04:53:49 |  train   | step=1633, pmove=0.54, energy=-92.3324-0.0187j
I | 06-13 04:53:52 |  train   | step=1634, pmove=0.53, energy=-92.3511+0.0051j
I | 06-13 04:53:56 |  train   | step=1635, pmove=0.53, energy=-92.3699+0.0229j
I | 06-13 04:53:59 |  train   | step=1636, pmove=0.54, energy=-92.3030-0.0374j
I | 06-13 04:54:02 |  train   | step=1637, pmove=0.54, energy=-92.4281+0.0352j
I | 06-13 04:54:05 |  train   | step=1638, pmove=0.54, energy=-92.4004+0.0049j
I | 06-13 04:54:08 |  train   | step=1639, pmove=0.54, energy=-92.4075+0.0152j
I | 06-13 04:54:11 |  train   | step=1640, pmove=0.53, energy=-92.4117+0.0210j
I | 06-13 04:54:15 |  train   | step=1641, pmove=0.54, energy=-92.4031-0.0277j
I | 06-13 04:54:18 |  train   | step=1642, pmove=0.54, energy=-92.4006+0.0008j
I | 06-13 04:54:21 |  train   | step=1643, pmove=0.54, energy=-92.2755+0.0048j
I | 06-13 04:54:24 |  train   | step=1644, pmove=0.54, energy=-92.3758+0.0209j
I | 06-13 04:54:27 |  train   | step=1645, pmove=0.53, energy=-92.3772-0.0440j
I | 06-13 04:54:31 |  train   | step=1646, pmove=0.54, energy=-92.3079+0.0357j
I | 06-13 04:54:34 |  train   | step=1647, pmove=0.54, energy=-92.4503-0.0155j
I | 06-13 04:54:37 |  train   | step=1648, pmove=0.54, energy=-92.3929-0.0441j
I | 06-13 04:54:40 |  train   | step=1649, pmove=0.53, energy=-92.3549+0.0158j
I | 06-13 04:54:43 |  train   | step=1650, pmove=0.54, energy=-92.2809-0.0377j
I | 06-13 04:54:46 |  train   | step=1651, pmove=0.54, energy=-92.3640-0.0326j
I | 06-13 04:54:50 |  train   | step=1652, pmove=0.53, energy=-92.2923-0.0122j
I | 06-13 04:54:53 |  train   | step=1653, pmove=0.54, energy=-92.3514-0.0154j
I | 06-13 04:54:56 |  train   | step=1654, pmove=0.54, energy=-92.2416+0.0102j
I | 06-13 04:54:59 |  train   | step=1655, pmove=0.53, energy=-92.3690-0.0438j
I | 06-13 04:55:02 |  train   | step=1656, pmove=0.53, energy=-92.3863-0.0199j
I | 06-13 04:55:06 |  train   | step=1657, pmove=0.54, energy=-92.3337-0.0024j
I | 06-13 04:55:09 |  train   | step=1658, pmove=0.54, energy=-92.3980-0.0004j
I | 06-13 04:55:12 |  train   | step=1659, pmove=0.53, energy=-92.4629+0.0386j
I | 06-13 04:55:15 |  train   | step=1660, pmove=0.53, energy=-92.4204+0.0427j
I | 06-13 04:55:18 |  train   | step=1661, pmove=0.54, energy=-92.2692-0.0401j
I | 06-13 04:55:21 |  train   | step=1662, pmove=0.53, energy=-92.4355+0.0087j
I | 06-13 04:55:25 |  train   | step=1663, pmove=0.53, energy=-92.4135-0.0319j
I | 06-13 04:55:28 |  train   | step=1664, pmove=0.54, energy=-92.3885-0.0481j
I | 06-13 04:55:31 |  train   | step=1665, pmove=0.53, energy=-92.3191-0.0075j
I | 06-13 04:55:34 |  train   | step=1666, pmove=0.54, energy=-92.3514-0.0059j
I | 06-13 04:55:37 |  train   | step=1667, pmove=0.53, energy=-92.3097-0.0227j
I | 06-13 04:55:40 |  train   | step=1668, pmove=0.53, energy=-92.3572-0.0379j
I | 06-13 04:55:44 |  train   | step=1669, pmove=0.53, energy=-92.4246+0.0392j
I | 06-13 04:55:47 |  train   | step=1670, pmove=0.54, energy=-92.3303+0.0182j
I | 06-13 04:55:50 |  train   | step=1671, pmove=0.54, energy=-92.3973-0.0490j
I | 06-13 04:55:53 |  train   | step=1672, pmove=0.53, energy=-92.3745-0.0096j
I | 06-13 04:55:56 |  train   | step=1673, pmove=0.54, energy=-92.4065-0.0122j
I | 06-13 04:56:00 |  train   | step=1674, pmove=0.54, energy=-92.4224-0.0254j
I | 06-13 04:56:03 |  train   | step=1675, pmove=0.54, energy=-92.3132-0.0022j
I | 06-13 04:56:06 |  train   | step=1676, pmove=0.54, energy=-92.4130+0.0412j
I | 06-13 04:56:09 |  train   | step=1677, pmove=0.53, energy=-92.3252-0.0038j
I | 06-13 04:56:12 |  train   | step=1678, pmove=0.53, energy=-92.3961-0.0626j
I | 06-13 04:56:15 |  train   | step=1679, pmove=0.53, energy=-92.3334-0.0287j
I | 06-13 04:56:19 |  train   | step=1680, pmove=0.53, energy=-92.4422-0.0361j
I | 06-13 04:56:22 |  train   | step=1681, pmove=0.54, energy=-92.3835+0.0503j
I | 06-13 04:56:25 |  train   | step=1682, pmove=0.53, energy=-92.3832+0.0068j
I | 06-13 04:56:28 |  train   | step=1683, pmove=0.53, energy=-92.4292-0.0073j
I | 06-13 04:56:31 |  train   | step=1684, pmove=0.53, energy=-92.4145+0.0539j
I | 06-13 04:56:35 |  train   | step=1685, pmove=0.53, energy=-92.3428-0.0184j
I | 06-13 04:56:38 |  train   | step=1686, pmove=0.54, energy=-92.3755+0.0430j
I | 06-13 04:56:41 |  train   | step=1687, pmove=0.54, energy=-92.4460-0.0627j
I | 06-13 04:56:44 |  train   | step=1688, pmove=0.54, energy=-92.4246+0.0503j
I | 06-13 04:56:47 |  train   | step=1689, pmove=0.53, energy=-92.4472+0.0320j
I | 06-13 04:56:50 |  train   | step=1690, pmove=0.54, energy=-92.4468-0.0124j
I | 06-13 04:56:54 |  train   | step=1691, pmove=0.54, energy=-92.3063-0.0086j
I | 06-13 04:56:57 |  train   | step=1692, pmove=0.54, energy=-92.4186-0.0116j
I | 06-13 04:57:00 |  train   | step=1693, pmove=0.54, energy=-92.3122-0.0068j
I | 06-13 04:57:03 |  train   | step=1694, pmove=0.54, energy=-92.3619+0.0043j
I | 06-13 04:57:06 |  train   | step=1695, pmove=0.53, energy=-92.3270-0.0006j
I | 06-13 04:57:09 |  train   | step=1696, pmove=0.53, energy=-92.4121-0.0019j
I | 06-13 04:57:13 |  train   | step=1697, pmove=0.54, energy=-92.4685-0.0390j
I | 06-13 04:57:16 |  train   | step=1698, pmove=0.54, energy=-92.2935-0.0143j
I | 06-13 04:57:19 |  train   | step=1699, pmove=0.53, energy=-92.3587-0.0060j
I | 06-13 04:57:22 |  train   | step=1700, pmove=0.54, energy=-92.3700+0.0073j
I | 06-13 04:57:25 |  train   | step=1701, pmove=0.53, energy=-92.3839-0.0456j
I | 06-13 04:57:29 |  train   | step=1702, pmove=0.54, energy=-92.3349-0.0022j
I | 06-13 04:57:32 |  train   | step=1703, pmove=0.54, energy=-92.3106+0.0203j
I | 06-13 04:57:35 |  train   | step=1704, pmove=0.54, energy=-92.3221+0.0196j
I | 06-13 04:57:38 |  train   | step=1705, pmove=0.54, energy=-92.3997+0.0223j
I | 06-13 04:57:41 |  train   | step=1706, pmove=0.53, energy=-92.4362-0.0256j
I | 06-13 04:57:44 |  train   | step=1707, pmove=0.53, energy=-92.4210+0.0381j
I | 06-13 04:57:48 |  train   | step=1708, pmove=0.54, energy=-92.3863-0.0030j
I | 06-13 04:57:51 |  train   | step=1709, pmove=0.54, energy=-92.4047+0.0609j
I | 06-13 04:57:54 |  train   | step=1710, pmove=0.53, energy=-92.4211+0.0175j
I | 06-13 04:57:57 |  train   | step=1711, pmove=0.54, energy=-92.3754-0.0237j
I | 06-13 04:58:00 |  train   | step=1712, pmove=0.54, energy=-92.4446-0.0255j
I | 06-13 04:58:04 |  train   | step=1713, pmove=0.53, energy=-92.3673+0.0112j
I | 06-13 04:58:07 |  train   | step=1714, pmove=0.54, energy=-92.3353-0.0207j
I | 06-13 04:58:10 |  train   | step=1715, pmove=0.54, energy=-92.3431+0.0299j
I | 06-13 04:58:13 |  train   | step=1716, pmove=0.53, energy=-92.3920+0.0267j
I | 06-13 04:58:16 |  train   | step=1717, pmove=0.53, energy=-92.4649+0.0102j
I | 06-13 04:58:19 |  train   | step=1718, pmove=0.53, energy=-92.3879+0.0239j
I | 06-13 04:58:23 |  train   | step=1719, pmove=0.54, energy=-92.3093+0.0352j
I | 06-13 04:58:26 |  train   | step=1720, pmove=0.54, energy=-92.3343-0.0520j
I | 06-13 04:58:29 |  train   | step=1721, pmove=0.54, energy=-92.3640-0.0217j
I | 06-13 04:58:32 |  train   | step=1722, pmove=0.54, energy=-92.4285+0.0322j
I | 06-13 04:58:35 |  train   | step=1723, pmove=0.54, energy=-92.4466-0.0255j
I | 06-13 04:58:38 |  train   | step=1724, pmove=0.54, energy=-92.3436-0.0550j
I | 06-13 04:58:42 |  train   | step=1725, pmove=0.53, energy=-92.3602-0.0085j
I | 06-13 04:58:45 |  train   | step=1726, pmove=0.54, energy=-92.4920-0.0339j
I | 06-13 04:58:48 |  train   | step=1727, pmove=0.54, energy=-92.5013+0.0223j
I | 06-13 04:58:51 |  train   | step=1728, pmove=0.54, energy=-92.5359+0.0340j
I | 06-13 04:58:54 |  train   | step=1729, pmove=0.54, energy=-92.4824+0.0072j
I | 06-13 04:58:58 |  train   | step=1730, pmove=0.54, energy=-92.3278+0.0232j
I | 06-13 04:59:01 |  train   | step=1731, pmove=0.53, energy=-92.3516-0.0078j
I | 06-13 04:59:04 |  train   | step=1732, pmove=0.54, energy=-92.4734-0.0192j
I | 06-13 04:59:07 |  train   | step=1733, pmove=0.54, energy=-92.3882+0.0224j
I | 06-13 04:59:10 |  train   | step=1734, pmove=0.54, energy=-92.4299-0.0860j
I | 06-13 04:59:13 |  train   | step=1735, pmove=0.54, energy=-92.4460-0.0105j
I | 06-13 04:59:17 |  train   | step=1736, pmove=0.53, energy=-92.3918-0.0407j
I | 06-13 04:59:20 |  train   | step=1737, pmove=0.54, energy=-92.4168-0.0208j
I | 06-13 04:59:23 |  train   | step=1738, pmove=0.54, energy=-92.4118+0.0524j
I | 06-13 04:59:26 |  train   | step=1739, pmove=0.53, energy=-92.4026+0.0052j
I | 06-13 04:59:29 |  train   | step=1740, pmove=0.53, energy=-92.4108-0.0138j
I | 06-13 04:59:33 |  train   | step=1741, pmove=0.54, energy=-92.4507-0.0127j
I | 06-13 04:59:36 |  train   | step=1742, pmove=0.54, energy=-92.3951-0.0276j
I | 06-13 04:59:39 |  train   | step=1743, pmove=0.53, energy=-92.4341+0.0918j
I | 06-13 04:59:42 |  train   | step=1744, pmove=0.53, energy=-92.4568-0.0323j
I | 06-13 04:59:45 |  train   | step=1745, pmove=0.54, energy=-92.4424-0.0008j
I | 06-13 04:59:48 |  train   | step=1746, pmove=0.53, energy=-92.3132+0.0026j
I | 06-13 04:59:52 |  train   | step=1747, pmove=0.54, energy=-92.3434+0.0053j
I | 06-13 04:59:55 |  train   | step=1748, pmove=0.54, energy=-92.4818+0.0219j
I | 06-13 04:59:58 |  train   | step=1749, pmove=0.54, energy=-92.4275+0.0236j
I | 06-13 05:00:01 |  train   | step=1750, pmove=0.54, energy=-92.4766-0.0235j
I | 06-13 05:00:04 |  train   | step=1751, pmove=0.54, energy=-92.4358+0.0345j
I | 06-13 05:00:07 |  train   | step=1752, pmove=0.54, energy=-92.4235+0.0199j
I | 06-13 05:00:11 |  train   | step=1753, pmove=0.54, energy=-92.4709+0.0031j
I | 06-13 05:00:14 |  train   | step=1754, pmove=0.54, energy=-92.4073-0.0277j
I | 06-13 05:00:17 |  train   | step=1755, pmove=0.54, energy=-92.4464+0.0100j
I | 06-13 05:00:20 |  train   | step=1756, pmove=0.54, energy=-92.3852+0.0335j
I | 06-13 05:00:23 |  train   | step=1757, pmove=0.53, energy=-92.4249+0.0081j
I | 06-13 05:00:27 |  train   | step=1758, pmove=0.53, energy=-92.4395-0.0331j
I | 06-13 05:00:30 |  train   | step=1759, pmove=0.54, energy=-92.4349-0.0524j
I | 06-13 05:00:33 |  train   | step=1760, pmove=0.54, energy=-92.4015-0.0409j
I | 06-13 05:00:36 |  train   | step=1761, pmove=0.53, energy=-92.3445+0.0132j
I | 06-13 05:00:39 |  train   | step=1762, pmove=0.54, energy=-92.4371-0.0131j
I | 06-13 05:00:42 |  train   | step=1763, pmove=0.53, energy=-92.4183+0.0247j
I | 06-13 05:00:46 |  train   | step=1764, pmove=0.54, energy=-92.4432+0.0320j
I | 06-13 05:00:49 |  train   | step=1765, pmove=0.54, energy=-92.4049+0.0679j
I | 06-13 05:00:52 |  train   | step=1766, pmove=0.54, energy=-92.4573+0.0134j
I | 06-13 05:00:55 |  train   | step=1767, pmove=0.54, energy=-92.4444+0.0206j
I | 06-13 05:00:58 |  train   | step=1768, pmove=0.54, energy=-92.3864+0.0200j
I | 06-13 05:01:02 |  train   | step=1769, pmove=0.54, energy=-92.4123-0.0006j
I | 06-13 05:01:05 |  train   | step=1770, pmove=0.54, energy=-92.4032-0.0204j
I | 06-13 05:01:08 |  train   | step=1771, pmove=0.54, energy=-92.5025-0.0209j
I | 06-13 05:01:11 |  train   | step=1772, pmove=0.54, energy=-92.4802-0.0046j
I | 06-13 05:01:14 |  train   | step=1773, pmove=0.53, energy=-92.4224-0.0535j
I | 06-13 05:01:17 |  train   | step=1774, pmove=0.53, energy=-92.3573-0.0274j
I | 06-13 05:01:21 |  train   | step=1775, pmove=0.53, energy=-92.4064-0.0173j
I | 06-13 05:01:24 |  train   | step=1776, pmove=0.53, energy=-92.4405-0.0051j
I | 06-13 05:01:27 |  train   | step=1777, pmove=0.54, energy=-92.4533+0.0203j
I | 06-13 05:01:30 |  train   | step=1778, pmove=0.53, energy=-92.4398+0.0252j
I | 06-13 05:01:33 |  train   | step=1779, pmove=0.54, energy=-92.4792-0.0406j
I | 06-13 05:01:36 |  train   | step=1780, pmove=0.54, energy=-92.4226+0.0055j
I | 06-13 05:01:40 |  train   | step=1781, pmove=0.53, energy=-92.4333-0.0001j
I | 06-13 05:01:43 |  train   | step=1782, pmove=0.54, energy=-92.4448+0.0034j
I | 06-13 05:01:46 |  train   | step=1783, pmove=0.53, energy=-92.4058-0.0156j
I | 06-13 05:01:49 |  train   | step=1784, pmove=0.54, energy=-92.3912-0.0191j
I | 06-13 05:01:52 |  train   | step=1785, pmove=0.53, energy=-92.4728+0.0018j
I | 06-13 05:01:56 |  train   | step=1786, pmove=0.54, energy=-92.3973-0.0107j
I | 06-13 05:01:59 |  train   | step=1787, pmove=0.53, energy=-92.5019+0.0137j
I | 06-13 05:02:02 |  train   | step=1788, pmove=0.53, energy=-92.4945-0.0302j
I | 06-13 05:02:05 |  train   | step=1789, pmove=0.53, energy=-92.4693-0.0057j
I | 06-13 05:02:08 |  train   | step=1790, pmove=0.54, energy=-92.4968+0.0486j
I | 06-13 05:02:11 |  train   | step=1791, pmove=0.53, energy=-92.5113-0.0132j
I | 06-13 05:02:15 |  train   | step=1792, pmove=0.54, energy=-92.4711-0.0189j
I | 06-13 05:02:18 |  train   | step=1793, pmove=0.54, energy=-92.4679+0.0013j
I | 06-13 05:02:21 |  train   | step=1794, pmove=0.53, energy=-92.4172+0.0030j
I | 06-13 05:02:24 |  train   | step=1795, pmove=0.53, energy=-92.3663-0.0758j
I | 06-13 05:02:27 |  train   | step=1796, pmove=0.53, energy=-92.3609-0.0055j
I | 06-13 05:02:31 |  train   | step=1797, pmove=0.54, energy=-92.3925-0.0434j
I | 06-13 05:02:34 |  train   | step=1798, pmove=0.53, energy=-92.4317+0.0135j
I | 06-13 05:02:37 |  train   | step=1799, pmove=0.53, energy=-92.5168-0.0002j
I | 06-13 05:02:40 |  train   | step=1800, pmove=0.53, energy=-92.4838+0.0305j
I | 06-13 05:02:43 |  train   | step=1801, pmove=0.53, energy=-92.3958-0.0170j
I | 06-13 05:02:46 |  train   | step=1802, pmove=0.54, energy=-92.4666+0.0513j
I | 06-13 05:02:50 |  train   | step=1803, pmove=0.54, energy=-92.4088+0.0360j
I | 06-13 05:02:53 |  train   | step=1804, pmove=0.54, energy=-92.4556+0.0111j
I | 06-13 05:02:56 |  train   | step=1805, pmove=0.54, energy=-92.4131+0.0286j
I | 06-13 05:02:59 |  train   | step=1806, pmove=0.54, energy=-92.4441+0.0068j
I | 06-13 05:03:02 |  train   | step=1807, pmove=0.54, energy=-92.3638+0.0068j
I | 06-13 05:03:05 |  train   | step=1808, pmove=0.54, energy=-92.3240+0.0038j
I | 06-13 05:03:09 |  train   | step=1809, pmove=0.54, energy=-92.4245-0.0174j
I | 06-13 05:03:12 |  train   | step=1810, pmove=0.53, energy=-92.4663+0.0353j
I | 06-13 05:03:15 |  train   | step=1811, pmove=0.54, energy=-92.3926+0.0172j
I | 06-13 05:03:18 |  train   | step=1812, pmove=0.53, energy=-92.3717-0.0210j
I | 06-13 05:03:21 |  train   | step=1813, pmove=0.53, energy=-92.4090+0.0097j
I | 06-13 05:03:25 |  train   | step=1814, pmove=0.53, energy=-92.3542-0.0101j
I | 06-13 05:03:28 |  train   | step=1815, pmove=0.54, energy=-92.4312+0.0317j
I | 06-13 05:03:31 |  train   | step=1816, pmove=0.54, energy=-92.4690+0.0696j
I | 06-13 05:03:34 |  train   | step=1817, pmove=0.54, energy=-92.3703-0.0142j
I | 06-13 05:03:37 |  train   | step=1818, pmove=0.53, energy=-92.4779+0.0566j
I | 06-13 05:03:40 |  train   | step=1819, pmove=0.54, energy=-92.4093-0.0170j
I | 06-13 05:03:44 |  train   | step=1820, pmove=0.53, energy=-92.4072-0.0472j
I | 06-13 05:03:47 |  train   | step=1821, pmove=0.54, energy=-92.5621-0.0176j
I | 06-13 05:03:50 |  train   | step=1822, pmove=0.53, energy=-92.4593-0.0146j
I | 06-13 05:03:53 |  train   | step=1823, pmove=0.53, energy=-92.4628-0.0097j
I | 06-13 05:03:56 |  train   | step=1824, pmove=0.54, energy=-92.4581+0.0030j
I | 06-13 05:03:59 |  train   | step=1825, pmove=0.53, energy=-92.4950+0.0553j
I | 06-13 05:04:03 |  train   | step=1826, pmove=0.53, energy=-92.4599-0.0115j
I | 06-13 05:04:06 |  train   | step=1827, pmove=0.53, energy=-92.4408+0.0245j
I | 06-13 05:04:09 |  train   | step=1828, pmove=0.54, energy=-92.5098+0.0060j
I | 06-13 05:04:12 |  train   | step=1829, pmove=0.54, energy=-92.4666+0.0020j
I | 06-13 05:04:15 |  train   | step=1830, pmove=0.54, energy=-92.4987+0.0019j
I | 06-13 05:04:19 |  train   | step=1831, pmove=0.53, energy=-92.4243+0.0662j
I | 06-13 05:04:22 |  train   | step=1832, pmove=0.53, energy=-92.4553+0.0089j
I | 06-13 05:04:25 |  train   | step=1833, pmove=0.53, energy=-92.3396+0.0027j
I | 06-13 05:04:28 |  train   | step=1834, pmove=0.53, energy=-92.4322+0.0113j
I | 06-13 05:04:31 |  train   | step=1835, pmove=0.53, energy=-92.4797+0.0676j
I | 06-13 05:04:34 |  train   | step=1836, pmove=0.53, energy=-92.3831-0.0471j
I | 06-13 05:04:38 |  train   | step=1837, pmove=0.54, energy=-92.3646-0.0369j
I | 06-13 05:04:41 |  train   | step=1838, pmove=0.53, energy=-92.4589+0.0465j
I | 06-13 05:04:44 |  train   | step=1839, pmove=0.53, energy=-92.4566-0.0168j
I | 06-13 05:04:47 |  train   | step=1840, pmove=0.53, energy=-92.4708+0.0235j
I | 06-13 05:04:50 |  train   | step=1841, pmove=0.54, energy=-92.4199-0.0151j
I | 06-13 05:04:54 |  train   | step=1842, pmove=0.54, energy=-92.4707-0.0018j
I | 06-13 05:04:57 |  train   | step=1843, pmove=0.53, energy=-92.4247+0.0402j
I | 06-13 05:05:00 |  train   | step=1844, pmove=0.54, energy=-92.4221+0.0029j
I | 06-13 05:05:03 |  train   | step=1845, pmove=0.54, energy=-92.4201+0.0221j
I | 06-13 05:05:06 |  train   | step=1846, pmove=0.53, energy=-92.4451-0.0522j
I | 06-13 05:05:09 |  train   | step=1847, pmove=0.53, energy=-92.4040+0.0057j
I | 06-13 05:05:13 |  train   | step=1848, pmove=0.54, energy=-92.4490-0.0065j
I | 06-13 05:05:16 |  train   | step=1849, pmove=0.53, energy=-92.5092-0.0001j
I | 06-13 05:05:19 |  train   | step=1850, pmove=0.54, energy=-92.4639+0.0007j
I | 06-13 05:05:22 |  train   | step=1851, pmove=0.54, energy=-92.4231-0.0115j
I | 06-13 05:05:25 |  train   | step=1852, pmove=0.54, energy=-92.5022+0.0043j
I | 06-13 05:05:28 |  train   | step=1853, pmove=0.54, energy=-92.4717-0.0013j
I | 06-13 05:05:32 |  train   | step=1854, pmove=0.53, energy=-92.4502+0.0424j
I | 06-13 05:05:35 |  train   | step=1855, pmove=0.53, energy=-92.4816-0.0400j
I | 06-13 05:05:38 |  train   | step=1856, pmove=0.53, energy=-92.4963-0.0262j
I | 06-13 05:05:41 |  train   | step=1857, pmove=0.54, energy=-92.4376+0.0537j
I | 06-13 05:05:44 |  train   | step=1858, pmove=0.53, energy=-92.3596-0.0250j
I | 06-13 05:05:48 |  train   | step=1859, pmove=0.53, energy=-92.4974-0.0303j
I | 06-13 05:05:51 |  train   | step=1860, pmove=0.53, energy=-92.4973-0.0534j
I | 06-13 05:05:54 |  train   | step=1861, pmove=0.54, energy=-92.5224-0.0212j
I | 06-13 05:05:57 |  train   | step=1862, pmove=0.53, energy=-92.4313-0.0018j
I | 06-13 05:06:00 |  train   | step=1863, pmove=0.53, energy=-92.4162-0.0320j
I | 06-13 05:06:03 |  train   | step=1864, pmove=0.54, energy=-92.4829-0.0193j
I | 06-13 05:06:07 |  train   | step=1865, pmove=0.54, energy=-92.4664-0.0255j
I | 06-13 05:06:10 |  train   | step=1866, pmove=0.53, energy=-92.5204-0.0036j
I | 06-13 05:06:13 |  train   | step=1867, pmove=0.53, energy=-92.4413+0.0749j
I | 06-13 05:06:16 |  train   | step=1868, pmove=0.54, energy=-92.4496-0.0249j
I | 06-13 05:06:19 |  train   | step=1869, pmove=0.54, energy=-92.5670+0.0228j
I | 06-13 05:06:23 |  train   | step=1870, pmove=0.53, energy=-92.5072-0.0446j
I | 06-13 05:06:26 |  train   | step=1871, pmove=0.54, energy=-92.4240-0.0168j
I | 06-13 05:06:29 |  train   | step=1872, pmove=0.54, energy=-92.5617-0.0095j
I | 06-13 05:06:32 |  train   | step=1873, pmove=0.53, energy=-92.4806-0.0097j
I | 06-13 05:06:35 |  train   | step=1874, pmove=0.53, energy=-92.4446-0.0067j
I | 06-13 05:06:38 |  train   | step=1875, pmove=0.53, energy=-92.5105+0.0141j
I | 06-13 05:06:42 |  train   | step=1876, pmove=0.54, energy=-92.4167-0.0285j
I | 06-13 05:06:45 |  train   | step=1877, pmove=0.54, energy=-92.4446+0.0410j
I | 06-13 05:06:48 |  train   | step=1878, pmove=0.53, energy=-92.4566+0.0334j
I | 06-13 05:06:51 |  train   | step=1879, pmove=0.53, energy=-92.4197-0.0029j
I | 06-13 05:06:54 |  train   | step=1880, pmove=0.54, energy=-92.3921+0.0011j
I | 06-13 05:06:57 |  train   | step=1881, pmove=0.54, energy=-92.5284+0.0049j
I | 06-13 05:07:01 |  train   | step=1882, pmove=0.54, energy=-92.5073+0.0175j
I | 06-13 05:07:04 |  train   | step=1883, pmove=0.53, energy=-92.4699+0.0098j
I | 06-13 05:07:07 |  train   | step=1884, pmove=0.54, energy=-92.4796+0.0036j
I | 06-13 05:07:10 |  train   | step=1885, pmove=0.54, energy=-92.4434+0.0437j
I | 06-13 05:07:13 |  train   | step=1886, pmove=0.53, energy=-92.4458+0.0147j
I | 06-13 05:07:17 |  train   | step=1887, pmove=0.53, energy=-92.4876+0.0970j
I | 06-13 05:07:20 |  train   | step=1888, pmove=0.54, energy=-92.5321+0.0229j
I | 06-13 05:07:23 |  train   | step=1889, pmove=0.54, energy=-92.4276-0.0219j
I | 06-13 05:07:26 |  train   | step=1890, pmove=0.53, energy=-92.4597+0.0117j
I | 06-13 05:07:30 |  train   | step=1891, pmove=0.53, energy=-92.4782+0.0091j
I | 06-13 05:07:33 |  train   | step=1892, pmove=0.54, energy=-92.4972+0.0175j
I | 06-13 05:07:36 |  train   | step=1893, pmove=0.54, energy=-92.4866-0.0393j
I | 06-13 05:07:39 |  train   | step=1894, pmove=0.53, energy=-92.4787+0.0359j
I | 06-13 05:07:42 |  train   | step=1895, pmove=0.54, energy=-92.5254+0.0252j
I | 06-13 05:07:45 |  train   | step=1896, pmove=0.53, energy=-92.4321+0.0050j
I | 06-13 05:07:49 |  train   | step=1897, pmove=0.54, energy=-92.5137+0.0283j
I | 06-13 05:07:52 |  train   | step=1898, pmove=0.53, energy=-92.4471+0.0400j
I | 06-13 05:07:55 |  train   | step=1899, pmove=0.53, energy=-92.4499+0.0507j
I | 06-13 05:07:58 |  train   | step=1900, pmove=0.54, energy=-92.4426+0.0059j
I | 06-13 05:08:01 |  train   | step=1901, pmove=0.54, energy=-92.5857-0.0026j
I | 06-13 05:08:04 |  train   | step=1902, pmove=0.53, energy=-92.5966+0.0137j
I | 06-13 05:08:08 |  train   | step=1903, pmove=0.54, energy=-92.4211+0.0219j
I | 06-13 05:08:11 |  train   | step=1904, pmove=0.54, energy=-92.4828+0.0141j
I | 06-13 05:08:14 |  train   | step=1905, pmove=0.54, energy=-92.4176-0.0078j
I | 06-13 05:08:17 |  train   | step=1906, pmove=0.54, energy=-92.4560+0.0353j
I | 06-13 05:08:20 |  train   | step=1907, pmove=0.53, energy=-92.5105+0.0190j
I | 06-13 05:08:24 |  train   | step=1908, pmove=0.54, energy=-92.4380-0.0319j
I | 06-13 05:08:27 |  train   | step=1909, pmove=0.53, energy=-92.4925-0.0093j
I | 06-13 05:08:30 |  train   | step=1910, pmove=0.54, energy=-92.5094+0.0224j
I | 06-13 05:08:33 |  train   | step=1911, pmove=0.53, energy=-92.4746+0.0232j
I | 06-13 05:08:36 |  train   | step=1912, pmove=0.53, energy=-92.4827+0.0087j
I | 06-13 05:08:40 |  train   | step=1913, pmove=0.54, energy=-92.4997-0.0364j
I | 06-13 05:08:43 |  train   | step=1914, pmove=0.54, energy=-92.4363+0.0372j
I | 06-13 05:08:46 |  train   | step=1915, pmove=0.54, energy=-92.4891-0.0365j
I | 06-13 05:08:49 |  train   | step=1916, pmove=0.54, energy=-92.4873+0.0126j
I | 06-13 05:08:53 |  train   | step=1917, pmove=0.53, energy=-92.4352-0.0142j
I | 06-13 05:08:56 |  train   | step=1918, pmove=0.54, energy=-92.4538+0.0372j
I | 06-13 05:08:59 |  train   | step=1919, pmove=0.53, energy=-92.4036-0.0355j
I | 06-13 05:09:02 |  train   | step=1920, pmove=0.54, energy=-92.4320+0.0020j
I | 06-13 05:09:05 |  train   | step=1921, pmove=0.53, energy=-92.5634+0.0410j
I | 06-13 05:09:08 |  train   | step=1922, pmove=0.53, energy=-92.4524+0.0009j
I | 06-13 05:09:12 |  train   | step=1923, pmove=0.54, energy=-92.5660-0.0395j
I | 06-13 05:09:15 |  train   | step=1924, pmove=0.53, energy=-92.4361-0.0066j
I | 06-13 05:09:18 |  train   | step=1925, pmove=0.54, energy=-92.4725+0.0288j
I | 06-13 05:09:21 |  train   | step=1926, pmove=0.54, energy=-92.5031+0.0043j
I | 06-13 05:09:24 |  train   | step=1927, pmove=0.53, energy=-92.4906+0.0488j
I | 06-13 05:09:27 |  train   | step=1928, pmove=0.54, energy=-92.4179+0.0422j
I | 06-13 05:09:31 |  train   | step=1929, pmove=0.54, energy=-92.4327+0.0220j
I | 06-13 05:09:34 |  train   | step=1930, pmove=0.54, energy=-92.5159+0.0161j
I | 06-13 05:09:37 |  train   | step=1931, pmove=0.54, energy=-92.4692-0.0167j
I | 06-13 05:09:40 |  train   | step=1932, pmove=0.53, energy=-92.5107-0.0116j
I | 06-13 05:09:43 |  train   | step=1933, pmove=0.54, energy=-92.4680+0.0251j
I | 06-13 05:09:47 |  train   | step=1934, pmove=0.53, energy=-92.5208+0.0287j
I | 06-13 05:09:50 |  train   | step=1935, pmove=0.53, energy=-92.5727-0.0076j
I | 06-13 05:09:53 |  train   | step=1936, pmove=0.54, energy=-92.4527-0.0596j
I | 06-13 05:09:56 |  train   | step=1937, pmove=0.53, energy=-92.4834-0.0043j
I | 06-13 05:09:59 |  train   | step=1938, pmove=0.54, energy=-92.4465-0.0087j
I | 06-13 05:10:02 |  train   | step=1939, pmove=0.54, energy=-92.5201+0.0546j
I | 06-13 05:10:06 |  train   | step=1940, pmove=0.54, energy=-92.5633-0.0226j
I | 06-13 05:10:09 |  train   | step=1941, pmove=0.53, energy=-92.5104-0.0019j
I | 06-13 05:10:12 |  train   | step=1942, pmove=0.54, energy=-92.4724+0.0040j
I | 06-13 05:10:15 |  train   | step=1943, pmove=0.53, energy=-92.4394+0.0111j
I | 06-13 05:10:18 |  train   | step=1944, pmove=0.53, energy=-92.4494-0.0007j
I | 06-13 05:10:22 |  train   | step=1945, pmove=0.53, energy=-92.5670-0.0119j
I | 06-13 05:10:25 |  train   | step=1946, pmove=0.54, energy=-92.5114+0.0311j
I | 06-13 05:10:28 |  train   | step=1947, pmove=0.53, energy=-92.5330+0.0013j
I | 06-13 05:10:31 |  train   | step=1948, pmove=0.53, energy=-92.4895+0.0142j
I | 06-13 05:10:34 |  train   | step=1949, pmove=0.53, energy=-92.4139-0.0048j
I | 06-13 05:10:37 |  train   | step=1950, pmove=0.53, energy=-92.5429-0.0352j
I | 06-13 05:10:41 |  train   | step=1951, pmove=0.54, energy=-92.4897-0.0363j
I | 06-13 05:10:44 |  train   | step=1952, pmove=0.54, energy=-92.5083-0.0005j
I | 06-13 05:10:47 |  train   | step=1953, pmove=0.53, energy=-92.4482-0.0361j
I | 06-13 05:10:50 |  train   | step=1954, pmove=0.53, energy=-92.5019-0.0900j
I | 06-13 05:10:53 |  train   | step=1955, pmove=0.53, energy=-92.4443+0.0183j
I | 06-13 05:10:56 |  train   | step=1956, pmove=0.54, energy=-92.5463-0.0418j
I | 06-13 05:11:00 |  train   | step=1957, pmove=0.54, energy=-92.4378-0.0190j
I | 06-13 05:11:03 |  train   | step=1958, pmove=0.53, energy=-92.4829-0.0069j
I | 06-13 05:11:06 |  train   | step=1959, pmove=0.54, energy=-92.4712-0.0901j
I | 06-13 05:11:09 |  train   | step=1960, pmove=0.54, energy=-92.4336+0.0335j
I | 06-13 05:11:12 |  train   | step=1961, pmove=0.54, energy=-92.4651+0.0122j
I | 06-13 05:11:16 |  train   | step=1962, pmove=0.54, energy=-92.4205-0.0331j
I | 06-13 05:11:19 |  train   | step=1963, pmove=0.53, energy=-92.4540-0.0263j
I | 06-13 05:11:22 |  train   | step=1964, pmove=0.54, energy=-92.5488-0.0235j
I | 06-13 05:11:25 |  train   | step=1965, pmove=0.53, energy=-92.5171+0.0104j
I | 06-13 05:11:28 |  train   | step=1966, pmove=0.53, energy=-92.4778-0.0415j
I | 06-13 05:11:31 |  train   | step=1967, pmove=0.53, energy=-92.4492+0.0469j
I | 06-13 05:11:35 |  train   | step=1968, pmove=0.53, energy=-92.5273-0.0137j
I | 06-13 05:11:38 |  train   | step=1969, pmove=0.54, energy=-92.5322+0.0131j
I | 06-13 05:11:41 |  train   | step=1970, pmove=0.53, energy=-92.4905-0.0487j
I | 06-13 05:11:44 |  train   | step=1971, pmove=0.54, energy=-92.4828+0.0344j
I | 06-13 05:11:47 |  train   | step=1972, pmove=0.54, energy=-92.5380-0.0218j
I | 06-13 05:11:50 |  train   | step=1973, pmove=0.53, energy=-92.4901-0.0480j
I | 06-13 05:11:54 |  train   | step=1974, pmove=0.53, energy=-92.4774+0.0348j
I | 06-13 05:11:57 |  train   | step=1975, pmove=0.53, energy=-92.4516-0.0287j
I | 06-13 05:12:00 |  train   | step=1976, pmove=0.53, energy=-92.4448-0.0235j
I | 06-13 05:12:03 |  train   | step=1977, pmove=0.54, energy=-92.5141-0.0330j
I | 06-13 05:12:06 |  train   | step=1978, pmove=0.54, energy=-92.4379-0.0067j
I | 06-13 05:12:10 |  train   | step=1979, pmove=0.54, energy=-92.4700-0.0258j
I | 06-13 05:12:13 |  train   | step=1980, pmove=0.53, energy=-92.5409+0.0146j
I | 06-13 05:12:16 |  train   | step=1981, pmove=0.53, energy=-92.5176+0.0251j
I | 06-13 05:12:19 |  train   | step=1982, pmove=0.54, energy=-92.4747+0.0254j
I | 06-13 05:12:22 |  train   | step=1983, pmove=0.53, energy=-92.5803-0.0354j
I | 06-13 05:12:25 |  train   | step=1984, pmove=0.54, energy=-92.4094+0.0399j
I | 06-13 05:12:29 |  train   | step=1985, pmove=0.54, energy=-92.4695-0.0017j
I | 06-13 05:12:32 |  train   | step=1986, pmove=0.53, energy=-92.5404+0.0093j
I | 06-13 05:12:35 |  train   | step=1987, pmove=0.53, energy=-92.5704+0.0118j
I | 06-13 05:12:38 |  train   | step=1988, pmove=0.54, energy=-92.5358+0.0404j
I | 06-13 05:12:41 |  train   | step=1989, pmove=0.53, energy=-92.4725+0.0083j
I | 06-13 05:12:45 |  train   | step=1990, pmove=0.54, energy=-92.4395-0.0250j
I | 06-13 05:12:48 |  train   | step=1991, pmove=0.53, energy=-92.4555-0.0316j
I | 06-13 05:12:51 |  train   | step=1992, pmove=0.53, energy=-92.5480-0.0397j
I | 06-13 05:12:54 |  train   | step=1993, pmove=0.53, energy=-92.4869-0.0039j
I | 06-13 05:12:57 |  train   | step=1994, pmove=0.53, energy=-92.4688-0.0028j
I | 06-13 05:13:00 |  train   | step=1995, pmove=0.53, energy=-92.5259-0.0200j
I | 06-13 05:13:04 |  train   | step=1996, pmove=0.53, energy=-92.5027+0.0120j
I | 06-13 05:13:07 |  train   | step=1997, pmove=0.54, energy=-92.4277+0.0347j
I | 06-13 05:13:10 |  train   | step=1998, pmove=0.53, energy=-92.5085+0.0050j
I | 06-13 05:13:13 |  train   | step=1999, pmove=0.54, energy=-92.5302-0.0538j
I | 06-13 05:13:17 |checkpoint| Saving checkpoint /rds/user/jc2405/hpc-work/JaQMC/jaqmc/runs/sc_chain_3.78_spin_0/train_ckpt_001999.npz
I | 06-13 05:13:21 |  train   | step=2000, pmove=0.53, energy=-92.4714-0.0773j
I | 06-13 05:13:24 |  train   | step=2001, pmove=0.53, energy=-92.4379+0.0225j
I | 06-13 05:13:27 |  train   | step=2002, pmove=0.53, energy=-92.5015+0.0010j
I | 06-13 05:13:30 |  train   | step=2003, pmove=0.54, energy=-92.5480-0.0241j
I | 06-13 05:13:33 |  train   | step=2004, pmove=0.53, energy=-92.4791-0.0370j
I | 06-13 05:13:37 |  train   | step=2005, pmove=0.53, energy=-92.4677-0.0388j
I | 06-13 05:13:40 |  train   | step=2006, pmove=0.54, energy=-92.4184-0.0317j
slurmstepd: error: *** JOB 30428821 ON gpu-q-45 CANCELLED AT 2026-06-13T05:13:43 DUE TO TIME LIMIT ***
